facility_id,facility_name,site_kind,place_key,health_zone,province,opened_after,opened_by,opened_midpoint,interval_days,basis,censoring,explanation,date_first_mentioned,first_mention_after_gap,date_last_mentioned,status_latest,beds_latest,n_sitreps,n_events,flags,aliases,first_service,announced,last_not_open
hosp-hgr-vuhovi,HGR de Vuhovi,hospital_isolation,vuhovi,Vuhovi,Nord-Kivu,2026-08-20,,,,"building, never seen open","right censored: not open as of this date, never reported in service","Reported under construction or planned up to 2026-08-20, and never reported holding patients.",2026-08-08,FALSE,2026-08-21,under_construction,,11,11,"",HGR de Vuhovi; HGR Vuhovi,,,2026-08-20
hosp-hopital-mongbwalu,hôpital Mongbwalu,hospital_isolation,mongbwalu,Mongbwalu,Ituri,,,,,no opening evidence,"uninformative: named, but never reported open or building","Named by a report, but nothing says it was built or in use.",2026-05-14,FALSE,2026-05-14,mention_only,,1,1,possible_host_variant;possible_same_host,hôpital Mongbwalu,,,
hosp-hgr-mongbwalu,HGR Mongbwalu,hospital_isolation,mongbwalu,Mongbwalu,Ituri,,2026-05-14,,,"in service, no earlier bound","left censored: open by this date, could have opened any time before","First reported holding patients on 2026-05-14. No report shows it being built, so it may have opened much earlier.",2026-05-14,FALSE,2026-06-30,under_construction,12,15,17,possible_host_variant;possible_same_host;possible_same_site;possible_spelling_variant,HGR Mongbwalu; HGR MONGBWALU,2026-05-14,,
hosp-centre-medical-evangelique-rwampara,Centre médical Evangélique de Rwampara,hospital_isolation,rwampara,Rwampara,Ituri,,2026-05-19,,,"in service, no earlier bound","left censored: open by this date, could have opened any time before","First reported holding patients on 2026-05-19. No report shows it being built, so it may have opened much earlier.",2026-05-19,TRUE,2026-05-26,operating,,9,9,possible_host_variant,Centre médical Evangélique de Rwampara,2026-05-19,,
hosp-cme-nyankunde,CME Nyankunde,hospital_isolation,nyankunde,Rwampara,Ituri,,2026-05-19,,,"in service, no earlier bound","left censored: open by this date, could have opened any time before","First reported holding patients on 2026-05-19. No report shows it being built, so it may have opened much earlier.",2026-05-19,TRUE,2026-06-07,operating,,3,3,possible_host_variant;possible_same_site,CME Nyankunde,2026-05-19,,
hosp-bunia-ch-elikya,BUNIA CH ELIKYA,hospital_isolation,bunia,Bunia,Ituri,,2026-05-20,,,"in service, no earlier bound","left censored: open by this date, could have opened any time before","First reported holding patients on 2026-05-20. No report shows it being built, so it may have opened much earlier.",2026-05-20,FALSE,2026-05-20,operating,6,2,2,"",BUNIA CH ELIKYA,2026-05-20,,
hosp-bunia-clibnique-benedicte,BUNIA Clibnique Bénedicte,hospital_isolation,bunia,Bunia,Ituri,,2026-05-20,,,"in service, no earlier bound","left censored: open by this date, could have opened any time before","First reported holding patients on 2026-05-20. No report shows it being built, so it may have opened much earlier.",2026-05-20,FALSE,2026-05-20,operating,0,2,2,"",BUNIA Clibnique Bénedicte,2026-05-20,,
hosp-bunia-hgr,BUNIA HGR,hospital_isolation,bunia,Bunia,Ituri,,2026-05-20,,,"in service, no earlier bound","left censored: open by this date, could have opened any time before","First reported holding patients on 2026-05-20. No report shows it being built, so it may have opened much earlier.",2026-05-20,FALSE,2026-05-20,operating,6,2,2,possible_host_variant;possible_same_host;possible_word_order,BUNIA HGR,2026-05-20,,
hosp-bunia-rwaole,BUNIA RWAOLE,hospital_isolation,bunia,Bunia,Ituri,,2026-05-20,,,"in service, no earlier bound","left censored: open by this date, could have opened any time before","First reported holding patients on 2026-05-20. No report shows it being built, so it may have opened much earlier.",2026-05-20,FALSE,2026-05-20,operating,12,2,2,"",BUNIA RWAOLE,2026-05-20,,
hosp-bunia-sofepadi,BUNIA SOFEPADI,hospital_isolation,bunia,Bunia,Ituri,,2026-05-20,,,"in service, no earlier bound","left censored: open by this date, could have opened any time before","First reported holding patients on 2026-05-20. No report shows it being built, so it may have opened much earlier.",2026-05-20,FALSE,2026-05-20,operating,4,2,2,"",BUNIA SOFEPADI,2026-05-20,,
hosp-hgr-bunia,HGR Bunia,hospital_isolation,bunia,Bunia,Ituri,,2026-05-20,,,"in service, no earlier bound","left censored: open by this date, could have opened any time before","First reported holding patients on 2026-05-20. No report shows it being built, so it may have opened much earlier.",2026-05-19,TRUE,2026-09-05,operating,60,32,35,possible_host_variant;possible_same_host;possible_same_site;possible_word_order,HGR Bunia; HGR BUNIA; HGR de Bunia; l’HGR de Bunia,2026-05-20,2026-06-07,
hosp-hgr-nyankunde,HGR Nyankunde,hospital_isolation,nyankunde,Nyankunde,Ituri,,2026-05-20,,,"in service, no earlier bound","left censored: open by this date, could have opened any time before","First reported holding patients on 2026-05-20. No report shows it being built, so it may have opened much earlier.",2026-05-20,FALSE,2026-08-30,operating,11,9,9,possible_host_variant;possible_same_site;possible_spelling_variant,HGR Nyankunde; HGR NYANKUNDE,2026-05-20,,
hosp-hopital-matanda,Hôpital Matanda,hospital_isolation,matanda,Katwa,Nord-Kivu,,2026-05-20,,,"in service, no earlier bound","left censored: open by this date, could have opened any time before","First reported holding patients on 2026-05-20. No report shows it being built, so it may have opened much earlier.",2026-05-20,FALSE,2026-05-23,operating,,5,5,possible_same_site,Hôpital Matanda,2026-05-20,,
hosp-rwampara-ch-salama,RWAMPARA CH SALAMA,hospital_isolation,rwampara,Rwampara,Ituri,,2026-05-20,,,"in service, no earlier bound","left censored: open by this date, could have opened any time before","First reported holding patients on 2026-05-20. No report shows it being built, so it may have opened much earlier.",2026-05-20,FALSE,2026-05-20,operating,10,2,2,"",RWAMPARA CH SALAMA,2026-05-20,,
hosp-rwampara-cme,RWAMPARA CME,hospital_isolation,rwampara,Rwampara,Ituri,,2026-05-20,,,"in service, no earlier bound","left censored: open by this date, could have opened any time before","First reported holding patients on 2026-05-20. No report shows it being built, so it may have opened much earlier.",2026-05-20,FALSE,2026-05-20,operating,100,2,2,possible_host_variant,RWAMPARA CME,2026-05-20,,
hosp-rwampara-cs-hoho,RWAMPARA CS HOHO,hospital_isolation,rwampara,Rwampara,Ituri,,2026-05-20,,,"in service, no earlier bound","left censored: open by this date, could have opened any time before","First reported holding patients on 2026-05-20. No report shows it being built, so it may have opened much earlier.",2026-05-20,FALSE,2026-05-20,operating,0,2,2,"",RWAMPARA CS HOHO,2026-05-20,,
hosp-rwampara-hgr,RWAMPARA HGR,hospital_isolation,rwampara,Rwampara,Ituri,,2026-05-20,,,"in service, no earlier bound","left censored: open by this date, could have opened any time before","First reported holding patients on 2026-05-20. No report shows it being built, so it may have opened much earlier.",2026-05-20,FALSE,2026-05-20,operating,16,2,2,possible_host_variant;possible_same_host;possible_word_order,RWAMPARA HGR,2026-05-20,,
hosp-ch-cme,CH CME,hospital_isolation,"","","",,2026-05-23,,,"in service, no earlier bound","left censored: open by this date, could have opened any time before","First reported holding patients on 2026-05-23. No report shows it being built, so it may have opened much earlier.",2026-05-22,FALSE,2026-05-23,operating,,2,2,"",CH CME,2026-05-23,,
hosp-clinique-citadelle,Clinique CITADELLE,hospital_isolation,bunia,Bunia,Ituri,,2026-05-23,,,"in service, no earlier bound","left censored: open by this date, could have opened any time before","First reported holding patients on 2026-05-23. No report shows it being built, so it may have opened much earlier.",2026-05-23,FALSE,2026-05-23,operating,,1,1,"",Clinique CITADELLE,2026-05-23,,
hosp-cs-hoho,CS Hoho,hospital_isolation,hoho,Rwampara,Ituri,,2026-05-23,,,"in service, no earlier bound","left censored: open by this date, could have opened any time before","First reported holding patients on 2026-05-23. No report shows it being built, so it may have opened much earlier.",2026-05-23,FALSE,2026-06-30,operating,,3,3,"",CS hoho; CS Hoho,2026-05-23,,
hosp-sofepadi,SOFEPADI,hospital_isolation,bunia,Bunia,Ituri,,2026-05-23,,,"in service, no earlier bound","left censored: open by this date, could have opened any time before","First reported holding patients on 2026-05-23. No report shows it being built, so it may have opened much earlier.",2026-05-23,FALSE,2026-05-24,operating,,2,2,"",SOFEPADI,2026-05-23,,
hosp-ch-elikya,CH Elikya,hospital_isolation,bunia,Bunia,Ituri,,2026-05-24,,,"in service, no earlier bound","left censored: open by this date, could have opened any time before","First reported holding patients on 2026-05-24. No report shows it being built, so it may have opened much earlier.",2026-05-24,FALSE,2026-06-10,operating,,2,2,possible_host_variant,CH Elikya; CH ELIKYA,2026-05-24,,
hosp-ch-providence,CH LA PROVIDENCE,hospital_isolation,bunia,Bunia,Ituri,,2026-05-24,,,"in service, no earlier bound","left censored: open by this date, could have opened any time before","First reported holding patients on 2026-05-24. No report shows it being built, so it may have opened much earlier.",2026-05-24,FALSE,2026-05-24,operating,,1,1,"",CH LA PROVIDENCE,2026-05-24,,
hosp-ch-salama,CH SALAMA,hospital_isolation,salama,Rwampara,Ituri,,2026-05-24,,,"in service, no earlier bound","left censored: open by this date, could have opened any time before","First reported holding patients on 2026-05-24. No report shows it being built, so it may have opened much earlier.",2026-05-22,FALSE,2026-05-27,operating,,3,3,"",CH Salama; CH SALAMA,2026-05-24,,
hosp-citadele,CITADELE,hospital_isolation,bunia,Bunia,Ituri,,2026-05-24,,,"in service, no earlier bound","left censored: open by this date, could have opened any time before","First reported holding patients on 2026-05-24. No report shows it being built, so it may have opened much earlier.",2026-05-24,FALSE,2026-05-24,operating,,1,1,"",CITADELE,2026-05-24,,
hosp-clinique-benedicte,Clinique Bénedicte,hospital_isolation,bunia,Bunia,Ituri,,2026-05-24,,,"in service, no earlier bound","left censored: open by this date, could have opened any time before","First reported holding patients on 2026-05-24. No report shows it being built, so it may have opened much earlier.",2026-05-24,FALSE,2026-05-24,operating,,1,1,"",Clinique Bénedicte,2026-05-24,,
hosp-cm-mathysen,CM MATHYSEN,hospital_isolation,bunia,Bunia,Ituri,,2026-05-24,,,"in service, no earlier bound","left censored: open by this date, could have opened any time before","First reported holding patients on 2026-05-24. No report shows it being built, so it may have opened much earlier.",2026-05-24,FALSE,2026-05-24,operating,,1,1,"",CM MATHYSEN,2026-05-24,,
hosp-cm-merites,CM LES MERITES,hospital_isolation,bunia,Bunia,Ituri,,2026-05-24,,,"in service, no earlier bound","left censored: open by this date, could have opened any time before","First reported holding patients on 2026-05-24. No report shows it being built, so it may have opened much earlier.",2026-05-24,FALSE,2026-05-24,operating,,1,1,"",CM LES MERITES,2026-05-24,,
hosp-hgr-aru,HGR Aru,hospital_isolation,aru,Aru,Ituri,,2026-05-24,,,"in service, no earlier bound","left censored: open by this date, could have opened any time before","First reported holding patients on 2026-05-24. No report shows it being built, so it may have opened much earlier.",2026-05-24,FALSE,2026-05-31,operating,,4,4,possible_same_site,HGR Aru; HGR ARU,2026-05-24,,
hosp-hgr-bambu,HGR Bambu,hospital_isolation,bambu,Bambu,Ituri,,2026-05-24,,,"in service, no earlier bound","left censored: open by this date, could have opened any time before","First reported holding patients on 2026-05-24. No report shows it being built, so it may have opened much earlier.",2026-05-23,FALSE,2026-06-20,operating,,6,6,"",HGR Bambu; HGR BAMBU,2026-05-24,,
hosp-hgr-rwampara,HGR Rwampara,hospital_isolation,rwampara,Rwampara,Ituri,,2026-05-24,,,"in service, no earlier bound","left censored: open by this date, could have opened any time before","First reported holding patients on 2026-05-24. No report shows it being built, so it may have opened much earlier.",2026-05-24,FALSE,2026-07-03,under_construction,18,16,20,possible_host_variant;possible_same_host;possible_same_site;possible_word_order,HGR Rwampara; HGR RWAMPARA; HGR zone de santé de Rwampara; l’HGR Rwampara,2026-05-24,2026-06-07,
hosp-rwakole,RWAKOLE,hospital_isolation,bunia,Bunia,Ituri,,2026-05-24,,,"in service, no earlier bound","left censored: open by this date, could have opened any time before","First reported holding patients on 2026-05-24. No report shows it being built, so it may have opened much earlier.",2026-05-24,FALSE,2026-05-24,operating,,1,1,"",RWAKOLE,2026-05-24,,
hosp-unibu,UNIBU,hospital_isolation,bunia,Bunia,Ituri,,2026-05-24,,,"in service, no earlier bound","left censored: open by this date, could have opened any time before","First reported holding patients on 2026-05-24. No report shows it being built, so it may have opened much earlier.",2026-05-24,FALSE,2026-05-24,operating,,1,1,"",UNIBU,2026-05-24,,
hosp-hgr-mungbwalu,HGR MUNGBWALU,hospital_isolation,mungbwalu,Mongbwalu,Ituri,,2026-05-27,,,"in service, no earlier bound","left censored: open by this date, could have opened any time before","First reported holding patients on 2026-05-27. No report shows it being built, so it may have opened much earlier.",2026-05-26,FALSE,2026-05-28,operating,40,3,3,possible_spelling_variant,HGR Mungbwalu; HGR MUNGBWALU,2026-05-27,,
hosp-hgr-nyakunde,HGR NYAKUNDE,hospital_isolation,nyakunde,Nyakunde,Ituri,,2026-05-27,,,"in service, no earlier bound","left censored: open by this date, could have opened any time before","First reported holding patients on 2026-05-27. No report shows it being built, so it may have opened much earlier.",2026-05-26,FALSE,2026-07-02,operating,,4,4,possible_spelling_variant,HGR Nyakunde; HGR NYAKUNDE,2026-05-27,,
hosp-centre-medical-evangelique-bunia,Centre Médical Évangélique de Bunia,hospital_isolation,bunia,Bunia,Ituri,,2026-05-31,,,"in service, no earlier bound","left censored: open by this date, could have opened any time before","First reported holding patients on 2026-05-31. No report shows it being built, so it may have opened much earlier.",2026-05-31,FALSE,2026-05-31,operating,,1,1,possible_host_variant,Centre Médical Évangélique de Bunia,2026-05-31,,
hosp-cme-zs-rwampara,CME/Zs Rwampara,hospital_isolation,rwampara,Rwampara,Ituri,,2026-05-31,,,"in service, no earlier bound","left censored: open by this date, could have opened any time before","First reported holding patients on 2026-05-31. No report shows it being built, so it may have opened much earlier.",2026-05-31,FALSE,2026-05-31,operating,,1,1,"",CME/Zs Rwampara,2026-05-31,,
hosp-hgr-fomulac-katana,HGR FOMULAC Katana,hospital_isolation,katana,Katana,Sud-Kivu,,2026-06-03,,,"in service, no earlier bound","left censored: open by this date, could have opened any time before","First reported holding patients on 2026-06-03. No report shows it being built, so it may have opened much earlier.",2026-06-03,FALSE,2026-06-07,operating,,2,2,"",HGR FOMULAC Katana; HGR FOMULAC KATANA,2026-06-03,,
hosp-hgr-katana,HGR Katana,hospital_isolation,katana,Katana,Sud-Kivu,,2026-06-04,,,"in service, no earlier bound","left censored: open by this date, could have opened any time before","First reported holding patients on 2026-06-04. No report shows it being built, so it may have opened much earlier.",2026-06-04,FALSE,2026-06-08,operating,,3,3,possible_host_variant;possible_same_host,HGR Katana; HGR KATANA,2026-06-04,,
hosp-hopital-heal-africa,hopital Heal Africa,hospital_isolation,goma,Goma,Nord-Kivu,,2026-06-04,,,"in service, no earlier bound","left censored: open by this date, could have opened any time before","First reported holding patients on 2026-06-04. No report shows it being built, so it may have opened much earlier.",2026-06-04,FALSE,2026-06-04,operating,,1,1,"",hopital Heal Africa,2026-06-04,,
hosp-hgr-zs-nyankunde,HGR de la ZS de Nyankunde,hospital_isolation,nyankunde,Nyankunde,Ituri,,2026-06-07,,,"in service, no earlier bound","left censored: open by this date, could have opened any time before","First reported holding patients on 2026-06-07. No report shows it being built, so it may have opened much earlier.",2026-06-07,FALSE,2026-06-07,operating,,1,1,"",HGR de la ZS de Nyankunde,2026-06-07,,
hosp-elikya,Elikya,hospital_isolation,elikya,Bunia,Ituri,,2026-06-08,,,"in service, no earlier bound","left censored: open by this date, could have opened any time before","First reported holding patients on 2026-06-08. No report shows it being built, so it may have opened much earlier.",2026-06-08,FALSE,2026-08-26,operating,,2,2,possible_host_variant;possible_same_site,Elikya,2026-06-08,,
hosp-ch-verite,CH La Vérité,hospital_isolation,verite,Butembo,Nord-Kivu,,2026-06-14,,,"in service, no earlier bound","left censored: open by this date, could have opened any time before","First reported holding patients on 2026-06-14. No report shows it being built, so it may have opened much earlier.",2026-06-11,FALSE,2026-07-10,operating,,5,5,"",CH la VERITE; CH LA VERITE; CH La vérité; CH La Vérité,2026-06-14,,
hosp-ch-felicite,CH Félicité,hospital_isolation,felicite,Butembo,Nord-Kivu,,2026-06-16,,,"in service, no earlier bound","left censored: open by this date, could have opened any time before","First reported holding patients on 2026-06-16. No report shows it being built, so it may have opened much earlier.",2026-06-16,FALSE,2026-06-16,operating,,1,1,"",CH Félicité,2026-06-16,,
hosp-hgr-kitatumba,HGR Kitatumba,hospital_isolation,kitatumba,Butembo,Nord-Kivu,,2026-06-17,,,"in service, no earlier bound","left censored: open by this date, could have opened any time before","First reported holding patients on 2026-06-17. No report shows it being built, so it may have opened much earlier.",2026-06-15,FALSE,2026-07-24,operating,,4,4,"",HGR Kitatumba; HGR KITATUMBA,2026-06-17,,
hosp-cme-bunia,CME/BUNIA,hospital_isolation,bunia,Bunia,Ituri,2026-05-28,2026-06-18,2026-06-07,21,bounded both sides,bounded,"Reported still building on 2026-05-28 and holding patients by 2026-06-18, so it opened in the 21 days between.",2026-05-27,FALSE,2026-06-18,operating,,3,3,possible_host_variant;possible_same_site,CME de Bunia; CME/BUNIA,2026-06-18,,2026-05-28
hosp-cs-makerere,CS Makerere,hospital_isolation,makerere,"","",,2026-06-19,,,"in service, no earlier bound","left censored: open by this date, could have opened any time before","First reported holding patients on 2026-06-19. No report shows it being built, so it may have opened much earlier.",2026-06-19,FALSE,2026-06-19,operating,,1,1,"",CS Makerere,2026-06-19,,
hosp-csr-kyavonyonge,CSR Kyavonyonge,hospital_isolation,kyavonyonge,Kyondo,Nord-Kivu,,2026-06-21,,,"in service, no earlier bound","left censored: open by this date, could have opened any time before","First reported holding patients on 2026-06-21. No report shows it being built, so it may have opened much earlier.",2026-06-21,FALSE,2026-06-21,operating,,1,1,"",CSR Kyavonyonge,2026-06-21,,
hosp-cs-bunji,CS Bunji,hospital_isolation,bunji,"",Nord-Kivu,,2026-06-27,,,"in service, no earlier bound","left censored: open by this date, could have opened any time before","First reported holding patients on 2026-06-27. No report shows it being built, so it may have opened much earlier.",2026-06-27,TRUE,2026-06-27,operating,,1,1,possible_spelling_variant,CS Bunji,2026-06-27,,
hosp-ch-mutiri,CH MUTIRI,hospital_isolation,mutiri,Katwa,Nord-Kivu,,2026-07-01,,,"in service, no earlier bound","left censored: open by this date, could have opened any time before","First reported holding patients on 2026-07-01. No report shows it being built, so it may have opened much earlier.",2026-06-21,FALSE,2026-07-01,operating,,3,3,"",CH Mutiri; CH MUTIRI,2026-07-01,,
hosp-ps-divine,PS Divine,hospital_isolation,divine,"","",,2026-07-01,,,"in service, no earlier bound","left censored: open by this date, could have opened any time before","First reported holding patients on 2026-07-01. No report shows it being built, so it may have opened much earlier.",2026-07-01,FALSE,2026-07-01,operating,,1,1,"",PS Divine,2026-07-01,,
hosp-bundji,Bundji,hospital_isolation,bundji,Beni,Nord-Kivu,,2026-07-02,,,"in service, no earlier bound","left censored: open by this date, could have opened any time before","First reported holding patients on 2026-07-02. No report shows it being built, so it may have opened much earlier.",2026-07-02,FALSE,2026-07-02,operating,,1,1,possible_host_variant;possible_same_site,Bundji,2026-07-02,,
hosp-hgr-mambasa,HGR Mambasa,hospital_isolation,mambasa,Mambasa,Ituri,,2026-07-02,,,"in service, no earlier bound","left censored: open by this date, could have opened any time before","First reported holding patients on 2026-07-02. No report shows it being built, so it may have opened much earlier.",2026-07-02,FALSE,2026-08-28,operating,,2,2,"",HGR Mambasa,2026-07-02,,
hosp-malepe,Malepe,hospital_isolation,malepe,Beni,Nord-Kivu,,2026-07-02,,,"in service, no earlier bound","left censored: open by this date, could have opened any time before","First reported holding patients on 2026-07-02. No report shows it being built, so it may have opened much earlier.",2026-07-02,FALSE,2026-07-02,operating,,1,1,"",Malepe,2026-07-02,,
hosp-ch-sainte-rita,CH SAINTE RITA,hospital_isolation,sainte rita,"",Nord-Kivu,,2026-07-05,,,"in service, no earlier bound","left censored: open by this date, could have opened any time before","First reported holding patients on 2026-07-05. No report shows it being built, so it may have opened much earlier.",2026-07-05,FALSE,2026-07-05,operating,,1,1,"",CH SAINTE RITA,2026-07-05,,
hosp-hgr-musienene,HGR MUSIENENE,hospital_isolation,musienene,Musienene,Nord-Kivu,,2026-07-05,,,"in service, no earlier bound","left censored: open by this date, could have opened any time before","First reported holding patients on 2026-07-05. No report shows it being built, so it may have opened much earlier.",2026-07-05,FALSE,2026-07-05,operating,,1,1,possible_same_site,HGR MUSIENENE,2026-07-05,,
hosp-hgr-mabalako,HGR Mabalako,hospital_isolation,mabalako,Mabalako,Nord-Kivu,,2026-07-08,,,"in service, no earlier bound","left censored: open by this date, could have opened any time before","First reported holding patients on 2026-07-08. No report shows it being built, so it may have opened much earlier.",2026-07-08,FALSE,2026-07-08,operating,,1,1,"",HGR Mabalako,2026-07-08,,
hosp-hgr-oicha,HGR Oicha,hospital_isolation,oicha,Oicha,Nord-Kivu,,2026-07-08,,,"in service, no earlier bound","left censored: open by this date, could have opened any time before","First reported holding patients on 2026-07-08. No report shows it being built, so it may have opened much earlier.",2026-07-08,FALSE,2026-07-08,operating,,1,1,possible_same_site,HGR Oicha,2026-07-08,,
hosp-cug-butembo,CUG de Butembo,hospital_isolation,butembo,Butembo,Nord-Kivu,,2026-07-10,,,"in service, no earlier bound","left censored: open by this date, could have opened any time before","First reported holding patients on 2026-07-10. No report shows it being built, so it may have opened much earlier.",2026-07-10,FALSE,2026-07-10,operating,,1,1,"",CUG de Butembo,2026-07-10,,
hosp-hgr-nia-nia,HGR de Nia-Nia,hospital_isolation,nia nia,Nia-Nia,Ituri,,2026-07-10,,,"in service, no earlier bound","left censored: open by this date, could have opened any time before","First reported holding patients on 2026-07-10. No report shows it being built, so it may have opened much earlier.",2026-07-10,FALSE,2026-07-10,operating,,1,1,possible_same_site,HGR de Nia-Nia,2026-07-10,,
hosp-cs-bundji,CS Bundji,hospital_isolation,bundji,Beni,Nord-Kivu,,2026-07-11,,,"in service, no earlier bound","left censored: open by this date, could have opened any time before","First reported holding patients on 2026-07-11. No report shows it being built, so it may have opened much earlier.",2026-07-11,FALSE,2026-07-31,operating,,3,3,possible_host_variant;possible_spelling_variant,CS Bundji,2026-07-11,,
hosp-hopital-mambangu,Hôpital de Mambangu,hospital_isolation,mambangu,"","",,2026-07-11,,,"in service, no earlier bound","left censored: open by this date, could have opened any time before","First reported holding patients on 2026-07-11. No report shows it being built, so it may have opened much earlier.",2026-07-11,FALSE,2026-07-11,operating,,1,1,"",Hôpital de Mambangu,2026-07-11,,
hosp-fomulac,Fomulac,hospital_isolation,fomulac,Katana,Sud-Kivu,,2026-07-12,,,"in service, no earlier bound","left censored: open by this date, could have opened any time before","First reported holding patients on 2026-07-12. No report shows it being built, so it may have opened much earlier.",2026-07-12,FALSE,2026-07-12,operating,,1,1,possible_same_host;possible_same_site,Fomulac,2026-07-12,,
hosp-lwiro,Lwiro,hospital_isolation,lwiro,Miti Murhesa,Sud-Kivu,,2026-07-12,,,"in service, no earlier bound","left censored: open by this date, could have opened any time before","First reported holding patients on 2026-07-12. No report shows it being built, so it may have opened much earlier.",2026-07-12,FALSE,2026-08-02,operating,,2,2,possible_same_site,Lwiro,2026-07-12,,
hosp-cs-fedi,CS FEDI,hospital_isolation,fedi,Mangobo,Tshopo,,2026-07-18,,,"in service, no earlier bound","left censored: open by this date, could have opened any time before","First reported holding patients on 2026-07-18. No report shows it being built, so it may have opened much earlier.",2026-07-18,FALSE,2026-09-13,operating,,4,4,"",CS Fedi; CS FEDI,2026-07-18,,
hosp-hckis,HCKis,hospital_isolation,kis,"",Tshopo,,2026-07-18,,,"in service, no earlier bound","left censored: open by this date, could have opened any time before","First reported holding patients on 2026-07-18. No report shows it being built, so it may have opened much earlier.",2026-07-18,FALSE,2026-07-18,operating,,1,1,possible_same_site,HCKis,2026-07-18,,
hosp-cs-fedi-mangobo,CS FEDI de Mangobo,hospital_isolation,mangobo,Mangobo,Tshopo,,2026-07-26,,,"in service, no earlier bound","left censored: open by this date, could have opened any time before","First reported holding patients on 2026-07-26. No report shows it being built, so it may have opened much earlier.",2026-07-26,FALSE,2026-07-26,operating,,1,1,"",CS FEDI de Mangobo,2026-07-26,,
hosp-centre-hospitalier-pnc,centre hospitalier de la PNC,hospital_isolation,pnc,"","",,2026-07-30,,,"in service, no earlier bound","left censored: open by this date, could have opened any time before","First reported holding patients on 2026-07-30. No report shows it being built, so it may have opened much earlier.",2026-07-30,TRUE,2026-07-30,operating,,1,1,"",centre hospitalier de la PNC,2026-07-30,,
hosp-cliniques-universitaires-bukavu,Cliniques universitaires de Bukavu,hospital_isolation,bukavu,"",Sud-Kivu,,2026-08-02,,,"in service, no earlier bound","left censored: open by this date, could have opened any time before","First reported holding patients on 2026-08-02. No report shows it being built, so it may have opened much earlier.",2026-08-02,FALSE,2026-08-02,operating,,1,1,"",Cliniques universitaires de Bukavu,2026-08-02,,
hosp-katana,Katana,hospital_isolation,katana,Katana,Sud-Kivu,,2026-08-02,,,"in service, no earlier bound","left censored: open by this date, could have opened any time before","First reported holding patients on 2026-08-02. No report shows it being built, so it may have opened much earlier.",2026-08-02,FALSE,2026-08-02,operating,,1,1,possible_host_variant;possible_same_host,Katana,2026-08-02,,
hosp-ch-joie,CH La Joie,hospital_isolation,kanzulinzuli,Beni,Nord-Kivu,,2026-08-03,,,"in service, no earlier bound","left censored: open by this date, could have opened any time before","First reported holding patients on 2026-08-03. No report shows it being built, so it may have opened much earlier.",2026-08-03,FALSE,2026-08-03,operating,,1,1,"",CH La Joie,2026-08-03,,
hosp-clinique-est,Clinique de l'Est,hospital_isolation,est,"",Haut-Uele,,2026-08-03,,,"in service, no earlier bound","left censored: open by this date, could have opened any time before","First reported holding patients on 2026-08-03. No report shows it being built, so it may have opened much earlier.",2026-08-03,FALSE,2026-08-03,operating,,1,1,"",Clinique de l'Est,2026-08-03,,
hosp-dispensaire-maman-regine,dispensaire Maman Régine,hospital_isolation,dispensaire maman regine,Lubunga,Tshopo,,2026-08-03,,,"in service, no earlier bound","left censored: open by this date, could have opened any time before","First reported holding patients on 2026-08-03. No report shows it being built, so it may have opened much earlier.",2026-08-03,FALSE,2026-08-05,operating,,2,2,"",dispensaire Maman Régine,2026-08-03,,
hosp-hgr-pawa,HGR de Pawa,hospital_isolation,pawa,Pawa,Haut-Uele,,2026-08-03,,,"in service, no earlier bound","left censored: open by this date, could have opened any time before","First reported holding patients on 2026-08-03. No report shows it being built, so it may have opened much earlier.",2026-08-03,FALSE,2026-08-03,operating,,1,1,"",HGR de Pawa,2026-08-03,,
hosp-cliniques-universitaires-uele,cliniques universitaires de l'Uélé,hospital_isolation,s universitaires uele,"","",,2026-08-05,,,"in service, no earlier bound","left censored: open by this date, could have opened any time before","First reported holding patients on 2026-08-05. No report shows it being built, so it may have opened much earlier.",2026-08-05,FALSE,2026-08-05,operating,,1,1,"",cliniques universitaires de l'Uélé,2026-08-05,,
hosp-hopital-militaire-makiso-kisangani,hôpital militaire de Makiso-Kisangani,hospital_isolation,makiso kisangani,Makiso Kisangani,Tshopo,,2026-08-12,,,"in service, no earlier bound","left censored: open by this date, could have opened any time before","First reported holding patients on 2026-08-12. No report shows it being built, so it may have opened much earlier.",2026-08-12,FALSE,2026-08-12,operating,,1,1,"",hôpital militaire de Makiso-Kisangani,2026-08-12,,
hosp-hgr-tchomia,HGR de Tchomia,hospital_isolation,tchomia,Tchomia,Ituri,,2026-08-13,,,"in service, no earlier bound","left censored: open by this date, could have opened any time before","First reported holding patients on 2026-08-13. No report shows it being built, so it may have opened much earlier.",2026-08-13,FALSE,2026-08-13,operating,,1,1,"",HGR de Tchomia,2026-08-13,,
hosp-hgr-wamba,HGR de Wamba,hospital_isolation,wamba,Wamba,Haut-Uele,,2026-08-18,,,"in service, no earlier bound","left censored: open by this date, could have opened any time before","First reported holding patients on 2026-08-18. No report shows it being built, so it may have opened much earlier.",2026-08-18,FALSE,2026-08-19,under_construction,,2,4,"",HGR de Wamba,2026-08-18,,
hosp-c-h-vukaka,C.H Vukaka,hospital_isolation,vukaka,Katwa,Nord-Kivu,,2026-08-23,,,"in service, no earlier bound","left censored: open by this date, could have opened any time before","First reported holding patients on 2026-08-23. No report shows it being built, so it may have opened much earlier.",2026-08-23,FALSE,2026-08-23,operating,,1,1,"",C.H Vukaka,2026-08-23,,
hosp-hgr-ganga,HGR de Ganga,hospital_isolation,ganga,Ganga,Bas-Uele,,2026-08-24,,,"in service, no earlier bound","left censored: open by this date, could have opened any time before","First reported holding patients on 2026-08-24. No report shows it being built, so it may have opened much earlier.",2026-08-24,FALSE,2026-09-13,operating,,8,8,"",HGR de Ganga; HGR Ganga,2026-08-24,,
hosp-cs-kasindi,CS Kasindi,hospital_isolation,kasindi,Mutwanga,Nord-Kivu,,2026-09-05,,,"in service, no earlier bound","left censored: open by this date, could have opened any time before","First reported holding patients on 2026-09-05. No report shows it being built, so it may have opened much earlier.",2026-09-05,FALSE,2026-09-05,operating,,1,1,"",CS Kasindi,2026-09-05,,
hosp-centre-sante-kyambogho,centre de santé de Kyambogho,hospital_isolation,kyambogho,Musienene,Nord-Kivu,,2026-09-10,,,"in service, no earlier bound","left censored: open by this date, could have opened any time before","First reported holding patients on 2026-09-10. No report shows it being built, so it may have opened much earlier.",2026-09-10,FALSE,2026-09-10,operating,,1,1,"",centre de santé de Kyambogho,2026-09-10,,
hosp-centre-hospitalier-tinge,centre hospitalier de Tinge,hospital_isolation,tinge,Kalunguta,Nord-Kivu,,2026-09-11,,,"in service, no earlier bound","left censored: open by this date, could have opened any time before","First reported holding patients on 2026-09-11. No report shows it being built, so it may have opened much earlier.",2026-09-11,FALSE,2026-09-11,operating,,1,1,"",centre hospitalier de Tinge,2026-09-11,,
ci-cs-boikene,CS Boikene,isolation_centre,boikene,Beni,Nord-Kivu,,,,,no opening evidence,"uninformative: named, but never reported open or building","Named by a report, but nothing says it was built or in use.",2026-07-30,TRUE,2026-07-31,mention_only,,2,2,possible_same_site,CS Boikene,,,
ci-cs-lengabo,CS Lengabo,isolation_centre,lengabo,Rwampara,Ituri,2026-06-03,,,,"building, never seen open","right censored: not open as of this date, never reported in service","Reported under construction or planned up to 2026-06-03, and never reported holding patients.",2026-06-03,FALSE,2026-07-01,under_construction,,2,2,"",CS Lengabo,,,2026-06-03
ci-cs-makabo,CS Makabo,isolation_centre,makabo,Rwampara,Ituri,2026-06-03,,,,"building, never seen open","right censored: not open as of this date, never reported in service","Reported under construction or planned up to 2026-06-03, and never reported holding patients.",2026-06-03,FALSE,2026-06-03,under_construction,,1,1,"",CS Makabo,,,2026-06-03
ci-cs-shari,CS Shari,isolation_centre,shari,Rwampara,Ituri,2026-06-03,,,,"building, never seen open","right censored: not open as of this date, never reported in service","Reported under construction or planned up to 2026-06-03, and never reported holding patients.",2026-05-19,FALSE,2026-06-03,under_construction,,2,2,"",CS Shari; CS SHARI,,,2026-06-03
ci-hgr-bunia,bâtiment d'isolement de l’HGR-Bunia,isolation_centre,bunia,Bunia,Ituri,,,,,no opening evidence,"uninformative: named, but never reported open or building","Named by a report, but nothing says it was built or in use.",2026-05-21,FALSE,2026-05-21,mention_only,,1,1,possible_same_site,bâtiment d'isolement de l’HGR-Bunia,,,
ci-hgr-isiro,centre d’isolement de l’HGR d’Isiro,isolation_centre,isiro,Isiro,Haut-Uele,,,,,no opening evidence,"uninformative: named, but never reported open or building","Named by a report, but nothing says it was built or in use.",2026-08-12,FALSE,2026-08-12,mention_only,,1,1,possible_same_site,centre d’isolement de l’HGR d’Isiro,,,
ci-hgr-musienene,centre d'isolement à l'HGR de Musienene,isolation_centre,musienene,Musienene,Nord-Kivu,2026-08-03,,,,"building, never seen open","right censored: not open as of this date, never reported in service","Reported under construction or planned up to 2026-08-03, and never reported holding patients.",2026-08-03,FALSE,2026-08-03,under_construction,,1,1,possible_same_site,centre d'isolement à l'HGR de Musienene,,,2026-08-03
ci-isolement-hgr-vuhovi,isolement de l'HGR Vuhovi,isolation_centre,vuhovi,Vuhovi,Nord-Kivu,2026-08-07,,,,"building, never seen open","right censored: not open as of this date, never reported in service","Reported under construction or planned up to 2026-08-07, and never reported holding patients.",2026-08-07,FALSE,2026-08-07,under_construction,,1,1,"",isolement de l'HGR Vuhovi,,,2026-08-07
ci-isolement-madula,isolement de Madula,isolation_centre,madula,Wanierukula,Tshopo,2026-09-12,,,,"building, never seen open","right censored: not open as of this date, never reported in service","Reported under construction or planned up to 2026-09-12, and never reported holding patients.",2026-08-15,FALSE,2026-09-12,under_construction,,4,4,"",isolement de Madula; isolements de Madula,,,2026-09-12
ci-isolements-hgr-beni,isolements de l'HGR de Beni,isolation_centre,beni,Beni,Nord-Kivu,,,,,no opening evidence,"uninformative: named, but never reported open or building","Named by a report, but nothing says it was built or in use.",2026-07-30,TRUE,2026-07-31,mention_only,,2,2,"",isolements de l'HGR de Beni,,,
ci-isolements-konga-konga,isolements (KONGA KONGA),isolation_centre,konga konga,Makiso Kisangani,Tshopo,2026-08-27,,,,"building, never seen open","right censored: not open as of this date, never reported in service","Reported under construction or planned up to 2026-08-27, and never reported holding patients.",2026-08-27,FALSE,2026-08-27,under_construction,,1,1,"",isolements (KONGA KONGA),,,2026-08-27
ci-kabondo,Kabondo,isolation_centre,kabondo,Kabondo,Tshopo,2026-09-04,,,,"building, never seen open","right censored: not open as of this date, never reported in service","Reported under construction or planned up to 2026-09-04, and never reported holding patients.",2026-08-12,FALSE,2026-09-04,under_construction,,9,9,"",chantier d’isolement de Kabondo; Kabondo; unités d’isolement de Kabondo,,,2026-09-04
ci-konga-konga,Konga-Konga,isolation_centre,konga konga,Makiso Kisangani,Tshopo,2026-09-04,,,,"building, never seen open","right censored: not open as of this date, never reported in service","Reported under construction or planned up to 2026-09-04, and never reported holding patients.",2026-08-29,FALSE,2026-09-04,under_construction,,3,3,"",Konga-Konga; sites d’isolement de Kongakonga,,,2026-09-04
ci-madula,unités d’isolement de Madula,isolation_centre,madula,Wanierukula,Tshopo,2026-09-04,,,,"building, never seen open","right censored: not open as of this date, never reported in service","Reported under construction or planned up to 2026-09-04, and never reported holding patients.",2026-08-12,FALSE,2026-09-04,under_construction,,12,12,"",chantier d’isolement de Madula; Madula; site d’isolement de Madula; sites d’isolement de Madula; unités d’isolement de Madula,,,2026-09-04
ci-rwampara,bloc d'isolement de Rwampara,isolation_centre,rwampara,Rwampara,Ituri,,2026-05-27,,,"in service, no earlier bound","left censored: open by this date, could have opened any time before","First reported holding patients on 2026-05-27. No report shows it being built, so it may have opened much earlier.",2026-05-21,FALSE,2026-05-30,strained,,5,5,possible_same_site,bloc d'isolement de Rwampara; salle d'isolement à l'HGR/Rwampara,2026-05-27,,
ci-transitoire-wamba,centre d’isolement transitoire de Wamba,isolation_centre,wamba,Wamba,Haut-Uele,,2026-08-12,,,"in service, no earlier bound","left censored: open by this date, could have opened any time before","First reported holding patients on 2026-08-12. No report shows it being built, so it may have opened much earlier.",2026-08-12,FALSE,2026-08-14,strained,,3,3,"",centre d’isolement transitoire de Wamba,2026-08-12,,
ci-isolement-zs-katana,isolement de la ZS de Katana,isolation_centre,katana,Katana,Sud-Kivu,,2026-08-13,,,"in service, no earlier bound","left censored: open by this date, could have opened any time before","First reported holding patients on 2026-08-13. No report shows it being built, so it may have opened much earlier.",2026-08-13,FALSE,2026-08-13,operating,,1,1,"",isolement de la ZS de Katana,2026-08-13,,
ci-isolement-zs-katana-fomulac,isolement de la ZS de Katana (FOMULAC),isolation_centre,katana,Katana,Sud-Kivu,,2026-08-14,,,"in service, no earlier bound","left censored: open by this date, could have opened any time before","First reported holding patients on 2026-08-14. No report shows it being built, so it may have opened much earlier.",2026-08-14,FALSE,2026-08-15,operating,,2,2,"",isolement de la ZS de Katana (FOMULAC),2026-08-14,,
ci-isolement-musienene,isolement de Musienene,isolation_centre,musienene,Musienene,Nord-Kivu,,2026-08-17,,,"in service, no earlier bound","left censored: open by this date, could have opened any time before","First reported holding patients on 2026-08-17. No report shows it being built, so it may have opened much earlier.",2026-08-17,FALSE,2026-08-17,strained,,1,1,"",isolement de Musienene,2026-08-17,,
ci-sites-lita,sites de Lita,isolation_centre,lita,Lita,Ituri,,2026-09-04,,,"in service, no earlier bound","left censored: open by this date, could have opened any time before","First reported holding patients on 2026-09-04. No report shows it being built, so it may have opened much earlier.",2026-09-04,FALSE,2026-09-04,strained,,1,1,"",sites de Lita,2026-09-04,,
ci-sites-logo,sites de Logo,isolation_centre,logo,Logo,Ituri,,2026-09-04,,,"in service, no earlier bound","left censored: open by this date, could have opened any time before","First reported holding patients on 2026-09-04. No report shows it being built, so it may have opened much earlier.",2026-09-04,FALSE,2026-09-04,strained,,1,1,"",sites de Logo,2026-09-04,,
ci-sites-mambasa,sites de Mambasa,isolation_centre,mambasa,Mambasa,Ituri,,2026-09-04,,,"in service, no earlier bound","left censored: open by this date, could have opened any time before","First reported holding patients on 2026-09-04. No report shows it being built, so it may have opened much earlier.",2026-09-04,FALSE,2026-09-04,strained,,1,1,"",sites de Mambasa,2026-09-04,,
ci-sites-nizi,sites de Nizi,isolation_centre,nizi,Nizi,Ituri,,2026-09-04,,,"in service, no earlier bound","left censored: open by this date, could have opened any time before","First reported holding patients on 2026-09-04. No report shows it being built, so it may have opened much earlier.",2026-09-04,FALSE,2026-09-04,strained,,1,1,"",sites de Nizi,2026-09-04,,
site-abelkozo,Abelkozo,other,abelkozo,"","",,,,,no opening evidence,"uninformative: named, but never reported open or building","Named by a report, but nothing says it was built or in use.",2026-06-08,FALSE,2026-06-08,mention_only,,1,1,possible_host_variant,Abelkozo,,,
site-aero,Aéro,other,bunia,Bunia,Ituri,,,,,no opening evidence,"uninformative: named, but never reported open or building","Named by a report, but nothing says it was built or in use.",2026-08-04,FALSE,2026-08-04,mention_only,,1,1,possible_host_variant,Aéro,,,
site-as-birinyama,AS Birinyama,other,birinyama,Nyankunde,Ituri,,,,,no opening evidence,"uninformative: named, but never reported open or building","Named by a report, but nothing says it was built or in use.",2026-06-01,FALSE,2026-06-01,mention_only,,1,1,"",AS Birinyama,,,
site-bcz-bunia,Bcz/Bunia,other,bunia,Bunia,Ituri,,,,,no opening evidence,"uninformative: named, but never reported open or building","Named by a report, but nothing says it was built or in use.",2026-05-25,FALSE,2026-05-25,mention_only,,1,1,"",Bcz/Bunia,,,
site-bethsaida,Bethsaïda,other,bethsaida,Beni,Nord-Kivu,,,,,no opening evidence,"uninformative: named, but never reported open or building","Named by a report, but nothing says it was built or in use.",2026-09-05,FALSE,2026-09-05,mention_only,,1,1,"",Bethsaïda,,,
site-bundji,BUNDJI,other,beni,Beni,Nord-Kivu,,,,,no opening evidence,"uninformative: named, but never reported open or building","Named by a report, but nothing says it was built or in use.",2026-07-07,FALSE,2026-07-07,mention_only,,1,1,possible_same_site,BUNDJI,,,
site-bunia-cite,Bunia-Cite,other,bunia,Bunia,Ituri,,,,,no opening evidence,"uninformative: named, but never reported open or building","Named by a report, but nothing says it was built or in use.",2026-05-22,FALSE,2026-05-22,mention_only,,1,1,possible_host_variant,Bunia-Cite,,,
site-c-m-banalisasa,C.M Banalisasa,other,c m banalisasa,"",Nord-Kivu,,,,,no opening evidence,"uninformative: named, but never reported open or building","Named by a report, but nothing says it was built or in use.",2026-09-09,FALSE,2026-09-09,mention_only,,1,1,"",C.M Banalisasa,,,
site-c-m-emmanuel,C.M Emmanuel,other,c m emmanuel,"",Nord-Kivu,,,,,no opening evidence,"uninformative: named, but never reported open or building","Named by a report, but nothing says it was built or in use.",2026-09-09,FALSE,2026-09-09,mention_only,,1,1,"",C.M Emmanuel,,,
site-c-m-furaha,C.M Furaha,other,c m furaha,"",Nord-Kivu,,,,,no opening evidence,"uninformative: named, but never reported open or building","Named by a report, but nothing says it was built or in use.",2026-09-09,FALSE,2026-09-09,mention_only,,1,1,"",C.M Furaha,,,
site-carl-becker,Carl Becker,other,beni,Beni,Nord-Kivu,,,,,no opening evidence,"uninformative: named, but never reported open or building","Named by a report, but nothing says it was built or in use.",2026-06-13,TRUE,2026-06-13,mention_only,,1,1,"",Carl Becker,,,
site-cecca-20,CECCA-20,other,cecca 20,"","",,,,,no opening evidence,"uninformative: named, but never reported open or building","Named by a report, but nothing says it was built or in use.",2026-06-08,FALSE,2026-06-08,mention_only,,1,1,"",CECCA-20,,,
site-cem-nyankunde,CEM Nyankunde,other,nyankunde,Bunia,Ituri,,,,,no opening evidence,"uninformative: named, but never reported open or building","Named by a report, but nothing says it was built or in use.",2026-05-19,TRUE,2026-05-19,mention_only,,1,1,possible_spelling_variant,CEM Nyankunde,,,
site-central-soleniama,Central soleniama,other,central soleniama,"","",,,,,no opening evidence,"uninformative: named, but never reported open or building","Named by a report, but nothing says it was built or in use.",2026-06-18,FALSE,2026-06-18,mention_only,,1,1,"",Central soleniama,,,
site-centre-hospitalier-bugarula,Centre hospitalier Bugarula,other,bugarula,Idjwi,Sud-Kivu,,,,,no opening evidence,"uninformative: named, but never reported open or building","Named by a report, but nothing says it was built or in use.",2026-06-18,FALSE,2026-06-18,mention_only,,1,1,"",Centre hospitalier Bugarula,,,
site-centre-hospitalier-famille,Centre hospitalier La Famille,other,6 transversale,Kabondo,Tshopo,,,,,no opening evidence,"uninformative: named, but never reported open or building","Named by a report, but nothing says it was built or in use.",2026-08-20,FALSE,2026-08-20,mention_only,,1,1,possible_host_variant,Centre hospitalier La Famille,,,
site-centre-hospitalier-kavale,Centre Hospitalier Kavale,other,kavale,Musienene,"",,,,,no opening evidence,"uninformative: named, but never reported open or building","Named by a report, but nothing says it was built or in use.",2026-07-10,FALSE,2026-07-10,mention_only,,1,1,"",Centre Hospitalier Kavale,,,
site-centre-hospitalier-sainte-rita,Centre Hospitalier Sainte Rita,other,sainte rita,Musienene,"",,,,,no opening evidence,"uninformative: named, but never reported open or building","Named by a report, but nothing says it was built or in use.",2026-07-10,FALSE,2026-07-10,mention_only,,1,1,"",Centre Hospitalier Sainte Rita,,,
site-centre-hospitalier-tokobika,centre hospitalier TOKOBIKA,other,tokobika,"","",,,,,no opening evidence,"uninformative: named, but never reported open or building","Named by a report, but nothing says it was built or in use.",2026-06-20,FALSE,2026-06-20,mention_only,,1,1,"",centre hospitalier TOKOBIKA,,,
site-centre-hospitalier-unibu,Centre Hospitalier UNIBU,other,lumumba,Bunia,"",,,,,no opening evidence,"uninformative: named, but never reported open or building","Named by a report, but nothing says it was built or in use.",2026-05-24,FALSE,2026-05-24,mention_only,,1,1,possible_host_variant,Centre Hospitalier UNIBU,,,
site-centre-medical-dalson,centre médical Dalson,other,dalson,"",Nord-Kivu,,,,,no opening evidence,"uninformative: named, but never reported open or building","Named by a report, but nothing says it was built or in use.",2026-08-03,FALSE,2026-08-03,mention_only,,1,1,"",centre médical Dalson,,,
site-centre-medical-prive-sodeseka,Centre médical privé Sodeseka,other,prive sodeseka,Katana,Sud-Kivu,,,,,no opening evidence,"uninformative: named, but never reported open or building","Named by a report, but nothing says it was built or in use.",2026-06-04,FALSE,2026-06-04,mention_only,,1,1,"",Centre médical privé Sodeseka,,,
site-centre-medical-tradimoderne,Centre médical Tradimoderne,other,tradimoderne,"",Tshopo,,,,,no opening evidence,"uninformative: named, but never reported open or building","Named by a report, but nothing says it was built or in use.",2026-08-21,FALSE,2026-08-21,mention_only,,1,1,"",Centre médical Tradimoderne,,,
site-centre-tradi-yahwe-rapha,Centre Tradi Yahwe RAPHA,other,katwa,Katwa,Nord-Kivu,,,,,no opening evidence,"uninformative: named, but never reported open or building","Named by a report, but nothing says it was built or in use.",2026-06-17,FALSE,2026-06-17,mention_only,,1,1,"",Centre Tradi Yahwe RAPHA,,,
site-centres-sante-butsili,centres de santé de Butsili,other,butsili,Beni,Nord-Kivu,,,,,no opening evidence,"uninformative: named, but never reported open or building","Named by a report, but nothing says it was built or in use.",2026-06-05,FALSE,2026-06-05,mention_only,,1,1,"",centres de santé de Butsili,,,
site-centres-sante-ngongolio,centres de santé de Ngongolio,other,ngongolio,Beni,Nord-Kivu,,,,,no opening evidence,"uninformative: named, but never reported open or building","Named by a report, but nothing says it was built or in use.",2026-06-05,FALSE,2026-06-05,mention_only,,1,1,"",centres de santé de Ngongolio,,,
site-ch-afia-bora,CH AFIA BORA,other,afia bora,Butembo,Nord-Kivu,,,,,no opening evidence,"uninformative: named, but never reported open or building","Named by a report, but nothing says it was built or in use.",2026-07-24,FALSE,2026-07-24,mention_only,,1,1,"",CH AFIA BORA,,,
site-ch-amani,CH Amani,other,amani,"",Ituri,,,,,no opening evidence,"uninformative: named, but never reported open or building","Named by a report, but nothing says it was built or in use.",2026-07-18,FALSE,2026-07-18,mention_only,,1,1,possible_host_variant;possible_spelling_variant,CH Amani,,,
site-ch-antabuse,CH Antabuse,other,antabuse,Katwa,Nord-Kivu,,,,,no opening evidence,"uninformative: named, but never reported open or building","Named by a report, but nothing says it was built or in use.",2026-06-14,FALSE,2026-06-14,mention_only,,1,1,"",CH Antabuse,,,
site-ch-aru,CH Aru,other,aru,Aru,Ituri,,,,,no opening evidence,"uninformative: named, but never reported open or building","Named by a report, but nothing says it was built or in use.",2026-05-30,FALSE,2026-05-30,mention_only,,1,1,possible_host_variant,CH Aru,,,
site-ch-beni,CH beni,other,beni,Beni,Nord-Kivu,,,,,no opening evidence,"uninformative: named, but never reported open or building","Named by a report, but nothing says it was built or in use.",2026-06-13,TRUE,2026-06-13,mention_only,,1,1,possible_host_variant;possible_spelling_variant,CH beni,,,
site-ch-bunia-cite,CH Bunia cité,other,bunia,Bunia,Ituri,,,,,no opening evidence,"uninformative: named, but never reported open or building","Named by a report, but nothing says it was built or in use.",2026-05-23,FALSE,2026-05-23,mention_only,,1,1,possible_host_variant;possible_spelling_variant,CH Bunia cité,,,
site-ch-carle-becker,CH CARLE BECKER,other,beni,Beni,Nord-Kivu,,,,,no opening evidence,"uninformative: named, but never reported open or building","Named by a report, but nothing says it was built or in use.",2026-07-07,FALSE,2026-07-07,mention_only,,1,1,"",CH CARLE BECKER,,,
site-ch-cbca,CH CBCA,other,cbca,Beni,Nord-Kivu,,,,,no opening evidence,"uninformative: named, but never reported open or building","Named by a report, but nothing says it was built or in use.",2026-06-18,FALSE,2026-06-18,mention_only,,1,1,"",CH CBCA,,,
site-ch-cebece,CH CEBECE,other,kasanga,"",Nord-Kivu,,,,,no opening evidence,"uninformative: named, but never reported open or building","Named by a report, but nothing says it was built or in use.",2026-09-06,FALSE,2026-09-06,mention_only,,1,1,"",CH CEBECE,,,
site-ch-don-divin,CH Don Divin,other,don divin,Katwa,Nord-Kivu,,,,,no opening evidence,"uninformative: named, but never reported open or building","Named by a report, but nothing says it was built or in use.",2026-06-16,FALSE,2026-08-29,mention_only,,5,5,"",CH Don Divin; CH DON DIVIN,,,
site-ch-eera,CH EERA,other,eera,Katwa,Nord-Kivu,,,,,no opening evidence,"uninformative: named, but never reported open or building","Named by a report, but nothing says it was built or in use.",2026-06-21,FALSE,2026-06-21,mention_only,,1,1,"",CH EERA,,,
site-ch-emmanuel-alzon,CH Emmanuel d’Alzon,other,emmanuel alzon,Butembo,Nord-Kivu,,,,,no opening evidence,"uninformative: named, but never reported open or building","Named by a report, but nothing says it was built or in use.",2026-06-14,FALSE,2026-06-14,mention_only,,1,1,"",CH Emmanuel d’Alzon,,,
site-ch-fepsi,CH Fepsi,other,fepsi,Butembo,Nord-Kivu,,,,,no opening evidence,"uninformative: named, but never reported open or building","Named by a report, but nothing says it was built or in use.",2026-06-11,FALSE,2026-06-13,mention_only,,2,2,"",CH Fepsi; CH FEPSI,,,
site-ch-gracia,CH Gracia,other,beni,Beni,Nord-Kivu,,,,,no opening evidence,"uninformative: named, but never reported open or building","Named by a report, but nothing says it was built or in use.",2026-06-22,FALSE,2026-06-22,mention_only,,1,1,possible_host_variant;possible_spelling_variant,CH Gracia,,,
site-ch-jerusalem,CH JERUSALEM,other,jerusalem,Katwa,Nord-Kivu,,,,,no opening evidence,"uninformative: named, but never reported open or building","Named by a report, but nothing says it was built or in use.",2026-06-21,FALSE,2026-06-23,mention_only,,3,3,"",CH JERUSALEM; CH Jérusalem,,,
site-ch-kachucha,CH Kachucha,other,kachucha,Miti Muhesa,Sud-Kivu,,,,,no opening evidence,"uninformative: named, but never reported open or building","Named by a report, but nothing says it was built or in use.",2026-06-04,FALSE,2026-06-04,mention_only,,1,1,"",CH Kachucha,,,
site-ch-kavumu,CH Kavumu,other,kavumu,Miti Muhesa,Sud-Kivu,,,,,no opening evidence,"uninformative: named, but never reported open or building","Named by a report, but nothing says it was built or in use.",2026-06-04,FALSE,2026-06-04,mention_only,,1,1,possible_host_variant;possible_spelling_variant,CH Kavumu,,,
site-ch-koso,CH Koso,other,koso,"",Tshopo,,,,,no opening evidence,"uninformative: named, but never reported open or building","Named by a report, but nothing says it was built or in use.",2026-07-17,TRUE,2026-07-17,mention_only,,1,1,"",CH Koso,,,
site-ch-kyaghala,CH KYAGHALA,other,kyaghala,"","",,,,,no opening evidence,"uninformative: named, but never reported open or building","Named by a report, but nothing says it was built or in use.",2026-06-11,FALSE,2026-06-11,mention_only,,1,1,possible_host_variant;possible_spelling_variant,CH KYAGHALA,,,
site-ch-lwiro,CH Lwiro,other,lwiro,Miti- Murhesa,Sud-Kivu,,,,,no opening evidence,"uninformative: named, but never reported open or building","Named by a report, but nothing says it was built or in use.",2026-06-05,FALSE,2026-06-05,mention_only,,1,1,"",CH Lwiro,,,
site-ch-lwiro-centre,CH Lwiro Centre,other,lwiro,Miti-Murhesa,Sud-Kivu,,,,,no opening evidence,"uninformative: named, but never reported open or building","Named by a report, but nothing says it was built or in use.",2026-06-06,FALSE,2026-06-06,mention_only,,1,1,"",CH Lwiro Centre,,,
site-ch-maghombi,CH Maghombi,other,oicha,Oicha,Nord-Kivu,,,,,no opening evidence,"uninformative: named, but never reported open or building","Named by a report, but nothing says it was built or in use.",2026-08-21,FALSE,2026-08-21,mention_only,,1,1,"",CH Maghombi,,,
site-ch-malende,CH MALENDE,other,butembo,Butembo,Nord-Kivu,,,,,no opening evidence,"uninformative: named, but never reported open or building","Named by a report, but nothing says it was built or in use.",2026-07-23,FALSE,2026-07-23,mention_only,,1,1,"",CH MALENDE,,,
site-ch-mattysen,CH MATTYSEN,other,mattysen,"","",,,,,no opening evidence,"uninformative: named, but never reported open or building","Named by a report, but nothing says it was built or in use.",2026-06-10,FALSE,2026-06-10,mention_only,,1,1,"",CH MATTYSEN,,,
site-ch-mayogo,CH Mayogo,other,isiro,Isiro,Haut-Uele,,,,,no opening evidence,"uninformative: named, but never reported open or building","Named by a report, but nothing says it was built or in use.",2026-08-15,FALSE,2026-09-08,mention_only,,2,2,"",CH Mayogo,,,
site-ch-mshimbakye,CH Mshimbakye,other,mshimbakye,Fizi,"",,,,,no opening evidence,"uninformative: named, but never reported open or building","Named by a report, but nothing says it was built or in use.",2026-06-23,FALSE,2026-06-23,mention_only,,1,1,"",CH Mshimbakye,,,
site-ch-mudzi,CH Mudzi,other,mudzi,Bunia,Ituri,,,,,no opening evidence,"uninformative: named, but never reported open or building","Named by a report, but nothing says it was built or in use.",2026-06-07,FALSE,2026-06-07,mention_only,,1,1,"",CH Mudzi,,,
site-ch-mudzi-maria,CH Mudzi Maria,other,mudzi maria,Bunia,"",,,,,no opening evidence,"uninformative: named, but never reported open or building","Named by a report, but nothing says it was built or in use.",2026-06-19,FALSE,2026-06-19,mention_only,,1,1,possible_host_variant;possible_spelling_variant,CH Mudzi Maria,,,
site-ch-mukuna,CH Mukuna,other,mukuna,Katwa,"",,,,,no opening evidence,"uninformative: named, but never reported open or building","Named by a report, but nothing says it was built or in use.",2026-06-23,FALSE,2026-06-23,mention_only,,1,1,possible_host_variant;possible_spelling_variant,CH Mukuna,,,
site-ch-muzimaria,CH Muzimaria,other,muzimaria,"","",,,,,no opening evidence,"uninformative: named, but never reported open or building","Named by a report, but nothing says it was built or in use.",2026-06-18,FALSE,2026-06-18,mention_only,,1,1,"",CH Muzimaria,,,
site-ch-nyakaingwa,CH Nyakaingwa,other,nyakaingwa,Idjwi,"",,,,,no opening evidence,"uninformative: named, but never reported open or building","Named by a report, but nothing says it was built or in use.",2026-06-23,FALSE,2026-06-23,mention_only,,1,1,"",CH Nyakaingwa,,,
site-ch-paida,CH Paida,other,paida,Beni,Nord-Kivu,,,,,no opening evidence,"uninformative: named, but never reported open or building","Named by a report, but nothing says it was built or in use.",2026-09-07,FALSE,2026-09-07,mention_only,,1,1,"",CH Paida,,,
site-ch-peregrin,CH Peregrin,other,peregrin,Katwa,Nord-Kivu,,,,,no opening evidence,"uninformative: named, but never reported open or building","Named by a report, but nothing says it was built or in use.",2026-08-26,FALSE,2026-08-29,mention_only,,4,4,"",CH Peregrin,,,
site-ch-renaissance,CH La Renaissance,other,musienene,Musienene,Nord-Kivu,,,,,no opening evidence,"uninformative: named, but never reported open or building","Named by a report, but nothing says it was built or in use.",2026-08-04,FALSE,2026-08-04,mention_only,,1,1,"",CH La Renaissance,,,
site-ch-roi-salomon,CH Roi Salomon,other,katwa,Katwa,Nord-Kivu,,,,,no opening evidence,"uninformative: named, but never reported open or building","Named by a report, but nothing says it was built or in use.",2026-08-04,FALSE,2026-08-04,mention_only,,1,1,"",CH Roi Salomon,,,
site-ch-ruwenzori,CH Ruwenzori,other,beni,Beni,Nord-Kivu,,,,,no opening evidence,"uninformative: named, but never reported open or building","Named by a report, but nothing says it was built or in use.",2026-06-22,FALSE,2026-06-22,mention_only,,1,1,possible_host_variant;possible_spelling_variant,CH Ruwenzori,,,
site-ch-rwankole,CH Rwankole,other,rwankole,Bunia,Ituri,,,,,no opening evidence,"uninformative: named, but never reported open or building","Named by a report, but nothing says it was built or in use.",2026-05-24,FALSE,2026-06-11,mention_only,,4,4,possible_host_variant;possible_spelling_variant,CH Rwankole,,,
site-ch-saint-joseph,CH Saint Joseph,other,rughenda,Katwa,Nord-Kivu,,,,,no opening evidence,"uninformative: named, but never reported open or building","Named by a report, but nothing says it was built or in use.",2026-06-06,FALSE,2026-06-15,mention_only,,2,2,"",CH Saint Joseph,,,
site-ch-shalom,CH Shalom,other,shalom,"",Ituri,,,,,no opening evidence,"uninformative: named, but never reported open or building","Named by a report, but nothing says it was built or in use.",2026-07-18,FALSE,2026-07-18,mention_only,,1,1,"",CH Shalom,,,
site-ch-shangilieni,CH SHANGILIENI,other,shangilieni,"","",,,,,no opening evidence,"uninformative: named, but never reported open or building","Named by a report, but nothing says it was built or in use.",2026-06-11,FALSE,2026-06-11,mention_only,,1,1,"",CH SHANGILIENI,,,
site-ch-shukrani,CH Shukrani,other,shukrani,Kabondo,Tshopo,,,,,no opening evidence,"uninformative: named, but never reported open or building","Named by a report, but nothing says it was built or in use.",2026-09-08,FALSE,2026-09-08,mention_only,,1,1,possible_host_variant;possible_spelling_variant,CH Shukrani,,,
site-ch-sifa,CH Sifa,other,beni,Beni,Nord-Kivu,,,,,no opening evidence,"uninformative: named, but never reported open or building","Named by a report, but nothing says it was built or in use.",2026-06-13,TRUE,2026-06-13,mention_only,,1,1,"",CH Sifa,,,
site-ch-sofepadi,CH SOFEPADI,other,bunia,Bunia,Ituri,,,,,no opening evidence,"uninformative: named, but never reported open or building","Named by a report, but nothing says it was built or in use.",2026-06-01,FALSE,2026-06-01,mention_only,,1,1,possible_host_variant,CH SOFEPADI,,,
site-ch-st-charles,CH St Charles,other,beni,Beni,Nord-Kivu,,,,,no opening evidence,"uninformative: named, but never reported open or building","Named by a report, but nothing says it was built or in use.",2026-06-17,FALSE,2026-06-17,mention_only,,1,1,"",CH St Charles,,,
site-ch-st-joseph,CH st Joseph,other,st joseph,Katwa,Nord-Kivu,,,,,no opening evidence,"uninformative: named, but never reported open or building","Named by a report, but nothing says it was built or in use.",2026-06-14,FALSE,2026-06-14,mention_only,,1,1,"",CH st Joseph,,,
site-ch-unibu,CH UNIBU,other,unibu,Bunia,Ituri,,,,,no opening evidence,"uninformative: named, but never reported open or building","Named by a report, but nothing says it was built or in use.",2026-05-23,FALSE,2026-06-30,mention_only,,6,6,possible_host_variant,CH Unibu; CH UNIBU; CH-UNIBU,,,
site-ch-unite,CH de l’Unité,other,mihake,Masereka,Nord-Kivu,,,,,no opening evidence,"uninformative: named, but never reported open or building","Named by a report, but nothing says it was built or in use.",2026-08-21,FALSE,2026-08-21,mention_only,,1,1,"",CH de l’Unité,,,
site-ch-wanamahika,CH Wanamahika,other,wanamahika,Katwa,Nord-Kivu,,,,,no opening evidence,"uninformative: named, but never reported open or building","Named by a report, but nothing says it was built or in use.",2026-06-16,FALSE,2026-06-16,mention_only,,1,1,"",CH Wanamahika,,,
site-chahoboka,Chahoboka,other,chahoboka,Miti Murhesa,Sud-Kivu,,,,,no opening evidence,"uninformative: named, but never reported open or building","Named by a report, but nothing says it was built or in use.",2026-06-10,FALSE,2026-06-10,mention_only,,1,1,possible_spelling_variant,Chahoboka,,,
site-chaoboka,Chaoboka,other,chaoboka,Miti-Murhesa,Sud-Kivu,,,,,no opening evidence,"uninformative: named, but never reported open or building","Named by a report, but nothing says it was built or in use.",2026-06-06,FALSE,2026-06-06,mention_only,,1,1,possible_spelling_variant,Chaoboka,,,
site-che-beni,CHE Beni,other,beni,Beni,Nord-Kivu,,,,,no opening evidence,"uninformative: named, but never reported open or building","Named by a report, but nothing says it was built or in use.",2026-06-14,FALSE,2026-06-14,mention_only,,1,1,possible_spelling_variant,CHE Beni,,,
site-chp-heshima-letu,CHP Heshima Letu,other,chp heshima letu,Beni,Nord-Kivu,,,,,no opening evidence,"uninformative: named, but never reported open or building","Named by a report, but nothing says it was built or in use.",2026-06-18,FALSE,2026-06-18,mention_only,,1,1,"",CHP Heshima Letu,,,
site-chr-maboya,CHR Maboya,other,maboya,Kalunguta,Nord-Kivu,,,,,no opening evidence,"uninformative: named, but never reported open or building","Named by a report, but nothing says it was built or in use.",2026-08-23,FALSE,2026-08-23,mention_only,,1,1,"",CHR Maboya,,,
site-chu-cinquantenaire,CHU cinquantenaire,other,kinshasa,"","",,,,,no opening evidence,"uninformative: named, but never reported open or building","Named by a report, but nothing says it was built or in use.",2026-06-11,FALSE,2026-06-11,mention_only,,1,1,"",CHU cinquantenaire,,,
site-citadelle,CITADELLE,other,citadelle,"","",,,,,no opening evidence,"uninformative: named, but never reported open or building","Named by a report, but nothing says it was built or in use.",2026-05-24,FALSE,2026-05-24,mention_only,,1,1,"",CITADELLE,,,
site-cl-abedi-djaka,Cl Abedi Djaka,other,cl abedi djaka,"",Ituri,,,,,no opening evidence,"uninformative: named, but never reported open or building","Named by a report, but nothing says it was built or in use.",2026-07-18,FALSE,2026-07-18,mention_only,,1,1,"",Cl Abedi Djaka,,,
site-clin-bon-berger,Clin. Bon Berger,other,bon berger,"","",,,,,no opening evidence,"uninformative: named, but never reported open or building","Named by a report, but nothing says it was built or in use.",2026-07-01,FALSE,2026-07-01,mention_only,,1,1,"",Clin. Bon Berger,,,
site-clin-espoir,Clin Espoir,other,clin espoir,"",Ituri,,,,,no opening evidence,"uninformative: named, but never reported open or building","Named by a report, but nothing says it was built or in use.",2026-07-03,FALSE,2026-07-03,mention_only,,1,1,"",Clin Espoir,,,
site-clinique-art,Clinique ART,other,art,"",Tshopo,,,,,no opening evidence,"uninformative: named, but never reported open or building","Named by a report, but nothing says it was built or in use.",2026-08-16,FALSE,2026-08-16,mention_only,,1,1,"",Clinique ART,,,
site-clinique-dieu-gueri,clinique Dieu Guéri,other,dieu gueri,Rwampara,Ituri,,,,,no opening evidence,"uninformative: named, but never reported open or building","Named by a report, but nothing says it was built or in use.",2026-05-19,TRUE,2026-05-19,mention_only,,1,1,"",clinique Dieu Guéri,,,
site-clinique-gloria,Clinique Gloria,other,gloria,"","",,,,,no opening evidence,"uninformative: named, but never reported open or building","Named by a report, but nothing says it was built or in use.",2026-07-11,FALSE,2026-07-11,mention_only,,1,1,possible_host_variant,Clinique Gloria,,,
site-clinique-grace-divine,Clinique la GRACE DIVINE,other,grace divine,Rwampara,Ituri,,,,,no opening evidence,"uninformative: named, but never reported open or building","Named by a report, but nothing says it was built or in use.",2026-05-19,FALSE,2026-05-19,mention_only,,1,1,"",Clinique la GRACE DIVINE,,,
site-clinique-gueris-mve-17,clinique des Guéris de la MVE-17,other,gueris mve 17,"","",2026-07-13,,,,"building, never seen open","right censored: not open as of this date, never reported in service","Reported under construction or planned up to 2026-07-13, and never reported holding patients.",2026-07-13,FALSE,2026-07-13,planned,,1,1,"",clinique des Guéris de la MVE-17,,,2026-07-13
site-clinique-karibuni,Clinique KARIBUNI,other,karibuni,"","",,,,,no opening evidence,"uninformative: named, but never reported open or building","Named by a report, but nothing says it was built or in use.",2026-05-24,FALSE,2026-05-24,mention_only,,1,1,possible_host_variant,Clinique KARIBUNI,,,
site-clinique-libiki-isiro,clinique Libiki d’Isiro,other,isiro,Isiro,Haut-Uele,,,,,no opening evidence,"uninformative: named, but never reported open or building","Named by a report, but nothing says it was built or in use.",2026-08-12,FALSE,2026-08-12,mention_only,,1,1,"",clinique Libiki d’Isiro,,,
site-clinique-mama-kayenga,clinique Mama Kayenga,other,wamba,Wamba,Haut-Uele,,,,,no opening evidence,"uninformative: named, but never reported open or building","Named by a report, but nothing says it was built or in use.",2026-08-15,FALSE,2026-08-15,mention_only,,1,1,"",clinique Mama Kayenga,,,
site-clinique-marie-claire,Clinique Marie Claire,other,bunia,Bunia,Ituri,,,,,no opening evidence,"uninformative: named, but never reported open or building","Named by a report, but nothing says it was built or in use.",2026-05-31,FALSE,2026-05-31,mention_only,,1,1,"",Clinique Marie Claire,,,
site-clinique-merites,Clinique les Mérites,other,bunia,Bunia,Ituri,,,,,no opening evidence,"uninformative: named, but never reported open or building","Named by a report, but nothing says it was built or in use.",2026-05-23,FALSE,2026-05-23,mention_only,,1,1,possible_host_variant,Clinique les Mérites,,,
site-clinique-pinpester,clinique Pinpester,other,isiro,Isiro,Haut-Uele,,,,,no opening evidence,"uninformative: named, but never reported open or building","Named by a report, but nothing says it was built or in use.",2026-08-12,FALSE,2026-08-12,mention_only,,1,1,"",clinique Pinpester,,,
site-clinique-reconnaissance,Clinique la RECONNAISSANCE,other,reconnaissance,"","",,,,,no opening evidence,"uninformative: named, but never reported open or building","Named by a report, but nothing says it was built or in use.",2026-05-24,FALSE,2026-05-24,mention_only,,1,1,"",Clinique la RECONNAISSANCE,,,
site-clinique-saint-vincent,clinique Saint-Vincent,other,saint vincent,"",Nord-Kivu,,,,,no opening evidence,"uninformative: named, but never reported open or building","Named by a report, but nothing says it was built or in use.",2026-08-03,FALSE,2026-08-03,mention_only,,1,1,"",clinique Saint-Vincent,,,
site-clinique-salama,Clinique Salama,other,salama,"",Ituri,,,,,no opening evidence,"uninformative: named, but never reported open or building","Named by a report, but nothing says it was built or in use.",2026-07-01,FALSE,2026-07-02,mention_only,,2,2,possible_host_variant,Clinique Salama,,,
site-clinique-sofepadi,Clinique SOFEPADI,other,bunia,Bunia,Ituri,,,,,no opening evidence,"uninformative: named, but never reported open or building","Named by a report, but nothing says it was built or in use.",2026-05-30,FALSE,2026-05-30,mention_only,,1,1,possible_host_variant,Clinique SOFEPADI,,,
site-clinique-tumaini,Clinique Tumaini,other,tumaini,Rwampara,Ituri,,,,,no opening evidence,"uninformative: named, but never reported open or building","Named by a report, but nothing says it was built or in use.",2026-05-19,TRUE,2026-05-19,mention_only,,1,1,"",Clinique Tumaini,,,
site-clinique-unibu,clinique Unibu,other,bunia,Bunia,Ituri,,,,,no opening evidence,"uninformative: named, but never reported open or building","Named by a report, but nothing says it was built or in use.",2026-05-23,FALSE,2026-05-23,mention_only,,1,1,possible_host_variant,clinique Unibu,,,
site-clinique-universelle,Clinique Universelle,other,universelle,Bunia,Ituri,,,,,no opening evidence,"uninformative: named, but never reported open or building","Named by a report, but nothing says it was built or in use.",2026-05-22,FALSE,2026-05-22,mention_only,,1,1,"",Clinique Universelle,,,
site-clinique-universitaire,clinique universitaire,other,isiro,Isiro,Haut-Uele,,,,,no opening evidence,"uninformative: named, but never reported open or building","Named by a report, but nothing says it was built or in use.",2026-07-14,FALSE,2026-08-14,mention_only,,2,2,"",clinique universitaire; Clinique universitaire,,,
site-clinique-universitaire-isiro,Clinique universitaire d’Isiro,other,isiro,Isiro,Haut-Uele,,,,,no opening evidence,"uninformative: named, but never reported open or building","Named by a report, but nothing says it was built or in use.",2026-08-11,FALSE,2026-08-11,mention_only,,1,1,possible_host_variant,Clinique universitaire d’Isiro,,,
site-clinique-vie-hommes,Clinique La vie des Hommes,other,vie hommes,"",Nord-Kivu,,,,,no opening evidence,"uninformative: named, but never reported open or building","Named by a report, but nothing says it was built or in use.",2026-06-06,FALSE,2026-06-06,mention_only,,1,1,"",Clinique La vie des Hommes,,,
site-clinique-william,Clinique William,other,william,Mangobo,Tshopo,,,,,no opening evidence,"uninformative: named, but never reported open or building","Named by a report, but nothing says it was built or in use.",2026-08-15,FALSE,2026-08-19,mention_only,,3,3,possible_spelling_variant,Clinique William,,,
site-clinique-williams,Clinique Williams,other,williams,"",Tshopo,,,,,no opening evidence,"uninformative: named, but never reported open or building","Named by a report, but nothing says it was built or in use.",2026-09-09,FALSE,2026-09-09,mention_only,,1,1,possible_spelling_variant,Clinique Williams,,,
site-cliniques-monusco,cliniques de la MONUSCO,other,goma,Goma,Nord-Kivu,,,,,no opening evidence,"uninformative: named, but never reported open or building","Named by a report, but nothing says it was built or in use.",2026-06-16,FALSE,2026-06-16,mention_only,,1,1,"",cliniques de la MONUSCO,,,
site-cliniques-universitaires-horizon,cliniques universitaires Horizon,other,horizon,Goma,Nord-Kivu,,,,,no opening evidence,"uninformative: named, but never reported open or building","Named by a report, but nothing says it was built or in use.",2026-06-06,FALSE,2026-06-07,mention_only,,2,2,"",cliniques universitaires Horizon,,,
site-clique-marie-claire,Clique Marie Claire,other,babenda,"","",,,,,no opening evidence,"uninformative: named, but never reported open or building","Named by a report, but nothing says it was built or in use.",2026-06-11,FALSE,2026-06-11,mention_only,,1,1,"",Clique Marie Claire,,,
site-cm-amani,CM Amani,other,amani,"",Ituri,,,,,no opening evidence,"uninformative: named, but never reported open or building","Named by a report, but nothing says it was built or in use.",2026-07-03,FALSE,2026-07-03,mention_only,,1,1,possible_host_variant;possible_spelling_variant,CM Amani,,,
site-cm-anuarite,CM Anuarite,other,bunia,Bunia,Ituri,,,,,no opening evidence,"uninformative: named, but never reported open or building","Named by a report, but nothing says it was built or in use.",2026-06-10,FALSE,2026-06-10,mention_only,,1,1,"",CM Anuarite,,,
site-cm-ave-maria,CM Ave maria,other,ave maria,"","",,,,,no opening evidence,"uninformative: named, but never reported open or building","Named by a report, but nothing says it was built or in use.",2026-07-01,FALSE,2026-07-01,mention_only,,1,1,"",CM Ave maria,,,
site-cm-bethel,CM bethel,other,bethel,"",Ituri,,,,,no opening evidence,"uninformative: named, but never reported open or building","Named by a report, but nothing says it was built or in use.",2026-07-01,FALSE,2026-07-03,mention_only,,2,2,"",CM bethel; CM Bethel,,,
site-cm-chirurgical-croix-verte,CM Chirurgical Croix Verte,other,chirurgical croix verte,"",Ituri,,,,,no opening evidence,"uninformative: named, but never reported open or building","Named by a report, but nothing says it was built or in use.",2026-06-05,FALSE,2026-06-05,mention_only,,1,1,"",CM Chirurgical Croix Verte,,,
site-cm-divine,CM Divine,other,divine,Rwampara,"",,,,,no opening evidence,"uninformative: named, but never reported open or building","Named by a report, but nothing says it was built or in use.",2026-05-30,FALSE,2026-05-30,mention_only,,1,1,"",CM Divine,,,
site-cm-divinite,CM la Divinité,other,divinite,"",Ituri,,,,,no opening evidence,"uninformative: named, but never reported open or building","Named by a report, but nothing says it was built or in use.",2026-06-04,FALSE,2026-06-04,mention_only,,1,1,"",CM la Divinité,,,
site-cm-gazelle,CM La Gazelle,other,beni,Beni,Nord-Kivu,,,,,no opening evidence,"uninformative: named, but never reported open or building","Named by a report, but nothing says it was built or in use.",2026-06-13,TRUE,2026-06-13,mention_only,,1,1,"",CM La Gazelle,,,
site-cm-gloria,CM GLORIA,other,gloria,Rwampara,Ituri,,,,,no opening evidence,"uninformative: named, but never reported open or building","Named by a report, but nothing says it was built or in use.",2026-05-19,FALSE,2026-05-19,mention_only,,1,1,possible_host_variant,CM GLORIA,,,
site-cm-grace,CM La Grâce,other,grace,Kayna,Nord-Kivu,,,,,no opening evidence,"uninformative: named, but never reported open or building","Named by a report, but nothing says it was built or in use.",2026-06-03,FALSE,2026-06-03,mention_only,,1,1,"",CM La Grâce,,,
site-cm-gracia,CM Gracia,other,beni,Beni,Nord-Kivu,,,,,no opening evidence,"uninformative: named, but never reported open or building","Named by a report, but nothing says it was built or in use.",2026-06-13,TRUE,2026-07-07,mention_only,,2,2,possible_host_variant;possible_spelling_variant,CM Gracia; CM GRACIA,,,
site-cm-gracia-katsina,CM Gracia Katsina,other,gracia katsina,"","",,,,,no opening evidence,"uninformative: named, but never reported open or building","Named by a report, but nothing says it was built or in use.",2026-07-01,FALSE,2026-07-01,mention_only,,1,1,"",CM Gracia Katsina,,,
site-cm-jades,CM JADES,other,beni,Beni,Nord-Kivu,,,,,no opening evidence,"uninformative: named, but never reported open or building","Named by a report, but nothing says it was built or in use.",2026-07-07,FALSE,2026-07-07,mention_only,,1,1,possible_host_variant;possible_spelling_variant,CM JADES,,,
site-cm-joie,CM La Joie,other,joie,Beni,Nord-Kivu,,,,,no opening evidence,"uninformative: named, but never reported open or building","Named by a report, but nothing says it was built or in use.",2026-07-03,FALSE,2026-07-03,mention_only,,1,1,possible_host_variant,CM La Joie,,,
site-cm-joponika,CM Joponika,other,joponika,"",Sud-Kivu,,,,,no opening evidence,"uninformative: named, but never reported open or building","Named by a report, but nothing says it was built or in use.",2026-06-08,FALSE,2026-06-08,mention_only,,1,1,"",CM Joponika,,,
site-cm-karibuni,CM Karibuni,other,karibuni,"","",,,,,no opening evidence,"uninformative: named, but never reported open or building","Named by a report, but nothing says it was built or in use.",2026-07-01,FALSE,2026-07-01,mention_only,,1,1,possible_host_variant,CM Karibuni,,,
site-cm-kithimba,CM Kithimba,other,kithimba,Beni,Nord-Kivu,,,,,no opening evidence,"uninformative: named, but never reported open or building","Named by a report, but nothing says it was built or in use.",2026-07-03,FALSE,2026-07-03,mention_only,,1,1,"",CM Kithimba,,,
site-cm-lobiko,CM Lobiko,other,lobiko,Rwampara,Ituri,,,,,no opening evidence,"uninformative: named, but never reported open or building","Named by a report, but nothing says it was built or in use.",2026-06-27,TRUE,2026-07-03,mention_only,,2,2,"",CM Lobiko,,,
site-cm-mbanasuvya,CM Mbanasuvya,other,mbanasuvya,Beni,Nord-Kivu,,,,,no opening evidence,"uninformative: named, but never reported open or building","Named by a report, but nothing says it was built or in use.",2026-07-03,FALSE,2026-07-03,mention_only,,1,1,"",CM Mbanasuvya,,,
site-cm-mbanivuka,CM Mbanivuka,other,mbanivuka,Beni,Nord-Kivu,,,,,no opening evidence,"uninformative: named, but never reported open or building","Named by a report, but nothing says it was built or in use.",2026-07-03,FALSE,2026-07-03,mention_only,,1,1,"",CM Mbanivuka,,,
site-cm-ndirira,CM Ndirira,other,ndirira,"",Ituri,,,,,no opening evidence,"uninformative: named, but never reported open or building","Named by a report, but nothing says it was built or in use.",2026-07-03,FALSE,2026-07-03,mention_only,,1,1,"",CM Ndirira,,,
site-cm-peniel,CM Peniel,other,peniel,Komanda,Ituri,,,,,no opening evidence,"uninformative: named, but never reported open or building","Named by a report, but nothing says it was built or in use.",2026-07-03,FALSE,2026-07-03,mention_only,,1,1,"",CM Peniel,,,
site-cm-renouveau-2,CM Renouveau 2,other,renouveau 2,"","",,,,,no opening evidence,"uninformative: named, but never reported open or building","Named by a report, but nothing says it was built or in use.",2026-08-04,FALSE,2026-08-04,mention_only,,1,1,"",CM Renouveau 2,,,
site-cm-sauvetage,CM sauvetage,other,sauvetage,"","",,,,,no opening evidence,"uninformative: named, but never reported open or building","Named by a report, but nothing says it was built or in use.",2026-07-01,FALSE,2026-07-01,mention_only,,1,1,"",CM sauvetage,,,
site-cm-sauveur,CM le Sauveur,other,sauveur,"","",,,,,no opening evidence,"uninformative: named, but never reported open or building","Named by a report, but nothing says it was built or in use.",2026-06-30,FALSE,2026-06-30,mention_only,,1,1,"",CM le Sauveur,,,
site-cm-shukrani,CM Shukrani,other,shukrani,Kabondo,Tshopo,,,,,no opening evidence,"uninformative: named, but never reported open or building","Named by a report, but nothing says it was built or in use.",2026-09-08,FALSE,2026-09-08,mention_only,,1,1,possible_host_variant;possible_spelling_variant,CM Shukrani,,,
site-cm-st-gabriel,CM St Gabriel,other,st gabriel,"",Ituri,,,,,no opening evidence,"uninformative: named, but never reported open or building","Named by a report, but nothing says it was built or in use.",2026-07-03,FALSE,2026-07-03,mention_only,,1,1,"",CM St Gabriel,,,
site-cm-st-pierre,CM St pierre,other,st pierre,"","",,,,,no opening evidence,"uninformative: named, but never reported open or building","Named by a report, but nothing says it was built or in use.",2026-07-01,FALSE,2026-07-01,mention_only,,1,1,"",CM St pierre,,,
site-cm-st-raphael,CM St Raphael,other,st raphael,"","",,,,,no opening evidence,"uninformative: named, but never reported open or building","Named by a report, but nothing says it was built or in use.",2026-07-01,FALSE,2026-07-01,mention_only,,1,1,"",CM St Raphael,,,
site-cmc-kiharo,CMC Kiharo,other,kiharo,Katwa,Nord-Kivu,,,,,no opening evidence,"uninformative: named, but never reported open or building","Named by a report, but nothing says it was built or in use.",2026-07-04,FALSE,2026-07-04,mention_only,,1,1,"",CMC Kiharo,,,
site-cme-nyakunde,CME Nyakunde,other,nyakunde,Rwampara,Ituri,,,,,no opening evidence,"uninformative: named, but never reported open or building","Named by a report, but nothing says it was built or in use.",2026-05-20,FALSE,2026-05-30,mention_only,,5,5,possible_host_variant;possible_spelling_variant,CME Nyakunde,,,
site-cme-nyakunde-bunia,CME Nyakunde Bunia,other,bunia,Bunia,Ituri,,,,,no opening evidence,"uninformative: named, but never reported open or building","Named by a report, but nothing says it was built or in use.",2026-06-04,FALSE,2026-06-04,mention_only,,1,1,possible_host_variant,CME Nyakunde Bunia,,,
site-cme-nyankunde,CME/Nyankunde,other,nyankunde,Rwampara,Ituri,,,,,no opening evidence,"uninformative: named, but never reported open or building","Named by a report, but nothing says it was built or in use.",2026-06-11,FALSE,2026-06-11,mention_only,,1,1,possible_host_variant;possible_same_site;possible_spelling_variant,CME/Nyankunde,,,
site-cs-abelkozo,CS Abelkozo,other,abelkozo,Mongbwalu,Ituri,,,,,no opening evidence,"uninformative: named, but never reported open or building","Named by a report, but nothing says it was built or in use.",2026-05-14,FALSE,2026-05-17,mention_only,,2,2,possible_host_variant,CS Abelkozo,,,
site-cs-abiangama,CS Abiangama,other,abiangama,Pawa,Haut-Uele,,,,,no opening evidence,"uninformative: named, but never reported open or building","Named by a report, but nothing says it was built or in use.",2026-08-13,FALSE,2026-08-13,mention_only,,1,1,"",CS Abiangama,,,
site-cs-adventiste,CS Adventiste,other,adventiste,"","",,,,,no opening evidence,"uninformative: named, but never reported open or building","Named by a report, but nothing says it was built or in use.",2026-05-24,FALSE,2026-05-24,mention_only,,1,1,"",CS Adventiste,,,
site-cs-aero,CS Aero,other,aero,Bunia,Ituri,,,,,no opening evidence,"uninformative: named, but never reported open or building","Named by a report, but nothing says it was built or in use.",2026-05-27,FALSE,2026-06-05,mention_only,,3,3,possible_host_variant,CS Aero,,,
site-cs-agri-uele,CS Agri Uélé,other,agri uele,Ganga,Bas-Uele,,,,,no opening evidence,"uninformative: named, but never reported open or building","Named by a report, but nothing says it was built or in use.",2026-09-04,FALSE,2026-09-04,mention_only,,1,1,"",CS Agri Uélé,,,
site-cs-amani,CS Amani,other,amani,Karisimbi,Nord-Kivu,,,,,no opening evidence,"uninformative: named, but never reported open or building","Named by a report, but nothing says it was built or in use.",2026-09-07,FALSE,2026-09-08,mention_only,,2,2,possible_host_variant;possible_spelling_variant,CS Amani,,,
site-cs-anoalite,CS Anoalité,other,anoalite,"","",,,,,no opening evidence,"uninformative: named, but never reported open or building","Named by a report, but nothing says it was built or in use.",2026-08-05,FALSE,2026-08-05,mention_only,,1,1,"",CS Anoalité,,,
site-cs-bafwandambo,CS de Bafwandambo,other,bafwandambo,Bafwasende,Tshopo,,,,,no opening evidence,"uninformative: named, but never reported open or building","Named by a report, but nothing says it was built or in use.",2026-09-10,FALSE,2026-09-10,mention_only,,1,1,"",CS de Bafwandambo,,,
site-cs-bahwere,CS de Bahwere,other,bahwere,Lita,Ituri,2026-07-20,,,,"building, never seen open","right censored: not open as of this date, never reported in service","Reported under construction or planned up to 2026-07-20, and never reported holding patients.",2026-07-20,FALSE,2026-07-20,under_construction,,1,1,"",CS de Bahwere,,,2026-07-20
site-cs-bale,CS Bale,other,bale,Buta,Bas-Uele,,,,,no opening evidence,"uninformative: named, but never reported open or building","Named by a report, but nothing says it was built or in use.",2026-09-05,FALSE,2026-09-05,mention_only,,1,1,"",CS Bale,,,
site-cs-bankoko,CS Bankoko,other,bunia,Bunia,Ituri,,,,,no opening evidence,"uninformative: named, but never reported open or building","Named by a report, but nothing says it was built or in use.",2026-08-04,FALSE,2026-08-04,mention_only,,1,1,"",CS Bankoko,,,
site-cs-baruti,CS Baruti,other,baruti,Buta,Bas-Uele,,,,,no opening evidence,"uninformative: named, but never reported open or building","Named by a report, but nothing says it was built or in use.",2026-09-04,FALSE,2026-09-04,mention_only,,1,1,"",CS Baruti,,,
site-cs-betshaida,CS Betshaïda,other,betshaida,"",Tshopo,,,,,no opening evidence,"uninformative: named, but never reported open or building","Named by a report, but nothing says it was built or in use.",2026-09-13,FALSE,2026-09-13,mention_only,,1,1,"",CS Betshaïda,,,
site-cs-bigo,CS Bigo,other,bigo,Bunia,Ituri,,,,,no opening evidence,"uninformative: named, but never reported open or building","Named by a report, but nothing says it was built or in use.",2026-06-07,FALSE,2026-07-31,mention_only,,4,4,"",CS Bigo,,,
site-cs-binase,CS BINASE,other,binase,Mambasa,Ituri,,,,,no opening evidence,"uninformative: named, but never reported open or building","Named by a report, but nothing says it was built or in use.",2026-07-18,FALSE,2026-07-18,mention_only,,1,1,"",CS BINASE,,,
site-cs-boikene,CS BOIKENE,other,beni,Beni,Nord-Kivu,,,,,no opening evidence,"uninformative: named, but never reported open or building","Named by a report, but nothing says it was built or in use.",2026-07-07,FALSE,2026-07-07,mention_only,,1,1,possible_same_site,CS BOIKENE,,,
site-cs-bora-uzima,CS Bora Uzima,other,bora uzima,Bunia,Ituri,,,,,no opening evidence,"uninformative: named, but never reported open or building","Named by a report, but nothing says it was built or in use.",2026-06-08,FALSE,2026-06-09,mention_only,,2,2,possible_spelling_variant,CS Bora Uzima,,,
site-cs-boyoma,CS Boyoma,other,boyoma,Makiso Kisangani,Tshopo,,,,,no opening evidence,"uninformative: named, but never reported open or building","Named by a report, but nothing says it was built or in use.",2026-07-21,FALSE,2026-08-03,mention_only,,3,3,"",CS Boyoma,,,
site-cs-bunia-cite,CS Bunia Cité,other,bunia,Bunia,Ituri,,,,,no opening evidence,"uninformative: named, but never reported open or building","Named by a report, but nothing says it was built or in use.",2026-06-08,FALSE,2026-06-08,mention_only,,1,1,possible_host_variant;possible_spelling_variant,CS Bunia Cité,,,
site-cs-butanuka,CS Butanuka,other,beni,Beni,Nord-Kivu,,,,,no opening evidence,"uninformative: named, but never reported open or building","Named by a report, but nothing says it was built or in use.",2026-06-17,FALSE,2026-06-17,mention_only,,1,1,"",CS Butanuka,,,
site-cs-butsili,CS BUTSILI,other,beni,Beni,Nord-Kivu,,,,,no opening evidence,"uninformative: named, but never reported open or building","Named by a report, but nothing says it was built or in use.",2026-07-07,FALSE,2026-07-07,mention_only,,1,1,"",CS BUTSILI,,,
site-cs-cnca,CS CNCA,other,cnca,"",Ituri,,,,,no opening evidence,"uninformative: named, but never reported open or building","Named by a report, but nothing says it was built or in use.",2026-07-30,TRUE,2026-07-31,mention_only,,2,2,"",CS CNCA,,,
site-cs-congo,CS du Congo,other,congo,Buta,Bas-Uele,,,,,no opening evidence,"uninformative: named, but never reported open or building","Named by a report, but nothing says it was built or in use.",2026-09-04,FALSE,2026-09-05,mention_only,,2,2,"",CS du Congo,,,
site-cs-dokotolo,CS Dokotolo,other,dokotolo,"",Nord-Kivu,,,,,no opening evidence,"uninformative: named, but never reported open or building","Named by a report, but nothing says it was built or in use.",2026-08-24,FALSE,2026-08-24,mention_only,,1,1,"",CS Dokotolo,,,
site-cs-eringeti,CS Eringeti,other,eringeti,Oicha,Nord-Kivu,,,,,no opening evidence,"uninformative: named, but never reported open or building","Named by a report, but nothing says it was built or in use.",2026-07-06,FALSE,2026-07-06,mention_only,,1,1,"",CS Eringeti,,,
site-cs-famille,CS La Famille,other,famille,Mangobo,Tshopo,,,,,no opening evidence,"uninformative: named, but never reported open or building","Named by a report, but nothing says it was built or in use.",2026-08-21,FALSE,2026-08-21,mention_only,,1,1,possible_host_variant,CS La Famille,,,
site-cs-irangya,CS Irangya,other,katwa,Katwa,Nord-Kivu,,,,,no opening evidence,"uninformative: named, but never reported open or building","Named by a report, but nothing says it was built or in use.",2026-08-04,FALSE,2026-08-04,mention_only,,1,1,"",CS Irangya,,,
site-cs-jades,CS Jades,other,jades,Beni,Nord-Kivu,,,,,no opening evidence,"uninformative: named, but never reported open or building","Named by a report, but nothing says it was built or in use.",2026-08-21,FALSE,2026-08-21,mention_only,,1,1,possible_host_variant;possible_spelling_variant,CS Jades,,,
site-cs-jamaa,CS Jamaa,other,jamaa,Makiso Kisangani,Tshopo,,,,,no opening evidence,"uninformative: named, but never reported open or building","Named by a report, but nothing says it was built or in use.",2026-07-23,FALSE,2026-08-21,mention_only,,3,3,"",CS Jamaa,,,
site-cs-kabushwa,CS Kabushwa,other,kabushwa,"","",,,,,no opening evidence,"uninformative: named, but never reported open or building","Named by a report, but nothing says it was built or in use.",2026-06-11,FALSE,2026-06-11,mention_only,,1,1,"",CS Kabushwa,,,
site-cs-kahungu,CS Kahungu,other,kahungu,Miti Murhesa,Sud-Kivu,,,,,no opening evidence,"uninformative: named, but never reported open or building","Named by a report, but nothing says it was built or in use.",2026-06-05,FALSE,2026-06-13,mention_only,,4,4,"",CS Kahungu,,,
site-cs-kasabinyale,CS Kasabinyale,other,beni,Beni,Nord-Kivu,,,,,no opening evidence,"uninformative: named, but never reported open or building","Named by a report, but nothing says it was built or in use.",2026-06-17,FALSE,2026-06-17,mention_only,,1,1,"",CS Kasabinyale,,,
site-cs-kasisi,CS Kasisi,other,kasisi,Kyondo,Nord-Kivu,,,,,no opening evidence,"uninformative: named, but never reported open or building","Named by a report, but nothing says it was built or in use.",2026-06-09,FALSE,2026-06-09,mention_only,,1,1,"",CS Kasisi,,,
site-cs-katiri,CS Katiri,other,katiri,Kyondo,Nord-Kivu,,,,,no opening evidence,"uninformative: named, but never reported open or building","Named by a report, but nothing says it was built or in use.",2026-06-09,FALSE,2026-06-09,mention_only,,1,1,"",CS Katiri,,,
site-cs-kavumu,CS Kavumu,other,kavumu,Miti Murhesa,Sud-Kivu,,,,,no opening evidence,"uninformative: named, but never reported open or building","Named by a report, but nothing says it was built or in use.",2026-06-16,FALSE,2026-06-16,mention_only,,1,1,possible_host_variant;possible_spelling_variant,CS Kavumu,,,
site-cs-kisiza,CS Kisiza,other,kisiza,Idjwi,"",,,,,no opening evidence,"uninformative: named, but never reported open or building","Named by a report, but nothing says it was built or in use.",2026-06-23,FALSE,2026-06-23,mention_only,,1,1,"",CS Kisiza,,,
site-cs-komanda,CS Komanda,other,komanda,Komanda,Ituri,,,,,no opening evidence,"uninformative: named, but never reported open or building","Named by a report, but nothing says it was built or in use.",2026-06-11,FALSE,2026-06-30,mention_only,,3,3,"",CS Komanda,,,
site-cs-konga-konga,CS Konga-Konga,other,konga konga,Makiso Kisangani,Tshopo,,,,,no opening evidence,"uninformative: named, but never reported open or building","Named by a report, but nothing says it was built or in use.",2026-08-21,FALSE,2026-08-21,mention_only,,1,1,"",CS Konga-Konga,,,
site-cs-kutumba,CS Kutumba,other,kutumba,"",Ituri,,,,,no opening evidence,"uninformative: named, but never reported open or building","Named by a report, but nothing says it was built or in use.",2026-07-03,FALSE,2026-07-03,mention_only,,1,1,"",CS Kutumba,,,
site-cs-kwetu,CS Kwetu,other,kwetu,Tshopo,Tshopo,,,,,no opening evidence,"uninformative: named, but never reported open or building","Named by a report, but nothing says it was built or in use.",2026-07-23,FALSE,2026-07-24,mention_only,,2,2,"",CS Kwetu,,,
site-cs-kyaghala,CS Kyaghala,other,kyaghala,Katwa,Nord-Kivu,,,,,no opening evidence,"uninformative: named, but never reported open or building","Named by a report, but nothing says it was built or in use.",2026-06-07,FALSE,2026-06-07,mention_only,,1,1,possible_host_variant;possible_spelling_variant,CS Kyaghala,,,
site-cs-kyangike,CS Kyangike,other,kyangike,Butembo,Nord-Kivu,,,,,no opening evidence,"uninformative: named, but never reported open or building","Named by a report, but nothing says it was built or in use.",2026-07-01,FALSE,2026-07-01,mention_only,,1,1,"",CS Kyangike,,,
site-cs-lembabo,CS Lembabo,other,lembabo,Bunia,Ituri,,,,,no opening evidence,"uninformative: named, but never reported open or building","Named by a report, but nothing says it was built or in use.",2026-06-01,FALSE,2026-06-01,mention_only,,1,1,possible_spelling_variant,CS Lembabo,,,
site-cs-mabakanga,CS Mabakanga,other,beni,Beni,Nord-Kivu,,,,,no opening evidence,"uninformative: named, but never reported open or building","Named by a report, but nothing says it was built or in use.",2026-06-13,TRUE,2026-07-07,mention_only,,2,2,"",CS Mabakanga; CS MABAKANGA,,,
site-cs-madula,CS Madula,other,madula,Wanie-Rukula,Tshopo,,,,,no opening evidence,"uninformative: named, but never reported open or building","Named by a report, but nothing says it was built or in use.",2026-07-30,TRUE,2026-08-19,mention_only,,3,3,"",CS de Madula; CS Madula,,,
site-cs-malkia,CS Malkia,other,malkia,Tshopo,Tshopo,,,,,no opening evidence,"uninformative: named, but never reported open or building","Named by a report, but nothing says it was built or in use.",2026-09-07,FALSE,2026-09-07,mention_only,,1,1,"",CS Malkia,,,
site-cs-maranatha,CS Maranatha,other,maranatha,Beni,Nord-Kivu,,,,,no opening evidence,"uninformative: named, but never reported open or building","Named by a report, but nothing says it was built or in use.",2026-09-05,FALSE,2026-09-05,mention_only,,1,1,possible_spelling_variant,CS Maranatha,,,
site-cs-masuli,CS Masuli,other,masuli,Katwa,Nord-Kivu,,,,,no opening evidence,"uninformative: named, but never reported open or building","Named by a report, but nothing says it was built or in use.",2026-06-06,FALSE,2026-06-06,mention_only,,1,1,"",CS Masuli,,,
site-cs-matete,CS Matete,other,matete,Mangobo,Tshopo,,,,,no opening evidence,"uninformative: named, but never reported open or building","Named by a report, but nothing says it was built or in use.",2026-09-06,FALSE,2026-09-06,mention_only,,1,1,possible_spelling_variant,CS Matete,,,
site-cs-mbana,CS Mbana,other,mbana,Viadana,Bas-Uele,,,,,no opening evidence,"uninformative: named, but never reported open or building","Named by a report, but nothing says it was built or in use.",2026-09-03,FALSE,2026-09-03,mention_only,,1,1,"",CS Mbana,,,
site-cs-merites,CS. Les merites,other,merites,Bunia,Ituri,,,,,no opening evidence,"uninformative: named, but never reported open or building","Named by a report, but nothing says it was built or in use.",2026-05-19,TRUE,2026-05-19,mention_only,,1,1,possible_host_variant,CS. Les merites,,,
site-cs-mitoya,CS Mitoya,other,mitoya,Katwa,Nord-Kivu,,,,,no opening evidence,"uninformative: named, but never reported open or building","Named by a report, but nothing says it was built or in use.",2026-06-07,FALSE,2026-06-07,mention_only,,1,1,"",CS Mitoya,,,
site-cs-mobenge,CS Mobenge,other,mobenge,Buta,Bas-Uele,,,,,no opening evidence,"uninformative: named, but never reported open or building","Named by a report, but nothing says it was built or in use.",2026-09-04,FALSE,2026-09-04,mention_only,,1,1,"",CS Mobenge,,,
site-cs-mudzi-maria,CS Mudzi maria,other,bunia,Bunia,Ituri,,,,,no opening evidence,"uninformative: named, but never reported open or building","Named by a report, but nothing says it was built or in use.",2026-06-10,FALSE,2026-06-10,mention_only,,1,1,possible_host_variant;possible_spelling_variant,CS Mudzi maria,,,
site-cs-mukuna,CS Mukuna,other,mukuna,Katwa,Nord-Kivu,,,,,no opening evidence,"uninformative: named, but never reported open or building","Named by a report, but nothing says it was built or in use.",2026-06-07,FALSE,2026-06-07,mention_only,,1,1,possible_host_variant;possible_spelling_variant,CS Mukuna,,,
site-cs-mutumbi,CS Mutumbi,other,lita,Lita,Ituri,,,,,no opening evidence,"uninformative: named, but never reported open or building","Named by a report, but nothing says it was built or in use.",2026-07-02,FALSE,2026-07-02,mention_only,,1,1,"",CS Mutumbi,,,
site-cs-naissance-desirable,CS Naissance Désirable,other,naissance desirable,"",Nord-Kivu,,,,,no opening evidence,"uninformative: named, but never reported open or building","Named by a report, but nothing says it was built or in use.",2026-08-14,FALSE,2026-08-14,mention_only,,1,1,"",CS Naissance Désirable,,,
site-cs-ngalika,CS Ngalika,other,ngalika,"",Nord-Kivu,,,,,no opening evidence,"uninformative: named, but never reported open or building","Named by a report, but nothing says it was built or in use.",2026-08-24,FALSE,2026-08-24,mention_only,,1,1,"",CS Ngalika,,,
site-cs-ngamau,CS Ngamau,other,ngamau,Mongbwalu,"",,,,,no opening evidence,"uninformative: named, but never reported open or building","Named by a report, but nothing says it was built or in use.",2026-05-30,FALSE,2026-05-30,mention_only,,1,1,"",CS Ngamau,,,
site-cs-ngona,CS Ngona,other,ngona,Rwampara,"",,,,,no opening evidence,"uninformative: named, but never reported open or building","Named by a report, but nothing says it was built or in use.",2026-05-31,FALSE,2026-05-31,mention_only,,1,1,"",CS Ngona,,,
site-cs-nyakasanza,CS Nyakasanza,other,nyakasanza,Bunia,Ituri,,,,,no opening evidence,"uninformative: named, but never reported open or building","Named by a report, but nothing says it was built or in use.",2026-06-08,FALSE,2026-06-08,mention_only,,1,1,"",CS Nyakasanza,,,
site-cs-nyakero,CS Nyakero,other,nyakero,"","",,,,,no opening evidence,"uninformative: named, but never reported open or building","Named by a report, but nothing says it was built or in use.",2026-07-01,FALSE,2026-07-01,mention_only,,1,1,"",CS Nyakero,,,
site-cs-nyakunde,CS Nyakunde,other,nyakunde,Beni,Nord-Kivu,,,,,no opening evidence,"uninformative: named, but never reported open or building","Named by a report, but nothing says it was built or in use.",2026-08-26,FALSE,2026-08-29,mention_only,,4,4,possible_host_variant,CS Nyakunde,,,
site-cs-papa-freddy,CS Papa Freddy,other,papa freddy,Tshopo,Tshopo,,,,,no opening evidence,"uninformative: named, but never reported open or building","Named by a report, but nothing says it was built or in use.",2026-08-15,FALSE,2026-08-19,mention_only,,3,3,"",CS Papa Freddy,,,
site-cs-plutot,CS plutôt,other,plutot,"","",,,,,no opening evidence,"uninformative: named, but never reported open or building","Named by a report, but nothing says it was built or in use.",2026-06-08,FALSE,2026-06-08,mention_only,,1,1,"",CS plutôt,,,
site-cs-poli-frontiere,CS Poli de frontiere,other,poli frontiere,"","",,,,,no opening evidence,"uninformative: named, but never reported open or building","Named by a report, but nothing says it was built or in use.",2026-07-01,FALSE,2026-07-01,mention_only,,1,1,"",CS Poli de frontiere,,,
site-cs-reference-rubi-lisanga,CS de référence de Rubi Lisanga,other,rubi lisanga,Buta,Bas-Uele,,,,,no opening evidence,"uninformative: named, but never reported open or building","Named by a report, but nothing says it was built or in use.",2026-09-10,FALSE,2026-09-10,closed,,1,1,"",CS de référence de Rubi Lisanga,,,
site-cs-rubi-lisanga,CS Rubi-Lisanga,other,rubi lisanga,Buta,Bas-Uele,,,,,no opening evidence,"uninformative: named, but never reported open or building","Named by a report, but nothing says it was built or in use.",2026-08-18,FALSE,2026-08-18,mention_only,,1,1,possible_spelling_variant,CS Rubi-Lisanga,,,
site-cs-ruwenzori,CS Ruwenzori,other,beni,Beni,Nord-Kivu,,,,,no opening evidence,"uninformative: named, but never reported open or building","Named by a report, but nothing says it was built or in use.",2026-06-17,FALSE,2026-08-21,mention_only,,2,2,possible_host_variant;possible_spelling_variant,CS Ruwenzori,,,
site-cs-rwamapara,CS Rwamapara,other,rwamapara,Rwamapara,Ituri,,,,,no opening evidence,"uninformative: named, but never reported open or building","Named by a report, but nothing says it was built or in use.",2026-05-27,FALSE,2026-05-28,mention_only,,2,2,possible_spelling_variant,CS Rwamapara,,,
site-cs-rwambuzi,CS Rwambuzi,other,rwambuzi,Bunia,Ituri,,,,,no opening evidence,"uninformative: named, but never reported open or building","Named by a report, but nothing says it was built or in use.",2026-06-05,FALSE,2026-06-05,mention_only,,1,1,possible_host_variant,CS Rwambuzi,,,
site-cs-rwampara,CS Rwampara,other,rwampara,Mongbwalu,Ituri,,,,,no opening evidence,"uninformative: named, but never reported open or building","Named by a report, but nothing says it was built or in use.",2026-05-20,FALSE,2026-05-21,mention_only,,3,3,possible_host_variant;possible_spelling_variant,CS Rwampara,,,
site-cs-rwankole,CS Rwankole,other,rwankole,"","",,,,,no opening evidence,"uninformative: named, but never reported open or building","Named by a report, but nothing says it was built or in use.",2026-07-30,TRUE,2026-07-30,mention_only,,1,1,possible_host_variant;possible_spelling_variant,CS Rwankole,,,
site-cs-saint-luc,CS Saint-Luc,other,saint luc,Katwa,Nord-Kivu,,,,,no opening evidence,"uninformative: named, but never reported open or building","Named by a report, but nothing says it was built or in use.",2026-08-03,FALSE,2026-08-03,mention_only,,1,1,"",CS Saint-Luc,,,
site-cs-saint-pierre,CS Saint-Pierre,other,saint pierre,Makiso Kisangani,Tshopo,,,,,no opening evidence,"uninformative: named, but never reported open or building","Named by a report, but nothing says it was built or in use.",2026-09-10,FALSE,2026-09-10,mention_only,,1,1,"",CS Saint-Pierre,,,
site-cs-salama,CS SALAMA,other,salama,"",Ituri,,,,,no opening evidence,"uninformative: named, but never reported open or building","Named by a report, but nothing says it was built or in use.",2026-07-18,FALSE,2026-07-18,mention_only,,1,1,possible_host_variant,CS SALAMA,,,
site-cs-segama,CS Segama,other,segama,Mangobo,Tshopo,,,,,no opening evidence,"uninformative: named, but never reported open or building","Named by a report, but nothing says it was built or in use.",2026-08-21,FALSE,2026-08-21,mention_only,,1,1,"",CS Segama,,,
site-cs-shamamba,CS Shamamba,other,shamamba,Beni,Nord-Kivu,,,,,no opening evidence,"uninformative: named, but never reported open or building","Named by a report, but nothing says it was built or in use.",2026-09-07,FALSE,2026-09-07,mention_only,,1,1,"",CS Shamamba,,,
site-cs-sncc,CS SNCC,other,sncc,"","",,,,,no opening evidence,"uninformative: named, but never reported open or building","Named by a report, but nothing says it was built or in use.",2026-08-05,FALSE,2026-08-05,mention_only,,1,1,"",CS SNCC,,,
site-cs-sommet,CS le Sommet,other,sommet,Bunia,"",,,,,no opening evidence,"uninformative: named, but never reported open or building","Named by a report, but nothing says it was built or in use.",2026-05-30,FALSE,2026-05-30,mention_only,,1,1,"",CS le Sommet,,,
site-cs-tchudja,CS Tchudja,other,tchudja,Bambu,Ituri,,,,,no opening evidence,"uninformative: named, but never reported open or building","Named by a report, but nothing says it was built or in use.",2026-06-05,FALSE,2026-06-05,mention_only,,1,1,"",CS Tchudja,,,
site-cs-tchunga,CS Tchunga,other,tchunga,Mongbwalu,Ituri,,,,,no opening evidence,"uninformative: named, but never reported open or building","Named by a report, but nothing says it was built or in use.",2026-05-20,FALSE,2026-05-30,mention_only,,4,4,"",CS Tchunga,,,
site-cs-tely,CS Tely,other,tely,Isiro,Haut-Uele,,,,,no opening evidence,"uninformative: named, but never reported open or building","Named by a report, but nothing says it was built or in use.",2026-08-14,FALSE,2026-08-15,mention_only,,2,2,"",CS Tely,,,
site-cs-tsili,CS Tsili,other,tsili,Bambu,Ituri,,,,,no opening evidence,"uninformative: named, but never reported open or building","Named by a report, but nothing says it was built or in use.",2026-06-05,FALSE,2026-06-05,mention_only,,1,1,"",CS Tsili,,,
site-cs-tuluba,CS Tuluba,other,tuluba,Isiro,Haut-Uele,,,,,no opening evidence,"uninformative: named, but never reported open or building","Named by a report, but nothing says it was built or in use.",2026-07-30,TRUE,2026-08-15,mention_only,,3,3,"",CS Tuluba,,,
site-cs-tuungane,CS TUUNGANE,other,beni,Beni,Nord-Kivu,,,,,no opening evidence,"uninformative: named, but never reported open or building","Named by a report, but nothing says it was built or in use.",2026-07-07,FALSE,2026-07-07,mention_only,,1,1,"",CS TUUNGANE,,,
site-cs-uponyaji,CS Uponyaji,other,uponyaji,Mongbwalu,Ituri,,,,,no opening evidence,"uninformative: named, but never reported open or building","Named by a report, but nothing says it was built or in use.",2026-05-20,FALSE,2026-05-21,mention_only,,3,3,"",CS Uponyaji,,,
site-cs-vighole,CS Vighole,other,katwa,Katwa,Nord-Kivu,,,,,no opening evidence,"uninformative: named, but never reported open or building","Named by a report, but nothing says it was built or in use.",2026-08-04,FALSE,2026-08-04,mention_only,,1,1,"",CS Vighole,,,
site-cs-vuhika,CS Vuhika,other,vuhika,Katwa,Nord-Kivu,,,,,no opening evidence,"uninformative: named, but never reported open or building","Named by a report, but nothing says it was built or in use.",2026-06-06,FALSE,2026-06-06,mention_only,,1,1,"",CS Vuhika,,,
site-cs-vungba,CS Vungba,other,vungba,Viadana,Bas-Uele,,,,,no opening evidence,"uninformative: named, but never reported open or building","Named by a report, but nothing says it was built or in use.",2026-09-03,FALSE,2026-09-03,mention_only,,1,1,"",CS Vungba,,,
site-cs-vutike,CS Vutike,other,butembo,Butembo,Nord-Kivu,,,,,no opening evidence,"uninformative: named, but never reported open or building","Named by a report, but nothing says it was built or in use.",2026-07-27,FALSE,2026-07-27,mention_only,,1,1,"",CS Vutike,,,
site-cs-yedi,CS Yedi,other,yedi,Mongbwalu,"",,,,,no opening evidence,"uninformative: named, but never reported open or building","Named by a report, but nothing says it was built or in use.",2026-05-30,FALSE,2026-05-30,mention_only,,1,1,"",CS Yedi,,,
site-csr-akwa,CSR Akwa,other,akwa,Damas,Ituri,,,,,no opening evidence,"uninformative: named, but never reported open or building","Named by a report, but nothing says it was built or in use.",2026-07-03,FALSE,2026-07-03,mention_only,,1,1,"",CSR Akwa,,,
site-csr-amadi,CSR Amadi,other,amadi,Poko,Bas-Uele,,,,,no opening evidence,"uninformative: named, but never reported open or building","Named by a report, but nothing says it was built or in use.",2026-09-04,FALSE,2026-09-04,mention_only,,1,1,"",CSR Amadi,,,
site-csr-bunia-cite,CSR Bunia-cité,other,bunia,Bunia,Ituri,,,,,no opening evidence,"uninformative: named, but never reported open or building","Named by a report, but nothing says it was built or in use.",2026-05-22,FALSE,2026-05-22,mention_only,,1,1,possible_spelling_variant,CSR Bunia-cité,,,
site-csr-carl-beker,CSR CARL BEKER,other,csr carl beker,"","",,,,,no opening evidence,"uninformative: named, but never reported open or building","Named by a report, but nothing says it was built or in use.",2026-06-24,FALSE,2026-06-24,mention_only,,1,1,"",CSR CARL BEKER,,,
site-csr-foyer,CSR Foyer,other,csr foyer,"",Tshopo,,,,,no opening evidence,"uninformative: named, but never reported open or building","Named by a report, but nothing says it was built or in use.",2026-08-21,FALSE,2026-08-21,mention_only,,1,1,"",CSR Foyer,,,
site-csr-kalivuli,CSR Kalivuli,other,kalivuli,"",Ituri,,,,,no opening evidence,"uninformative: named, but never reported open or building","Named by a report, but nothing says it was built or in use.",2026-07-03,FALSE,2026-07-03,mention_only,,1,1,"",CSR Kalivuli,,,
site-csr-kembisa,CSR Kembisa,other,kembisa,Poko,Bas-Uele,,,,,no opening evidence,"uninformative: named, but never reported open or building","Named by a report, but nothing says it was built or in use.",2026-09-04,FALSE,2026-09-04,mention_only,,1,1,"",CSR Kembisa,,,
site-csr-lembabo,CSR Lembabo,other,lembabo,Bunia,Ituri,,,,,no opening evidence,"uninformative: named, but never reported open or building","Named by a report, but nothing says it was built or in use.",2026-05-23,FALSE,2026-06-30,mention_only,,3,3,possible_spelling_variant,CSR Lembabo; CSR LEMBABO,,,
site-csr-limba,CSR Limba,other,limba,Viadana,Bas-Uele,,,,,no opening evidence,"uninformative: named, but never reported open or building","Named by a report, but nothing says it was built or in use.",2026-09-03,FALSE,2026-09-03,mention_only,,1,1,"",CSR Limba,,,
site-csr-lombale,CSR Lombale,other,lombale,"",Tshopo,,,,,no opening evidence,"uninformative: named, but never reported open or building","Named by a report, but nothing says it was built or in use.",2026-08-30,FALSE,2026-08-30,mention_only,,1,1,"",CSR Lombale,,,
site-csr-matete,CSR Matete,other,matete,Mangobo,Tshopo,,,,,no opening evidence,"uninformative: named, but never reported open or building","Named by a report, but nothing says it was built or in use.",2026-08-21,FALSE,2026-08-21,mention_only,,1,1,possible_spelling_variant,CSR Matete,,,
site-csr-nyangaray,CSR Nyangaray,other,nyangaray,Bambu,Ituri,,,,,no opening evidence,"uninformative: named, but never reported open or building","Named by a report, but nothing says it was built or in use.",2026-06-05,FALSE,2026-06-05,mention_only,,1,1,"",CSR Nyangaray,,,
site-csr-rubi-lisanga,CSR Rubi Lisanga,other,rubi lisanga,Buta,Bas-Uele,,,,,no opening evidence,"uninformative: named, but never reported open or building","Named by a report, but nothing says it was built or in use.",2026-09-04,FALSE,2026-09-04,mention_only,,1,1,possible_spelling_variant,CSR Rubi Lisanga,,,
site-csr-rvd-mokili,CSR Rvd Mokili,other,csr rvd mokili,"",Tshopo,,,,,no opening evidence,"uninformative: named, but never reported open or building","Named by a report, but nothing says it was built or in use.",2026-07-22,FALSE,2026-07-22,mention_only,,1,1,"",CSR Rvd Mokili,,,
site-csr-shari,CSR Shari,other,shari,"","",,,,,no opening evidence,"uninformative: named, but never reported open or building","Named by a report, but nothing says it was built or in use.",2026-06-18,FALSE,2026-06-18,mention_only,,1,1,"",CSR Shari,,,
site-csr-sota,CSR de SOTA,other,sota,Nyankunde,Ituri,,,,,no opening evidence,"uninformative: named, but never reported open or building","Named by a report, but nothing says it was built or in use.",2026-06-19,FALSE,2026-07-03,mention_only,,3,3,"",CSR de SOTA; CSR Sota; CSR SOTA,,,
site-csr-st-joseph,CSR St Joseph,other,st joseph,"",Tshopo,,,,,no opening evidence,"uninformative: named, but never reported open or building","Named by a report, but nothing says it was built or in use.",2026-07-24,FALSE,2026-07-24,mention_only,,1,1,"",CSR St Joseph,,,
site-csr-zengo,CSR Zengo,other,zengo,Bambu,Ituri,,,,,no opening evidence,"uninformative: named, but never reported open or building","Named by a report, but nothing says it was built or in use.",2026-06-05,FALSE,2026-06-05,mention_only,,1,1,"",CSR Zengo,,,
site-cug,CUG,other,cug,"",Nord-Kivu,,,,,no opening evidence,"uninformative: named, but never reported open or building","Named by a report, but nothing says it was built or in use.",2026-08-03,FALSE,2026-08-04,mention_only,,2,2,"",CUG,,,
site-damas,Damas,other,damas,Damas,Ituri,,,,,no opening evidence,"uninformative: named, but never reported open or building","Named by a report, but nothing says it was built or in use.",2026-06-04,FALSE,2026-06-04,mention_only,,1,1,"",Damas,,,
site-dele,DELE,other,dele,Rwampara,Ituri,,,,,no opening evidence,"uninformative: named, but never reported open or building","Named by a report, but nothing says it was built or in use.",2026-05-19,FALSE,2026-05-19,mention_only,,1,1,"",DELE,,,
site-disp-nya-kalunga-makuha,Disp Nya Kalunga Makuha,other,disp nya kalunga makuha,"",Nord-Kivu,,,,,no opening evidence,"uninformative: named, but never reported open or building","Named by a report, but nothing says it was built or in use.",2026-06-06,FALSE,2026-06-06,mention_only,,1,1,"",Disp Nya Kalunga Makuha,,,
site-dispensaire-afia-bora,"Dispensaire, Afia Bora",other,dispensaire afia bora,"","",,,,,no opening evidence,"uninformative: named, but never reported open or building","Named by a report, but nothing says it was built or in use.",2026-06-29,TRUE,2026-06-30,mention_only,,2,2,"","Dispensaire, Afia Bora",,,
site-dispensaire-bora-uzima,Dispensaire Bora Uzima,other,dispensaire bora uzima,Beni,Nord-Kivu,,,,,no opening evidence,"uninformative: named, but never reported open or building","Named by a report, but nothing says it was built or in use.",2026-06-18,FALSE,2026-06-18,mention_only,,1,1,"",Dispensaire Bora Uzima,,,
site-dispensaire-charite,Dispensaire la Charité,other,dispensaire charite,"","",,,,,no opening evidence,"uninformative: named, but never reported open or building","Named by a report, but nothing says it was built or in use.",2026-06-11,FALSE,2026-06-11,mention_only,,1,1,"",Dispensaire la Charité,,,
site-dispensaire-espoir,Dispensaire de l’Espoir,other,dispensaire espoir,Beni,Nord-Kivu,,,,,no opening evidence,"uninformative: named, but never reported open or building","Named by a report, but nothing says it was built or in use.",2026-07-03,FALSE,2026-07-03,mention_only,,1,1,"",Dispensaire de l’Espoir,,,
site-dispensaire-felicite,dispensaire Félicité,other,dispensaire felicite,Katwa,Nord-Kivu,,,,,no opening evidence,"uninformative: named, but never reported open or building","Named by a report, but nothing says it was built or in use.",2026-06-16,FALSE,2026-06-16,mention_only,,1,1,"",dispensaire Félicité,,,
site-dispensaire-fonarev,dispensaire FONAREV,other,dispensaire fonarev,"",Tshopo,,,,,no opening evidence,"uninformative: named, but never reported open or building","Named by a report, but nothing says it was built or in use.",2026-07-31,FALSE,2026-07-31,mention_only,,1,1,"",dispensaire FONAREV,,,
site-dispensaire-imani-bora,Dispensaire Imani Bora,other,dispensaire imani bora,Beni,Nord-Kivu,,,,,no opening evidence,"uninformative: named, but never reported open or building","Named by a report, but nothing says it was built or in use.",2026-07-03,FALSE,2026-07-03,mention_only,,1,1,"",Dispensaire Imani Bora,,,
site-dispensaire-katoka,Dispensaire Katoka,other,katoka,Beni,Nord-Kivu,,,,,no opening evidence,"uninformative: named, but never reported open or building","Named by a report, but nothing says it was built or in use.",2026-07-03,FALSE,2026-07-03,mention_only,,1,1,"",Dispensaire Katoka,,,
site-dispensaire-mavondo,Dispensaire Mavondo,other,katwa,Katwa,Nord-Kivu,,,,,no opening evidence,"uninformative: named, but never reported open or building","Named by a report, but nothing says it was built or in use.",2026-06-17,FALSE,2026-06-17,mention_only,,1,1,"",Dispensaire Mavondo,,,
site-dispensaire-mumole,dispensaire Mumole,other,mumole,Kyondo,Nord-Kivu,,,,,no opening evidence,"uninformative: named, but never reported open or building","Named by a report, but nothing says it was built or in use.",2026-08-23,FALSE,2026-08-23,mention_only,,1,1,"",dispensaire Mumole,,,
site-dispensaire-pids,dispensaire PIDS,other,mangote,"",Nord-Kivu,,,,,no opening evidence,"uninformative: named, but never reported open or building","Named by a report, but nothing says it was built or in use.",2026-09-06,FALSE,2026-09-06,mention_only,,1,1,"",dispensaire PIDS,,,
site-dispensaire-sagesse-divine,dispensaire Sagesse Divine,other,dispensaire sagesse divine,"",Nord-Kivu,,,,,no opening evidence,"uninformative: named, but never reported open or building","Named by a report, but nothing says it was built or in use.",2026-08-14,FALSE,2026-08-14,mention_only,,1,1,"",dispensaire Sagesse Divine,,,
site-dispensaire-sifa,dispensaire Sifa,other,sifa,"",Nord-Kivu,,,,,no opening evidence,"uninformative: named, but never reported open or building","Named by a report, but nothing says it was built or in use.",2026-09-07,FALSE,2026-09-07,mention_only,,1,1,"",dispensaire Sifa,,,
site-dispensaire-soins-traditionnels-kiheri,Dispensaire de soins traditionnels Kiheri,other,dispensaire soins traditionnels kiheri,Musienene,"",,,,,no opening evidence,"uninformative: named, but never reported open or building","Named by a report, but nothing says it was built or in use.",2026-07-10,FALSE,2026-07-10,mention_only,,1,1,"",Dispensaire de soins traditionnels Kiheri,,,
site-dispensaire-tuha,Dispensaire Tuha,other,tuha,Beni,Nord-Kivu,,,,,no opening evidence,"uninformative: named, but never reported open or building","Named by a report, but nothing says it was built or in use.",2026-07-03,FALSE,2026-07-03,mention_only,,1,1,"",Dispensaire Tuha,,,
site-dispensaire-virunga,dispensaire Virunga,other,virunga,Karisimbi,Nord-Kivu,,,,,no opening evidence,"uninformative: named, but never reported open or building","Named by a report, but nothing says it was built or in use.",2026-09-08,FALSE,2026-09-08,mention_only,,1,1,"",dispensaire Virunga,,,
site-dispensaires-guerison-divine,dispensaires Guérison Divine,other,dispensaires guerison divine,Beni,Nord-Kivu,,,,,no opening evidence,"uninformative: named, but never reported open or building","Named by a report, but nothing says it was built or in use.",2026-09-05,FALSE,2026-09-05,mention_only,,1,1,"",dispensaires Guérison Divine,,,
site-dispensaires-lukogho,dispensaires Lukogho,other,dispensaires lukogho,"",Nord-Kivu,,,,,no opening evidence,"uninformative: named, but never reported open or building","Named by a report, but nothing says it was built or in use.",2026-09-09,FALSE,2026-09-09,mention_only,,1,1,"",dispensaires Lukogho,,,
site-drodro,Drodro,other,drodro,Drodro,Ituri,,,,,no opening evidence,"uninformative: named, but never reported open or building","Named by a report, but nothing says it was built or in use.",2026-06-04,FALSE,2026-06-04,mention_only,,1,1,"",Drodro,,,
site-ess-kalagane,ESS Kalagane,other,kalagane,Nyantende,Sud-Kivu,,,,,no opening evidence,"uninformative: named, but never reported open or building","Named by a report, but nothing says it was built or in use.",2026-06-08,FALSE,2026-06-08,mention_only,,1,1,possible_host_variant,ESS Kalagane,,,
site-grace-dieu,la Grâce de Dieu,other,grace dieu,"",Ituri,,,,,no opening evidence,"uninformative: named, but never reported open or building","Named by a report, but nothing says it was built or in use.",2026-06-08,FALSE,2026-06-08,mention_only,,1,1,"",la Grâce de Dieu,,,
site-hc-kisangani,HC de Kisangani,other,kisangani,Makiso Kisangani,Tshopo,,,,,no opening evidence,"uninformative: named, but never reported open or building","Named by a report, but nothing says it was built or in use.",2026-08-04,FALSE,2026-08-11,mention_only,,3,3,possible_same_site,HC de Kisangani; HC Kisangani,,,
site-hgr-aru,HGR/Aru,other,aru,Aru,Ituri,,,,,no opening evidence,"uninformative: named, but never reported open or building","Named by a report, but nothing says it was built or in use.",2026-06-27,TRUE,2026-06-27,mention_only,,1,1,possible_host_variant;possible_same_site,HGR/Aru,,,
site-hgr-bafwasende,HGR Bafwasende,other,bafwasende,Bafwasende,Tshopo,,,,,no opening evidence,"uninformative: named, but never reported open or building","Named by a report, but nothing says it was built or in use.",2026-08-30,FALSE,2026-09-02,mention_only,,3,3,"",HGR Bafwasende,,,
site-hgr-bunia,HGR-Bunia,other,bunia,Bunia,Ituri,,,,,no opening evidence,"uninformative: named, but never reported open or building","Named by a report, but nothing says it was built or in use.",2026-05-20,FALSE,2026-06-04,mention_only,,7,7,possible_host_variant;possible_same_site,HGR-Bunia,,,
site-hgr-cinquantenaire,HGR Cinquantenaire,other,cinquantenaire,Makiso Kisangani,Tshopo,,,,,no opening evidence,"uninformative: named, but never reported open or building","Named by a report, but nothing says it was built or in use.",2026-08-16,FALSE,2026-08-16,mention_only,,1,1,possible_host_variant,HGR Cinquantenaire,,,
site-hgr-kabondo,HGR Kabondo,other,kabondo,Kabondo,Tshopo,,,,,no opening evidence,"uninformative: named, but never reported open or building","Named by a report, but nothing says it was built or in use.",2026-09-03,FALSE,2026-09-03,mention_only,,1,1,"",HGR Kabondo,,,
site-hgr-kyondo,HGR de Kyondo,other,kyondo,Kyondo,Nord-Kivu,,,,,no opening evidence,"uninformative: named, but never reported open or building","Named by a report, but nothing says it was built or in use.",2026-06-27,TRUE,2026-08-14,mention_only,,2,2,"",HGR de Kyondo,,,
site-hgr-likati,HGR de Likati,other,likati,Likati,Bas-Uele,,,,,no opening evidence,"uninformative: named, but never reported open or building","Named by a report, but nothing says it was built or in use.",2026-08-19,FALSE,2026-08-19,mention_only,,1,1,"",HGR de Likati,,,
site-hgr-lita,HGR de Lita,other,lita,Lita,Ituri,,,,,no opening evidence,"uninformative: named, but never reported open or building","Named by a report, but nothing says it was built or in use.",2026-05-24,FALSE,2026-08-15,mention_only,,2,2,"",HGR de Lita; HGR Lita,,,
site-hgr-logo,HGR de la Zone de Santé de Logo,other,logo,Logo,Ituri,,,,,no opening evidence,"uninformative: named, but never reported open or building","Named by a report, but nothing says it was built or in use.",2026-07-17,TRUE,2026-07-17,mention_only,,1,1,possible_host_variant;possible_same_host,HGR de la Zone de Santé de Logo,,,
site-hgr-lolwa,HGR LOLWA,other,lolwa,Lolwa,Ituri,,,,,no opening evidence,"uninformative: named, but never reported open or building","Named by a report, but nothing says it was built or in use.",2026-05-23,FALSE,2026-05-23,mention_only,,1,1,"",HGR LOLWA,,,
site-hgr-makiso,HGR Makiso,other,makiso,Makiso Kisangani,Tshopo,,,,,no opening evidence,"uninformative: named, but never reported open or building","Named by a report, but nothing says it was built or in use.",2026-07-23,FALSE,2026-08-24,mention_only,,3,3,possible_same_host,HGR Makiso,,,
site-hgr-mangobo,HGR Mangobo,other,mangobo,Mangobo,Tshopo,,,,,no opening evidence,"uninformative: named, but never reported open or building","Named by a report, but nothing says it was built or in use.",2026-08-21,FALSE,2026-09-09,mention_only,,2,2,"",HGR Mangobo,,,
site-hgr-matanda,HGR Matanda,other,matanda,"","",,,,,no opening evidence,"uninformative: named, but never reported open or building","Named by a report, but nothing says it was built or in use.",2026-06-15,FALSE,2026-06-15,mention_only,,1,1,possible_host_variant;possible_spelling_variant,HGR Matanda,,,
site-hgr-mogbwalu,HGR Mogbwalu,other,mongbwalu,Mongbwalu,Ituri,,,,,no opening evidence,"uninformative: named, but never reported open or building","Named by a report, but nothing says it was built or in use.",2026-05-24,FALSE,2026-05-24,mention_only,,1,1,possible_spelling_variant,HGR Mogbwalu,,,
site-hgr-mongbwalu,HGR de Mongbwalu,other,mongbwalu,Mongbwalu,Ituri,,,,,no opening evidence,"uninformative: named, but never reported open or building","Named by a report, but nothing says it was built or in use.",2026-05-17,FALSE,2026-05-17,mention_only,,1,1,possible_same_site;possible_spelling_variant,HGR de Mongbwalu,,,
site-hgr-mongwalu,HGR-Mongwalu,other,mongwalu,Mongbwalu,Ituri,,,,,no opening evidence,"uninformative: named, but never reported open or building","Named by a report, but nothing says it was built or in use.",2026-05-19,FALSE,2026-05-28,mention_only,,3,3,possible_spelling_variant,HGR Mongwalu; HGR-Mongwalu,,,
site-hgr-nundu,HGR Nundu,other,nundu,Nundu,Sud-Kivu,,,,,no opening evidence,"uninformative: named, but never reported open or building","Named by a report, but nothing says it was built or in use.",2026-06-23,FALSE,2026-06-23,mention_only,,1,1,"",HGR Nundu,,,
site-hgr-nyankunde,HGR/Nyankunde,other,nyankunde,Nyankunde,Ituri,,,,,no opening evidence,"uninformative: named, but never reported open or building","Named by a report, but nothing says it was built or in use.",2026-06-27,TRUE,2026-06-27,mention_only,,1,1,possible_host_variant;possible_same_site,HGR/Nyankunde,,,
site-hgr-rwampara,HGR/Rwampara,other,rwampara,Rwampara,Ituri,2026-06-27,,,,"building, never seen open","right censored: not open as of this date, never reported in service","Reported under construction or planned up to 2026-06-27, and never reported holding patients.",2026-05-20,FALSE,2026-06-27,under_construction,,3,3,possible_host_variant;possible_same_site,HGR-Rwampara; HGR/Rwampara,,,2026-06-27
site-hgr-tshopo,HGR Tshopo,other,tshopo,Tshopo,Tshopo,,,,,no opening evidence,"uninformative: named, but never reported open or building","Named by a report, but nothing says it was built or in use.",2026-07-23,FALSE,2026-09-09,mention_only,,3,3,"",HGR Tshopo,,,
site-hgr-viadana,HGR de Viadana,other,viadana,Viadana,Bas-Uele,,,,,no opening evidence,"uninformative: named, but never reported open or building","Named by a report, but nothing says it was built or in use.",2026-09-03,FALSE,2026-09-05,mention_only,,3,3,"",HGR de Viadana; HGR Viadana,,,
site-hgr-virunga,HGR Virunga,other,virunga,Karisimbi,Nord-Kivu,,,,,no opening evidence,"uninformative: named, but never reported open or building","Named by a report, but nothing says it was built or in use.",2026-06-02,FALSE,2026-06-13,mention_only,,11,11,"",HGR Virunga,,,
site-hgr-zs-ganga,HGR de la ZS de Ganga,other,ganga,Ganga,Bas-Uele,,,,,no opening evidence,"uninformative: named, but never reported open or building","Named by a report, but nothing says it was built or in use.",2026-09-02,FALSE,2026-09-02,mention_only,,1,1,"",HGR de la ZS de Ganga,,,
site-hgr-zs-nizi,HGR de la ZS de Nizi,other,nizi,Nizi,Ituri,,,,,no opening evidence,"uninformative: named, but never reported open or building","Named by a report, but nothing says it was built or in use.",2026-06-07,FALSE,2026-06-07,mention_only,,1,1,"",HGR de la ZS de Nizi,,,
site-hgr-zs-oicha,HGR de la ZS d’Oicha,other,zs oicha,Oicha,"",,,,,no opening evidence,"uninformative: named, but never reported open or building","Named by a report, but nothing says it was built or in use.",2026-06-23,FALSE,2026-06-23,mention_only,,1,1,"",HGR de la ZS d’Oicha,,,
site-hgro,HGRO,other,tenambo,Oïcha,Nord-Kivu,,,,,no opening evidence,"uninformative: named, but never reported open or building","Named by a report, but nothing says it was built or in use.",2026-07-06,FALSE,2026-07-06,mention_only,,1,1,"",HGRO,,,
site-hopital-cinquantenaire,hôpital du cinquantenaire,other,kinshasa,"","",,,,,no opening evidence,"uninformative: named, but never reported open or building","Named by a report, but nothing says it was built or in use.",2026-06-09,FALSE,2026-06-11,mention_only,,2,2,possible_host_variant,hôpital du cinquantenaire; hôpital du Cinquantenaire,,,
site-hopital-general-logo,Hôpital général de Logo,other,logo,Logo,Ituri,,,,,no opening evidence,"uninformative: named, but never reported open or building","Named by a report, but nothing says it was built or in use.",2026-07-17,TRUE,2026-07-17,mention_only,,1,1,possible_host_variant;possible_same_host,Hôpital général de Logo,,,
site-hopital-general-reference-buta,hôpital général de référence de Buta,other,buta,Buta,Bas-Uele,,,,,no opening evidence,"uninformative: named, but never reported open or building","Named by a report, but nothing says it was built or in use.",2026-07-26,FALSE,2026-07-26,mention_only,,1,1,"",hôpital général de référence de Buta,,,
site-hopital-general-reference-province-bas-uele,hôpital général de référence de la province de Bas Uele,other,province bas uele,"",Bas-Uele,,,,,no opening evidence,"uninformative: named, but never reported open or building","Named by a report, but nothing says it was built or in use.",2026-07-26,FALSE,2026-07-26,mention_only,,1,2,"",hôpital général de référence de la province de Bas Uele; hôpital général de référence de la province de Bas-Uélé,,,
site-hopital-lengabo,hôpital de LENGABO,other,lengabo,Rwampara,Ituri,,,,,no opening evidence,"uninformative: named, but never reported open or building","Named by a report, but nothing says it was built or in use.",2026-06-01,FALSE,2026-06-01,mention_only,,1,1,"",hôpital de LENGABO,,,
site-hopital-libiki,hôpital Libiki,other,libiki,"",Haut-Uele,,,,,no opening evidence,"uninformative: named, but never reported open or building","Named by a report, but nothing says it was built or in use.",2026-07-30,TRUE,2026-07-31,mention_only,,2,2,"",hôpital Libiki,,,
site-hopital-matanda,hôpital Matanda,other,matanda,"",Nord-Kivu,,,,,no opening evidence,"uninformative: named, but never reported open or building","Named by a report, but nothing says it was built or in use.",2026-08-03,FALSE,2026-08-03,mention_only,,1,1,possible_host_variant;possible_same_site,hôpital Matanda,,,
site-hopital-militaire-mambangu,Hôpital militaire de Mambangu,other,mambangu,"",Nord-Kivu,,,,,no opening evidence,"uninformative: named, but never reported open or building","Named by a report, but nothing says it was built or in use.",2026-07-12,FALSE,2026-07-12,mention_only,,1,1,"",Hôpital militaire de Mambangu,,,
site-hopital-militaire-muhumba,Hopital Militaire de Muhumba,other,muhumba,Kaziba,Sud-Kivu,,,,,no opening evidence,"uninformative: named, but never reported open or building","Named by a report, but nothing says it was built or in use.",2026-06-10,FALSE,2026-06-10,mention_only,,1,1,"",Hopital Militaire de Muhumba,,,
site-hsr-matanda,HSR Matanda,other,matanda,Butembo,Nord-Kivu,,,,,no opening evidence,"uninformative: named, but never reported open or building","Named by a report, but nothing says it was built or in use.",2026-06-14,FALSE,2026-06-14,mention_only,,1,1,possible_spelling_variant,HSR Matanda,,,
site-iem-nyakunde,IEM Nyakunde,other,nyakunde,Nyakunde,Ituri,,,,,no opening evidence,"uninformative: named, but never reported open or building","Named by a report, but nothing says it was built or in use.",2026-05-22,FALSE,2026-05-23,mention_only,,2,2,"",IEM Nyakunde,,,
site-isolement-hgr-ps-heritage,isolement HGR PS Heritage,other,nizi,Nizi,Ituri,,,,,no opening evidence,"uninformative: named, but never reported open or building","Named by a report, but nothing says it was built or in use.",2026-07-02,FALSE,2026-07-02,mention_only,,1,1,"",isolement HGR PS Heritage,,,
site-jesus-est-sauveur-cbca,JESUS EST SAUVEUR CBCA,other,jesus est sauveur cbca,"","",,,,,no opening evidence,"uninformative: named, but never reported open or building","Named by a report, but nothing says it was built or in use.",2026-05-24,FALSE,2026-05-24,mention_only,,1,1,"",JESUS EST SAUVEUR CBCA,,,
site-jiba,Jiba,other,jiba,Jiba,Ituri,,,,,no opening evidence,"uninformative: named, but never reported open or building","Named by a report, but nothing says it was built or in use.",2026-06-04,FALSE,2026-06-04,mention_only,,1,1,"",Jiba,,,
site-kalagane,Kalagane,other,kalagane,"","",,,,,no opening evidence,"uninformative: named, but never reported open or building","Named by a report, but nothing says it was built or in use.",2026-06-11,FALSE,2026-06-11,mention_only,,1,1,possible_host_variant,Kalagane,,,
site-linga,Linga,other,linga,Linga,Ituri,,,,,no opening evidence,"uninformative: named, but never reported open or building","Named by a report, but nothing says it was built or in use.",2026-06-04,FALSE,2026-06-04,mention_only,,1,1,"",Linga,,,
site-logo-angumu,Logo Angumu,other,logo angumu,"",Ituri,,,,,no opening evidence,"uninformative: named, but never reported open or building","Named by a report, but nothing says it was built or in use.",2026-06-04,FALSE,2026-06-04,mention_only,,1,1,"",Logo Angumu,,,
site-mahagi,Mahagi,other,mahagi,Mahagi,Ituri,,,,,no opening evidence,"uninformative: named, but never reported open or building","Named by a report, but nothing says it was built or in use.",2026-06-04,FALSE,2026-06-04,mention_only,,1,1,"",Mahagi,,,
site-maternite-clinique-elikya-mere-enfant,Maternité de Clinique Elikya Mère-enfant,other,rwampara,Rwampara,Ituri,,,,,no opening evidence,"uninformative: named, but never reported open or building","Named by a report, but nothing says it was built or in use.",2026-06-01,FALSE,2026-06-01,mention_only,,1,1,"",Maternité de Clinique Elikya Mère-enfant,,,
site-morgue-balidja,Morgue BALIDJA,other,morgue balidja,Rwampara,Ituri,,,,,no opening evidence,"uninformative: named, but never reported open or building","Named by a report, but nothing says it was built or in use.",2026-05-20,FALSE,2026-05-20,mention_only,,1,1,"",Morgue BALIDJA,,,
site-morgue-rekapi,morgue REKAPI,other,kisangani,Makiso Kisangani,Tshopo,,,,,no opening evidence,"uninformative: named, but never reported open or building","Named by a report, but nothing says it was built or in use.",2026-07-10,FALSE,2026-07-10,mention_only,,1,1,"",morgue REKAPI,,,
site-mta-ouragan,MTA OURAGAN,other,kihinga,Katwa,Nord-Kivu,,,,,no opening evidence,"uninformative: named, but never reported open or building","Named by a report, but nothing says it was built or in use.",2026-06-21,FALSE,2026-06-21,mention_only,,1,1,"",MTA OURAGAN,,,
site-nyarambe,Nyarambe,other,nyarambe,Nyarambe,Ituri,,,,,no opening evidence,"uninformative: named, but never reported open or building","Named by a report, but nothing says it was built or in use.",2026-06-04,FALSE,2026-06-04,mention_only,,1,1,"",Nyarambe,,,
site-orphelinat-saint-nicolas,orphelinat Saint-Nicolas,other,bankoko,Bunia,Ituri,,,,,no opening evidence,"uninformative: named, but never reported open or building","Named by a report, but nothing says it was built or in use.",2026-06-05,FALSE,2026-06-05,mention_only,,1,1,"",orphelinat Saint-Nicolas,,,
site-pavillon-militaire-hgr-makiso-kisangani,pavillon militaire de l’HGR Makiso-Kisangani,other,makiso kisangani,Makiso Kisangani,Tshopo,,,,,no opening evidence,"uninformative: named, but never reported open or building","Named by a report, but nothing says it was built or in use.",2026-08-12,FALSE,2026-08-12,mention_only,,1,1,"",pavillon militaire de l’HGR Makiso-Kisangani,,,
site-pekis,PEKIS,other,pekis,"",Tshopo,,,,,no opening evidence,"uninformative: named, but never reported open or building","Named by a report, but nothing says it was built or in use.",2026-09-01,FALSE,2026-09-01,mention_only,,1,1,"",PEKIS,,,
site-pnc,PNC,other,bunia,Bunia,Ituri,,,,,no opening evidence,"uninformative: named, but never reported open or building","Named by a report, but nothing says it was built or in use.",2026-05-23,FALSE,2026-05-23,mention_only,,1,1,"",PNC,,,
site-polyclinique-art,Polyclinique ART,other,poly art,"",Tshopo,,,,,no opening evidence,"uninformative: named, but never reported open or building","Named by a report, but nothing says it was built or in use.",2026-08-21,FALSE,2026-08-28,mention_only,,3,3,"",polyclinique ART; Polyclinique ART,,,
site-polyclinique-limbi-angaika,Polyclinique Limbi Angaika,other,limbi angaika,"","",,,,,no opening evidence,"uninformative: named, but never reported open or building","Named by a report, but nothing says it was built or in use.",2026-05-24,FALSE,2026-05-24,mention_only,,1,1,"",Polyclinique Limbi Angaika,,,
site-polyclinique-millenaire,Polyclinique Millénaire,other,poly millenaire,"",Tshopo,,,,,no opening evidence,"uninformative: named, but never reported open or building","Named by a report, but nothing says it was built or in use.",2026-08-30,FALSE,2026-08-30,mention_only,,1,1,"",Polyclinique Millénaire,,,
site-polyclinique-rekapi,Polyclinique Rekapi,other,poly rekapi,Kabondo,Tshopo,,,,,no opening evidence,"uninformative: named, but never reported open or building","Named by a report, but nothing says it was built or in use.",2026-08-10,FALSE,2026-09-11,mention_only,,3,3,"",polyclinique REKAPI; Polyclinique Rekapi,,,
site-poste-sante-3e-zone-defense,poste de santé de la 3e Zone de Défense,other,makiso kis,"",Tshopo,,,,,no opening evidence,"uninformative: named, but never reported open or building","Named by a report, but nothing says it was built or in use.",2026-08-22,FALSE,2026-08-22,mention_only,,1,1,"",poste de santé de la 3e Zone de Défense,,,
site-poste-sante-amani,Poste de santé Amani,other,amani,Mongbwalu,Ituri,,,,,no opening evidence,"uninformative: named, but never reported open or building","Named by a report, but nothing says it was built or in use.",2026-05-20,FALSE,2026-05-21,mention_only,,3,3,"",Poste de santé Amani,,,
site-poste-sante-nzinzi,Poste de Santé Nzinzi,other,nzinzi,Katana,Sud-Kivu,,,,,no opening evidence,"uninformative: named, but never reported open or building","Named by a report, but nothing says it was built or in use.",2026-06-10,FALSE,2026-06-10,mention_only,,1,1,"",Poste de Santé Nzinzi,,,
site-poste-sante-victoire,Poste de Santé la Victoire,other,victoire,Rwampara,Ituri,,,,,no opening evidence,"uninformative: named, but never reported open or building","Named by a report, but nothing says it was built or in use.",2026-05-19,FALSE,2026-05-19,mention_only,,1,1,"",Poste de Santé la Victoire,,,
site-prison-centrale,Prison centrale,other,prison centrale,"",Tshopo,,,,,no opening evidence,"uninformative: named, but never reported open or building","Named by a report, but nothing says it was built or in use.",2026-08-21,FALSE,2026-08-21,mention_only,,1,1,"",Prison centrale,,,
site-ps-arche-noe,PS Arche de Noé,other,ps arche noe,"",Ituri,,,,,no opening evidence,"uninformative: named, but never reported open or building","Named by a report, but nothing says it was built or in use.",2026-06-08,FALSE,2026-06-08,mention_only,,1,1,"",PS Arche de Noé,,,
site-ps-baraka,PS Baraka,other,ps baraka,"",Ituri,,,,,no opening evidence,"uninformative: named, but never reported open or building","Named by a report, but nothing says it was built or in use.",2026-07-03,FALSE,2026-07-03,mention_only,,1,1,"",PS Baraka,,,
site-ps-benedicte,PS Benedicte,other,ps benedicte,"",Ituri,,,,,no opening evidence,"uninformative: named, but never reported open or building","Named by a report, but nothing says it was built or in use.",2026-06-27,TRUE,2026-06-27,mention_only,,1,1,"",PS Benedicte,,,
site-ps-benjamine,PS Benjamine,other,benjamine,"","",,,,,no opening evidence,"uninformative: named, but never reported open or building","Named by a report, but nothing says it was built or in use.",2026-07-01,FALSE,2026-07-01,mention_only,,1,1,"",PS Benjamine,,,
site-ps-bora-uzima,PS Bora Uzima,other,ps bora uzima,"","",,,,,no opening evidence,"uninformative: named, but never reported open or building","Named by a report, but nothing says it was built or in use.",2026-06-30,FALSE,2026-06-30,mention_only,,1,1,possible_spelling_variant,PS Bora Uzima,,,
site-ps-cbca,PS CBCA,other,ps cbca,"",Ituri,,,,,no opening evidence,"uninformative: named, but never reported open or building","Named by a report, but nothing says it was built or in use.",2026-07-30,TRUE,2026-07-31,mention_only,,2,2,"",PS CBCA,,,
site-ps-espoir,PS Espoir,other,rwampara,Rwampara,Ituri,,,,,no opening evidence,"uninformative: named, but never reported open or building","Named by a report, but nothing says it was built or in use.",2026-06-01,FALSE,2026-06-01,closed,,1,1,"",PS Espoir,,,
site-ps-guerison,PS Guerison,other,guerison,"","",,,,,no opening evidence,"uninformative: named, but never reported open or building","Named by a report, but nothing says it was built or in use.",2026-07-01,FALSE,2026-07-01,mention_only,,1,1,"",PS Guerison,,,
site-ps-jules,PS JULES,other,ps jules,"",Ituri,,,,,no opening evidence,"uninformative: named, but never reported open or building","Named by a report, but nothing says it was built or in use.",2026-07-18,FALSE,2026-07-18,mention_only,,1,1,"",PS JULES,,,
site-ps-katoto,PS Katoto,other,katoto,"","",,,,,no opening evidence,"uninformative: named, but never reported open or building","Named by a report, but nothing says it was built or in use.",2026-06-29,TRUE,2026-06-30,mention_only,,2,2,"",PS Katoto,,,
site-ps-maman-mwilu,PS Maman mwilu,other,maman mwilu,"","",,,,,no opening evidence,"uninformative: named, but never reported open or building","Named by a report, but nothing says it was built or in use.",2026-07-01,FALSE,2026-07-01,mention_only,,1,1,"",PS Maman mwilu,,,
site-ps-maranatha,PS Maranatha,other,ps maranatha,"","",,,,,no opening evidence,"uninformative: named, but never reported open or building","Named by a report, but nothing says it was built or in use.",2026-06-29,TRUE,2026-06-30,mention_only,,2,2,possible_spelling_variant,PS Maranatha,,,
site-ps-rapha,PS rapha,other,rapha,"","",,,,,no opening evidence,"uninformative: named, but never reported open or building","Named by a report, but nothing says it was built or in use.",2026-07-01,FALSE,2026-07-01,mention_only,,1,1,"",PS rapha,,,
site-ps-sagesse,PS la sagesse,other,sagesse,"","",,,,,no opening evidence,"uninformative: named, but never reported open or building","Named by a report, but nothing says it was built or in use.",2026-07-01,FALSE,2026-07-01,mention_only,,1,1,"",PS la sagesse,,,
site-ps-sante-abord,PS sante d’abord,other,ps sante abord,"","",,,,,no opening evidence,"uninformative: named, but never reported open or building","Named by a report, but nothing says it was built or in use.",2026-06-29,TRUE,2026-06-30,mention_only,,2,2,"",PS sante d’abord,,,
site-ps-seule-fois-sauve,PS seule la fois sauve,other,ps seule fois sauve,"",Ituri,,,,,no opening evidence,"uninformative: named, but never reported open or building","Named by a report, but nothing says it was built or in use.",2026-06-27,TRUE,2026-06-27,mention_only,,1,1,"",PS seule la fois sauve,,,
site-ps-siloe,PS Siloe,other,ps siloe,"","",,,,,no opening evidence,"uninformative: named, but never reported open or building","Named by a report, but nothing says it was built or in use.",2026-06-30,FALSE,2026-06-30,mention_only,,1,1,"",PS Siloe,,,
site-ps-solution,PS la Solution,other,rwampara,Rwampara,Ituri,,,,,no opening evidence,"uninformative: named, but never reported open or building","Named by a report, but nothing says it was built or in use.",2026-06-01,FALSE,2026-06-01,closed,,1,1,"",PS la Solution,,,
site-ps-tuluza,PS Tuluza,other,tuluza,"","",,,,,no opening evidence,"uninformative: named, but never reported open or building","Named by a report, but nothing says it was built or in use.",2026-07-01,FALSE,2026-07-01,mention_only,,1,1,"",PS Tuluza,,,
site-ps-tumaini,PS Tumaini,other,rwampara,Rwampara,Ituri,,,,,no opening evidence,"uninformative: named, but never reported open or building","Named by a report, but nothing says it was built or in use.",2026-06-01,FALSE,2026-06-01,closed,,1,1,"",PS Tumaini,,,
site-ps-uhuru,PS Uhuru,other,ps uhuru,"","",,,,,no opening evidence,"uninformative: named, but never reported open or building","Named by a report, but nothing says it was built or in use.",2026-06-30,FALSE,2026-06-30,mention_only,,1,1,"",PS Uhuru,,,
site-ps-umoja,PS Umoja,other,lembabo,Bunia,Ituri,,,,,no opening evidence,"uninformative: named, but never reported open or building","Named by a report, but nothing says it was built or in use.",2026-06-04,FALSE,2026-07-01,mention_only,,2,2,"",PS Umoja,,,
site-ps-uponyadji,PS Uponyadji,other,rwampara,Rwampara,Ituri,,,,,no opening evidence,"uninformative: named, but never reported open or building","Named by a report, but nothing says it was built or in use.",2026-06-01,FALSE,2026-06-01,closed,,1,1,"",PS Uponyadji,,,
site-ps-ushindi,PS Ushindi,other,ps ushindi,"","",,,,,no opening evidence,"uninformative: named, but never reported open or building","Named by a report, but nothing says it was built or in use.",2026-06-29,TRUE,2026-06-30,mention_only,,2,2,"",PS Ushindi,,,
site-ps-yesu-ni-jibu,PS Yesu ni Jibu,other,ps yesu ni jibu,"","",,,,,no opening evidence,"uninformative: named, but never reported open or building","Named by a report, but nothing says it was built or in use.",2026-06-30,FALSE,2026-06-30,mention_only,,1,1,"",PS Yesu ni Jibu,,,
site-psa-tout-est-grace,PSA Tout est grace,other,psa tout est grace,"","",,,,,no opening evidence,"uninformative: named, but never reported open or building","Named by a report, but nothing says it was built or in use.",2026-06-30,FALSE,2026-06-30,mention_only,,1,1,"",PSA Tout est grace,,,
site-rimba,Rimba,other,rimba,Rimba,Ituri,,,,,no opening evidence,"uninformative: named, but never reported open or building","Named by a report, but nothing says it was built or in use.",2026-06-04,FALSE,2026-06-04,mention_only,,1,1,"",Rimba,,,
site-rwambuzi,Rwambuzi,other,bunia,Bunia,Ituri,,,,,no opening evidence,"uninformative: named, but never reported open or building","Named by a report, but nothing says it was built or in use.",2026-08-04,FALSE,2026-08-04,mention_only,,1,1,possible_host_variant,Rwambuzi,,,
site-simbiliabo,Simbiliabo,other,simbiliabo,Bunia,Ituri,,,,,no opening evidence,"uninformative: named, but never reported open or building","Named by a report, but nothing says it was built or in use.",2026-07-18,FALSE,2026-07-18,mention_only,,1,1,possible_spelling_variant,Simbiliabo,,,
site-simbiliambo,Simbiliambo,other,bunia,Bunia,Ituri,,,,,no opening evidence,"uninformative: named, but never reported open or building","Named by a report, but nothing says it was built or in use.",2026-08-04,FALSE,2026-08-04,mention_only,,1,1,possible_spelling_variant,Simbiliambo,,,
site-site-transit-refugies,site de transit des réfugiés,other,site transit refugies,"","",,,,,no opening evidence,"uninformative: named, but never reported open or building","Named by a report, but nothing says it was built or in use.",2026-06-15,FALSE,2026-06-15,mention_only,,1,1,"",site de transit des réfugiés,,,
site-solferino,Solferino,other,solferino,"",Nord-Kivu,,,,,no opening evidence,"uninformative: named, but never reported open or building","Named by a report, but nothing says it was built or in use.",2026-09-09,FALSE,2026-09-09,mention_only,,1,1,"",Solferino,,,
site-source-vie,Source de Vie,other,katwa,Katwa,Nord-Kivu,,,,,no opening evidence,"uninformative: named, but never reported open or building","Named by a report, but nothing says it was built or in use.",2026-06-17,FALSE,2026-06-17,mention_only,,1,1,"",Source de Vie,,,
site-tente-hgr-nizi,tente de l’HGR Nizi,other,nizi,Nizi,Ituri,2026-06-30,,,,"building, never seen open","right censored: not open as of this date, never reported in service","Reported under construction or planned up to 2026-06-30, and never reported holding patients.",2026-06-30,FALSE,2026-06-30,under_construction,,1,1,"",tente de l’HGR Nizi,,,2026-06-30
site-thwamahavuka,Thwamahavuka,other,thwamahavuka,Beni,Nord-Kivu,,,,,no opening evidence,"uninformative: named, but never reported open or building","Named by a report, but nothing says it was built or in use.",2026-06-14,FALSE,2026-06-14,mention_only,,1,1,"",Thwamahavuka,,,
site-tm-green-world-hospi,TM green World Hospi,other,tm green world hospi,"","",,,,,no opening evidence,"uninformative: named, but never reported open or building","Named by a report, but nothing says it was built or in use.",2026-06-30,FALSE,2026-06-30,mention_only,,1,1,"",TM green World Hospi,,,
site-top-sante,Top Santé,other,top sante,Bunia,"",,,,,no opening evidence,"uninformative: named, but never reported open or building","Named by a report, but nothing says it was built or in use.",2026-05-29,FALSE,2026-05-29,mention_only,,1,1,"",Top Santé,,,
site-ucbc,UCBC,other,beni,Beni,Nord-Kivu,,,,,no opening evidence,"uninformative: named, but never reported open or building","Named by a report, but nothing says it was built or in use.",2026-06-13,TRUE,2026-06-13,mention_only,,1,1,"",UCBC,,,
site-unite-triage-hgr-vuhovi,unité de triage de l’HGR Vuhovi,other,vuhovi,Vuhovi,Nord-Kivu,2026-08-12,,,,"building, never seen open","right censored: not open as of this date, never reported in service","Reported under construction or planned up to 2026-08-12, and never reported holding patients.",2026-08-12,FALSE,2026-08-12,under_construction,,1,1,"",unité de triage de l’HGR Vuhovi,,,2026-08-12
site-centre-medical-evangelique-nyakunde-cme-bunia,Centre Médical Evangélique Nyakunde (CME) de Bunia,other,bunia,Bunia,Ituri,,2026-05-26,,,"in service, no earlier bound","left censored: open by this date, could have opened any time before","First reported holding patients on 2026-05-26. No report shows it being built, so it may have opened much earlier.",2026-05-26,FALSE,2026-05-26,incident,,1,1,possible_host_variant,Centre Médical Evangélique Nyakunde (CME) de Bunia,2026-05-26,,
site-cliniques-universitaires,Cliniques universitaires,other,s universitaires,Isiro,Haut-Uele,,2026-05-31,,,"in service, no earlier bound","left censored: open by this date, could have opened any time before","First reported holding patients on 2026-05-31. No report shows it being built, so it may have opened much earlier.",2026-05-31,FALSE,2026-08-12,incident,,5,5,"",Cliniques universitaires; Cliniques Universitaires,2026-05-31,,
site-kami,KAMI,other,kami,"",Nord-Kivu,,2026-06-21,,,"in service, no earlier bound","left censored: open by this date, could have opened any time before","First reported holding patients on 2026-06-21. No report shows it being built, so it may have opened much earlier.",2026-06-21,FALSE,2026-06-21,operating,,1,1,"",KAMI,2026-06-21,,
site-cme-bunia,CME/Bunia,other,bunia,Bunia,Ituri,,2026-06-24,,,"announced, no earlier bound","left censored: open by this date, could have opened any time before","Opening announced on 2026-06-24. No report shows it being built, so it may have opened earlier.",2026-05-26,FALSE,2026-06-27,opened,,3,3,possible_host_variant;possible_same_site,CME/Bunia,,2026-06-24,
site-hgr-beni,HGR de Beni,other,beni,Beni,Nord-Kivu,,2026-07-02,,,"in service, no earlier bound","left censored: open by this date, could have opened any time before","First reported holding patients on 2026-07-02. No report shows it being built, so it may have opened much earlier.",2026-07-02,FALSE,2026-08-31,operating,,10,10,possible_host_variant;possible_same_site,HGR Beni; HGR de Beni,2026-07-02,,
site-centre-medical-joie,centre médical La Joie,other,beni,Beni,Nord-Kivu,,2026-08-01,,,"in service, no earlier bound","left censored: open by this date, could have opened any time before","First reported holding patients on 2026-08-01. No report shows it being built, so it may have opened much earlier.",2026-08-01,FALSE,2026-08-01,incident,,1,1,possible_host_variant,centre médical La Joie,2026-08-01,,
site-centre-sante-naissance-desirable,centre de santé Naissance Désirable,other,butsili,Beni,Nord-Kivu,,2026-08-09,,,"in service, no earlier bound","left censored: open by this date, could have opened any time before","First reported holding patients on 2026-08-09. No report shows it being built, so it may have opened much earlier.",2026-08-09,FALSE,2026-08-09,incident,,1,1,"",centre de santé Naissance Désirable,2026-08-09,,
site-pavillon-militaire,pavillon militaire,other,pavillon militaire,Tshopo,Tshopo,,2026-08-15,,,"in service, no earlier bound","left censored: open by this date, could have opened any time before","First reported holding patients on 2026-08-15. No report shows it being built, so it may have opened much earlier.",2026-08-15,FALSE,2026-08-19,incident,,2,2,"",pavillon militaire; Pavillon militaire,2026-08-15,,
site-ch-pimpester,CH Pimpester,other,pimpester,"",Haut-Uele,,2026-08-17,,,"in service, no earlier bound","left censored: open by this date, could have opened any time before","First reported holding patients on 2026-08-17. No report shows it being built, so it may have opened much earlier.",2026-08-17,FALSE,2026-08-17,incident,,1,1,"",CH Pimpester,2026-08-17,,
site-hgr-isiro,HGR d’Isiro,other,isiro,Isiro,Haut-Uele,2026-07-13,2026-08-18,2026-07-31,36,bounded both sides,bounded,"Reported still building on 2026-07-13 and holding patients by 2026-08-18, so it opened in the 36 days between.",2026-07-13,FALSE,2026-09-09,operating,,6,6,possible_host_variant;possible_same_site,HGR d’Isiro; HGR Isiro,2026-08-18,,2026-07-13
site-cs-ndindi,CS de Ndindi,other,ndindi,"",Nord-Kivu,,2026-08-19,,,"in service, no earlier bound","left censored: open by this date, could have opened any time before","First reported holding patients on 2026-08-19. No report shows it being built, so it may have opened much earlier.",2026-08-19,FALSE,2026-08-19,incident,,1,1,"",CS de Ndindi,2026-08-19,,
site-morgue-ngalika,morgue de Ngalika,other,ngalika,"",Nord-Kivu,,2026-08-24,,,"in service, no earlier bound","left censored: open by this date, could have opened any time before","First reported holding patients on 2026-08-24. No report shows it being built, so it may have opened much earlier.",2026-08-24,FALSE,2026-08-24,incident,,1,1,"",morgue de Ngalika,2026-08-24,,
site-matanda,Matanda,other,matanda,"",Nord-Kivu,,2026-09-02,,,"in service, no earlier bound","left censored: open by this date, could have opened any time before","First reported holding patients on 2026-09-02. No report shows it being built, so it may have opened much earlier.",2026-08-04,FALSE,2026-09-02,operating,,2,2,possible_host_variant;possible_same_site,Matanda,2026-09-02,,
site-hgr-makiso-kisangani,HGR Makiso-Kisangani,other,makiso kisangani,Makiso Kisangani,Tshopo,,2026-09-12,,,"in service, no earlier bound","left censored: open by this date, could have opened any time before","First reported holding patients on 2026-09-12. No report shows it being built, so it may have opened much earlier.",2026-08-03,FALSE,2026-09-13,operating,,17,17,possible_same_host;possible_same_site,HGR Makiso-Kisangani,2026-09-12,,
ct-hgr-buta,HGR de Buta,transit_centre,buta,Buta,Bas-Uele,2026-09-06,,,,"building, never seen open","right censored: not open as of this date, never reported in service","Reported under construction or planned up to 2026-09-06, and never reported holding patients.",2026-08-19,FALSE,2026-09-06,planned,,7,7,"",centre de transit à l’HGR de Buta; HGR de Buta,,,2026-09-06
ct-matanda,CT de Matanda,transit_centre,matanda,"",Nord-Kivu,2026-08-24,,,,"building, never seen open","right censored: not open as of this date, never reported in service","Reported under construction or planned up to 2026-08-24, and never reported holding patients.",2026-08-24,FALSE,2026-08-24,under_construction,,1,1,possible_same_site,CT de Matanda,,,2026-08-24
ct-mpox,CT Mpox,transit_centre,mpox,"","",,,,,no opening evidence,"uninformative: named, but never reported open or building","Named by a report, but nothing says it was built or in use.",2026-08-04,FALSE,2026-08-04,mention_only,,1,1,"",CT Mpox,,,
ct-bunia,CT Bunia,transit_centre,bunia,Bunia,Ituri,,2026-05-23,,,"in service, no earlier bound","left censored: open by this date, could have opened any time before","First reported holding patients on 2026-05-23. No report shows it being built, so it may have opened much earlier.",2026-05-23,FALSE,2026-08-26,operating,,2,2,possible_host_variant;possible_same_host;possible_same_site,CT Bunia,2026-05-23,,
ct-rwampara,CT de Rwampara,transit_centre,rwampara,Rwampara,Ituri,,2026-05-24,,,"in service, no earlier bound","left censored: open by this date, could have opened any time before","First reported holding patients on 2026-05-24. No report shows it being built, so it may have opened much earlier.",2026-05-24,FALSE,2026-05-27,incident,,2,2,possible_same_site,CT de Rwampara,2026-05-24,,
ct-bambu,CT Bambu,transit_centre,bambu,Bambu,Ituri,,2026-05-27,,,"in service, no earlier bound","left censored: open by this date, could have opened any time before","First reported holding patients on 2026-05-27. No report shows it being built, so it may have opened much earlier.",2026-05-27,FALSE,2026-08-09,strained,,9,9,possible_same_site,CT Bambu; CT BAMBU; CT de Bambu,2026-05-27,,
ct-heal-africa,CT HEAL AFRICA,transit_centre,heal africa,Goma,Nord-Kivu,,2026-05-27,,,"in service, no earlier bound","left censored: open by this date, could have opened any time before","First reported holding patients on 2026-05-27. No report shows it being built, so it may have opened much earlier.",2026-05-27,FALSE,2026-06-02,operating,19,3,3,"",CT HEAL AFRICA; Heal Africa,2026-05-27,,
ct-hgr-musienene,CT de l’HGR de Musienene,transit_centre,musienene,Musienene,Nord-Kivu,,2026-07-01,,,"in service, no earlier bound","left censored: open by this date, could have opened any time before","First reported holding patients on 2026-07-01. No report shows it being built, so it may have opened much earlier.",2026-07-01,FALSE,2026-09-05,under_construction,,14,14,possible_same_site,CT de l’HGR de Musienene; CT de l'HGR Musienene; CT de Musienene; CT Musienene,2026-07-01,,
ct-beni,CT de Beni,transit_centre,beni,Beni,Nord-Kivu,,2026-07-02,,,"in service, no earlier bound","left censored: open by this date, could have opened any time before","First reported holding patients on 2026-07-02. No report shows it being built, so it may have opened much earlier.",2026-07-02,FALSE,2026-09-02,operating,,6,6,possible_same_site,Beni; CT de Beni; CT de l’HGR de Beni,2026-07-02,,
ct-1ct-sota,1CT SOTA,transit_centre,sota,Nyankunde,Ituri,,2026-07-03,,,"in service, no earlier bound","left censored: open by this date, could have opened any time before","First reported holding patients on 2026-07-03. No report shows it being built, so it may have opened much earlier.",2026-07-03,FALSE,2026-07-03,operating,,1,1,"",1CT SOTA,2026-07-03,,
ct-sota,CT Sota,transit_centre,sota,Nyankunde,Ituri,,2026-07-05,,,"in service, no earlier bound","left censored: open by this date, could have opened any time before","First reported holding patients on 2026-07-05. No report shows it being built, so it may have opened much earlier.",2026-07-05,FALSE,2026-07-15,operating,,7,7,possible_same_site,CT Sota; CT SOTA,2026-07-05,,
ct-logo,CT Logo,transit_centre,logo,Logo,Ituri,,2026-07-06,,,"in service, no earlier bound","left censored: open by this date, could have opened any time before","First reported holding patients on 2026-07-06. No report shows it being built, so it may have opened much earlier.",2026-07-06,FALSE,2026-07-06,operating,,1,1,possible_same_site,CT Logo,2026-07-06,,
ct-nizi,CT Nizi,transit_centre,nizi,Nizi,Ituri,,2026-07-07,,,"in service, no earlier bound","left censored: open by this date, could have opened any time before","First reported holding patients on 2026-07-07. No report shows it being built, so it may have opened much earlier.",2026-07-07,FALSE,2026-07-14,operating,,4,4,possible_same_site,CT Nizi,2026-07-07,,
ct-camp-deplaces-kingoze,CT du camp de déplacés de Kingoze,transit_centre,kingoze,"",Ituri,,2026-07-10,,,"announced, no earlier bound","left censored: open by this date, could have opened any time before","Opening announced on 2026-07-10. No report shows it being built, so it may have opened earlier.",2026-07-10,FALSE,2026-07-10,opened,,1,1,"",CT du camp de déplacés de Kingoze,,2026-07-10,
ct-hgr-nia-nia,CT de Nia-Nia,transit_centre,nia nia,Nia Nia,Ituri,,2026-07-11,,,"in service, no earlier bound","left censored: open by this date, could have opened any time before","First reported holding patients on 2026-07-11. No report shows it being built, so it may have opened much earlier.",2026-07-11,FALSE,2026-08-10,strained,,2,2,possible_same_site,CT de Nia-Nia; CT HGR Nia-Nia,2026-07-11,,
ct-camp-kingozi,CT du camp de Kingozi,transit_centre,camp kingozi,"",Ituri,,2026-07-12,,,"in service, no earlier bound","left censored: open by this date, could have opened any time before","First reported holding patients on 2026-07-12. No report shows it being built, so it may have opened much earlier.",2026-07-12,FALSE,2026-07-12,expanded,,1,1,"",CT du camp de Kingozi,2026-07-12,,
ct-uob,centre de transit de l'UOB,transit_centre,uob,"",Sud-Kivu,,2026-07-12,,,"in service, no earlier bound","left censored: open by this date, could have opened any time before","First reported holding patients on 2026-07-12. No report shows it being built, so it may have opened much earlier.",2026-07-12,FALSE,2026-07-12,operating,,1,1,"",centre de transit de l'UOB,2026-07-12,,
ct-fataki,CT Fataki,transit_centre,fataki,Fataki,Ituri,,2026-07-14,,,"in service, no earlier bound","left censored: open by this date, could have opened any time before","First reported holding patients on 2026-07-14. No report shows it being built, so it may have opened much earlier.",2026-07-14,FALSE,2026-07-14,operating,,1,1,possible_same_site,CT Fataki,2026-07-14,,
ct-hgr-bunia,CT HGR Bunia,transit_centre,bunia,Bunia,Ituri,,2026-07-14,,,"in service, no earlier bound","left censored: open by this date, could have opened any time before","First reported holding patients on 2026-07-14. No report shows it being built, so it may have opened much earlier.",2026-07-14,FALSE,2026-07-14,operating,,1,1,possible_host_variant;possible_same_host;possible_same_site,CT HGR Bunia,2026-07-14,,
ct-ctem,CTEM,transit_centre,ctem,"",Ituri,,2026-07-21,,,"in service, no earlier bound","left censored: open by this date, could have opened any time before","First reported holding patients on 2026-07-21. No report shows it being built, so it may have opened much earlier.",2026-07-21,FALSE,2026-07-21,operating,,1,1,"",CTEM,2026-07-21,,
ct-oicha,CT d’Oicha,transit_centre,oicha,Oicha,Nord-Kivu,,2026-07-23,,,"in service, no earlier bound","left censored: open by this date, could have opened any time before","First reported holding patients on 2026-07-23. No report shows it being built, so it may have opened much earlier.",2026-06-24,FALSE,2026-08-18,operating,,3,3,possible_same_site,CT d’Oicha; CT de l’HGR Oicha; CT OICHA,2026-07-23,,
ct-hgr-kilo,HGR Kilo,transit_centre,kilo,Kilo,Ituri,,2026-07-30,,,"in service, no earlier bound","left censored: open by this date, could have opened any time before","First reported holding patients on 2026-07-30. No report shows it being built, so it may have opened much earlier.",2026-05-24,FALSE,2026-07-31,strained,,5,5,"",HGR Kilo,2026-07-30,,
ct-hc-kisangani,CT de l'HC Kisangani,transit_centre,kisangani,Makiso Kisangani,Tshopo,,2026-08-03,,,"in service, no earlier bound","left censored: open by this date, could have opened any time before","First reported holding patients on 2026-08-03. No report shows it being built, so it may have opened much earlier.",2026-08-03,FALSE,2026-08-04,operating,20,2,2,possible_same_site,CT de l'HC Kisangani,2026-08-03,,
ct-kanzuli,CT Kanzuli,transit_centre,kanzuli,"",Nord-Kivu,,2026-08-10,,,"in service, no earlier bound","left censored: open by this date, could have opened any time before","First reported holding patients on 2026-08-10. No report shows it being built, so it may have opened much earlier.",2026-08-10,FALSE,2026-08-10,operating,,1,1,"",CT Kanzuli,2026-08-10,,
ct-vuhovi,CT de Vuhovi,transit_centre,vuhovi,Vuhovi,Nord-Kivu,,2026-08-19,,,"in service, no earlier bound","left censored: open by this date, could have opened any time before","First reported holding patients on 2026-08-19. No report shows it being built, so it may have opened much earlier.",2026-08-19,FALSE,2026-08-19,operating,,1,1,"",CT de Vuhovi,2026-08-19,,
ct-limba,centre de transit de Limba,transit_centre,limba,Viadana,Bas-Uele,,2026-08-20,,,"in service, no earlier bound","left censored: open by this date, could have opened any time before","First reported holding patients on 2026-08-20. No report shows it being built, so it may have opened much earlier.",2026-08-20,FALSE,2026-08-20,operating,3,1,1,"",centre de transit de Limba,2026-08-20,,
ct-elikia,CT Elikia,transit_centre,elikia,Bunia,Ituri,,2026-08-26,,,"in service, no earlier bound","left censored: open by this date, could have opened any time before","First reported holding patients on 2026-08-26. No report shows it being built, so it may have opened much earlier.",2026-08-26,FALSE,2026-08-27,operating,,2,2,"",CT Elikia,2026-08-26,,
ct-kigonze,CT de Kigonze,transit_centre,kigonze,Bunia,Ituri,,2026-08-26,,,"in service, no earlier bound","left censored: open by this date, could have opened any time before","First reported holding patients on 2026-08-26. No report shows it being built, so it may have opened much earlier.",2026-08-26,FALSE,2026-09-08,operating,,6,6,possible_same_site,CT de Kigonze; CT Kigonze,2026-08-26,,
ct-cub,CUB,transit_centre,cub,"",Sud-Kivu,,2026-08-27,,,"in service, no earlier bound","left censored: open by this date, could have opened any time before","First reported holding patients on 2026-08-27. No report shows it being built, so it may have opened much earlier.",2026-08-27,FALSE,2026-08-27,operating,,1,1,"",CUB,2026-08-27,,
ct-fomulac,FOMULAC,transit_centre,fomulac,Katana,Sud-Kivu,,2026-08-27,,,"in service, no earlier bound","left censored: open by this date, could have opened any time before","First reported holding patients on 2026-08-27. No report shows it being built, so it may have opened much earlier.",2026-08-27,FALSE,2026-08-27,operating,,1,1,possible_same_site,FOMULAC,2026-08-27,,
ct-lwiro,CT de Lwiro,transit_centre,lwiro,Miti Murhesa,Sud-Kivu,,2026-08-27,,,"in service, no earlier bound","left censored: open by this date, could have opened any time before","First reported holding patients on 2026-08-27. No report shows it being built, so it may have opened much earlier.",2026-08-27,FALSE,2026-08-27,operating,,1,1,possible_same_site,CT de Lwiro,2026-08-27,,
ct-nyangezi,Nyangezi,transit_centre,nyangezi,Nyangezi,Sud-Kivu,,2026-08-27,,,"in service, no earlier bound","left censored: open by this date, could have opened any time before","First reported holding patients on 2026-08-27. No report shows it being built, so it may have opened much earlier.",2026-08-27,FALSE,2026-08-27,operating,,1,1,"",Nyangezi,2026-08-27,,
ct-lolwa,CT de Lolwa,transit_centre,lolwa,Lolwa,Ituri,,2026-08-30,,,"in service, no earlier bound","left censored: open by this date, could have opened any time before","First reported holding patients on 2026-08-30. No report shows it being built, so it may have opened much earlier.",2026-08-30,FALSE,2026-09-01,strained,,3,3,possible_same_site,CT de Lolwa,2026-08-30,,
ct-mayogo,CT de Mayogo,transit_centre,mayogo,Isiro,Haut-Uele,,2026-09-04,,,"in service, no earlier bound","left censored: open by this date, could have opened any time before","First reported holding patients on 2026-09-04. No report shows it being built, so it may have opened much earlier.",2026-09-04,FALSE,2026-09-04,operating,,1,1,"",CT de Mayogo,2026-09-04,,
ct-mangala,CT de Mangala,transit_centre,mangala,Mangala,Ituri,,2026-09-08,,,"in service, no earlier bound","left censored: open by this date, could have opened any time before","First reported holding patients on 2026-09-08. No report shows it being built, so it may have opened much earlier.",2026-09-08,FALSE,2026-09-08,operating,,1,1,possible_same_site,CT de Mangala,2026-09-08,,
ct-hgr-makiso-kisangani,centre de transit de l'HGR Makiso-Kisangani,transit_centre,makiso kisangani,Makiso Kisangani,Tshopo,,2026-09-09,,,"in service, no earlier bound","left censored: open by this date, could have opened any time before","First reported holding patients on 2026-09-09. No report shows it being built, so it may have opened much earlier.",2026-09-09,FALSE,2026-09-12,operating,,4,4,possible_same_site,centre de transit de l'HGR Makiso-Kisangani; CT de l’HGR Makiso-Kisangani,2026-09-09,,
cte-bafwasende,CTE de Bafwasende,treatment_centre,bafwasende,Bafwasende,Tshopo,2026-09-12,,,,"building, never seen open","right censored: not open as of this date, never reported in service","Reported under construction or planned up to 2026-09-12, and never reported holding patients.",2026-09-07,FALSE,2026-09-12,under_construction,,6,6,"",Bafwasende; CTE de Bafwasende,,,2026-09-12
cte-ctm,CTM,treatment_centre,ctm,"",Tshopo,,,,,no opening evidence,"uninformative: named, but never reported open or building","Named by a report, but nothing says it was built or in use.",2026-09-06,FALSE,2026-09-06,mention_only,,1,1,"",CTM,,,
cte-ctmi,CTMI,treatment_centre,ctmi,"",Tshopo,2026-09-11,,,,"building, never seen open","right censored: not open as of this date, never reported in service","Reported under construction or planned up to 2026-09-11, and never reported holding patients.",2026-08-05,FALSE,2026-09-11,planned,,3,3,"",CTMI,,,2026-09-11
cte-elikya-bunia,CTE Elikya/Bunia,treatment_centre,bunia,Bunia,Ituri,2026-07-05,,,,"building, never seen open","right censored: not open as of this date, never reported in service","Reported under construction or planned up to 2026-07-05, and never reported holding patients.",2026-07-05,FALSE,2026-07-05,under_construction,,1,1,"",CTE Elikya/Bunia,,,2026-07-05
cte-hgr-katwa,HGR Katwa,treatment_centre,katwa,Katwa,Nord-Kivu,2026-06-07,,,,"building, never seen open","right censored: not open as of this date, never reported in service","Reported under construction or planned up to 2026-06-07, and never reported holding patients.",2026-06-06,FALSE,2026-08-15,under_construction,,6,7,possible_host_variant;possible_same_host,CTE à l’HGR Katwa; HGR de Katwa; HGR Katwa,,,2026-06-07
cte-itav,CTE à l’ITAV,treatment_centre,itav,"",Nord-Kivu,2026-08-20,,,,"building, never seen open","right censored: not open as of this date, never reported in service","Reported under construction or planned up to 2026-08-20, and never reported holding patients.",2026-08-16,FALSE,2026-08-20,planned,,3,3,"",CTE à l’ITAV; CTE de l'ITAV,,,2026-08-20
cte-matanda,CTE de Matanda,treatment_centre,matanda,"",Nord-Kivu,2026-09-05,,,,"building, never seen open","right censored: not open as of this date, never reported in service","Reported under construction or planned up to 2026-09-05, and never reported holding patients.",2026-06-17,FALSE,2026-09-05,under_construction,,4,4,possible_same_site,CTE de l’hôpital Matanda; CTE de Matanda; CTE MATANDA,,,2026-09-05
cte-simisimi,CTE normé de Simisimi,treatment_centre,simisimi,Basoko,Tshopo,2026-08-15,,,,"building, never seen open","right censored: not open as of this date, never reported in service","Reported under construction or planned up to 2026-08-15, and never reported holding patients.",2026-08-15,FALSE,2026-08-15,under_construction,,1,1,"",CTE normé de Simisimi,,,2026-08-15
cte-mongbwalu,CTE de Mongbwalu,treatment_centre,mongbwalu,Mongbwalu,Ituri,,2026-05-19,,,"in service, no earlier bound","left censored: open by this date, could have opened any time before","First reported holding patients on 2026-05-19. No report shows it being built, so it may have opened much earlier.",2026-05-19,FALSE,2026-09-05,operating,60,24,25,possible_host_variant;possible_same_host,CTE à Mongbwalu; CTE de Mongbwalu; CTE Mongbwalu; CTE Mongwalu; Mongbwalu,2026-05-19,2026-08-14,
cte-cme,CTE CME,treatment_centre,rwampara,Rwampara,Ituri,2026-05-25,2026-05-27,2026-05-26,2,bounded both sides,bounded,"Reported still building on 2026-05-25 and holding patients by 2026-05-27, so it opened in the 2 days between.",2026-05-25,FALSE,2026-09-04,operating,27,28,29,"",CME; CTC CME; CTE CME; CTE du CME; CTE-CME,2026-05-27,,2026-05-25
cte-rwampara,CTE Rwampara,treatment_centre,rwampara,Rwampara,Ituri,2026-05-24,2026-05-27,2026-05-25,3,bounded both sides,bounded,"Reported still building on 2026-05-24 and holding patients by 2026-05-27, so it opened in the 3 days between.",2026-05-24,FALSE,2026-09-06,strained,100,35,38,possible_host_variant;possible_same_host;possible_same_site,Centre de Traitement Ebola (CTE) de la zone de santé de Rwampara; CTE de Rwampara; CTE Rwampara; CTE RWAMPARA; Rwampara,2026-05-27,2026-06-02,2026-05-24
cte-hgr-bunia,CTE à l’HGR Bunia,treatment_centre,bunia,Bunia,Ituri,2026-05-28,2026-05-29,2026-05-28,1,bounded both sides,bounded,"Reported still building on 2026-05-28 and holding patients by 2026-05-29, so it opened in the 1 days between.",2026-05-24,FALSE,2026-09-08,operating,,24,29,possible_host_variant;possible_same_host;possible_same_site,"CTE à l’HGR Bunia; CTE à l’HGR BUNIA; CTE à l’HGR/Bunia; CTE au HGR Bunia; CTE de l’HGR Bunia; CTE de l'HGR de Bunia; CTE de l’HGR de Bunia; CTE HGR Bunia; CTE HGR/Bunia; CTE, l’HGR Bunia; CTE/HGR Bunia; HGR/Bunia; l’HGR Bunia",2026-05-29,2026-06-15,2026-05-28
cte-bunia,CTE Bunia,treatment_centre,bunia,Bunia,Ituri,2026-05-29,2026-05-30,2026-05-29,1,bounded both sides,bounded,"Reported still building on 2026-05-29 and holding patients by 2026-05-30, so it opened in the 1 days between.",2026-05-29,FALSE,2026-09-11,operating,,23,24,possible_host_variant;possible_same_host;possible_same_site,Bunia; CTE Bunia; CTE de Bunia,2026-05-30,,2026-05-29
cte-cme-rwampara,Centre de Traitement Ebola (CTE) normé de CME Rwampara,treatment_centre,rwampara,Rwampara,Ituri,,2026-05-31,,,"announced, no earlier bound","left censored: open by this date, could have opened any time before","Opening announced on 2026-05-31. No report shows it being built, so it may have opened earlier.",2026-05-31,FALSE,2026-07-15,strained,,3,3,possible_host_variant,Centre de Traitement Ebola (CTE) normé de CME Rwampara; CTE CME de Rwampara; CTE normé CME Rwampara,2026-07-15,2026-05-31,
cte-lwiro,CTE Lwiro,treatment_centre,lwiro,Miti Murhesa,Sud-Kivu,,2026-06-01,,,"in service, no earlier bound","left censored: open by this date, could have opened any time before","First reported holding patients on 2026-06-01. No report shows it being built, so it may have opened much earlier.",2026-06-01,FALSE,2026-08-18,strained,,4,4,possible_same_site,CTE de Lwiro; CTE Lwiro; CTE LWIRO,2026-06-01,,
cte-nyankunde,CTE Nyankunde,treatment_centre,nyankunde,Nyankunde,Ituri,2026-05-25,2026-06-05,2026-05-30,11,bounded both sides,bounded,"Reported still building on 2026-05-25 and holding patients by 2026-06-05, so it opened in the 11 days between.",2026-05-25,FALSE,2026-09-13,operating,,16,16,possible_host_variant;possible_same_host,CTE de Nyankunde; CTE Nyakunde; CTE Nyankunde; Nyankunde,2026-06-05,,2026-05-25
cte-katwa,CTE de Katwa,treatment_centre,katwa,Katwa,Nord-Kivu,2026-06-03,2026-06-07,2026-06-05,4,bounded both sides,bounded,"Reported still building on 2026-06-03 and holding patients by 2026-06-07, so it opened in the 4 days between.",2026-06-03,FALSE,2026-09-12,strained,,32,35,possible_host_variant;possible_same_host,CTE à Katwa; CTE de Katwa; CTE en construction à Katwa; CTE Katwa; Katwa,2026-06-07,,2026-06-03
cte-bambu,CTE de Bambu,treatment_centre,bambu,Bambu,Ituri,,2026-06-08,,,"in service, no earlier bound","left censored: open by this date, could have opened any time before","First reported holding patients on 2026-06-08. No report shows it being built, so it may have opened much earlier.",2026-06-04,FALSE,2026-09-05,under_construction,,27,33,possible_same_site,Bambu; CTE de Bambu,2026-06-08,,
cte-elikya,CTE Elikya,treatment_centre,elikya,Bunia,Ituri,,2026-06-10,,,"in service, no earlier bound","left censored: open by this date, could have opened any time before","First reported holding patients on 2026-06-10. No report shows it being built, so it may have opened much earlier.",2026-06-10,FALSE,2026-08-23,operating,,22,23,possible_same_site,centre de traitement Elikya; CTE Elikya; CTE ELIKYA; CTE Elykia; Elykia,2026-06-10,,
cte-cme-bunia,CTE CME Bunia,treatment_centre,bunia,Bunia,Ituri,2026-06-07,2026-06-11,2026-06-09,4,bounded both sides,bounded,"Reported still building on 2026-06-07 and holding patients by 2026-06-11, so it opened in the 4 days between.",2026-05-26,FALSE,2026-08-05,incident,,19,20,possible_host_variant;possible_same_site,CME Bunia; CME BUNIA; CTE au CME Bunia; CTE CME Bunia; CTE CME de Bunia; CTE CME/Bunia; CTE/CME-Bunia; CTE/CME-BUNIA,2026-06-11,2026-06-25,2026-06-07
cte-cme-nyankunde,CTE CME Nyankunde,treatment_centre,nyankunde,Nyankunde,Ituri,,2026-06-14,,,"in service, no earlier bound","left censored: open by this date, could have opened any time before","First reported holding patients on 2026-06-14. No report shows it being built, so it may have opened much earlier.",2026-06-14,FALSE,2026-06-22,operating,,2,2,possible_host_variant;possible_same_site,CTE CME Nyankunde; CTE/CME Nyankunde,2026-06-14,,
cte-istm-nyankunde,ISTM Nyankunde,treatment_centre,nyankunde,Nyankunde,Ituri,2026-06-13,2026-06-16,2026-06-14,3,bounded both sides,bounded,"Reported still building on 2026-06-13 and holding patients by 2026-06-16, so it opened in the 3 days between.",2026-06-11,FALSE,2026-07-11,operating,,7,7,possible_host_variant;possible_same_host,CTE IST Nyankunde; CTE ISTM Nyankunde; CTE ISTM/Nyankunde; ISTM Nyankunde; ISTM/Nyakunde; ISTM/Nyankunde,2026-07-11,2026-06-16,2026-06-13
cte-hgr-nyankunde,CTE HGR Nyankunde,treatment_centre,nyankunde,Nyankunde,Ituri,2026-06-15,2026-06-18,2026-06-16,3,bounded both sides,bounded,"Reported still building on 2026-06-15 and holding patients by 2026-06-18, so it opened in the 3 days between.",2026-06-15,FALSE,2026-06-25,opened,,3,3,possible_host_variant;possible_same_host;possible_same_site,CTE HGR Nyankunde; CTE HGR/Nyankunde,2026-06-18,2026-06-25,2026-06-15
cte-hgr-mongbwalu,CTE de l’HGR Mongbwalu,treatment_centre,mongbwalu,Mongbwalu,Ituri,,2026-06-19,,,"in service, no earlier bound","left censored: open by this date, could have opened any time before","First reported holding patients on 2026-06-19. No report shows it being built, so it may have opened much earlier.",2026-06-19,FALSE,2026-06-24,operating,,2,2,possible_host_variant;possible_same_host;possible_same_site,CTE de l’HGR Mongbwalu,2026-06-19,,
cte-munigi,CTE Munigi,treatment_centre,munigi,Nyiragongo,Nord-Kivu,,2026-06-21,,,"in service, no earlier bound","left censored: open by this date, could have opened any time before","First reported holding patients on 2026-06-21. No report shows it being built, so it may have opened much earlier.",2026-06-21,FALSE,2026-06-21,operating,,1,1,"",CTE Munigi,2026-06-21,,
cte-aru,Aru,treatment_centre,aru,Aru,Ituri,,2026-06-24,,,"in service, no earlier bound","left censored: open by this date, could have opened any time before","First reported holding patients on 2026-06-24. No report shows it being built, so it may have opened much earlier.",2026-06-24,FALSE,2026-08-15,strained,,8,8,possible_same_site,Aru; CTE Aru; CTE d'Aru; CTE HGR/Aru,2026-06-24,2026-06-25,
cte-hgr-rwampara,CTE HGR/Rwampara,treatment_centre,rwampara,Rwampara,Ituri,2026-06-06,2026-06-25,2026-06-15,19,bounded both sides,bounded,"Reported still building on 2026-06-06 and holding patients by 2026-06-25, so it opened in the 19 days between.",2026-05-30,FALSE,2026-06-25,opened,,3,4,possible_host_variant;possible_same_host;possible_same_site,CTE au HGR Rwampara; CTE HGR/Rwampara; HGR Rwampara (CTE),,2026-06-25,2026-06-06
cte-elikya-zs-bunia,CTE Elikya/ZS Bunia,treatment_centre,bunia,Bunia,Ituri,,2026-06-27,,,"in service, no earlier bound","left censored: open by this date, could have opened any time before","First reported holding patients on 2026-06-27. No report shows it being built, so it may have opened much earlier.",2026-06-27,TRUE,2026-06-27,operating,,1,1,"",CTE Elikya/ZS Bunia,2026-06-27,,
cte-istm-zs-rwampara,CTE ISTM/ZS Rwampara,treatment_centre,rwampara,Rwampara,Ituri,,2026-06-27,,,"in service, no earlier bound","left censored: open by this date, could have opened any time before","First reported holding patients on 2026-06-27. No report shows it being built, so it may have opened much earlier.",2026-06-27,TRUE,2026-06-27,operating,,1,1,"",CTE ISTM/ZS Rwampara,2026-06-27,,
cte-komanda,CTE Komanda,treatment_centre,komanda,Komanda,Ituri,,2026-06-27,,,"in service, no earlier bound","left censored: open by this date, could have opened any time before","First reported holding patients on 2026-06-27. No report shows it being built, so it may have opened much earlier.",2026-06-08,FALSE,2026-08-20,operating,,6,6,"",CTE de Komanda; CTE Komanda; Komanda,2026-06-27,,
cte-beni,CTE Beni,treatment_centre,beni,Beni,Nord-Kivu,,2026-06-29,,,"in service, no earlier bound","left censored: open by this date, could have opened any time before","First reported holding patients on 2026-06-29. No report shows it being built, so it may have opened much earlier.",2026-06-29,TRUE,2026-09-08,operating,20,15,15,possible_same_site,CTE Beni; CTE de Beni; CTE de l'HGR Beni; CTE de l'HGR de Beni; CTE de l’HGR de Beni; CTE-Beni,2026-06-29,2026-07-04,
cte-istm,CTE ISTM,treatment_centre,nyankunde,Nyankunde,Ituri,,2026-06-29,,,"in service, no earlier bound","left censored: open by this date, could have opened any time before","First reported holding patients on 2026-06-29. No report shows it being built, so it may have opened much earlier.",2026-06-29,TRUE,2026-08-20,under_construction,,28,28,"",CTE de ISTM; CTE ISTM; ISTM,2026-06-29,,
cte-kalunguta,CTE Kalunguta,treatment_centre,kalunguta,Kalunguta,Nord-Kivu,,2026-06-29,,,"in service, no earlier bound","left censored: open by this date, could have opened any time before","First reported holding patients on 2026-06-29. No report shows it being built, so it may have opened much earlier.",2026-06-29,TRUE,2026-06-29,operating,,1,1,"",CTE Kalunguta,2026-06-29,,
cte-juhudi,CTE de Juhudi,treatment_centre,juhudi,Nia-Nia,"",,2026-06-30,,,"in service, no earlier bound","left censored: open by this date, could have opened any time before","First reported holding patients on 2026-06-30. No report shows it being built, so it may have opened much earlier.",2026-06-30,FALSE,2026-06-30,operating,,1,1,"",CTE de Juhudi,2026-06-30,,
cte-butembo,CTE Butembo,treatment_centre,butembo,Butembo,Nord-Kivu,,2026-07-06,,,"in service, no earlier bound","left censored: open by this date, could have opened any time before","First reported holding patients on 2026-07-06. No report shows it being built, so it may have opened much earlier.",2026-07-06,FALSE,2026-09-12,strained,,4,4,possible_same_host,CTE Butembo; CTE/CT de Butembo,2026-07-06,,
cte-kitatumba,CTE de Kitatumba,treatment_centre,kitatumba,Butembo,Nord-Kivu,,2026-07-06,,,"in service, no earlier bound","left censored: open by this date, could have opened any time before","First reported holding patients on 2026-07-06. No report shows it being built, so it may have opened much earlier.",2026-07-06,FALSE,2026-08-20,operating,,11,12,possible_same_host,CTE de Kitatumba; CTE Kitatumba; Kitatumba,2026-07-06,,
cte-sota,CTE de Sota,treatment_centre,sota,Nyankunde,Ituri,,2026-07-11,,,"in service, no earlier bound","left censored: open by this date, could have opened any time before","First reported holding patients on 2026-07-11. No report shows it being built, so it may have opened much earlier.",2026-07-11,FALSE,2026-08-15,operating,,2,2,possible_same_site,CTE de Sota; CTE Sota,2026-07-11,,
cte-iste,CTE ISTE,treatment_centre,iste,"",Ituri,,2026-07-13,,,"in service, no earlier bound","left censored: open by this date, could have opened any time before","First reported holding patients on 2026-07-13. No report shows it being built, so it may have opened much earlier.",2026-07-13,FALSE,2026-07-13,operating,,1,1,"",CTE ISTE,2026-07-13,,
cte-nizi,CTE de Nizi,treatment_centre,nizi,Nizi,Ituri,,2026-07-13,,,"in service, no earlier bound","left censored: open by this date, could have opened any time before","First reported holding patients on 2026-07-13. No report shows it being built, so it may have opened much earlier.",2026-06-04,FALSE,2026-09-12,strained,,39,47,possible_host_variant;possible_same_host;possible_same_site,CTE de Nizi; CTE Nizi; CTE/CT de Nizi; Nizi,2026-07-13,,
cte-cinquantenaire,CTE Cinquantenaire,treatment_centre,cinquantenaire,Makiso Kisangani,Tshopo,,2026-07-14,,,"in service, no earlier bound","left censored: open by this date, could have opened any time before","First reported holding patients on 2026-07-14. No report shows it being built, so it may have opened much earlier.",2026-07-14,FALSE,2026-07-24,operating,,3,3,"",CTE Cinquantenaire; CTE du Cinquantenaire,2026-07-14,,
cte-oicha,CTE d'Oicha,treatment_centre,oicha,Oicha,Nord-Kivu,,2026-07-14,,,"in service, no earlier bound","left censored: open by this date, could have opened any time before","First reported holding patients on 2026-07-14. No report shows it being built, so it may have opened much earlier.",2026-07-14,FALSE,2026-08-03,strained,10,2,2,possible_same_site,CTE d'Oicha,2026-07-14,,
cte-hgr-nizi,CTE HGR de Nizi,treatment_centre,nizi,Nizi,Ituri,,2026-07-15,,,"in service, no earlier bound","left censored: open by this date, could have opened any time before","First reported holding patients on 2026-07-15. No report shows it being built, so it may have opened much earlier.",2026-05-23,FALSE,2026-07-15,operating,,3,3,possible_host_variant;possible_same_host,CTE HGR de Nizi; HGR Nizi; HGR NIZI,2026-07-15,,
cte-nia-nia,CTE de Nia-Nia,treatment_centre,nia nia,Nia Nia,Ituri,,2026-07-17,,,"in service, no earlier bound","left censored: open by this date, could have opened any time before","First reported holding patients on 2026-07-17. No report shows it being built, so it may have opened much earlier.",2026-07-17,TRUE,2026-08-17,strained,,9,11,possible_same_site,CTE de Nia Nia; CTE de Nia-Nia; Nia-Nia,2026-07-17,,
cte-hc-kisangani,CTE HC Kisangani,treatment_centre,kisangani,Makiso Kisangani,Tshopo,,2026-07-18,,,"in service, no earlier bound","left censored: open by this date, could have opened any time before","First reported holding patients on 2026-07-18. No report shows it being built, so it may have opened much earlier.",2026-07-18,FALSE,2026-08-22,operating,14,13,13,possible_same_site,CTE de l'HC Kisangani; CTE HC de Kisangani; CTE HC Kisangani,2026-07-18,,
cte-lita,CTE de Lita,treatment_centre,lita,Lita,Ituri,,2026-07-18,,,"in service, no earlier bound","left censored: open by this date, could have opened any time before","First reported holding patients on 2026-07-18. No report shows it being built, so it may have opened much earlier.",2026-06-04,FALSE,2026-09-03,strained,,7,7,"",CTE de Lita; CTE Lita; Lita; LITA,2026-07-18,,
cte-hckis,CTE HCKis,treatment_centre,hckis,"",Tshopo,,2026-07-21,,,"in service, no earlier bound","left censored: open by this date, could have opened any time before","First reported holding patients on 2026-07-21. No report shows it being built, so it may have opened much earlier.",2026-07-21,FALSE,2026-07-22,operating,,2,2,possible_same_site,CTE HCKis; CTE HCKIS,2026-07-21,,
cte-istm-nyankunde-bunia,CTE de L'ISTM NYANKUNDE A BUNIA,treatment_centre,bunia,Bunia,Ituri,,2026-07-21,,,"in service, no earlier bound","left censored: open by this date, could have opened any time before","First reported holding patients on 2026-07-21. No report shows it being built, so it may have opened much earlier.",2026-07-21,FALSE,2026-07-21,operating,,1,1,"",CTE de L'ISTM NYANKUNDE A BUNIA,2026-07-21,,
cte-foner-mambasa,CTE de Foner Mambasa,treatment_centre,foner mambasa,"",Ituri,,2026-07-26,,,"in service, no earlier bound","left censored: open by this date, could have opened any time before","First reported holding patients on 2026-07-26. No report shows it being built, so it may have opened much earlier.",2026-07-26,FALSE,2026-07-26,operating,,1,1,"",CTE de Foner Mambasa,2026-07-26,,
cte-boma-mangbetu,CTE de Boma Mangbetu,treatment_centre,boma mangbetu,Boma Mangbetu,Haut-Uele,,2026-07-30,,,"in service, no earlier bound","left censored: open by this date, could have opened any time before","First reported holding patients on 2026-07-30. No report shows it being built, so it may have opened much earlier.",2026-07-30,TRUE,2026-09-12,operating,,3,3,"",CTE de Boma Mangbetu,2026-07-30,,
cte-fataki,CTE de Fataki,treatment_centre,fataki,Fataki,Ituri,,2026-07-30,,,"in service, no earlier bound","left censored: open by this date, could have opened any time before","First reported holding patients on 2026-07-30. No report shows it being built, so it may have opened much earlier.",2026-07-30,TRUE,2026-08-17,strained,,8,8,possible_same_site,CTE de Fataki; CTE Fataki; Fataki,2026-07-30,,
cte-isiro,CTE d'Isiro,treatment_centre,isiro,Isiro,Haut-Uele,,2026-07-30,,,"in service, no earlier bound","left censored: open by this date, could have opened any time before","First reported holding patients on 2026-07-30. No report shows it being built, so it may have opened much earlier.",2026-07-30,TRUE,2026-09-12,operating,,17,21,possible_same_site,CT/CTE d'Isiro; CTE d'Isiro; CTE d’Isiro; CTE de l’HGR d’Isiro; Isiro,2026-07-30,2026-08-02,
cte-kigonze,Kigonze,treatment_centre,kigonze,Bunia,Ituri,,2026-07-30,,,"in service, no earlier bound","left censored: open by this date, could have opened any time before","First reported holding patients on 2026-07-30. No report shows it being built, so it may have opened much earlier.",2026-07-30,TRUE,2026-08-24,strained,,9,9,possible_same_site,CTE de Kigonze; Kigonze,2026-07-30,,
cte-logo,Logo,treatment_centre,logo,Logo,Ituri,,2026-07-30,,,"in service, no earlier bound","left censored: open by this date, could have opened any time before","First reported holding patients on 2026-07-30. No report shows it being built, so it may have opened much earlier.",2026-07-30,TRUE,2026-08-22,strained,,11,11,possible_same_site,CTE de Logo; Logo,2026-07-30,,
cte-wamba,CTE de Wamba,treatment_centre,wamba,Wamba,Haut-Uele,,2026-07-30,,,"in service, no earlier bound","left censored: open by this date, could have opened any time before","First reported holding patients on 2026-07-30. No report shows it being built, so it may have opened much earlier.",2026-07-30,TRUE,2026-09-12,operating,,11,11,"",CTE de Wamba; CTE Wamba; Wamba,2026-07-30,,
cte-pawa,CTE de Pawa,treatment_centre,pawa,Pawa,Haut-Uele,,2026-08-01,,,"in service, no earlier bound","left censored: open by this date, could have opened any time before","First reported holding patients on 2026-08-01. No report shows it being built, so it may have opened much earlier.",2026-08-01,FALSE,2026-09-12,strained,,9,9,"",CTE de Pawa,2026-08-01,,
cte-rwankole,CTE de Rwankole,treatment_centre,rwankole,Bunia,Ituri,2026-07-31,2026-08-01,2026-07-31,1,bounded both sides,bounded,"Reported still building on 2026-07-31 and holding patients by 2026-08-01, so it opened in the 1 days between.",2026-05-22,FALSE,2026-09-04,operating,120,10,10,"",CTE de Rwankole; CTE Rwankole; Rwankole,2026-08-01,2026-08-04,2026-07-31
cte-musienene,CTE de Musienene,treatment_centre,musienene,Musienene,Nord-Kivu,,2026-08-04,,,"in service, no earlier bound","left censored: open by this date, could have opened any time before","First reported holding patients on 2026-08-04. No report shows it being built, so it may have opened much earlier.",2026-08-04,FALSE,2026-09-02,planned,,4,4,possible_same_site,CTE de Musienene; futur centre de traitement de Musienene,2026-08-04,,
cte-kasenyi,CTE de Kasenyi,treatment_centre,kasenyi,Tchomia,Ituri,2026-07-14,2026-08-09,2026-07-27,26,bounded both sides,bounded,"Reported still building on 2026-07-14 and holding patients by 2026-08-09, so it opened in the 26 days between.",2026-07-14,FALSE,2026-09-08,operating,80,4,4,"",CTE de Kasenyi,2026-08-12,2026-08-09,2026-07-14
cte-cth-isiro,CTH d’Isiro,treatment_centre,isiro,Isiro,Haut-Uele,,2026-08-12,,,"in service, no earlier bound","left censored: open by this date, could have opened any time before","First reported holding patients on 2026-08-12. No report shows it being built, so it may have opened much earlier.",2026-08-12,FALSE,2026-08-12,operating,,1,1,"",CTH d’Isiro,2026-08-12,,
cte-kilo,Kilo,treatment_centre,kilo,Kilo,Ituri,,2026-08-13,,,"in service, no earlier bound","left censored: open by this date, could have opened any time before","First reported holding patients on 2026-08-13. No report shows it being built, so it may have opened much earlier.",2026-06-04,FALSE,2026-09-12,strained,,14,14,"",CTE de Kilo; Kilo,2026-08-13,,
cte-mangala,Mangala,treatment_centre,mangala,Mangala,Ituri,,2026-08-16,,,"in service, no earlier bound","left censored: open by this date, could have opened any time before","First reported holding patients on 2026-08-16. No report shows it being built, so it may have opened much earlier.",2026-06-04,FALSE,2026-09-12,strained,,8,8,possible_same_site,CTE de Mangala; Mangala,2026-08-16,,
cte-buta,CTE de Buta,treatment_centre,buta,Buta,Bas-Uele,,2026-08-17,,,"in service, no earlier bound","left censored: open by this date, could have opened any time before","First reported holding patients on 2026-08-17. No report shows it being built, so it may have opened much earlier.",2026-08-17,FALSE,2026-08-22,under_construction,,4,5,"",CTE de Buta; CTE provisoire de Buta,2026-08-17,,
cte-watsa,Watsa,treatment_centre,watsa,Watsa,Haut-Uele,,2026-08-17,,,"in service, no earlier bound","left censored: open by this date, could have opened any time before","First reported holding patients on 2026-08-17. No report shows it being built, so it may have opened much earlier.",2026-08-17,FALSE,2026-08-17,operating,,1,1,"",Watsa,2026-08-17,,
cte-tuluba,CTE Tuluba,treatment_centre,tuluba,Isiro,Haut-Uele,,2026-08-26,,,"in service, no earlier bound","left censored: open by this date, could have opened any time before","First reported holding patients on 2026-08-26. No report shows it being built, so it may have opened much earlier.",2026-08-26,FALSE,2026-08-26,operating,,1,1,"",CTE Tuluba,2026-08-26,,
cte-mambasa,Mambasa,treatment_centre,mambasa,Mambasa,Ituri,,2026-09-05,,,"in service, no earlier bound","left censored: open by this date, could have opened any time before","First reported holding patients on 2026-09-05. No report shows it being built, so it may have opened much earlier.",2026-06-08,FALSE,2026-09-12,strained,,6,6,"",CTE/CT de Mambasa; Mambasa,2026-09-05,,
cte-mandima,Mandima,treatment_centre,mandima,Mandima,Ituri,,2026-09-05,,,"in service, no earlier bound","left censored: open by this date, could have opened any time before","First reported holding patients on 2026-09-05. No report shows it being built, so it may have opened much earlier.",2026-09-05,FALSE,2026-09-12,strained,,5,5,"",CTE/CT de Mandima; Mandima,2026-09-05,,
cte-lolwa,Lolwa,treatment_centre,lolwa,Lolwa,Ituri,,2026-09-07,,,"in service, no earlier bound","left censored: open by this date, could have opened any time before","First reported holding patients on 2026-09-07. No report shows it being built, so it may have opened much earlier.",2026-09-07,FALSE,2026-09-12,strained,,4,4,possible_same_site,Lolwa,2026-09-07,,
cte-celui-isiro,celui d’Isiro,treatment_centre,isiro,Isiro,Haut-Uele,,2026-09-09,,,"in service, no earlier bound","left censored: open by this date, could have opened any time before","First reported holding patients on 2026-09-09. No report shows it being built, so it may have opened much earlier.",2026-09-09,FALSE,2026-09-12,strained,,4,4,"",celui d’Isiro,2026-09-09,,
cte-mambasa-lolwa,Mambasa Lolwa,treatment_centre,mambasa lolwa,"",Ituri,,2026-09-09,,,"in service, no earlier bound","left censored: open by this date, could have opened any time before","First reported holding patients on 2026-09-09. No report shows it being built, so it may have opened much earlier.",2026-09-09,FALSE,2026-09-09,strained,,1,1,"",Mambasa Lolwa,2026-09-09,,
cte-meteo,CTE Météo,treatment_centre,meteo,"",Tshopo,2026-09-08,2026-09-10,2026-09-09,2,bounded both sides,bounded,"Reported still building on 2026-09-08 and holding patients by 2026-09-10, so it opened in the 2 days between.",2026-09-07,FALSE,2026-09-13,operating,,5,5,"",CTE de Météo; CTE Météo,2026-09-12,2026-09-10,2026-09-08
cte-gombari,Gombari,treatment_centre,gombari,Gombari,Haut-Uele,,2026-09-12,,,"in service, no earlier bound","left censored: open by this date, could have opened any time before","First reported holding patients on 2026-09-12. No report shows it being built, so it may have opened much earlier.",2026-09-12,FALSE,2026-09-12,operating,,1,1,"",Gombari,2026-09-12,,
cte-rungu,Rungu,treatment_centre,rungu,Rungu,Haut-Uele,,2026-09-12,,,"in service, no earlier bound","left censored: open by this date, could have opened any time before","First reported holding patients on 2026-09-12. No report shows it being built, so it may have opened much earlier.",2026-09-12,FALSE,2026-09-12,operating,,1,1,"",Rungu,2026-09-12,,
