label_key,role,topic,topic_suggested,kind,n_appearances,n_reports,first_sitrep,last_sitrep,has_series,still_reported,cluster,n_in_cluster,first_date,last_date,example_caption,example_raw
ituri,dimension,"","",column,242,90,18,122,TRUE,TRUE,ituri,1,2026-06-01,2026-09-13,"Tableau 4. Mouvement des patients dans les établissements de soins, 17e épidémie de maladie à virus Ebola (Bundibugyo), République Démocratique du Congo, au 1er juin 2026",Ituri
nord-kivu,dimension,"","",column,240,90,18,122,TRUE,TRUE,nord kivu,3,2026-06-01,2026-09-13,"Tableau 4. Mouvement des patients dans les établissements de soins, 17e épidémie de maladie à virus Ebola (Bundibugyo), République Démocratique du Congo, au 1er juin 2026",Nord-Kivu
province,dimension,"","",column,172,100,17,122,TRUE,TRUE,province,2,2026-05-31,2026-09-13,Tableau 1 : Analyse des décès communautaires et de la létalité hospitalière lors de l'épidémie de maladie à virus Ebola Bundibugyo en RDC au 03 juillet 2026,Province
sud-kivu,dimension,"","",column,167,86,18,122,TRUE,TRUE,sud kivu,2,2026-06-01,2026-09-13,"Tableau 4. Mouvement des patients dans les établissements de soins, 17e épidémie de maladie à virus Ebola (Bundibugyo), République Démocratique du Congo, au 1er juin 2026",Sud-Kivu
indicateur,dimension,"","",column,119,62,1,83,TRUE,FALSE,indicateur,1,2026-05-14,2026-08-05,"Tableau 4. Mouvement des patients dans les établissements de soins, 17e épidémie de maladie à virus Ebola (Bundibugyo), République Démocratique du Congo, au 1er juin 2026",Indicateur
zones de santé touchées,dimension,"","",column,98,98,17,122,TRUE,TRUE,zones de sante touchees,1,2026-05-31,2026-09-13,Tableau 1 : Répartition des cas et décès confirmés par province touchée en date du 01 juillet 2026.,Zones de santé touchées
province / zone de santé,dimension,"","",column,92,92,18,122,TRUE,TRUE,province   zone de sante,1,2026-06-01,2026-09-13,"Tableau 1. Répartition des cas confirmés et des décès de la MVE Bundibugyo par zone de santé et par province, République Démocratique du Congo, au 1er juin 2026 (en cours de consolidation)",Province / Zone de santé
indicateurs,dimension,"","",column,91,90,2,122,TRUE,TRUE,indicateurs,3,2026-05-17,2026-09-13,"Tableau 4. Suivi des indicateurs au Points d’entrées et Points de contrôle (PoE/PoC) dans la province de l’Ituri, en date du 11 juin 2026",Indicateurs
total,dimension,"","",column,81,72,2,83,TRUE,FALSE,total,1,2026-05-17,2026-08-05,Tableau II : Situation des alertes du jour dans les zones de santé de la DPS Ituri au 18 mai 2026,Total
tshopo,dimension,"","",column,73,45,61,122,TRUE,TRUE,tshopo,1,2026-07-14,2026-09-13,"Tableau 4. Situation indicateurs clés des PoC/PoE par province, en date du 01 Septembre 2026",Tshopo
global,dimension,"","",column,71,71,37,122,TRUE,TRUE,global,1,2026-06-20,2026-09-13,"Tableau 5. Suivi des indicateurs au Points d’entrées et Points de contrôle (PoE/PoC) dans la province de l’Ituri, en date du 20 juin 2026",Global
n°,dimension,"","",column,61,61,17,83,TRUE,FALSE,n0,1,2026-05-31,2026-08-05,"",N°
haut-uélé,dimension,"","",column,56,46,59,122,TRUE,TRUE,haut uele,2,2026-07-12,2026-09-13,TABLEAU 3 — GESTION DES ALERTES EPIDEMIOLOGIQUES (NORD-KIVU AU 13/07 ; AUTRES REPORTEES DU 12/07),Haut-Uélé
ensemble,dimension,"","",column,53,52,18,79,TRUE,FALSE,ensemble,1,2026-06-01,2026-08-01,"Tableau 4. Mouvement des patients dans les établissements de soins, 17e épidémie de maladie à virus Ebola (Bundibugyo), République Démocratique du Congo, au 1er juin 2026",Ensemble
dps,dimension,"","",column,39,39,84,122,TRUE,TRUE,dps,1,2026-08-06,2026-09-13,"Tableau 3. Situation des alertes notifiées par province, au 01 Septembre 2026",DPS
indicateurs cles,dimension,"","",column,35,35,21,58,TRUE,FALSE,indicateurs cles,2,2026-06-04,2026-07-11,Tableau 6 : Indicateurs clés des activités de santé mentale et soutien psychosocial au 01 juillet 2026,INDICATEURS CLES
zone de santé,dimension,"","",column,34,31,6,87,TRUE,FALSE,zone de sante,3,2026-05-20,2026-08-09,Tableau 2. Répartition des cas et décès confirmés de la maladie à virus Ebola par province et ZS (01 juillet 2026),Zone de santé
zones de santé,dimension,"","",column,21,11,4,15,TRUE,FALSE,zone de sante,3,2026-05-19,2026-05-29,"Tableau IV. Répartition des cas, décès suspects et confirmés de maladie à virus Ebola dans les zones de santé de la DPS Ituri, Nord-Kivu et Sud Kivu au 22 mai 2026*",Zones de santé
bas-uélé,dimension,"","",column,18,18,100,117,TRUE,TRUE,bas uele,1,2026-08-22,2026-09-08,"Tableau 4. Situation indicateurs clés des PoC/PoE par province, en date du 01 Septembre 2026",Bas-Uélé
haut-uele,dimension,"","",column,15,15,61,79,TRUE,FALSE,haut uele,2,2026-07-14,2026-08-01,"TABLEAU 6 — OCCUPATION DES STRUCTURES DE SOINS (CTE/CT/CI), AU 17/07/2026",Haut-Uele
provinces,dimension,"","",column,11,11,4,15,TRUE,FALSE,province,2,2026-05-19,2026-05-29,"Tableau IV. Répartition des cas, décès suspects et confirmés de maladie à virus Ebola dans les zones de santé de la DPS Ituri, Nord-Kivu et Sud Kivu au 22 mai 2026*",Provinces
provinces touchées,dimension,"","",column,8,8,4,10,TRUE,FALSE,provinces touchees,1,2026-05-19,2026-05-24,Tableau I. Répartition des cas et décès confirmés par zone de santé dans les provinces touchées en date du 23/05/2026,Provinces touchées
date,dimension,"","",column,8,3,7,9,FALSE,FALSE,date,1,2026-05-21,2026-05-23,REPARTITION DES ECHANTILLONS TESTES AU LABO BUNIA PAR NATURE,Date
poe/poc,dimension,"","",column,6,6,6,10,TRUE,FALSE,poe poc,1,2026-05-20,2026-05-24,Tableau III. Synthèse de données au PoE/PoC du 24/05/2026,PoE/PoC
indicateurs clés,dimension,"","",column,3,3,13,15,FALSE,FALSE,indicateurs cles,2,2026-05-27,2026-05-29,Tableau IV. Point sur la situation de laboratoire cumul en date du 28/05/2026,Indicateurs clés
zone de sante,dimension,"","",column,3,3,48,51,FALSE,FALSE,zone de sante,3,2026-07-01,2026-07-04,Tableau 1 : Analyse des décès communautaires et de la létalité hospitalière lors de l'épidémie de maladie à virus Ebola Bundibugyo en RDC au 03 juillet 2026,Zone de sante
nord-kivu*,dimension,"","",column,2,2,41,44,FALSE,FALSE,nord kivu,3,2026-06-24,2026-06-27,Tableau 6. Mouvement des patients dans les établissements de soins (CTE/CT/CI) au 24 juin 2026,Nord-Kivu*
indicateurs 1,dimension,"","",column,1,1,7,7,FALSE,FALSE,indicateurs,3,2026-05-21,2026-05-21,Tableau VI. Mouvement des malades dans les établissements de soins en date du 21 mai 2026,Indicateurs 1
indicateurs 2,dimension,"","",column,1,1,7,7,FALSE,FALSE,indicateurs,3,2026-05-21,2026-05-21,Tableau VI. Mouvement des malades dans les établissements de soins en date du 21 mai 2026,Indicateurs 2
kinshasa,dimension,"","",column,1,1,37,37,FALSE,FALSE,kinshasa,1,2026-06-20,2026-06-20,"Tableau 5. Suivi des indicateurs au Points d’entrées et Points de contrôle (PoE/PoC) dans la province de l’Ituri, en date du 20 juin 2026",Kinshasa
ituri1,dimension,"","",column,1,1,46,46,FALSE,FALSE,ituri1,1,2026-06-29,2026-06-29,Tableau 6. Mouvement des patients dans les établissements de soins (CTE/CT/CI) au 29 juin 2026,Ituri1
cas confirmés,indicator,"",cases,column+row_label,126,103,1,122,TRUE,TRUE,cas confirmes,2,2026-05-14,2026-09-13,Tableau 1 : Répartition des cas et décès confirmés par province touchée en date du 01 juillet 2026.,Cas Confirmés
létalité,indicator,"",cases,column,100,98,18,122,TRUE,TRUE,letalite,2,2026-06-01,2026-09-13,Tableau 1. Répartition des cas et décès confirmés par province touchée en date du 02 juillet 2026.,Létalité
% des voyageurs screenés,indicator,"",points_of_entry,row_label,84,84,22,122,TRUE,TRUE,des voyageurs screenes,1,2026-06-05,2026-09-13,"Tableau 4. Suivi des indicateurs au Points d’entrées et Points de contrôle (PoE/PoC) dans la province de l’Ituri, en date du 11 juin 2026",% des voyageurs screenés
% des voyageurs sensibilisés,indicator,"",points_of_entry,row_label,80,80,22,122,TRUE,TRUE,des voyageurs sensibilises,2,2026-06-05,2026-09-13,"Tableau 4. Suivi des indicateurs au Points d’entrées et Points de contrôle (PoE/PoC) dans la province de l’Ituri, en date du 13 juin 2026",% des voyageurs sensibilisés
% des voyageurs ayant lavé les mains,indicator,"",points_of_entry,row_label,79,79,25,122,TRUE,TRUE,des voyageurs ayant lave les mains,4,2026-06-08,2026-09-13,"Tableau 4. Suivi des indicateurs au Points d’entrées et Points de contrôle (PoE/PoC) dans la province de l’Ituri, en date du 13 juin 2026",% des voyageurs ayant lavé les mains
décès (confirmés),indicator,"",cases,column,76,76,17,122,TRUE,TRUE,deces  confirmes,3,2026-05-31,2026-09-13,Tableau 1. Répartition des cas et décès confirmés par province touchée en date du 02 juillet 2026.,Décès (confirmés)
alertes investiguées,indicator,"",alerts,column+row_label,69,67,2,83,TRUE,FALSE,alertes investiguees,1,2026-05-17,2026-08-05,"Tableau 2. Gestion des alertes épidémiologiques (24h), 17e épidémie MVE Bundibugyo, par province, au 1er juin 2026",Alertes investiguées
nombre de personnes passées aux poe/poc,indicator,"",points_of_entry,row_label,63,63,46,122,TRUE,TRUE,nombre de personnes passees aux poe poc,2,2026-06-29,2026-09-13,"Tableau 3 : Suivi des indicateurs au Points d’entrées et Points de contrôle (PoE/PoC), en date du 01 juillet 2026",Nombre de personnes passées aux PoE/PoC
nombre d’alertes notifiées,indicator,"",alerts,row_label,62,62,22,122,TRUE,TRUE,nombre dalertes notifiees,2,2026-06-05,2026-09-13,"Tableau 4. Suivi des indicateurs au Points d’entrées et Points de contrôle (PoE/PoC) dans la province de l’Ituri, en date du 11 juin 2026",Nombre d’alertes notifiées
nombre cumulatif cas (n),indicator,"",cases,column,56,56,59,122,TRUE,TRUE,nombre cumulatif cas  n,1,2026-07-12,2026-09-13,"Tableau 2. Répartition des cas et décès confirmés par province et zone de santé, au 01 septembre 2026",Nombre cumulatif Cas (n)
nombre cumulatif décès (n),indicator,"",cases,column,56,56,59,122,TRUE,TRUE,nombre cumulatif deces  n,1,2026-07-12,2026-09-13,"Tableau 2. Répartition des cas et décès confirmés par province et zone de santé, au 01 septembre 2026",Nombre cumulatif Décès (n)
nombre cumulatif létalité,indicator,"",cases,column,56,56,59,122,TRUE,TRUE,nombre cumulatif letalite,1,2026-07-12,2026-09-13,"Tableau 2. Répartition des cas et décès confirmés par province et zone de santé, au 01 septembre 2026",Nombre cumulatif Létalité
patients au lit (j-1),indicator,"",treatment,row_label,52,52,19,80,TRUE,FALSE,patients au lit  j 1,1,2026-06-02,2026-08-02,Tableau 6. Mouvement des patients dans les établissements de soins (CTE/CT/CI) au 02 juillet 2026,Patients au lit (J-1)
patients en isolement (fin j),indicator,"",treatment,row_label,52,52,19,80,TRUE,FALSE,patients en isolement  fin j,1,2026-06-02,2026-08-02,Tableau 6. Mouvement des patients dans les établissements de soins (CTE/CT/CI) au 02 juillet 2026,Patients en isolement (Fin J)
proportion de poc activés et poe renforcés,indicator,"",points_of_entry,row_label,47,47,37,99,TRUE,FALSE,proportion de poc actives et poe renforces,1,2026-06-20,2026-08-21,"Tableau 5. Suivi des indicateurs au Points d’entrées et Points de contrôle (PoE/PoC) dans la province de l’Ituri, en date du 20 juin 2026",Proportion de PoC activés et PoE renforcés
dont suspects,indicator,"","",row_label,46,46,19,80,TRUE,FALSE,dont suspects,1,2026-06-02,2026-08-02,Tableau 6. Mouvement des patients dans les établissements de soins (CTE/CT/CI) au 02 juillet 2026,dont suspects
nombre de corps sans vie interceptés ce jour,indicator,"",death_surveil,row_label,46,46,59,122,TRUE,TRUE,nombre de corps sans vie interceptes ce jour,2,2026-07-12,2026-09-13,"TABLEAU 6 — SUIVI DES INDICATEURS AUX POINTS D'ENTREE ET POINTS DE CONTROLE (POE/POC), AU 12 JUILLET 2026",Nombre de corps sans vie interceptés ce jour
décès,indicator,"",cases,column,44,22,59,83,TRUE,FALSE,deces,1,2026-07-12,2026-08-05,"TABLEAU 9 — PERSONNEL DE PREMIERE LIGNE (PPL) INFECTE PAR LA MVE (CUMUL AU 12 JUILLET 2026, ITURI)",Décès
% des corps sans vie swabés,indicator,"",death_surveil,row_label,43,43,41,99,TRUE,FALSE,des corps sans vie swabes,2,2026-06-24,2026-08-21,"Tableau 3 : Suivi des indicateurs au Points d’entrées et Points de contrôle (PoE/PoC), en date du 01 juillet 2026",% des corps sans vie swabés
nombre de résultat positif des cas suspects référés,indicator,"",cases,row_label,39,39,37,93,TRUE,FALSE,nombre de resultat positif des cas suspects referes,1,2026-06-20,2026-08-15,"Tableau 5. Suivi des indicateurs au Points d’entrées et Points de contrôle (PoE/PoC) dans la province de l’Ituri, en date du 20 juin 2026",Nombre de résultat positif des cas suspects référés
report (j-1),indicator,"","",row_label,39,39,40,83,TRUE,FALSE,report  j 1,1,2026-06-23,2026-08-05,TABLEAU 3 — GESTION DES ALERTES EPIDEMIOLOGIQUES (NORD-KIVU AU 13/07 ; AUTRES REPORTEES DU 12/07),Report (J-1)
total alertes du jour,indicator,"",alerts,row_label,39,39,40,83,TRUE,FALSE,total alertes du jour,1,2026-06-23,2026-08-05,TABLEAU 3 — GESTION DES ALERTES EPIDEMIOLOGIQUES (NORD-KIVU AU 13/07 ; AUTRES REPORTEES DU 12/07),Total Alertes du jour
total alertes,indicator,"",alerts,column,39,39,84,122,TRUE,TRUE,total alertes,2,2026-08-06,2026-09-13,"Tableau 3. Situation des alertes notifiées par province, au 01 Septembre 2026",Total alertes
nombre de suspects investigués,indicator,"",surveillance,column,39,39,84,122,TRUE,TRUE,nombre de suspects investigues,1,2026-08-06,2026-09-13,"Tableau 3. Situation des alertes notifiées par province, au 01 Septembre 2026",Nombre de suspects investigués
contacts sous suivi (n),indicator,"",contacts,column,38,38,18,58,TRUE,FALSE,contacts sous suivi  n,1,2026-06-01,2026-07-11,"Tableau 3. Suivi des contacts des cas confirmés MVE Bundibugyo par province, République Démocratique du Congo, au 1er juin 2026",Contacts sous suivi (n)
taux de suivi (%),indicator,"",contacts,column,38,38,18,58,TRUE,FALSE,taux de suivi,3,2026-06-01,2026-07-11,"Tableau 3. Suivi des contacts des cas confirmés MVE Bundibugyo par province, République Démocratique du Congo, au 1er juin 2026",Taux de suivi (%)
situation du jour (24h) nouv. cas,indicator,"",cases,column,38,38,81,122,TRUE,TRUE,situation du jour  24h  nouv  cas,2,2026-08-03,2026-09-13,"Tableau 2. Répartition des cas et décès confirmés par province et zone de santé, au 01 septembre 2026",Situation du jour (24h) Nouv. cas
situation du jour (24h) décès communautaires (swab+),indicator,"",cases,column,38,38,81,122,TRUE,TRUE,situation du jour  24h  deces communautaires  swab,2,2026-08-03,2026-09-13,"Tableau 2. Répartition des cas et décès confirmés par province et zone de santé, au 01 septembre 2026",Situation du jour (24h) Décès communautaires (Swab+)
situation du jour (24h) décès confirmés intra-cte,indicator,"",cases,column,38,38,81,122,TRUE,TRUE,situation du jour  24h  deces confirmes intra cte,2,2026-08-03,2026-09-13,"Tableau 2. Répartition des cas et décès confirmés par province et zone de santé, au 01 septembre 2026",Situation du jour (24h) Décès confirmés intra-CTE
situation du jour (24h) total décès confirmés,indicator,"",cases,column,38,38,81,122,TRUE,TRUE,situation du jour  24h  total deces confirmes,2,2026-08-03,2026-09-13,"Tableau 2. Répartition des cas et décès confirmés par province et zone de santé, au 01 septembre 2026",Situation du jour (24h) Total décès confirmés
nouveaux cas confirmés(24h),indicator,"",cases,column,38,38,84,122,TRUE,TRUE,nouveaux cas confirmes 24h,2,2026-08-06,2026-09-13,"Tableau 1. Répartition des cas et décès confirmés par province touchée, au 01 septembre 2026.",Nouveaux cas confirmés(24h)
taux d'investigation,indicator,"",surveillance,row_label,37,37,18,58,TRUE,FALSE,taux dinvestigation,1,2026-06-01,2026-07-11,"Tableau 2. Gestion des alertes épidémiologiques (24h), 17e épidémie MVE Bundibugyo, par province, au 1er juin 2026",Taux d'investigation
alertes vérifiées et validées (cas suspect) vivants,indicator,"",alerts,column,37,37,84,122,TRUE,TRUE,alertes verifiees et validees  cas suspect  vivants,1,2026-08-06,2026-09-13,"Tableau 3. Situation des alertes notifiées par province, au 01 Septembre 2026",Alertes vérifiées et validées (cas suspect) Vivants
alertes vérifiées et validées (cas suspect) décédés,indicator,"",alerts,column,37,37,84,122,TRUE,TRUE,alertes verifiees et validees  cas suspect  decedes,1,2026-08-06,2026-09-13,"Tableau 3. Situation des alertes notifiées par province, au 01 Septembre 2026",Alertes vérifiées et validées (cas suspect) Décédés
alertes vérifiées et invalidées (non-cas suspect) vivants,indicator,"",alerts,column,37,37,84,122,TRUE,TRUE,alertes verifiees et invalidees  non cas suspect  vivants,1,2026-08-06,2026-09-13,"Tableau 3. Situation des alertes notifiées par province, au 01 Septembre 2026",Alertes vérifiées et invalidées (non-cas suspect) Vivants
alertes vérifiées et invalidées (non-cas suspect) décédés,indicator,"",alerts,column,37,37,84,122,TRUE,TRUE,alertes verifiees et invalidees  non cas suspect  decedes,1,2026-08-06,2026-09-13,"Tableau 3. Situation des alertes notifiées par province, au 01 Septembre 2026",Alertes vérifiées et invalidées (non-cas suspect) Décédés
nombre de suspects investigués et transférés au ct/cte (du jour),indicator,"",surveillance,column,37,37,84,122,TRUE,TRUE,nombre de suspects investigues et transferes au ct cte  du jour,1,2026-08-06,2026-09-13,"Tableau 3. Situation des alertes notifiées par province, au 01 Septembre 2026",Nombre de suspects investigués et transférés au CT/CTE (du jour)
cas confirmés cumulés (n),indicator,"",cases,column,36,36,18,58,TRUE,FALSE,cas confirmes cumules  n,1,2026-06-01,2026-07-11,"Tableau 1. Répartition des cas confirmés et des décès de la MVE Bundibugyo par zone de santé et par province, République Démocratique du Congo, au 1er juin 2026 (en cours de consolidation)",Cas confirmés cumulés (n)
contacts vus (n),indicator,"",contacts,column,36,36,18,58,TRUE,FALSE,contacts vus  n,1,2026-06-01,2026-07-11,"Tableau 3. Suivi des contacts des cas confirmés MVE Bundibugyo par province, République Démocratique du Congo, au 1er juin 2026",Contacts vus (n)
nouveaux cas confirmés (24h),indicator,"",cases,column,35,35,21,98,TRUE,FALSE,nouveaux cas confirmes 24h,2,2026-06-04,2026-08-20,Tableau 1. Répartition des cas et décès confirmés par province touchée en date du 02 juillet 2026.,Nouveaux cas confirmés (24h)
nb accompagnants au cte ayant bénéficié d'interventions smsps,indicator,"",treatment,row_label,35,35,21,58,TRUE,FALSE,nb accompagnants au cte ayant beneficie dinterventions smsps,1,2026-06-04,2026-07-11,Tableau 6 : Indicateurs clés des activités de santé mentale et soutien psychosocial au 01 juillet 2026,Nb Accompagnants au CTE ayant bénéficié d'interventions SMSPS
nb ppl ayant bénéficié d'interventions smsps,indicator,"",psychosocial,row_label,35,35,21,58,TRUE,FALSE,nb ppl ayant beneficie dinterventions smsps,1,2026-06-04,2026-07-11,Tableau 6 : Indicateurs clés des activités de santé mentale et soutien psychosocial au 01 juillet 2026,Nb PPL ayant bénéficié d'interventions SMSPS
décès confirmés cumulés (n),indicator,"",cases,column,34,34,18,58,TRUE,FALSE,deces confirmes cumules  n,1,2026-06-01,2026-07-11,"Tableau 1. Répartition des cas confirmés et des décès de la MVE Bundibugyo par zone de santé et par province, République Démocratique du Congo, au 1er juin 2026 (en cours de consolidation)",Décès confirmés cumulés (n)
total admissions (24h),indicator,"",treatment,row_label,33,33,19,58,TRUE,FALSE,total admissions  24h,2,2026-06-02,2026-07-11,Tableau 6. Mouvement des patients dans les établissements de soins (CTE/CT/CI) au 02 juillet 2026,Total admissions (24h)
dont positifs,indicator,"",laboratory,row_label,33,33,21,58,TRUE,FALSE,dont positifs,1,2026-06-04,2026-07-11,Tableau 6 : Indicateurs clés des activités de santé mentale et soutien psychosocial au 01 juillet 2026,Dont positifs
alertes validées vivantes,indicator,"",alerts,row_label,32,32,24,58,TRUE,FALSE,alertes validees vivantes,2,2026-06-07,2026-07-11,Tableau 3. Gestion des alertes épidémiologiques (24h) au 02 juillet 2026,Alertes validées Vivantes
alertes validées décédées,indicator,"",alerts,row_label,32,32,24,58,TRUE,FALSE,alertes validees decedees,1,2026-06-07,2026-07-11,Tableau 3. Gestion des alertes épidémiologiques (24h) au 02 juillet 2026,Alertes validées Décédées
total des cas suspects du jour,indicator,"",cases,row_label,32,32,24,58,TRUE,FALSE,total des cas suspects du jour,1,2026-06-07,2026-07-11,Tableau 3. Gestion des alertes épidémiologiques (24h) au 02 juillet 2026,Total des cas suspects du jour
sorties (24h) évadés (suspects/conf.),indicator,"",treatment,row_label,31,31,19,58,TRUE,FALSE,sorties  24h  evades  suspects conf,2,2026-06-02,2026-07-11,Tableau 6. Mouvement des patients dans les établissements de soins (CTE/CT/CI) au 02 juillet 2026,Sorties (24h) Évadés (Suspects/Conf.)
nouveaux cas suspects,indicator,"",cases,column+row_label,30,30,5,83,TRUE,FALSE,nouveaux cas suspects,1,2026-05-19,2026-08-05,Tableau I. Répartition des cas et décès confirmés par zone de santé dans les provinces touchées en date du 23/05/2026,Nouveaux cas suspects
sorties (24h) décédés (suspects/conf.),indicator,"",treatment,row_label,30,30,19,58,TRUE,FALSE,sorties  24h  decedes  suspects conf,3,2026-06-02,2026-07-11,Tableau 7. Mouvement des patients dans les établissements de soins (CTE/CT/CI) au 05 juillet 2026,Sorties (24h) Décédés (Suspects/Conf.)
dont confirmés (nc+ac),indicator,"","",row_label,30,30,19,58,TRUE,FALSE,dont confirmes  nc ac,2,2026-06-02,2026-07-11,Tableau 6. Mouvement des patients dans les établissements de soins (CTE/CT/CI) au 02 juillet 2026,dont confirmés (NC+AC)
nouveaux cas confirmés admis au cte ayant bénéficié d'interventions smsps,indicator,"",cases,row_label,30,30,26,58,TRUE,FALSE,nouveaux cas confirmes admis au cte ayant beneficie dinterventions smsps,1,2026-06-09,2026-07-11,Tableau 6 : Indicateurs clés des activités de santé mentale et soutien psychosocial au 01 juillet 2026,Nouveaux cas confirmés admis au CTE ayant bénéficié d'interventions SMSPS
cas confirmés en cours de suivi ayant bénéficié d'interventions smsps,indicator,"",cases,row_label,30,30,26,58,TRUE,FALSE,cas confirmes en cours de suivi ayant beneficie dinterventions smsps,1,2026-06-09,2026-07-11,Tableau 6 : Indicateurs clés des activités de santé mentale et soutien psychosocial au 01 juillet 2026,Cas confirmés en cours de suivi ayant bénéficié d'interventions SMSPS
nouveaux cas suspects ayant bénéficié d'interventions smsps,indicator,"",cases,row_label,30,30,26,58,TRUE,FALSE,nouveaux cas suspects ayant beneficie dinterventions smsps,1,2026-06-09,2026-07-11,Tableau 6 : Indicateurs clés des activités de santé mentale et soutien psychosocial au 01 juillet 2026,Nouveaux cas suspects ayant bénéficié d'interventions SMSPS
cas suspects en cours de suivi ayant bénéficié d'interventions smsps,indicator,"",cases,row_label,30,30,26,58,TRUE,FALSE,cas suspects en cours de suivi ayant beneficie dinterventions smsps,1,2026-06-09,2026-07-11,Tableau 6 : Indicateurs clés des activités de santé mentale et soutien psychosocial au 01 juillet 2026,Cas suspects en cours de suivi ayant bénéficié d'interventions SMSPS
nb enfants séparés en crèche ayant bénéficié d'interventions smsps,indicator,"",psychosocial,row_label,30,30,26,58,TRUE,FALSE,nb enfants separes en creche ayant beneficie dinterventions smsps,1,2026-06-09,2026-07-11,Tableau 6 : Indicateurs clés des activités de santé mentale et soutien psychosocial au 01 juillet 2026,Nb Enfants séparés en crèche ayant bénéficié d'interventions SMSPS
nb enfants séparés en communauté ayant bénéficié d'interventions smsps,indicator,"",psychosocial,row_label,30,30,26,58,TRUE,FALSE,nb enfants separes en communaute ayant beneficie dinterventions smsps,1,2026-06-09,2026-07-11,Tableau 6 : Indicateurs clés des activités de santé mentale et soutien psychosocial au 01 juillet 2026,Nb Enfants séparés en communauté ayant bénéficié d'interventions SMSPS
nb membres des ménages et communautés ayant bénéficié d'interventions smsps,indicator,"",psychosocial,row_label,30,30,26,58,TRUE,FALSE,nb membres des menages et communautes ayant beneficie dinterventions smsps,1,2026-06-09,2026-07-11,Tableau 6 : Indicateurs clés des activités de santé mentale et soutien psychosocial au 01 juillet 2026,Nb Membres des ménages et communautés ayant bénéficié d'interventions SMSPS
nbre d'eds appuyés,indicator,"",death_surveil,row_label,29,29,27,58,TRUE,FALSE,nbre deds appuyes,1,2026-06-10,2026-07-11,Tableau 6 : Indicateurs clés des activités de santé mentale et soutien psychosocial au 01 juillet 2026,Nbre d'EDS appuyés
nouvelles alertes reçues vivants,indicator,"",alerts,column,29,29,84,112,TRUE,FALSE,nouvelles alertes recues vivants,1,2026-08-06,2026-09-03,"Tableau 3. Situation des alertes notifiées par province, au 01 Septembre 2026",Nouvelles Alertes Reçues Vivants
nouvelles alertes reçues décédés,indicator,"",alerts,column,29,29,84,112,TRUE,FALSE,nouvelles alertes recues decedes,1,2026-08-06,2026-09-03,"Tableau 3. Situation des alertes notifiées par province, au 01 Septembre 2026",Nouvelles Alertes Reçues Décédés
alertes remontées,indicator,"",alerts,row_label,28,26,13,39,TRUE,FALSE,alertes remontees,1,2026-05-27,2026-06-22,"Tableau 2. Gestion des alertes épidémiologiques (24h), 17e épidémie MVE Bundibugyo, par province, au 1er juin 2026",Alertes remontées
sorties (24h) transférés à l'hgr,indicator,"",treatment,row_label,28,28,24,58,TRUE,FALSE,sorties  24h  transferes a lhgr,1,2026-06-07,2026-07-11,Tableau 6. Mouvement des patients dans les établissements de soins (CTE/CT/CI) au 02 juillet 2026,Sorties (24h) Transférés à l'HGR
taux de suivi,indicator,"",contacts,column,27,27,5,83,TRUE,FALSE,taux de suivi,3,2026-05-19,2026-08-05,Tableau III. Récapitulatif de l’identification et suivi de contacts à la date du 20 mai 2026,Taux de suivi
nouvelles alertes,indicator,"",alerts,column+row_label,26,24,4,58,TRUE,FALSE,nouvelles alertes,1,2026-05-19,2026-07-11,Tableau II. Mise à jour de la situation épidémiologique de MVE dans la province d’ITURI au 20/ 05 /2026,Nouvelles alertes (18/05)
taux d'occupation global,indicator,"",treatment,row_label,26,26,26,58,TRUE,FALSE,taux doccupation global,1,2026-06-09,2026-07-11,Tableau 6. Mouvement des patients dans les établissements de soins (CTE/CT/CI) au 02 juillet 2026,Taux d'occupation global
nombre d’alertes vivantes validées,indicator,"",alerts,row_label,26,26,37,100,TRUE,FALSE,nombre dalertes vivantes validees,2,2026-06-20,2026-08-22,"Tableau 5. Suivi des indicateurs au Points d’entrées et Points de contrôle (PoE/PoC) dans la province de l’Ituri, en date du 20 juin 2026",Nombre d’alertes vivantes validées
guéris,indicator,"",treatment,column,25,25,1,83,TRUE,FALSE,gueris,1,2026-05-14,2026-08-05,Tableau I. Les indicateurs clés de la surveillance épidémiologique dans les trois provinces en date du 29 mai 2026,Guéris
% d’alertes vivantes validées référées au ct/cte,indicator,"",alerts,row_label,25,25,37,99,TRUE,FALSE,dalertes vivantes validees referees au ct cte,2,2026-06-20,2026-08-21,"Tableau 5. Suivi des indicateurs au Points d’entrées et Points de contrôle (PoE/PoC) dans la province de l’Ituri, en date du 20 juin 2026",% d’alertes vivantes validées référées au CT/CTE
résultats de laboratoire ayant été annoncés,indicator,"",laboratory,row_label,24,24,33,58,TRUE,FALSE,resultats de laboratoire ayant ete annonces,2,2026-06-16,2026-07-11,Tableau 6 : Indicateurs clés des activités de santé mentale et soutien psychosocial au 01 juillet 2026,Résultats de laboratoire ayant été annoncés
complétude des rapports,indicator,"",surveillance,row_label,24,24,37,122,TRUE,TRUE,completude des rapports,1,2026-06-20,2026-09-13,"Tableau 5. Suivi des indicateurs au Points d’entrées et Points de contrôle (PoE/PoC) dans la province de l’Ituri, en date du 20 juin 2026",Complétude des rapports
sorties guéris,indicator,"",treatment,row_label,23,23,6,79,TRUE,FALSE,sorties gueris,2,2026-05-20,2026-08-01,Tableau VI. Mouvement des malades dans les établissements de soins en date du 20 mai 2026,Sorties Guéris
sorties décédés,indicator,"",treatment,row_label,23,23,6,79,TRUE,FALSE,sorties decedes,2,2026-05-20,2026-08-01,Tableau VI. Mouvement des malades dans les établissements de soins en date du 20 mai 2026,Sorties Décédés
sorties (24h) guéris,indicator,"",treatment,row_label,23,23,18,58,TRUE,FALSE,sorties  24h  gueris,2,2026-06-01,2026-07-11,"Tableau 4. Mouvement des patients dans les établissements de soins, 17e épidémie de maladie à virus Ebola (Bundibugyo), République Démocratique du Congo, au 1er juin 2026",Sorties (24h) Guéris
% des poe/poc stratégiques fonctionnels,indicator,"",points_of_entry,row_label,23,23,100,122,TRUE,TRUE,des poe poc strategiques fonctionnels,1,2026-08-22,2026-09-13,"Tableau 4. Situation indicateurs clés des PoC/PoE par province, en date du 01 Septembre 2026",% des PoE/PoC stratégiques fonctionnels
% des cas suspects transférés au ct/cte,indicator,"",cases,row_label,23,23,100,122,TRUE,TRUE,des cas suspects transferes au ct cte,1,2026-08-22,2026-09-13,"Tableau 4. Situation indicateurs clés des PoC/PoE par province, en date du 01 Septembre 2026",% des cas suspects transférés au CT/CTE
% des corps sans vie swabés/sécurisés,indicator,"",death_surveil,row_label,23,23,100,122,TRUE,TRUE,des corps sans vie swabes securises,1,2026-08-22,2026-09-13,"Tableau 4. Situation indicateurs clés des PoC/PoE par province, en date du 01 Septembre 2026",% des corps sans vie swabés/sécurisés
% des cas suspects investigués dans 24 h,indicator,"",cases,row_label,23,23,100,122,TRUE,TRUE,des cas suspects investigues dans 24 h,1,2026-08-22,2026-09-13,"Tableau 4. Situation indicateurs clés des PoC/PoE par province, en date du 01 Septembre 2026",% des cas suspects investigués dans 24 h
sorties evadés,indicator,"",treatment,row_label,22,22,6,79,TRUE,FALSE,sorties evades,3,2026-05-20,2026-08-01,Tableau VI. Mouvement des malades dans les établissements de soins en date du 20 mai 2026,Sorties Evadés
sorties (24h) non-cas,indicator,"",cases,row_label,22,22,31,58,TRUE,FALSE,sorties  24h  non cas,3,2026-06-14,2026-07-11,Tableau 6. Mouvement des patients dans les établissements de soins (CTE/CT/CI) au 02 juillet 2026,Sorties (24h) Non-cas
nouveaux cas (24 h),indicator,"",cases,column,22,22,59,83,TRUE,FALSE,nouveaux cas  24 h,2,2026-07-12,2026-08-05,TABLEAU 1 — REPARTITION DES CAS ET DECES CONFIRMES PAR PROVINCE,Nouveaux cas (24 h)
nouvelles alertes reçues,indicator,"",alerts,row_label,22,22,59,83,TRUE,FALSE,nouvelles alertes recues,1,2026-07-12,2026-08-05,TABLEAU 3 — GESTION DES ALERTES EPIDEMIOLOGIQUES (NORD-KIVU AU 13/07 ; AUTRES REPORTEES DU 12/07),Nouvelles alertes reçues
alertes validées — vivantes,indicator,"",alerts,row_label,22,22,59,83,TRUE,FALSE,alertes validees vivantes,2,2026-07-12,2026-08-05,TABLEAU 3 — GESTION DES ALERTES EPIDEMIOLOGIQUES (NORD-KIVU AU 13/07 ; AUTRES REPORTEES DU 12/07),Alertes validées — vivantes
total cas suspects du jour,indicator,"",cases,row_label,22,22,59,83,TRUE,FALSE,total cas suspects du jour,1,2026-07-12,2026-08-05,TABLEAU 3 — GESTION DES ALERTES EPIDEMIOLOGIQUES (NORD-KIVU AU 13/07 ; AUTRES REPORTEES DU 12/07),Total cas suspects du jour
contacts sous suivi,indicator,"",contacts,column,22,22,59,83,TRUE,FALSE,contacts sous suivi,1,2026-07-12,2026-08-05,TABLEAU 4 — SUIVI DES CONTACTS DES CAS CONFIRMES,Contacts sous suivi
contacts vus,indicator,"",contacts,column,22,22,59,83,TRUE,FALSE,contacts vus,1,2026-07-12,2026-08-05,TABLEAU 4 — SUIVI DES CONTACTS DES CAS CONFIRMES,Contacts vus
nombre d'alertes notifiées,indicator,"",alerts,row_label,22,22,59,83,TRUE,FALSE,nombre dalertes notifiees,2,2026-07-12,2026-08-05,"TABLEAU 6 — SUIVI DES INDICATEURS AUX POINTS D'ENTREE ET POINTS DE CONTROLE (POE/POC), AU 12 JUILLET 2026",Nombre d'alertes notifiées
nombre d'alertes vivantes validées,indicator,"",alerts,row_label,22,22,59,83,TRUE,FALSE,nombre dalertes vivantes validees,2,2026-07-12,2026-08-05,"TABLEAU 6 — SUIVI DES INDICATEURS AUX POINTS D'ENTREE ET POINTS DE CONTROLE (POE/POC), AU 12 JUILLET 2026",Nombre d'alertes vivantes validées
% d'alertes vivantes validées référées au ct/cte,indicator,"",alerts,row_label,22,22,59,83,TRUE,FALSE,dalertes vivantes validees referees au ct cte,2,2026-07-12,2026-08-05,"TABLEAU 6 — SUIVI DES INDICATEURS AUX POINTS D'ENTREE ET POINTS DE CONTROLE (POE/POC), AU 12 JUILLET 2026",% d'alertes vivantes validées référées au CT/CTE
indicateurs clés smsps,indicator,"",psychosocial,column,22,22,59,83,TRUE,FALSE,indicateurs cles smsps,1,2026-07-12,2026-08-05,"TABLEAU 8 — INDICATEURS CLES DES ACTIVITES DE SANTE MENTALE ET SOUTIEN PSYCHOSOCIAL (SMSPS), 12 JUILLET 2026",Indicateurs clés SMSPS
cas confirmés en cours de suivi,indicator,"",cases,row_label,22,22,59,83,TRUE,FALSE,cas confirmes en cours de suivi,1,2026-07-12,2026-08-05,"TABLEAU 8 — INDICATEURS CLES DES ACTIVITES DE SANTE MENTALE ET SOUTIEN PSYCHOSOCIAL (SMSPS), 12 JUILLET 2026",Cas confirmés en cours de suivi
cas suspects en cours de suivi,indicator,"",cases,row_label,22,22,59,83,TRUE,FALSE,cas suspects en cours de suivi,1,2026-07-12,2026-08-05,"TABLEAU 8 — INDICATEURS CLES DES ACTIVITES DE SANTE MENTALE ET SOUTIEN PSYCHOSOCIAL (SMSPS), 12 JUILLET 2026",Cas suspects en cours de suivi
résultats de laboratoire annoncés (dont positifs),indicator,"",laboratory,row_label,22,22,59,83,TRUE,FALSE,resultats de laboratoire annonces  dont positifs,1,2026-07-12,2026-08-05,"TABLEAU 8 — INDICATEURS CLES DES ACTIVITES DE SANTE MENTALE ET SOUTIEN PSYCHOSOCIAL (SMSPS), 12 JUILLET 2026",Résultats de laboratoire annoncés (dont positifs)
enfants séparés — crèche / communauté,indicator,"",psychosocial,row_label,22,22,59,83,TRUE,FALSE,enfants separes   creche   communaute,1,2026-07-12,2026-08-05,"TABLEAU 8 — INDICATEURS CLES DES ACTIVITES DE SANTE MENTALE ET SOUTIEN PSYCHOSOCIAL (SMSPS), 12 JUILLET 2026",Enfants séparés — crèche / communauté
accompagnants au cte,indicator,"",treatment,row_label,22,22,59,83,TRUE,FALSE,accompagnants au cte,1,2026-07-12,2026-08-05,"TABLEAU 8 — INDICATEURS CLES DES ACTIVITES DE SANTE MENTALE ET SOUTIEN PSYCHOSOCIAL (SMSPS), 12 JUILLET 2026",Accompagnants au CTE
personnels de première ligne (ppl),indicator,"",workforce,row_label,22,22,59,83,TRUE,FALSE,personnels de premiere ligne  ppl,1,2026-07-12,2026-08-05,"TABLEAU 8 — INDICATEURS CLES DES ACTIVITES DE SANTE MENTALE ET SOUTIEN PSYCHOSOCIAL (SMSPS), 12 JUILLET 2026",Personnels de première ligne (PPL)
eds appuyés (smsps),indicator,"",death_surveil,row_label,22,22,59,83,TRUE,FALSE,eds appuyes  smsps,1,2026-07-12,2026-08-05,"TABLEAU 8 — INDICATEURS CLES DES ACTIVITES DE SANTE MENTALE ET SOUTIEN PSYCHOSOCIAL (SMSPS), 12 JUILLET 2026",EDS appuyés (SMSPS)
en hospitalisation,indicator,"",treatment,column,22,22,59,83,TRUE,FALSE,en hospitalisation,1,2026-07-12,2026-08-05,"TABLEAU 9 — PERSONNEL DE PREMIERE LIGNE (PPL) INFECTE PAR LA MVE (CUMUL AU 12 JUILLET 2026, ITURI)",En hospitalisation
nombre d’alertes vivantes validées (cas suspects),indicator,"",alerts,row_label,22,22,101,122,TRUE,TRUE,nombre dalertes vivantes validees  cas suspects,1,2026-08-23,2026-09-13,"Tableau 4. Situation indicateurs clés des PoC/PoE par province, en date du 01 Septembre 2026",Nombre d’alertes vivantes validées (cas suspects)
taux d'investigation (24 h),indicator,"",surveillance,row_label,21,21,60,83,TRUE,FALSE,taux dinvestigation  24 h,2,2026-07-13,2026-08-05,TABLEAU 3 — GESTION DES ALERTES EPIDEMIOLOGIQUES (NORD-KIVU AU 13/07 ; AUTRES REPORTEES DU 12/07),Taux d'investigation (24 h)
alertes validées — décédées (comm.),indicator,"",alerts,row_label,21,21,60,83,TRUE,FALSE,alertes validees   decedees  comm,1,2026-07-13,2026-08-05,TABLEAU 3 — GESTION DES ALERTES EPIDEMIOLOGIQUES (NORD-KIVU AU 13/07 ; AUTRES REPORTEES DU 12/07),Alertes validées — décédées (comm.)
nombre des corps sans vie interceptés ce jour,indicator,"",death_surveil,row_label,20,20,37,58,TRUE,FALSE,nombre de corps sans vie interceptes ce jour,2,2026-06-20,2026-07-11,"Tableau 5. Suivi des indicateurs au Points d’entrées et Points de contrôle (PoE/PoC) dans la province de l’Ituri, en date du 20 juin 2026",Nombre des corps sans vie interceptés ce jour
nombre des contacts à problème interceptés ce jour,indicator,"",contacts,row_label,20,20,37,58,TRUE,FALSE,nombre des contacts a probleme interceptes ce jour,3,2026-06-20,2026-07-11,"Tableau 5. Suivi des indicateurs au Points d’entrées et Points de contrôle (PoE/PoC) dans la province de l’Ituri, en date du 20 juin 2026",Nombre des contacts à problème interceptés ce jour
total admissions (24 h),indicator,"",treatment,row_label,19,19,59,80,TRUE,FALSE,total admissions  24h,2,2026-07-12,2026-08-02,"TABLEAU 6 — OCCUPATION DES STRUCTURES DE SOINS (CTE/CT/CI), AU 13/07/2026",Total admissions (24 h)
total sorties (24 h),indicator,"",treatment,row_label,19,19,59,80,TRUE,FALSE,total sorties  24 h,1,2026-07-12,2026-08-02,"TABLEAU 6 — OCCUPATION DES STRUCTURES DE SOINS (CTE/CT/CI), AU 13/07/2026",Total sorties (24 h)
nombre de contacts à problème interceptés ce jour,indicator,"",contacts,row_label,19,19,59,93,TRUE,FALSE,nombre des contacts a probleme interceptes ce jour,3,2026-07-12,2026-08-15,"TABLEAU 6 — SUIVI DES INDICATEURS AUX POINTS D'ENTREE ET POINTS DE CONTROLE (POE/POC), AU 12 JUILLET 2026",Nombre de contacts à problème interceptés ce jour
"létalité (cfr, %)",indicator,"",cases,column,18,18,18,47,TRUE,FALSE,letalite  cfr,3,2026-06-01,2026-06-30,"Tableau 1. Répartition des cas confirmés et des décès de la MVE Bundibugyo par zone de santé et par province, République Démocratique du Congo, au 1er juin 2026 (en cours de consolidation)","Létalité (CFR, %)"
total sorties,indicator,"",treatment,row_label,18,18,18,57,TRUE,FALSE,total sorties,1,2026-06-01,2026-07-10,"Tableau 4. Mouvement des patients dans les établissements de soins, 17e épidémie de maladie à virus Ebola (Bundibugyo), République Démocratique du Congo, au 1er juin 2026",Total sorties
situation du jour (24 h) nouv. cas,indicator,"",cases,column,18,18,59,79,TRUE,FALSE,situation du jour  24h  nouv  cas,2,2026-07-12,2026-08-01,TABLEAU 2 — CAS ET DECES CONFIRMES PAR PROVINCE ET ZONE DE SANTE (CUMUL ET SITUATION DU JOUR),Situation du jour (24 h) Nouv. cas
taux d'occupation,indicator,"",treatment,row_label,18,18,59,80,TRUE,FALSE,taux doccupation,1,2026-07-12,2026-08-02,"TABLEAU 6 — OCCUPATION DES STRUCTURES DE SOINS (CTE/CT/CI), AU 13/07/2026",Taux d'occupation
membres des ménages et communautés,indicator,"","",row_label,18,18,64,83,TRUE,FALSE,membres des menages et communautes,2,2026-07-17,2026-08-05,"TABLEAU 7 — INDICATEURS CLES SMSPS, 17 JUILLET 2026",Membres des ménages et communautés
situation du jour (24 h) décès communautaires (swab+),indicator,"",cases,column,17,17,60,79,TRUE,FALSE,situation du jour  24h  deces communautaires  swab,2,2026-07-13,2026-08-01,TABLEAU 2 — CAS ET DECES CONFIRMES PAR PROVINCE ET ZONE DE SANTE (CUMUL ET SITUATION DU JOUR),Situation du jour (24 h) Décès communautaires (Swab+).
situation du jour (24 h) décès confirmés intra-cte,indicator,"",cases,column,17,17,60,79,TRUE,FALSE,situation du jour  24h  deces confirmes intra cte,2,2026-07-13,2026-08-01,TABLEAU 2 — CAS ET DECES CONFIRMES PAR PROVINCE ET ZONE DE SANTE (CUMUL ET SITUATION DU JOUR),Situation du jour (24 h) Décès confirmés intra-CTE
situation du jour (24 h) total décès confirmés,indicator,"",cases,column,17,17,60,79,TRUE,FALSE,situation du jour  24h  total deces confirmes,2,2026-07-13,2026-08-01,TABLEAU 2 — CAS ET DECES CONFIRMES PAR PROVINCE ET ZONE DE SANTE (CUMUL ET SITUATION DU JOUR),Situation du jour (24 h) Total décès confirmés
sorties non-cas,indicator,"",cases,row_label,17,17,60,79,TRUE,FALSE,sorties non cas,3,2026-07-13,2026-08-01,"TABLEAU 6 — OCCUPATION DES STRUCTURES DE SOINS (CTE/CT/CI), AU 13/07/2026",Sorties Non-cas
sorties transférés à l'hgr,indicator,"",treatment,row_label,17,17,60,79,TRUE,FALSE,sorties transferes a lhgr,3,2026-07-13,2026-08-01,"TABLEAU 6 — OCCUPATION DES STRUCTURES DE SOINS (CTE/CT/CI), AU 13/07/2026",Sorties Transférés à l'HGR
nouveaux cas confirmés ayant bénéficié d'interventions smsps,indicator,"",cases,row_label,17,17,60,79,TRUE,FALSE,nouveaux cas confirmes ayant beneficie dinterventions smsps,1,2026-07-13,2026-08-01,"TABLEAU 7 — INDICATEURS CLES SMSPS, 13 JUILLET 2026",Nouveaux cas confirmés ayant bénéficié d'interventions SMSPS
alertes validées,indicator,"",alerts,column+row_label,16,14,4,23,TRUE,FALSE,alertes validees,2,2026-05-19,2026-06-06,"Tableau 2. Gestion des alertes épidémiologiques (24h), 17e épidémie MVE Bundibugyo, par province, au 1er juin 2026",Alertes validées
malades en isolement,indicator,"",treatment,row_label,16,1,7,7,FALSE,FALSE,malades en isolement,1,2026-05-21,2026-05-21,Tableau VI. Mouvement des malades dans les établissements de soins en date du 21 mai 2026,Malades en isolement
pilier responsable,indicator,"","",column,16,16,17,33,TRUE,FALSE,pilier responsable,1,2026-05-31,2026-06-16,"",Pilier responsable
échéance,indicator,"","",column,16,16,17,33,TRUE,FALSE,echeance,1,2026-05-31,2026-06-16,"",Échéance
sorties (24h) total sorties,indicator,"",treatment,row_label,16,16,19,58,TRUE,FALSE,sorties  24h  total sorties,1,2026-06-02,2026-07-11,Tableau 7. Mouvement des patients dans les établissements de soins (CTE/CT/CI) au 06 juillet 2026,Sorties (24h) Total sorties
nombre de lits,indicator,"",treatment,row_label,16,16,62,80,TRUE,FALSE,nombre de lits,1,2026-07-15,2026-08-02,"TABLEAU 6 — OCCUPATION DES STRUCTURES DE SOINS (CTE/CT/CI), AU 15/07/2026",Nombre de lits
total admissions,indicator,"",treatment,row_label,15,15,18,79,TRUE,FALSE,total admissions,1,2026-06-01,2026-08-01,"Tableau 4. Mouvement des patients dans les établissements de soins, 17e épidémie de maladie à virus Ebola (Bundibugyo), République Démocratique du Congo, au 1er juin 2026",Total admissions
dont confirmés,indicator,"","",row_label,15,15,59,80,TRUE,FALSE,dont confirmes,1,2026-07-12,2026-08-02,"TABLEAU 6 — OCCUPATION DES STRUCTURES DE SOINS (CTE/CT/CI), AU 15/07/2026",dont confirmés
proportion de poc activés,indicator,"",points_of_entry,row_label,14,14,22,36,TRUE,FALSE,proportion de poc actives,1,2026-06-05,2026-06-19,"Tableau 4. Suivi des indicateurs au Points d’entrées et Points de contrôle (PoE/PoC) dans la province de l’Ituri, en date du 11 juin 2026",Proportion de PoC activés
nombre des voyageurs passés,indicator,"",points_of_entry,row_label,14,14,22,36,TRUE,FALSE,nombre des voyageurs passes,1,2026-06-05,2026-06-19,"Tableau 4. Suivi des indicateurs au Points d’entrées et Points de contrôle (PoE/PoC) dans la province de l’Ituri, en date du 11 juin 2026",Nombre des voyageurs passés
nombre d’alertes transférées au ct/cte ou pour eds,indicator,"",alerts,row_label,14,14,22,36,TRUE,FALSE,nombre dalertes transferees au ct cte ou pour eds,1,2026-06-05,2026-06-19,"Tableau 4. Suivi des indicateurs au Points d’entrées et Points de contrôle (PoE/PoC) dans la province de l’Ituri, en date du 11 juin 2026",Nombre d’alertes transférées au CT/CTE ou pour EDS
résultats,indicator,"",laboratory,column,13,13,23,36,TRUE,FALSE,resultats,2,2026-06-06,2026-06-19,"Tableau 4. Suivi des indicateurs au Points d’entrées et Points de contrôle (PoE/PoC) dans la province de l’Ituri, en date du 11 juin 2026",Résultats
nombre de contacts interceptés ce jour,indicator,"",contacts,row_label,12,12,22,36,TRUE,FALSE,nombre de contacts interceptes ce jour,1,2026-06-05,2026-06-19,"Tableau 4. Suivi des indicateurs au Points d’entrées et Points de contrôle (PoE/PoC) dans la province de l’Ituri, en date du 13 juin 2026",Nombre de contacts interceptés ce jour
cas suspects prélevés,indicator,"",cases,column+row_label,10,8,2,9,TRUE,FALSE,cas suspects preleves,1,2026-05-17,2026-05-23,Tableau II. Mise à jour de la situation épidémiologique de MVE dans la province d’ITURI au 20/ 05 /2026,Cas suspects prélevés
sorties (24h) non-cas / guéris,indicator,"",cases,row_label,10,10,19,30,TRUE,FALSE,sorties  24h  non cas   gueris,1,2026-06-02,2026-06-13,Tableau 5. Mouvement des patients dans les établissements de soins (CTE/CT/CI) au 08 juin 2026,Sorties (24h) Non-cas / Guéris
létalité (cfr %),indicator,"",cases,column,10,10,49,58,TRUE,FALSE,letalite  cfr,3,2026-07-02,2026-07-11,Tableau 2. Répartition des cas et décès confirmés de la maladie à virus Ebola par province et zone de santé (02 juillet 2026),Létalité (CFR %)
alertes reçues vivants,indicator,"",alerts,column,10,10,113,122,TRUE,TRUE,alertes recues vivants,1,2026-09-04,2026-09-13,"Tableau 3. Situation des alertes notifiées par province, au 04 Septembre 2026",Alertes Reçues Vivants
alertes reçues décédés,indicator,"",alerts,column,10,10,113,122,TRUE,TRUE,alertes recues decedes,1,2026-09-04,2026-09-13,"Tableau 3. Situation des alertes notifiées par province, au 04 Septembre 2026",Alertes Reçues Décédés
nbre de cas suspects,indicator,"",cases,column,9,9,4,11,TRUE,FALSE,nbre de cas suspects,2,2026-05-19,2026-05-25,"Tableau IV. Répartition des cas, décès suspects et confirmés de maladie à virus Ebola dans les zones de santé de la DPS Ituri, Nord-Kivu et Sud Kivu au 22 mai 2026*",Nbre de cas suspects
nbre de cas confirmés,indicator,"",cases,column,9,9,4,11,TRUE,FALSE,nbre de cas confirmes,2,2026-05-19,2026-05-25,"Tableau IV. Répartition des cas, décès suspects et confirmés de maladie à virus Ebola dans les zones de santé de la DPS Ituri, Nord-Kivu et Sud Kivu au 22 mai 2026*",Nbre de cas Confirmés
report des alertes,indicator,"",alerts,column+row_label,9,7,4,9,TRUE,FALSE,report des alertes,1,2026-05-19,2026-05-23,Tableau II. Mise à jour de la situation épidémiologique de MVE dans la province d’ITURI au 20/ 05 /2026,Report des alertes (17/05)
total des alertes du jour,indicator,"",alerts,column+row_label,9,7,4,9,TRUE,FALSE,total des alertes du jour,1,2026-05-19,2026-05-23,Tableau II. Mise à jour de la situation épidémiologique de MVE dans la province d’ITURI au 20/ 05 /2026,Total des alertes du jour (18/05)
alertes vivants,indicator,"",alerts,column+row_label,9,7,4,9,TRUE,FALSE,alertes vivants,1,2026-05-19,2026-05-23,Tableau II. Mise à jour de la situation épidémiologique de MVE dans la province d’ITURI au 20/ 05 /2026,Alertes vivants
alertes décédés,indicator,"",alerts,column+row_label,9,7,4,9,TRUE,FALSE,alertes decedes,1,2026-05-19,2026-05-23,Tableau II. Mise à jour de la situation épidémiologique de MVE dans la province d’ITURI au 20/ 05 /2026,Alertes décédés
alertes non investiguées,indicator,"",alerts,column+row_label,9,7,4,9,TRUE,FALSE,alertes non investiguees,1,2026-05-19,2026-05-23,Tableau II. Mise à jour de la situation épidémiologique de MVE dans la province d’ITURI au 20/ 05 /2026,Alertes non investiguées
alertes invalidées,indicator,"",alerts,column+row_label,9,7,4,9,TRUE,FALSE,alertes validees,2,2026-05-19,2026-05-23,Tableau II. Mise à jour de la situation épidémiologique de MVE dans la province d’ITURI au 20/ 05 /2026,Alertes invalidées
cas suspects isolés,indicator,"",cases,column+row_label,9,7,4,9,TRUE,FALSE,cas suspects isoles,1,2026-05-19,2026-05-23,Tableau II. Mise à jour de la situation épidémiologique de MVE dans la province d’ITURI au 20/ 05 /2026,Cas suspects isolés
cas suspects non isolés,indicator,"",cases,column+row_label,9,7,4,9,TRUE,FALSE,cas suspects non isoles,1,2026-05-19,2026-05-23,Tableau II. Mise à jour de la situation épidémiologique de MVE dans la province d’ITURI au 20/ 05 /2026,Cas suspects non isolés
nouveaux cas confirmés,indicator,"",cases,column,9,9,5,87,TRUE,FALSE,nouveaux cas confirmes,1,2026-05-19,2026-08-09,Tableau I. Répartition des cas et décès confirmés par zone de santé dans les provinces touchées en date du 23/05/2026,Nouveaux cas confirmés
guéris du jour,indicator,"",treatment,column+row_label,8,8,4,17,TRUE,FALSE,gueris du jour,1,2026-05-19,2026-05-31,Tableau I. Répartition des cas et décès confirmés par zone de santé dans les provinces touchées en date du 23/05/2026,Guéris du jour
létalité (%),indicator,"",cases,column,8,8,25,34,TRUE,FALSE,letalite,2,2026-06-08,2026-06-17,"Tableau 1. Répartition des cas confirmés et des décès de la MVE Bundibugyo par zone de santé et par province, République Démocratique du Congo, au 08 juin 2026.",Létalité (%)
% de résultats disponibles dans 24h,indicator,"",laboratory,row_label,8,8,26,36,TRUE,FALSE,de resultats disponibles dans 24h,2,2026-06-09,2026-06-19,"Tableau 4. Suivi des indicateurs au Points d’entrées et Points de contrôle (PoE/PoC) dans la province de l’Ituri, en date du 11 juin 2026",% de résultats disponibles dans 24h
nombre d'alertes validées,indicator,"",alerts,row_label,8,8,28,36,TRUE,FALSE,nombre dalertes validees,2,2026-06-11,2026-06-19,"Tableau 4. Suivi des indicateurs au Points d’entrées et Points de contrôle (PoE/PoC) dans la province de l’Ituri, en date du 11 juin 2026",Nombre d'alertes validées
nbre de contacts,indicator,"",contacts,column,7,7,4,9,TRUE,FALSE,nbre de contacts,2,2026-05-19,2026-05-23,"Tableau IV. Répartition des cas, décès suspects et confirmés de maladie à virus Ebola dans les zones de santé de la DPS Ituri, Nord-Kivu et Sud Kivu au 22 mai 2026*",Nbre de contacts
nouveaux cas probables,indicator,"",cases,column,7,7,5,10,TRUE,FALSE,nouveaux cas probables,1,2026-05-19,2026-05-24,Tableau I. Répartition des cas et décès confirmés par zone de santé dans les provinces touchées en date du 23/05/2026,Nouveaux cas probables
cas suspects non prélévés,indicator,"",cases,column,7,5,6,9,TRUE,FALSE,cas suspects non preleves,2,2026-05-20,2026-05-23,Tableau II. Mise à jour de la situation épidémiologique de MVE dans la province d’ITURI au 20/ 05 /2026,Cas suspects non prélévés
voyageurs screenés,indicator,"",points_of_entry,column+row_label,7,7,9,18,TRUE,FALSE,voyageurs screenes,1,2026-05-23,2026-06-01,Surveillance aux Points d'Entrée et Points de Contrôle (PoE/PoC),Voyageurs screenés
nombre des personnes passées aux poe/poc,indicator,"",points_of_entry,row_label,7,7,37,44,TRUE,FALSE,nombre de personnes passees aux poe poc,2,2026-06-20,2026-06-27,"Tableau 5. Suivi des indicateurs au Points d’entrées et Points de contrôle (PoE/PoC) dans la province de l’Ituri, en date du 20 juin 2026",Nombre des personnes passées aux PoE/PoC
nombre de nouveaux contacts n,indicator,"",contacts,column,7,7,52,58,TRUE,FALSE,nombre de nouveaux contacts n,2,2026-07-05,2026-07-11,Tableau 5. Suivi des contacts des cas confirmés (2) au 05 juillet 2026,Nombre de Nouveaux Contacts n
nombre de nouveaux contacts %,indicator,"",contacts,column,7,7,52,58,TRUE,FALSE,nombre de nouveaux contacts n,2,2026-07-05,2026-07-11,Tableau 5. Suivi des contacts des cas confirmés (2) au 05 juillet 2026,Nombre de Nouveaux Contacts %
nombre de contacts sorties au 21 jours n,indicator,"",contacts,column,7,7,52,58,TRUE,FALSE,nombre de contacts sorties au 21 jours n,2,2026-07-05,2026-07-11,Tableau 5. Suivi des contacts des cas confirmés (2) au 05 juillet 2026,Nombre de contacts sorties au 21 jours n
nombre de contacts sorties au 21 jours %,indicator,"",contacts,column,7,7,52,58,TRUE,FALSE,nombre de contacts sorties au 21 jours n,2,2026-07-05,2026-07-11,Tableau 5. Suivi des contacts des cas confirmés (2) au 05 juillet 2026,Nombre de contacts sorties au 21 jours %
rwampara,indicator,"","",column+row_label,6,4,4,7,FALSE,FALSE,rwampara,1,2026-05-19,2026-05-21,Tableau II : Situation des alertes du jour dans les zones de santé de la DPS Ituri au 18 mai 2026,Rwampara
mongbwalu,indicator,"","",column+row_label,6,4,4,7,FALSE,FALSE,mongbwalu,1,2026-05-19,2026-05-21,Tableau II : Situation des alertes du jour dans les zones de santé de la DPS Ituri au 18 mai 2026,Mongbwalu
nouveaux contacts listés,indicator,"",contacts,column,6,6,5,9,TRUE,FALSE,nouveaux contacts listes,2,2026-05-19,2026-05-23,Tableau I. Répartition des cas et décès confirmés par zone de santé dans les provinces touchées en date du 23/05/2026,Nouveaux contacts listés
suivi journalier report,indicator,"",contacts,column,6,6,5,9,TRUE,FALSE,suivi journalier report,1,2026-05-19,2026-05-23,Tableau III. Récapitulatif de l’identification et suivi de contacts à la date du 20 mai 2026,Suivi journalier Report du 18/05/2026
suivi journalier contact à suivre ce jour,indicator,"",contacts,column,6,6,5,9,TRUE,FALSE,suivi journalier contact a suivre ce jour,1,2026-05-19,2026-05-23,Tableau III. Récapitulatif de l’identification et suivi de contacts à la date du 20 mai 2026,Suivi journalier Contact à suivre ce jour
suivi journalier contacts vus,indicator,"",contacts,column,6,6,5,9,TRUE,FALSE,suivi journalier contacts vus,1,2026-05-19,2026-05-23,Tableau III. Récapitulatif de l’identification et suivi de contacts à la date du 20 mai 2026,Suivi journalier Contacts vus
suivi journalier sorties 21 jrs,indicator,"",contacts,column,6,6,5,9,TRUE,FALSE,suivi journalier sorties 21 jrs,1,2026-05-19,2026-05-23,Tableau III. Récapitulatif de l’identification et suivi de contacts à la date du 20 mai 2026,Suivi journalier Sorties 21 Jrs
suivi journalier devenus suspects,indicator,"",contacts,column,6,6,5,9,TRUE,FALSE,suivi journalier devenus suspects,1,2026-05-19,2026-05-23,Tableau III. Récapitulatif de l’identification et suivi de contacts à la date du 20 mai 2026,Suivi journalier Devenus Suspects
raison de non vus simple absence,indicator,"","",column,6,6,5,9,TRUE,FALSE,raison de non vus simple absence,1,2026-05-19,2026-05-23,Tableau III. Récapitulatif de l’identification et suivi de contacts à la date du 20 mai 2026,Raison de non vus Simple Absence
raison de non vus perdus de vue (≥72 heures),indicator,"",contacts,column,6,6,5,9,TRUE,FALSE,raison de non vus perdus de vue    72 heures,1,2026-05-19,2026-05-23,Tableau III. Récapitulatif de l’identification et suivi de contacts à la date du 20 mai 2026,Raison de non vus Perdus de vue (≥72 heures)
raison de non vus jamais vus,indicator,"","",column,6,6,5,9,TRUE,FALSE,raison de non vus jamais vus,1,2026-05-19,2026-05-23,Tableau III. Récapitulatif de l’identification et suivi de contacts à la date du 20 mai 2026,Raison de non vus Jamais vus
raison de non vus refus,indicator,"","",column,6,6,5,9,TRUE,FALSE,raison de non vus refus,1,2026-05-19,2026-05-23,Tableau III. Récapitulatif de l’identification et suivi de contacts à la date du 20 mai 2026,Raison de non vus Refus
raison de non vus déplacés,indicator,"","",column,6,6,5,9,TRUE,FALSE,raison de non vus deplaces,1,2026-05-19,2026-05-23,Tableau III. Récapitulatif de l’identification et suivi de contacts à la date du 20 mai 2026,Raison de non vus Déplacés
raison de non vus reco n'est pas passé,indicator,"",community,column,6,6,5,9,TRUE,FALSE,raison de non vus reco nest pas passe,1,2026-05-19,2026-05-23,Tableau III. Récapitulatif de l’identification et suivi de contacts à la date du 20 mai 2026,Raison de non vus Reco n'est pas passé
zones de santé avec cas confirmés,indicator,"",cases,column,6,6,6,10,TRUE,FALSE,zones de sante avec cas confirmes,1,2026-05-20,2026-05-24,Tableau I. Répartition des cas et décès confirmés par zone de santé dans les provinces touchées en date du 23/05/2026,Zones de santé avec cas confirmés
hgr mongbwalu,indicator,"","",column,6,6,6,17,TRUE,FALSE,hgr mongbwalu,1,2026-05-20,2026-05-31,Tableau VI. Mouvement des malades dans les établissements de soins en date du 20 mai 2026,HGR MONGBWALU
hgr nyankunde,indicator,"","",column,6,6,6,17,TRUE,FALSE,hgr nyankunde,2,2026-05-20,2026-05-31,Tableau VI. Mouvement des malades dans les établissements de soins en date du 20 mai 2026,HGR NYANKUNDE
sorties non cas,indicator,"",cases,row_label,6,6,6,14,TRUE,FALSE,sorties non cas,3,2026-05-20,2026-05-28,Tableau VI. Mouvement des malades dans les établissements de soins en date du 20 mai 2026,Sorties Non Cas
sorties,indicator,"",treatment,row_label,6,1,7,7,FALSE,FALSE,sorties,1,2026-05-21,2026-05-21,Tableau VI. Mouvement des malades dans les établissements de soins en date du 21 mai 2026,Sorties
contacts listés,indicator,"",contacts,row_label,6,6,13,18,TRUE,FALSE,contacts listes,1,2026-05-27,2026-06-01,Surveillance aux Points d'Entrée et Points de Contrôle (PoE/PoC),Contacts listés
nombre d’alertes validées,indicator,"",alerts,row_label,6,6,22,27,TRUE,FALSE,nombre dalertes validees,2,2026-06-05,2026-06-10,Tableau 4. Suivi des indicateurs au Points d’entrées et Points de contrôle (PoE/PoC) du 07 juin 2026,Nombre d’alertes validées
résultats de laboratoire ayant été annoncé,indicator,"",laboratory,row_label,6,6,26,32,TRUE,FALSE,resultats de laboratoire ayant ete annonces,2,2026-06-09,2026-06-15,Tableau 6. Indicateurs clés des activités de santé mentale et soutien psychosocial au 09 juin 2026,Résultats de laboratoire ayant été annoncé
% d’alertes investiguées ou corps sans vie swabé dans 24h,indicator,"",alerts,row_label,6,6,28,34,TRUE,FALSE,dalertes investiguees ou corps sans vie swabe dans 24h,1,2026-06-11,2026-06-17,"Tableau 4. Suivi des indicateurs au Points d’entrées et Points de contrôle (PoE/PoC) dans la province de l’Ituri, en date du 11 juin 2026",% d’alertes investiguées ou corps sans vie swabé dans 24h
nombre de contacts devenus suspects n,indicator,"",contacts,column,6,6,53,58,TRUE,FALSE,nombre de contacts devenus suspects n,4,2026-07-06,2026-07-11,Tableau 5. Suivi des contacts des cas confirmés (2) au 06 juillet 2026,Nombre de contacts devenus suspects n
nombre de contacts devenus suspects %,indicator,"",contacts,column,6,6,53,58,TRUE,FALSE,nombre de contacts devenus suspects n,4,2026-07-06,2026-07-11,Tableau 5. Suivi des contacts des cas confirmés (2) au 06 juillet 2026,Nombre de contacts devenus suspects %
valeur,indicator,"","",column,5,3,1,18,FALSE,FALSE,valeur,1,2026-05-14,2026-06-01,Indicateurs laboratoire (24h du 31 mai 2026),Valeur
nyankunde,indicator,"","",column+row_label,5,4,4,7,FALSE,FALSE,nyankunde,1,2026-05-19,2026-05-21,Tableau II : Situation des alertes du jour dans les zones de santé de la DPS Ituri au 18 mai 2026,Nyankunde
total non vus,indicator,"","",column,5,5,5,9,TRUE,FALSE,total non vus,1,2026-05-19,2026-05-23,Tableau III. Récapitulatif de l’identification et suivi de contacts à la date du 20 mai 2026,Total non vus
reste à suivre le jour suivant,indicator,"","",column,5,5,5,9,TRUE,FALSE,reste a suivre le jour suivant,1,2026-05-19,2026-05-23,Tableau III. Récapitulatif de l’identification et suivi de contacts à la date du 20 mai 2026,Reste à suivre le jour suivant
suivi des alertes,indicator,"",alerts,column,5,3,6,7,FALSE,FALSE,suivi des alertes,1,2026-05-20,2026-05-21,Tableau II. Mise à jour de la situation épidémiologique de MVE dans la province d’ITURI au 20/ 05 /2026,Suivi des alertes
total lavage de mains,indicator,"",ipc_wash,column,5,5,6,9,TRUE,FALSE,total lavage de mains,1,2026-05-20,2026-05-23,Tableau V. Synthèse de données (PoE/PoC) du 20/05/2026,Total lavage de mains
tot alertes,indicator,"",alerts,column,5,5,6,9,TRUE,FALSE,total alertes,2,2026-05-20,2026-05-23,Tableau V. Synthèse de données (PoE/PoC) du 20/05/2026,Tot alertes
tot refus lavage mains,indicator,"",ipc_wash,column,5,5,6,9,TRUE,FALSE,tot refus lavage mains,1,2026-05-20,2026-05-23,Tableau V. Synthèse de données (PoE/PoC) du 20/05/2026,Tot refus Lavage mains
tot refus screening,indicator,"","",column,5,5,6,9,TRUE,FALSE,tot refus screening,1,2026-05-20,2026-05-23,Tableau V. Synthèse de données (PoE/PoC) du 20/05/2026,Tot refus screening
report,indicator,"","",row_label,5,5,6,14,TRUE,FALSE,report,1,2026-05-20,2026-05-28,Tableau VI. Mouvement des malades dans les établissements de soins en date du 20 mai 2026,Report
natures d'échant sang,indicator,"","",column,5,3,7,9,FALSE,FALSE,natures dechant sang,1,2026-05-21,2026-05-23,REPARTITION DES ECHANTILLONS TESTES AU LABO BUNIA PAR NATURE,Natures d'échant Sang
natures d'échant swab,indicator,"",death_surveil,column,5,3,7,9,FALSE,FALSE,natures dechant swab,1,2026-05-21,2026-05-23,REPARTITION DES ECHANTILLONS TESTES AU LABO BUNIA PAR NATURE,Natures d'échant Swab
hgr bunia,indicator,"","",column,5,5,7,17,TRUE,FALSE,hgr bunia,1,2026-05-21,2026-05-31,Tableau VI. Mouvement des malades dans les établissements de soins en date du 21 mai 2026,HGR Bunia
proportion des nouveaux cas confirmés ayant bénéficié d'interventions smsps,indicator,"",cases,row_label,5,5,21,25,TRUE,FALSE,proportion des nouveaux cas confirmes ayant beneficie dinterventions smsps,1,2026-06-04,2026-06-08,Tableau 6. Indicateurs clés des activités de santé mentale et soutien psychosocial au 07 juin 2026,Proportion des Nouveaux cas confirmés ayant bénéficié d'interventions SMSPS
proportion des cas confirmés en cours de suivi ayant bénéficié d'interventions smsps,indicator,"",cases,row_label,5,5,21,25,TRUE,FALSE,proportion des cas confirmes en cours de suivi ayant beneficie dinterventions smsps,1,2026-06-04,2026-06-08,Tableau 6. Indicateurs clés des activités de santé mentale et soutien psychosocial au 07 juin 2026,Proportion des cas confirmés en cours de suivi ayant bénéficié d'interventions SMSPS
proportion nouveaux cas suspects ayant bénéficié d'interventions smsps,indicator,"",cases,row_label,5,5,21,25,TRUE,FALSE,proportion nouveaux cas suspects ayant beneficie dinterventions smsps,1,2026-06-04,2026-06-08,Tableau 6. Indicateurs clés des activités de santé mentale et soutien psychosocial au 07 juin 2026,Proportion Nouveaux cas suspects ayant bénéficié d'interventions SMSPS
proportion cas suspects en cours de suivi ayant bénéficié d'interventions smsps,indicator,"",cases,row_label,5,5,21,25,TRUE,FALSE,proportion cas suspects en cours de suivi ayant beneficie dinterventions smsps,1,2026-06-04,2026-06-08,Tableau 6. Indicateurs clés des activités de santé mentale et soutien psychosocial au 07 juin 2026,Proportion cas suspects en cours de suivi ayant bénéficié d'interventions SMSPS
proportion résultats de laboratoire ayant été annoncé,indicator,"",laboratory,row_label,5,5,21,25,TRUE,FALSE,proportion resultats de laboratoire ayant ete annonce,1,2026-06-04,2026-06-08,Tableau 6. Indicateurs clés des activités de santé mentale et soutien psychosocial au 07 juin 2026,Proportion Résultats de laboratoire ayant été annoncé
proportion enfants séparés en crèche ayant bénéficié d'interventions smsps,indicator,"",psychosocial,row_label,5,5,21,25,TRUE,FALSE,proportion enfants separes en creche ayant beneficie dinterventions smsps,1,2026-06-04,2026-06-08,Tableau 6. Indicateurs clés des activités de santé mentale et soutien psychosocial au 07 juin 2026,Proportion Enfants séparés en crèche ayant bénéficié d'interventions SMSPS
proportion enfants séparés en communauté ayant bénéficié d'interventions smsps,indicator,"",psychosocial,row_label,5,5,21,25,TRUE,FALSE,proportion enfants separes en communaute ayant beneficie dinterventions smsps,1,2026-06-04,2026-06-08,Tableau 6. Indicateurs clés des activités de santé mentale et soutien psychosocial au 07 juin 2026,Proportion Enfants séparés en communauté ayant bénéficié d'interventions SMSPS
nb des ménages et communautés ayant bénéficié d'interventions smsps,indicator,"",psychosocial,row_label,5,5,21,25,TRUE,FALSE,nb des menages et communautes ayant beneficie dinterventions smsps,1,2026-06-04,2026-06-08,Tableau 6. Indicateurs clés des activités de santé mentale et soutien psychosocial au 07 juin 2026,Nb des ménages et communautés ayant bénéficié d'interventions SMSPS
proportion des malades ayant bénéficié des kit de dignité au cte,indicator,"",treatment,row_label,5,5,21,25,TRUE,FALSE,proportion des malades ayant beneficie des kit de dignite au cte,1,2026-06-04,2026-06-08,Tableau 6. Indicateurs clés des activités de santé mentale et soutien psychosocial au 07 juin 2026,Proportion des malades ayant bénéficié des Kit de dignité au CTE
patients en isolement (fin j) dont suspects,indicator,"",treatment,row_label,5,5,28,78,TRUE,FALSE,patients en isolement  fin j  dont suspects,1,2026-06-11,2026-07-31,Tableau 7. Mouvement des patients dans les établissements de soins (CTE/CT/CI) au 05 juillet 2026,Patients en isolement (Fin J) dont suspects
décès confirmés,indicator,"",cases,column,4,4,1,48,FALSE,FALSE,deces  confirmes,3,2026-05-14,2026-07-01,Tableau 1 : Répartition des cas et décès confirmés par province touchée en date du 01 juillet 2026.,Décès confirmés
nbre de décès suspects,indicator,"",cases,column,4,4,4,6,FALSE,FALSE,nbre de deces suspects,3,2026-05-19,2026-05-20,Tableau I : Répartition des cas et décès confirmés et probables de maladie à virus Ebola dans les zones de santé de la DPS Ituri et Nord-Kivu au 18 mai 2026*,Nbre de décès suspects
bunia,indicator,"","",column+row_label,4,4,4,7,FALSE,FALSE,bunia,1,2026-05-19,2026-05-21,Tableau II : Situation des alertes du jour dans les zones de santé de la DPS Ituri au 18 mai 2026,Bunia
nizi,indicator,"","",column+row_label,4,4,4,7,FALSE,FALSE,nizi,1,2026-05-19,2026-05-21,Tableau II. Mise à jour de la situation épidémiologique de MVE dans la province d’ITURI au 20/ 05 /2026,Nizi
lita,indicator,"","",column+row_label,4,4,4,7,FALSE,FALSE,lita,1,2026-05-19,2026-05-21,Tableau II. Mise à jour de la situation épidémiologique de MVE dans la province d’ITURI au 20/ 05 /2026,Lita
bambu,indicator,"","",column+row_label,4,4,4,7,FALSE,FALSE,bambu,1,2026-05-19,2026-05-21,Tableau II. Mise à jour de la situation épidémiologique de MVE dans la province d’ITURI au 20/ 05 /2026,Bambu
fataki,indicator,"","",column+row_label,4,4,4,7,FALSE,FALSE,fataki,1,2026-05-19,2026-05-21,Tableau II. Mise à jour de la situation épidémiologique de MVE dans la province d’ITURI au 20/ 05 /2026,Fataki
suivi journalier nouveaux contacts,indicator,"",contacts,column,4,4,5,9,FALSE,FALSE,suivi journalier nouveaux contacts,2,2026-05-19,2026-05-23,Tableau III. Récapitulatif de l’identification et suivi de contacts à la date du 21 mai 2026,Suivi journalier Nouveaux contacts le 19/05/2026
tot v passées,indicator,"","",column,4,4,6,8,FALSE,FALSE,tot v passees,1,2026-05-20,2026-05-22,Tableau V. Synthèse de données (PoE/PoC) du 20/05/2026,Tot v passées
tot v screenés,indicator,"","",column,4,4,6,8,FALSE,FALSE,tot v screenes,1,2026-05-20,2026-05-22,Tableau V. Synthèse de données (PoE/PoC) du 20/05/2026,Tot v screenés
tot v sensiblisés,indicator,"","",column,4,4,6,8,FALSE,FALSE,tot v sensiblises,1,2026-05-20,2026-05-22,Tableau V. Synthèse de données (PoE/PoC) du 20/05/2026,Tot v sensiblisés
sorties transférés à hgr,indicator,"",treatment,row_label,4,4,6,10,FALSE,FALSE,sorties transferes a lhgr,3,2026-05-20,2026-05-24,Tableau VI. Mouvement des malades dans les établissements de soins en date du 20 mai 2026,Sorties Transférés à HGR
nombre échantillons testés,indicator,"",laboratory,column,4,3,7,9,FALSE,FALSE,nombre echantillons testes,1,2026-05-21,2026-05-23,REPARTITION DES ECHANTILLONS TESTES AU LABO BUNIA PAR NATURE,Nombre échantillons testés
positifs sang,indicator,"",laboratory,column,4,3,7,9,FALSE,FALSE,positifs sang,1,2026-05-21,2026-05-23,REPARTITION DES ECHANTILLONS TESTES AU LABO BUNIA PAR NATURE,Positifs Sang
positifs swab,indicator,"",laboratory,column,4,3,7,9,FALSE,FALSE,positifs swab,1,2026-05-21,2026-05-23,REPARTITION DES ECHANTILLONS TESTES AU LABO BUNIA PAR NATURE,Positifs Swab
négatifs sang,indicator,"","",column,4,3,7,9,FALSE,FALSE,negatifs sang,1,2026-05-21,2026-05-23,REPARTITION DES ECHANTILLONS TESTES AU LABO BUNIA PAR NATURE,Négatifs Sang
négatifs swab,indicator,"",death_surveil,column,4,3,7,9,FALSE,FALSE,negatifs swab,1,2026-05-21,2026-05-23,REPARTITION DES ECHANTILLONS TESTES AU LABO BUNIA PAR NATURE,Négatifs Swab
indéterminés sang,indicator,"","",column,4,3,7,9,FALSE,FALSE,indetermines sang,1,2026-05-21,2026-05-23,REPARTITION DES ECHANTILLONS TESTES AU LABO BUNIA PAR NATURE,Indéterminés Sang
indéterminés swab,indicator,"",death_surveil,column,4,3,7,9,FALSE,FALSE,indetermines swab,1,2026-05-21,2026-05-23,REPARTITION DES ECHANTILLONS TESTES AU LABO BUNIA PAR NATURE,Indéterminés Swab
ré prélèvements (contrôle),indicator,"",laboratory,row_label,4,4,8,15,FALSE,FALSE,re prelevements  controle,1,2026-05-22,2026-05-29,Tableau IV. Point sur la situation de laboratoire cumul en date du 28/05/2026,Ré prélèvements (contrôle)
reprévelement,indicator,"","",column,4,2,8,9,FALSE,FALSE,reprevelement,4,2026-05-22,2026-05-23,REPARTITION DES ECHANTILLONS TESTES AU LABO BUNIA PAR NATURE,Reprévelement
nbre de décès suspects*,indicator,"",cases,column,4,4,10,15,FALSE,FALSE,nbre de deces suspects,3,2026-05-24,2026-05-29,"Tableau II. Répartition des cas, décès suspects et confirmés de maladie à virus Ebola dans les zones de santé de la DPS Ituri, Nord-Kivu et Sud Kivu au 24 mai 2026",Nbre de décès suspects*
hgr rwampara,indicator,"","",column,4,4,10,17,FALSE,FALSE,hgr rwampara,1,2026-05-24,2026-05-31,Tableau VI. Mouvement des malades dans les établissements de soins en date du 24/05/2026,HGR RWAMPARA
cme,indicator,"","",column,4,4,10,17,FALSE,FALSE,cme,1,2026-05-24,2026-05-31,Tableau VI. Mouvement des malades dans les établissements de soins en date du 24/05/2026,CME
hgr bambu,indicator,"","",column,4,4,10,17,FALSE,FALSE,hgr bambu,1,2026-05-24,2026-05-31,Tableau VI. Mouvement des malades dans les établissements de soins en date du 24/05/2026,HGR BAMBU
hgr aru,indicator,"","",column,4,4,10,17,FALSE,FALSE,hgr aru,1,2026-05-24,2026-05-31,Tableau VI. Mouvement des malades dans les établissements de soins en date du 24/05/2026,HGR ARU
indicateurs aux poe/poc,indicator,"",points_of_entry,column,4,4,13,16,FALSE,FALSE,indicateurs aux poe poc,1,2026-05-27,2026-05-30,Tableau III. Synthèse de données au PoE/PoC du 27/05/2026,Indicateurs aux PoE/PoC
voyageurs passés par le poe/poc,indicator,"",points_of_entry,row_label,4,4,13,16,FALSE,FALSE,voyageurs passes par le poe poc,2,2026-05-27,2026-05-30,Tableau III. Synthèse de données au PoE/PoC du 27/05/2026,Voyageurs passés par le PoE/PoC
voyageurs ayant lavés les mains,indicator,"",points_of_entry,row_label,4,4,13,16,FALSE,FALSE,voyageurs ayant laves les mains,2,2026-05-27,2026-05-30,Tableau III. Synthèse de données au PoE/PoC du 27/05/2026,Voyageurs ayant lavés les mains
voyageurs sensibilisés sur la mve,indicator,"",points_of_entry,row_label,4,4,13,16,FALSE,FALSE,voyageurs sensibilises sur la mve,1,2026-05-27,2026-05-30,Tableau III. Synthèse de données au PoE/PoC du 27/05/2026,Voyageurs sensibilisés sur la MVE
taux de positivité,indicator,"","",row_label,4,4,13,48,FALSE,FALSE,taux de positivite,1,2026-05-27,2026-07-01,Tableau IV. Point sur la situation de laboratoire cumul en date du 28/05/2026,Taux de positivité
%des voyageurs sensibilisés,indicator,"",points_of_entry,row_label,4,4,25,28,FALSE,FALSE,des voyageurs sensibilises,2,2026-06-08,2026-06-11,"Tableau 4. Suivi des indicateurs au Points d’entrées et Points de contrôle (PoE/PoC) dans la province de l’Ituri, en date du 11 juin 2026",%des voyageurs sensibilisés
% des corps sans vie swabé,indicator,"",death_surveil,row_label,4,4,37,40,FALSE,FALSE,des corps sans vie swabes,2,2026-06-20,2026-06-23,"Tableau 5. Suivi des indicateurs au Points d’entrées et Points de contrôle (PoE/PoC) dans la province de l’Ituri, en date du 20 juin 2026",% des corps sans vie swabé
complétude des rapports journaliers,indicator,"",surveillance,row_label,4,4,59,62,FALSE,FALSE,completude des rapports journaliers,1,2026-07-12,2026-07-15,"TABLEAU 6 — SUIVI DES INDICATEURS AUX POINTS D'ENTREE ET POINTS DE CONTROLE (POE/POC), AU 12 JUILLET 2026",Complétude des rapports journaliers
membres des ménages / communautés,indicator,"","",row_label,4,4,59,62,FALSE,FALSE,membres des menages et communautes,2,2026-07-12,2026-07-15,"TABLEAU 8 — INDICATEURS CLES DES ACTIVITES DE SANTE MENTALE ET SOUTIEN PSYCHOSOCIAL (SMSPS), 12 JUILLET 2026",Membres des ménages / communautés
corps sans vie interceptés ce jour,indicator,"",death_surveil,row_label,4,4,80,83,FALSE,FALSE,corps sans vie interceptes ce jour,1,2026-08-02,2026-08-05,TABLEAU 5 — SUIVI DES INDICATEURS AUX POINTS D'ENTREE ET POINTS DE CONTROLE (POE/POC),Corps sans vie interceptés ce jour
contacts à problème interceptés ce jour,indicator,"",contacts,row_label,4,4,80,83,FALSE,FALSE,contacts a probleme interceptes ce jour,1,2026-08-02,2026-08-05,TABLEAU 5 — SUIVI DES INDICATEURS AUX POINTS D'ENTREE ET POINTS DE CONTROLE (POE/POC),Contacts à problème interceptés ce jour
résultats positifs des cas suspects référés,indicator,"",cases,row_label,4,4,80,83,FALSE,FALSE,resultats positifs des cas suspects referes,1,2026-08-02,2026-08-05,TABLEAU 5 — SUIVI DES INDICATEURS AUX POINTS D'ENTREE ET POINTS DE CONTROLE (POE/POC),Résultats positifs des cas suspects référés
nouveaux cas confirmés ayant bénéficié d'interventions,indicator,"",cases,row_label,4,4,80,83,FALSE,FALSE,nouveaux cas confirmes ayant beneficie dinterventions,1,2026-08-02,2026-08-05,TABLEAU 7 — INDICATEURS CLES SMSPS,Nouveaux cas confirmés ayant bénéficié d'interventions
nombre de contacts à problèmes interceptés ce jour,indicator,"",contacts,row_label,4,4,96,99,FALSE,FALSE,nombre des contacts a probleme interceptes ce jour,3,2026-08-18,2026-08-21,"Suivi des indicateurs aux PoE/PoC par province, en date du 18 août 2026",Nombre de contacts à problèmes interceptés ce jour
cas suspects,indicator,"",cases,column,3,3,1,4,FALSE,FALSE,cas suspects,1,2026-05-14,2026-05-19,"",Cas Suspects
zs mongbwalu,indicator,"","",column,3,3,2,9,FALSE,FALSE,zs mongbwalu,1,2026-05-17,2026-05-23,Tableau VI. Mouvement des malades dans les établissements de soins en date du 22/05/2026,ZS Mongbwalu
zs rwampara,indicator,"","",column,3,3,2,9,FALSE,FALSE,zs rwampara,1,2026-05-17,2026-05-23,Tableau VI. Mouvement des malades dans les établissements de soins en date du 22/05/2026,ZS Rwampara
zs bunia,indicator,"","",column,3,3,2,9,FALSE,FALSE,zs bunia,1,2026-05-17,2026-05-23,Tableau VI. Mouvement des malades dans les établissements de soins en date du 22/05/2026,ZS Bunia
nouveaux décès confirmés,indicator,"",cases,column,3,3,5,6,FALSE,FALSE,nouveaux deces confirmes,1,2026-05-19,2026-05-20,Répartition des cas et décès confirmés par zone de santé et Province,Nouveaux décès confirmés
logo,indicator,"","",row_label,3,3,6,7,FALSE,FALSE,logo,1,2026-05-20,2026-05-21,Tableau II. Mise à jour de la situation épidémiologique de MVE dans la province d’ITURI au 20/ 05 /2026,Logo
aungba,indicator,"","",row_label,3,3,6,7,FALSE,FALSE,aungba,1,2026-05-20,2026-05-21,Tableau II. Mise à jour de la situation épidémiologique de MVE dans la province d’ITURI au 20/ 05 /2026,Aungba
rethy,indicator,"","",row_label,3,3,6,7,FALSE,FALSE,rethy,1,2026-05-20,2026-05-21,Tableau II. Mise à jour de la situation épidémiologique de MVE dans la province d’ITURI au 20/ 05 /2026,Rethy
komanda,indicator,"","",row_label,3,3,6,7,FALSE,FALSE,komanda,1,2026-05-20,2026-05-21,Tableau II. Mise à jour de la situation épidémiologique de MVE dans la province d’ITURI au 20/ 05 /2026,Komanda
mangala,indicator,"","",row_label,3,3,6,7,FALSE,FALSE,mangala,1,2026-05-20,2026-05-21,Tableau II. Mise à jour de la situation épidémiologique de MVE dans la province d’ITURI au 20/ 05 /2026,Mangala
lolwa,indicator,"","",row_label,3,3,6,7,FALSE,FALSE,lolwa,1,2026-05-20,2026-05-21,Tableau II. Mise à jour de la situation épidémiologique de MVE dans la province d’ITURI au 20/ 05 /2026,Lolwa
total general,indicator,"","",column,3,3,6,8,FALSE,FALSE,total general,2,2026-05-20,2026-05-22,Tableau VI. Mouvement des malades dans les établissements de soins en date du 20 mai 2026,TOTAL GENERAL
total en isolement,indicator,"",treatment,row_label,3,3,6,7,FALSE,FALSE,total en isolement,1,2026-05-20,2026-05-21,Tableau VI. Mouvement des malades dans les établissements de soins en date du 20 mai 2026,Total en Isolement
provenance zs,indicator,"","",column,3,1,7,7,FALSE,FALSE,provenance zs,3,2026-05-21,2026-05-21,REPARTITION DES ECHANTILLONS TESTES AU LABO BUNIA PAR NATURE,Provenance ZS
nouvelles admissions,indicator,"",treatment,row_label,3,1,7,7,FALSE,FALSE,nouvelles admissions,1,2026-05-21,2026-05-21,Tableau VI. Mouvement des malades dans les établissements de soins en date du 21 mai 2026,Nouvelles Admissions
nouvelles admissions du jour ppl,indicator,"",treatment,row_label,3,3,8,10,FALSE,FALSE,nouvelles admissions du jour ppl,1,2026-05-22,2026-05-24,Tableau VI. Mouvement des malades dans les établissements de soins en date du 22/05/2026,Nouvelles Admissions du jour PPL
nouvelles admissions du jour autres,indicator,"",treatment,row_label,3,3,8,10,FALSE,FALSE,nouvelles admissions du jour autres,1,2026-05-22,2026-05-24,Tableau VI. Mouvement des malades dans les établissements de soins en date du 22/05/2026,Nouvelles Admissions du jour Autres
effectif total en isolement,indicator,"",treatment,row_label,3,3,8,10,FALSE,FALSE,effectif total en isolement,1,2026-05-22,2026-05-24,Tableau VI. Mouvement des malades dans les établissements de soins en date du 22/05/2026,Effectif total en isolement
provenance/zs,indicator,"","",column,3,1,9,9,FALSE,FALSE,provenance zs,3,2026-05-23,2026-05-23,REPARTITION DES ECHANTILLONS TESTES AU LABO BUNIA PAR NATURE,Provenance/ZS
nbre de contacts*,indicator,"",contacts,column,3,3,10,13,FALSE,FALSE,nbre de contacts,2,2026-05-24,2026-05-27,"Tableau II. Répartition des cas, décès suspects et confirmés de maladie à virus Ebola dans les zones de santé de la DPS Ituri, Nord-Kivu et Sud Kivu au 24 mai 2026",Nbre de contacts*
échantillons reçus,indicator,"",laboratory,row_label,3,3,13,15,FALSE,FALSE,echantillons recus,1,2026-05-27,2026-05-29,Tableau IV. Point sur la situation de laboratoire cumul en date du 28/05/2026,Échantillons reçus
nbre d’échantillons analysés,indicator,"",laboratory,row_label,3,3,13,15,FALSE,FALSE,nbre dechantillons analyses,1,2026-05-27,2026-05-29,Tableau IV. Point sur la situation de laboratoire cumul en date du 28/05/2026,Nbre d’échantillons analysés
issues,indicator,"","",column,3,3,15,17,FALSE,FALSE,issues,1,2026-05-29,2026-05-31,Tableau II. Mouvement des malades dans les établissements de soins en date du 30/05/2026,ISSUES
nouveaux cas (24h),indicator,"",cases,column,3,3,17,20,FALSE,FALSE,nouveaux cas  24 h,2,2026-05-31,2026-06-03,"",Nouveaux cas (24h)
échantillons collectés,indicator,"",laboratory,row_label,3,3,17,48,FALSE,FALSE,echantillons collectes,1,2026-05-31,2026-07-01,Tableau 4 : Indicateurs laboratoire (01 juillet 2026),Échantillons collectés
échantillons analysés,indicator,"",laboratory,row_label,3,3,17,48,FALSE,FALSE,echantillons analyses,1,2026-05-31,2026-07-01,Tableau 4 : Indicateurs laboratoire (01 juillet 2026),Échantillons analysés
échantillons positifs,indicator,"",laboratory,row_label,3,3,17,48,FALSE,FALSE,echantillons positifs,1,2026-05-31,2026-07-01,Tableau 4 : Indicateurs laboratoire (01 juillet 2026),Échantillons positifs
échantillons en cours d'analyse,indicator,"",laboratory,row_label,3,3,17,48,FALSE,FALSE,echantillons en cours danalyse,1,2026-05-31,2026-07-01,Tableau 4 : Indicateurs laboratoire (01 juillet 2026),Échantillons en cours d'analyse
% refus du screening,indicator,"","",row_label,3,3,22,24,FALSE,FALSE,refus du screening,1,2026-06-05,2026-06-07,Tableau 4. Suivi des indicateurs au Points d’entrées et Points de contrôle (PoE/PoC) du 07 juin 2026,% refus du screening
% des voyageurs ayant lavé le mains,indicator,"",points_of_entry,row_label,3,3,22,24,FALSE,FALSE,des voyageurs ayant lave les mains,4,2026-06-05,2026-06-07,Tableau 4. Suivi des indicateurs au Points d’entrées et Points de contrôle (PoE/PoC) du 07 juin 2026,% des voyageurs ayant lavé le mains
% refus de lavage des mains,indicator,"",ipc_wash,row_label,3,3,22,24,FALSE,FALSE,refus de lavage des mains,1,2026-06-05,2026-06-07,Tableau 4. Suivi des indicateurs au Points d’entrées et Points de contrôle (PoE/PoC) du 07 juin 2026,% refus de lavage des mains
% de résultats disponible dans 24h,indicator,"",laboratory,row_label,3,3,25,30,FALSE,FALSE,de resultats disponibles dans 24h,2,2026-06-08,2026-06-13,"Tableau 4. Suivi des indicateurs au Points d’entrées et Points de contrôle (PoE/PoC) dans la province de l’Ituri, en date du 13 juin 2026",% de résultats disponible dans 24h
deces a la notification,indicator,"",cases,column,3,3,48,51,FALSE,FALSE,deces a la notification,1,2026-07-01,2026-07-04,Tableau 1 : Analyse des décès communautaires et de la létalité hospitalière lors de l'épidémie de maladie à virus Ebola Bundibugyo en RDC au 03 juillet 2026,Deces a la notification
cas confirmes notifies dans 24h,indicator,"",cases,column,3,3,48,51,FALSE,FALSE,cas confirmes notifies dans 24h,1,2026-07-01,2026-07-04,Tableau 1 : Analyse des décès communautaires et de la létalité hospitalière lors de l'épidémie de maladie à virus Ebola Bundibugyo en RDC au 03 juillet 2026,Cas confirmes notifies dans 24h
deces confirmes parmi les notifies dans 24h,indicator,"",cases,column,3,3,48,51,FALSE,FALSE,deces confirmes parmi les notifies dans 24h,1,2026-07-01,2026-07-04,Tableau 1 : Analyse des décès communautaires et de la létalité hospitalière lors de l'épidémie de maladie à virus Ebola Bundibugyo en RDC au 03 juillet 2026,Deces confirmes parmi les notifies dans 24h
cas confirmes notifies apres 24h,indicator,"",cases,column,3,3,48,51,FALSE,FALSE,cas confirmes notifies apres 24h,1,2026-07-01,2026-07-04,Tableau 1 : Analyse des décès communautaires et de la létalité hospitalière lors de l'épidémie de maladie à virus Ebola Bundibugyo en RDC au 03 juillet 2026,Cas confirmes notifies apres 24h
deces confirmes parmi les notifies apres 24h,indicator,"",cases,column,3,3,48,51,FALSE,FALSE,deces confirmes parmi les notifies apres 24h,1,2026-07-01,2026-07-04,Tableau 1 : Analyse des décès communautaires et de la létalité hospitalière lors de l'épidémie de maladie à virus Ebola Bundibugyo en RDC au 03 juillet 2026,Deces confirmes parmi les notifies apres 24h
patients en isolement (fin j) dont confirmés,indicator,"",treatment,row_label,3,3,60,78,FALSE,FALSE,patients en isolement  fin j  dont confirmes,1,2026-07-13,2026-07-31,"TABLEAU 6 — OCCUPATION DES STRUCTURES DE SOINS (CTE/CT/CI), AU 13/07/2026",Patients en isolement (fin J) dont confirmés
taux d’occupation des lits chez les confirmés,indicator,"",treatment,column,2,2,1,2,FALSE,FALSE,taux doccupation des lits chez les confirmes,1,2026-05-14,2026-05-17,"",Taux d’occupation des lits chez les confirmés
taux d’occupation des lits chez les suspects,indicator,"",treatment,column,2,2,1,2,FALSE,FALSE,taux doccupation des lits chez les suspects,1,2026-05-14,2026-05-17,"",Taux d’occupation des lits chez les suspects
cas suspects en isolement,indicator,"",cases,row_label,2,2,2,17,FALSE,FALSE,cas suspects en isolement,1,2026-05-17,2026-05-31,"Tableau 1. Répartition des alertes reçues, validées et investiguées par Zone de santé",Cas Suspects en isolement
suivi journalier nouveau1x contacts,indicator,"",contacts,column,2,2,6,6,FALSE,FALSE,suivi journalier nouveaux contacts,2,2026-05-20,2026-05-20,Tableau III. Récapitulatif de l’identification et suivi de contacts à la date du 20 mai 2026,Suivi journalier Nouveau1x contacts le 20/05/2026
bunia hgr,indicator,"","",column,2,2,6,6,FALSE,FALSE,bunia hgr,1,2026-05-20,2026-05-20,Tableau VI. Mouvement des malades dans les établissements de soins en date du 20 mai 2026,BUNIA HGR
bunia sofepadi,indicator,"","",column,2,2,6,6,FALSE,FALSE,bunia sofepadi,1,2026-05-20,2026-05-20,Tableau VI. Mouvement des malades dans les établissements de soins en date du 20 mai 2026,BUNIA SOFEPADI
bunia clibnique bénedicte,indicator,"","",column,2,2,6,6,FALSE,FALSE,bunia clibnique benedicte,1,2026-05-20,2026-05-20,Tableau VI. Mouvement des malades dans les établissements de soins en date du 20 mai 2026,BUNIA Clibnique Bénedicte
bunia rwaole,indicator,"","",column,2,2,6,6,FALSE,FALSE,bunia rwaole,1,2026-05-20,2026-05-20,Tableau VI. Mouvement des malades dans les établissements de soins en date du 20 mai 2026,BUNIA RWAOLE
bunia ch elikya,indicator,"","",column,2,2,6,6,FALSE,FALSE,bunia ch elikya,1,2026-05-20,2026-05-20,Tableau VI. Mouvement des malades dans les établissements de soins en date du 20 mai 2026,BUNIA CH ELIKYA
bunia total,indicator,"","",column,2,2,6,6,FALSE,FALSE,bunia total,1,2026-05-20,2026-05-20,Tableau VI. Mouvement des malades dans les établissements de soins en date du 20 mai 2026,BUNIA TOTAL
rwampara hgr,indicator,"","",column,2,2,6,6,FALSE,FALSE,rwampara hgr,1,2026-05-20,2026-05-20,Tableau VI. Mouvement des malades dans les établissements de soins en date du 20 mai 2026,RWAMPARA HGR
rwampara cme,indicator,"","",column,2,2,6,6,FALSE,FALSE,rwampara cme,1,2026-05-20,2026-05-20,Tableau VI. Mouvement des malades dans les établissements de soins en date du 20 mai 2026,RWAMPARA CME
rwampara ch salama,indicator,"","",column,2,2,6,6,FALSE,FALSE,rwampara ch salama,1,2026-05-20,2026-05-20,Tableau VI. Mouvement des malades dans les établissements de soins en date du 20 mai 2026,RWAMPARA CH SALAMA
rwampara cs hoho,indicator,"","",column,2,2,6,6,FALSE,FALSE,rwampara cs hoho,1,2026-05-20,2026-05-20,Tableau VI. Mouvement des malades dans les établissements de soins en date du 20 mai 2026,RWAMPARA CS HOHO
rwampara total,indicator,"","",column,2,2,6,6,FALSE,FALSE,rwampara total,1,2026-05-20,2026-05-20,Tableau VI. Mouvement des malades dans les établissements de soins en date du 20 mai 2026,RWAMPARA TOTAL
nouvelles admissions ppl,indicator,"",treatment,row_label,2,2,6,6,FALSE,FALSE,nouvelles admissions ppl,1,2026-05-20,2026-05-20,Tableau VI. Mouvement des malades dans les établissements de soins en date du 20 mai 2026,Nouvelles Admissions PPL
nouvelles admissions autres,indicator,"",treatment,row_label,2,2,6,6,FALSE,FALSE,nouvelles admissions autres,1,2026-05-20,2026-05-20,Tableau VI. Mouvement des malades dans les établissements de soins en date du 20 mai 2026,Nouvelles Admissions Autres
nouvelles admissions total,indicator,"",treatment,row_label,2,2,6,6,FALSE,FALSE,nouvelles admissions total,1,2026-05-20,2026-05-20,Tableau VI. Mouvement des malades dans les établissements de soins en date du 20 mai 2026,Nouvelles Admissions Total
nouveaux décès parmis confirmés,indicator,"",cases,column,2,2,7,8,FALSE,FALSE,nouveaux deces parmis confirmes,2,2026-05-21,2026-05-22,Tableau I. Répartition des cas et décès confirmés par zone de santé dans les provinces touchées,Nouveaux décès parmis confirmés
nbre de décès probable**,indicator,"",cases,column,2,2,7,8,FALSE,FALSE,nbre de deces probable,1,2026-05-21,2026-05-22,"Tableau IV. Répartition des cas, décès suspects et confirmés de maladie à virus Ebola dans les zones de santé de la DPS Ituri, Nord-Kivu et Sud Kivu au 22 mai 2026*",Nbre de décès probable**
reprélèvem ent,indicator,"",laboratory,column,2,1,7,7,FALSE,FALSE,reprevelement,4,2026-05-21,2026-05-21,REPARTITION DES ECHANTILLONS TESTES AU LABO BUNIA PAR NATURE,Reprélèvem ent
total général,indicator,"","",column,2,2,7,9,FALSE,FALSE,total general,2,2026-05-21,2026-05-23,Tableau VI. Mouvement des malades dans les établissements de soins en date du 21 mai 2026,Total Général
provenance /zs,indicator,"","",column,2,1,8,8,FALSE,FALSE,provenance zs,3,2026-05-22,2026-05-22,REPARTITION DES ECHANTILLONS TESTES AU LABO BUNIA PAR NATURE,Provenance /ZS
diagnostic résultats p1 positifs,indicator,"",laboratory,column,2,2,8,9,FALSE,FALSE,diagnostic resultats p1 positifs,2,2026-05-22,2026-05-23,REPARTITION DES ECHANTILLONS REPRELEVES,Diagnostic Résultats P1 Positifs
diagnostic résultats p1 négatifs,indicator,"",laboratory,column,2,2,8,9,FALSE,FALSE,diagnostic resultats p1 negatifs,2,2026-05-22,2026-05-23,REPARTITION DES ECHANTILLONS REPRELEVES,Diagnostic Résultats P1 Négatifs
diagnostic résultats p2 positifs,indicator,"",laboratory,column,2,2,8,9,FALSE,FALSE,diagnostic resultats p1 positifs,2,2026-05-22,2026-05-23,REPARTITION DES ECHANTILLONS REPRELEVES,Diagnostic Résultats P2 Positifs
diagnostic résultats p2 négatifs,indicator,"",laboratory,column,2,2,8,9,FALSE,FALSE,diagnostic resultats p1 negatifs,2,2026-05-22,2026-05-23,REPARTITION DES ECHANTILLONS REPRELEVES,Diagnostic Résultats P2 Négatifs
suivi résultats p3 à p5 positifs,indicator,"",laboratory,column,2,2,8,9,FALSE,FALSE,suivi resultats p3 a p5 positifs,1,2026-05-22,2026-05-23,REPARTITION DES ECHANTILLONS REPRELEVES,Suivi Résultats P3 à P5 Positifs
suivi résultats p3 à p5 négatifs,indicator,"",laboratory,column,2,2,8,9,FALSE,FALSE,suivi resultats p3 a p5 negatifs,1,2026-05-22,2026-05-23,REPARTITION DES ECHANTILLONS REPRELEVES,Suivi Résultats P3 à P5 Négatifs
zs nyankunde,indicator,"","",column,2,2,8,9,FALSE,FALSE,zs nyankunde,1,2026-05-22,2026-05-23,Tableau VI. Mouvement des malades dans les établissements de soins en date du 22/05/2026,ZS NYANKUNDE
nouveaux décès parmi confirmés,indicator,"",cases,column,2,2,9,10,FALSE,FALSE,nouveaux deces parmis confirmes,2,2026-05-23,2026-05-24,Tableau I. Répartition des cas et décès confirmés par zone de santé dans les provinces touchées en date du 23/05/2026,Nouveaux décès parmi confirmés
cumul de malades admis en isolement,indicator,"",treatment,row_label,2,2,9,10,FALSE,FALSE,cumul de malades admis en isolement,1,2026-05-23,2026-05-24,Tableau VI. Mouvement des malades dans les établissements de soins en date du 23/05/2026,Cumul de malades admis en isolement
sorties cumul des décès,indicator,"",cases,row_label,2,2,9,10,FALSE,FALSE,sorties cumul des deces,1,2026-05-23,2026-05-24,Tableau VI. Mouvement des malades dans les établissements de soins en date du 23/05/2026,Sorties Cumul des décès
echantillons,indicator,"",laboratory,column,2,2,10,11,FALSE,FALSE,echantillons,1,2026-05-24,2026-05-25,"",Echantillons
variables,indicator,"","",column,2,2,11,12,FALSE,FALSE,variables,1,2026-05-25,2026-05-26,Tableau III. Synthèse de données au PoE/PoC du 25/05/2026,VARIABLES
nbre des cas positifs,indicator,"",cases,row_label,2,2,13,15,FALSE,FALSE,nbre des cas positifs,1,2026-05-27,2026-05-29,Tableau IV. Point sur la situation de laboratoire en date du 27/05/2026,Nbre des cas positifs
indicateurs et variables,indicator,"","",column,2,2,13,14,FALSE,FALSE,indicateurs et variables,1,2026-05-27,2026-05-28,Tableau V. Mouvement des malades dans les établissements de soins en date du 27/05/2026,Indicateurs et Variables
hgr bunia (12 lits: 08 s et 03 c ),indicator,"",treatment,column,2,2,13,14,FALSE,FALSE,hgr bunia  12 lits  08 s et 03 c,1,2026-05-27,2026-05-28,Tableau V. Mouvement des malades dans les établissements de soins en date du 27/05/2026,HGR BUNIA (12 Lits: 08 S et 03 C )
hgr rwampara (18 lits: 08 c et 10 s),indicator,"",treatment,column,2,2,13,14,FALSE,FALSE,hgr rwampara  18 lits  08 c et 10 s,1,2026-05-27,2026-05-28,Tableau V. Mouvement des malades dans les établissements de soins en date du 27/05/2026,HGR RWAMPARA (18 Lits: 08 C et 10 S)
cme (27 lits : 08 conf et 19 s ),indicator,"",treatment,column,2,2,13,14,FALSE,FALSE,cme  27 lits   08 conf et 19 s,1,2026-05-27,2026-05-28,Tableau V. Mouvement des malades dans les établissements de soins en date du 27/05/2026,CME (27 Lits : 08 Conf et 19 S )
hgr mungbwalu (40 lits: 12 c et 28 s ),indicator,"",treatment,column,2,2,13,14,FALSE,FALSE,hgr mungbwalu  40 lits  12 c et 28 s,1,2026-05-27,2026-05-28,Tableau V. Mouvement des malades dans les établissements de soins en date du 27/05/2026,HGR MUNGBWALU (40 Lits: 12 C et 28 S )
hgr nyakunde,indicator,"","",column,2,2,13,14,FALSE,FALSE,hgr nyankunde,2,2026-05-27,2026-05-28,Tableau V. Mouvement des malades dans les établissements de soins en date du 27/05/2026,HGR NYAKUNDE
ct bambu,indicator,"",treatment,column,2,2,13,14,FALSE,FALSE,ct bambu,1,2026-05-27,2026-05-28,Tableau V. Mouvement des malades dans les établissements de soins en date du 27/05/2026,CT BAMBU
ct heal africa (nord-kivu) 19 lits,indicator,"",treatment,column,2,2,13,14,FALSE,FALSE,ct heal africa  nord kivu  19 lits,1,2026-05-27,2026-05-28,Tableau V. Mouvement des malades dans les établissements de soins en date du 27/05/2026,CT HEAL AFRICA (Nord-kivu) 19 lits
total et tx d'occup,indicator,"","",column,2,2,13,14,FALSE,FALSE,total et tx doccup,1,2026-05-27,2026-05-28,Tableau V. Mouvement des malades dans les établissements de soins en date du 27/05/2026,TOTAL et Tx d'occup
nouvelles ppl,indicator,"",workforce,row_label,2,2,13,14,FALSE,FALSE,nouvelles ppl,1,2026-05-27,2026-05-28,Tableau V. Mouvement des malades dans les établissements de soins en date du 27/05/2026,Nouvelles PPL
admissions autres,indicator,"",treatment,row_label,2,2,13,14,FALSE,FALSE,admissions autres,1,2026-05-27,2026-05-28,Tableau V. Mouvement des malades dans les établissements de soins en date du 27/05/2026,Admissions Autres
sorties transférés,indicator,"",treatment,row_label,2,2,13,14,FALSE,FALSE,sorties transferes,1,2026-05-27,2026-05-28,Tableau V. Mouvement des malades dans les établissements de soins en date du 27/05/2026,Sorties Transférés
malades hospitalisés total,indicator,"",treatment,row_label,2,2,13,14,FALSE,FALSE,malades hospitalises total,1,2026-05-27,2026-05-28,Tableau V. Mouvement des malades dans les établissements de soins en date du 27/05/2026,Malades Hospitalisés Total
malades hospitalisés nvx cas confirmés,indicator,"",cases,row_label,2,2,13,14,FALSE,FALSE,malades hospitalises nvx cas confirmes,1,2026-05-27,2026-05-28,Tableau V. Mouvement des malades dans les établissements de soins en date du 27/05/2026,Malades Hospitalisés Nvx Cas Confirmés
malades hospitalisés anciens cas confirmés,indicator,"",cases,row_label,2,2,13,14,FALSE,FALSE,malades hospitalises anciens cas confirmes,1,2026-05-27,2026-05-28,Tableau V. Mouvement des malades dans les établissements de soins en date du 27/05/2026,Malades Hospitalisés Anciens Cas Confirmés
malades hospitalisés suspects,indicator,"",treatment,row_label,2,2,13,14,FALSE,FALSE,malades hospitalises suspects,1,2026-05-27,2026-05-28,Tableau V. Mouvement des malades dans les établissements de soins en date du 27/05/2026,Malades Hospitalisés Suspects
malades hospitalisés suspect < 5 ans,indicator,"",treatment,row_label,2,2,13,14,FALSE,FALSE,malades hospitalises suspect   5 ans,1,2026-05-27,2026-05-28,Tableau V. Mouvement des malades dans les établissements de soins en date du 27/05/2026,Malades Hospitalisés Suspect < 5 ans
cfr,indicator,"","",column,2,2,17,48,FALSE,FALSE,cfr,1,2026-05-31,2026-07-01,Tableau 1 : Répartition des cas et décès confirmés par province touchée en date du 01 juillet 2026.,CFR
indicateur poe/poc,indicator,"",points_of_entry,column,2,2,17,18,FALSE,FALSE,indicateur poe poc,1,2026-05-31,2026-06-01,Surveillance aux Points d'Entrée et Points de Contrôle (PoE/PoC),Indicateur PoE/PoC
valeur (24h),indicator,"","",column,2,2,17,18,FALSE,FALSE,valeur  24h,1,2026-05-31,2026-06-01,Surveillance aux Points d'Entrée et Points de Contrôle (PoE/PoC),Valeur (24h)
taux,indicator,"","",column,2,2,17,18,FALSE,FALSE,taux,1,2026-05-31,2026-06-01,Surveillance aux Points d'Entrée et Points de Contrôle (PoE/PoC),Taux
voyageurs passés par les poe/poc,indicator,"",points_of_entry,row_label,2,2,17,18,FALSE,FALSE,voyageurs passes par le poe poc,2,2026-05-31,2026-06-01,Surveillance aux Points d'Entrée et Points de Contrôle (PoE/PoC),Voyageurs passés par les PoE/PoC
voyageurs ayant lavé les mains,indicator,"",points_of_entry,row_label,2,2,17,18,FALSE,FALSE,voyageurs ayant laves les mains,2,2026-05-31,2026-06-01,Surveillance aux Points d'Entrée et Points de Contrôle (PoE/PoC),Voyageurs ayant lavé les mains
voyageurs sensibilisés,indicator,"",points_of_entry,row_label,2,2,17,18,FALSE,FALSE,voyageurs sensibilises,2,2026-05-31,2026-06-01,Surveillance aux Points d'Entrée et Points de Contrôle (PoE/PoC),Voyageurs sensibilisés
analyse,indicator,"","",column,2,2,17,18,FALSE,FALSE,analyse,1,2026-05-31,2026-06-01,Indicateurs laboratoire (24h du 31 mai 2026),Analyse
échantillons positifs provenant de cas suspects décédés,indicator,"",cases,row_label,2,2,17,18,FALSE,FALSE,echantillons positifs provenant de cas suspects decedes,1,2026-05-31,2026-06-01,Indicateurs laboratoire (24h du 31 mai 2026),Échantillons positifs provenant de cas suspects décédés
portée,indicator,"","",column,2,2,17,18,FALSE,FALSE,portee,1,2026-05-31,2026-06-01,"",Portée
zs touchées,indicator,"","",column,2,2,19,20,FALSE,FALSE,zs touchees,1,2026-06-02,2026-06-03,"",ZS touchées
contacts vus (24h),indicator,"",contacts,column,2,2,19,20,FALSE,FALSE,contacts vus  24h,1,2026-06-02,2026-06-03,Tableau 3. Suivi des contacts des cas confirmés au 02 juin 2026,Contacts vus (24h)
% d’alertes investiguées dans 24h,indicator,"",alerts,row_label,2,2,22,23,FALSE,FALSE,dalertes investiguees dans 24h,1,2026-06-05,2026-06-06,"",% d’alertes investiguées dans 24h
patients en isolement (fin j) dont confirmés (nc+ac),indicator,"",treatment,row_label,2,2,28,52,FALSE,FALSE,patients en isolement  fin j  dont confirmes  nc ac,1,2026-06-11,2026-07-05,Tableau 7. Mouvement des patients dans les établissements de soins (CTE/CT/CI) au 05 juillet 2026,Patients en isolement (Fin J) dont confirmés (NC+AC)
décès communautaire : décès à la notification + décès en 24h de notification,indicator,"",cases,column,2,2,48,50,FALSE,FALSE,deces communautaire   deces a la notification   deces en 24h de notification,1,2026-07-01,2026-07-03,Tableau 1 : Analyse des décès communautaires et de la létalité hospitalière lors de l'épidémie de maladie à virus Ebola Bundibugyo en RDC au 03 juillet 2026,Décès communautaire : Décès à la notification + Décès en 24h de notification
taux de létalité (décès communautaire),indicator,"",cases,column,2,2,48,50,FALSE,FALSE,taux de letalite  deces communautaire,1,2026-07-01,2026-07-03,Tableau 1 : Analyse des décès communautaires et de la létalité hospitalière lors de l'épidémie de maladie à virus Ebola Bundibugyo en RDC au 03 juillet 2026,Taux de létalité (décès communautaire)
cas confirmes,indicator,"",cases,column,2,2,50,51,FALSE,FALSE,cas confirmes,2,2026-07-03,2026-07-04,Tableau 1 : Analyse des décès communautaires et de la létalité hospitalière lors de l'épidémie de maladie à virus Ebola Bundibugyo en RDC au 03 juillet 2026,Cas confirmes
sorties — décédés,indicator,"",treatment,row_label,2,2,59,80,FALSE,FALSE,sorties decedes,2,2026-07-12,2026-08-02,TABLEAU 5 — OCCUPATION DES STRUCTURES DE SOINS (CTE/CT/CI),Sorties — décédés
sorties — non-cas,indicator,"",cases,row_label,2,2,59,80,FALSE,FALSE,sorties non cas,3,2026-07-12,2026-08-02,TABLEAU 5 — OCCUPATION DES STRUCTURES DE SOINS (CTE/CT/CI),Sorties — non-cas
sorties — guéris,indicator,"",treatment,row_label,2,2,59,80,FALSE,FALSE,sorties gueris,2,2026-07-12,2026-08-02,TABLEAU 5 — OCCUPATION DES STRUCTURES DE SOINS (CTE/CT/CI),Sorties — guéris
sorties — évadés,indicator,"",treatment,row_label,2,2,59,80,FALSE,FALSE,sorties evades,3,2026-07-12,2026-08-02,TABLEAU 5 — OCCUPATION DES STRUCTURES DE SOINS (CTE/CT/CI),Sorties — évadés
sorties — transférés à l'hgr,indicator,"",treatment,row_label,2,2,59,80,FALSE,FALSE,sorties transferes a lhgr,3,2026-07-12,2026-08-02,TABLEAU 5 — OCCUPATION DES STRUCTURES DE SOINS (CTE/CT/CI),Sorties — transférés à l'HGR
validées (cas suspect) vivants,indicator,"",cases,column,2,2,119,120,FALSE,TRUE,validees  cas suspect  vivants,1,2026-09-10,2026-09-11,"Tableau 3. Situation des alertes notifiées par province, au 10 Septembre 2026",validées (cas suspect) Vivants
validées (cas suspect) décédés,indicator,"",cases,column,2,2,119,120,FALSE,TRUE,validees  cas suspect  decedes,1,2026-09-10,2026-09-11,"Tableau 3. Situation des alertes notifiées par province, au 10 Septembre 2026",validées (cas suspect) Décédés
invalidées (non-cas suspect) vivants,indicator,"",cases,column,2,2,119,120,FALSE,TRUE,invalidees  non cas suspect  vivants,1,2026-09-10,2026-09-11,"Tableau 3. Situation des alertes notifiées par province, au 10 Septembre 2026",invalidées (non-cas suspect) Vivants
invalidées (non-cas suspect) décédés,indicator,"",cases,column,2,2,119,120,FALSE,TRUE,invalidees  non cas suspect  decedes,1,2026-09-10,2026-09-11,"Tableau 3. Situation des alertes notifiées par province, au 10 Septembre 2026",invalidées (non-cas suspect) Décédés
suspects investigués et transférés au ct/cte (du jour),indicator,"",surveillance,column,2,2,119,120,FALSE,TRUE,suspects investigues et transferes au ct cte  du jour,1,2026-09-10,2026-09-11,"Tableau 3. Situation des alertes notifiées par province, au 10 Septembre 2026",suspects investigués et transférés au CT/CTE (du jour)
alert,indicator,"","",column,1,1,1,1,FALSE,FALSE,alert,1,2026-05-14,2026-05-14,"",Alert
cas confirmés ebola,indicator,"",cases,row_label,1,1,1,1,FALSE,FALSE,cas confirmes ebola,1,2026-05-14,2026-05-14,"",Cas confirmés Ebola
échantillons à reprendre,indicator,"",laboratory,row_label,1,1,1,1,FALSE,FALSE,echantillons a reprendre,1,2026-05-14,2026-05-14,"",Échantillons à reprendre
cas suspects/probables estimés,indicator,"",cases,row_label,1,1,1,1,FALSE,FALSE,cas suspects probables estimes,1,2026-05-14,2026-05-14,"",Cas suspects/probables estimés
décès hospitaliers hgr mongbwalu,indicator,"",cases,row_label,1,1,1,1,FALSE,FALSE,deces hospitaliers hgr mongbwalu,1,2026-05-14,2026-05-14,"",Décès hospitaliers HGR Mongbwalu
décès communautaires mongbwalu,indicator,"",cases,row_label,1,1,1,1,FALSE,FALSE,deces communautaires mongbwalu,1,2026-05-14,2026-05-14,"",Décès communautaires Mongbwalu
personnel de santé décédé,indicator,"",workforce,row_label,1,1,1,1,FALSE,FALSE,personnel de sante decede,1,2026-05-14,2026-05-14,"",Personnel de santé décédé
contacts identifiés,indicator,"",contacts,row_label,1,1,1,1,FALSE,FALSE,contacts identifies,1,2026-05-14,2026-05-14,"",Contacts identifiés
zs affectées,indicator,"","",row_label,1,1,1,1,FALSE,FALSE,zs affectees,1,2026-05-14,2026-05-14,"",ZS affectées
alertes,indicator,"",alerts,column,1,1,2,2,FALSE,FALSE,alertes,1,2026-05-17,2026-05-17,"",Alertes
alertes reçues,indicator,"",alerts,row_label,1,1,2,2,FALSE,FALSE,alertes recues,1,2026-05-17,2026-05-17,"Tableau 1. Répartition des alertes reçues, validées et investiguées par Zone de santé",Alertes reçues
cas investigués,indicator,"",cases,row_label,1,1,2,2,FALSE,FALSE,cas investigues,1,2026-05-17,2026-05-17,"Tableau 1. Répartition des alertes reçues, validées et investiguées par Zone de santé",Cas investigués
cas probables,indicator,"",cases,row_label,1,1,2,2,FALSE,FALSE,cas probables,2,2026-05-17,2026-05-17,"Tableau 1. Répartition des alertes reçues, validées et investiguées par Zone de santé",Cas Probables
cas suspects en cours de prélèvement,indicator,"",cases,row_label,1,1,2,2,FALSE,FALSE,cas suspects en cours de prelevement,1,2026-05-17,2026-05-17,"Tableau 1. Répartition des alertes reçues, validées et investiguées par Zone de santé",Cas suspects en cours de prélèvement
cas probable,indicator,"",cases,column,1,1,4,4,FALSE,FALSE,cas probables,2,2026-05-19,2026-05-19,"",Cas probable
indicateurs sur les alertes,indicator,"",alerts,column,1,1,4,4,FALSE,FALSE,indicateurs sur les alertes,1,2026-05-19,2026-05-19,Tableau II : Situation des alertes du jour dans les zones de santé de la DPS Ituri au 18 mai 2026,Indicateurs sur les alertes
cas suspects non prélevés,indicator,"",cases,column,1,1,5,5,FALSE,FALSE,cas suspects non preleves,2,2026-05-19,2026-05-19,Tableau I. Récapitulatif de la situation des alertes à la date du 19 mai 2026,Cas suspects non prélevés
nyarambe,indicator,"","",row_label,1,1,7,7,FALSE,FALSE,nyarambe,1,2026-05-21,2026-05-21,Tableau II. Récapitulatif de la situation des alertes à la date du 21 mai 2026,Nyarambe
aru,indicator,"","",row_label,1,1,7,7,FALSE,FALSE,aru,1,2026-05-21,2026-05-21,Tableau II. Récapitulatif de la situation des alertes à la date du 21 mai 2026,Aru
drodro,indicator,"","",row_label,1,1,7,7,FALSE,FALSE,drodro,1,2026-05-21,2026-05-21,Tableau II. Récapitulatif de la situation des alertes à la date du 21 mai 2026,Drodro
mambassa,indicator,"","",row_label,1,1,7,7,FALSE,FALSE,mambassa,1,2026-05-21,2026-05-21,Tableau II. Récapitulatif de la situation des alertes à la date du 21 mai 2026,Mambassa
suivi journalier taux de suivi,indicator,"",contacts,column,1,1,7,7,FALSE,FALSE,suivi journalier taux de suivi,1,2026-05-21,2026-05-21,Tableau III. Récapitulatif de l’identification et suivi de contacts à la date du 21 mai 2026,Suivi journalier Taux de suivi
raison de non vus total non vus,indicator,"","",column,1,1,7,7,FALSE,FALSE,raison de non vus total non vus,1,2026-05-21,2026-05-21,Tableau III. Récapitulatif de l’identification et suivi de contacts à la date du 21 mai 2026,Raison de non vus Total non vus
raison de non vus reste à suivre le jour suivant,indicator,"","",column,1,1,7,7,FALSE,FALSE,raison de non vus reste a suivre le jour suivant,1,2026-05-21,2026-05-21,Tableau III. Récapitulatif de l’identification et suivi de contacts à la date du 21 mai 2026,Raison de non vus Reste à suivre le jour suivant
reprélèvement,indicator,"",laboratory,column,1,1,7,7,FALSE,FALSE,reprevelement,4,2026-05-21,2026-05-21,REPARTITION DES ECHANTILLONS REPRELEVES,Reprélèvement
diagnostic,indicator,"","",column,1,1,7,7,FALSE,FALSE,diagnostic,1,2026-05-21,2026-05-21,REPARTITION DES ECHANTILLONS REPRELEVES,Diagnostic
résultats p1 positifs,indicator,"",laboratory,column,1,1,7,7,FALSE,FALSE,resultats p1 positifs,2,2026-05-21,2026-05-21,REPARTITION DES ECHANTILLONS REPRELEVES,Résultats P1 Positifs
résultats p1 négatifs,indicator,"",laboratory,column,1,1,7,7,FALSE,FALSE,resultats p1 negatifs,2,2026-05-21,2026-05-21,REPARTITION DES ECHANTILLONS REPRELEVES,Résultats P1 Négatifs
résultats p2 positifs,indicator,"",laboratory,column,1,1,7,7,FALSE,FALSE,resultats p1 positifs,2,2026-05-21,2026-05-21,REPARTITION DES ECHANTILLONS REPRELEVES,Résultats P2 Positifs
résultats p2 négatifs,indicator,"",laboratory,column,1,1,7,7,FALSE,FALSE,resultats p1 negatifs,2,2026-05-21,2026-05-21,REPARTITION DES ECHANTILLONS REPRELEVES,Résultats P2 Négatifs
résultats p1/p2 positifs,indicator,"",laboratory,column,1,1,7,7,FALSE,FALSE,resultats p1 p2 positifs,1,2026-05-21,2026-05-21,REPARTITION DES ECHANTILLONS REPRELEVES,Résultats P1/P2 Positifs
résultats p1/p2 négatifs,indicator,"",laboratory,column,1,1,7,7,FALSE,FALSE,resultats p1 p2 negatifs,1,2026-05-21,2026-05-21,REPARTITION DES ECHANTILLONS REPRELEVES,Résultats P1/P2 Négatifs
cumul échantillons reçus,indicator,"",laboratory,row_label,1,1,8,8,FALSE,FALSE,cumul echantillons recus,1,2026-05-22,2026-05-22,"",Cumul échantillons reçus
cumul échantillons analysés,indicator,"",laboratory,row_label,1,1,8,8,FALSE,FALSE,cumul echantillons analyses,1,2026-05-22,2026-05-22,"",Cumul échantillons analysés
cumul positifs,indicator,"",laboratory,row_label,1,1,8,8,FALSE,FALSE,cumul positifs,1,2026-05-22,2026-05-22,"",Cumul positifs
reprèvement,indicator,"","",column,1,1,8,8,FALSE,FALSE,reprevelement,4,2026-05-22,2026-05-22,REPARTITION DES ECHANTILLONS TESTES AU LABO BUNIA PAR NATURE,Reprèvement
report (nombre de malades présents au lit à la fin de journée précédente),indicator,"",treatment,row_label,1,1,8,8,FALSE,FALSE,report  nombre de malades presents au lit a la fin de journee precedente,2,2026-05-22,2026-05-22,Tableau VI. Mouvement des malades dans les établissements de soins en date du 22/05/2026,Report (Nombre de malades présents au lit à la fin de journée précédente)
total des nouvelles admissions du jour,indicator,"",treatment,row_label,1,1,8,8,FALSE,FALSE,total des nouvelles admissions du jour,1,2026-05-22,2026-05-22,Tableau VI. Mouvement des malades dans les établissements de soins en date du 22/05/2026,Total des nouvelles admissions du jour
nbre de décès suspects**,indicator,"",cases,column,1,1,9,9,FALSE,FALSE,nbre de deces suspects,3,2026-05-23,2026-05-23,"Tableau IV. Répartition des cas, décès suspects et confirmés de maladie à virus Ebola dans les zones de santé de la DPS Ituri, Nord-Kivu et Sud Kivu au 23 mai 2026*",Nbre de décès suspects**
voyageurs,indicator,"",points_of_entry,column,1,1,9,9,FALSE,FALSE,voyageurs,1,2026-05-23,2026-05-23,Tableau V. Synthèse de données (PoE/PoC) du 23/05/2026,Voyageurs
voyageurs sensiblisés,indicator,"",points_of_entry,column,1,1,9,9,FALSE,FALSE,voyageurs sensibilises,2,2026-05-23,2026-05-23,Tableau V. Synthèse de données (PoE/PoC) du 23/05/2026,Voyageurs sensiblisés
nombre échantillons,indicator,"",laboratory,column,1,1,9,9,FALSE,FALSE,nombre echantillons,1,2026-05-23,2026-05-23,REPARTITION DES ECHANTILLONS TESTES AU LABO BUNIA PAR NATURE,Nombre échantillons
zs aru,indicator,"","",column,1,1,9,9,FALSE,FALSE,zs aru,1,2026-05-23,2026-05-23,Tableau VI. Mouvement des malades dans les établissements de soins en date du 23/05/2026,ZS Aru
report (nombre de malades présents au lit à la fin de journeée précédente),indicator,"",treatment,row_label,1,1,9,9,FALSE,FALSE,report  nombre de malades presents au lit a la fin de journee precedente,2,2026-05-23,2026-05-23,Tableau VI. Mouvement des malades dans les établissements de soins en date du 23/05/2026,Report (Nombre de malades présents au lit à la fin de journeée précédente)
nouvelles admissions du jour total des nouvelles admissions du jour,indicator,"",treatment,row_label,1,1,9,9,FALSE,FALSE,nouvelles admissions du jour total des nouvelles admissions du jour,1,2026-05-23,2026-05-23,Tableau VI. Mouvement des malades dans les établissements de soins en date du 23/05/2026,Nouvelles Admissions du jour Total des nouvelles admissions du jour
nouveaux contacts listés**,indicator,"",contacts,column,1,1,10,10,FALSE,FALSE,nouveaux contacts listes,2,2026-05-24,2026-05-24,Tableau I. Répartition des cas et décès confirmés par zone de santé dans les provinces touchées en date du 24/05/2026,Nouveaux Contacts listés**
nouveaux guéris du jour,indicator,"",treatment,column,1,1,10,10,FALSE,FALSE,nouveaux gueris du jour,1,2026-05-24,2026-05-24,Tableau I. Répartition des cas et décès confirmés par zone de santé dans les provinces touchées en date du 24/05/2026,Nouveaux Guéris du jour
sofepadi,indicator,"","",column,1,1,10,10,FALSE,FALSE,sofepadi,1,2026-05-24,2026-05-24,Tableau VI. Mouvement des malades dans les établissements de soins en date du 24/05/2026,SOFEPADI
clinique bénedicte,indicator,"","",column,1,1,10,10,FALSE,FALSE,clinique benedicte,1,2026-05-24,2026-05-24,Tableau VI. Mouvement des malades dans les établissements de soins en date du 24/05/2026,Clinique Bénedicte
ch elikya,indicator,"","",column,1,1,10,10,FALSE,FALSE,ch elikya,1,2026-05-24,2026-05-24,Tableau VI. Mouvement des malades dans les établissements de soins en date du 24/05/2026,CH ELIKYA
cm les merites,indicator,"","",column,1,1,10,10,FALSE,FALSE,cm les merites,1,2026-05-24,2026-05-24,Tableau VI. Mouvement des malades dans les établissements de soins en date du 24/05/2026,CM LES MERITES
citadele,indicator,"","",column,1,1,10,10,FALSE,FALSE,citadele,1,2026-05-24,2026-05-24,Tableau VI. Mouvement des malades dans les établissements de soins en date du 24/05/2026,CITADELE
unibu,indicator,"","",column,1,1,10,10,FALSE,FALSE,unibu,1,2026-05-24,2026-05-24,Tableau VI. Mouvement des malades dans les établissements de soins en date du 24/05/2026,UNIBU
ch la providence,indicator,"","",column,1,1,10,10,FALSE,FALSE,ch la providence,1,2026-05-24,2026-05-24,Tableau VI. Mouvement des malades dans les établissements de soins en date du 24/05/2026,CH LA PROVIDENCE
rwakole,indicator,"","",column,1,1,10,10,FALSE,FALSE,rwakole,1,2026-05-24,2026-05-24,Tableau VI. Mouvement des malades dans les établissements de soins en date du 24/05/2026,RWAKOLE
cm mathysen,indicator,"","",column,1,1,10,10,FALSE,FALSE,cm mathysen,1,2026-05-24,2026-05-24,Tableau VI. Mouvement des malades dans les établissements de soins en date du 24/05/2026,CM MATHYSEN
sous total bunia,indicator,"","",column,1,1,10,10,FALSE,FALSE,sous total bunia,1,2026-05-24,2026-05-24,Tableau VI. Mouvement des malades dans les établissements de soins en date du 24/05/2026,SOUS TOTAL BUNIA
ch salama,indicator,"","",column,1,1,10,10,FALSE,FALSE,ch salama,1,2026-05-24,2026-05-24,Tableau VI. Mouvement des malades dans les établissements de soins en date du 24/05/2026,CH SALAMA
sous total rwampara,indicator,"","",column,1,1,10,10,FALSE,FALSE,sous total rwampara,1,2026-05-24,2026-05-24,Tableau VI. Mouvement des malades dans les établissements de soins en date du 24/05/2026,SOUS TOTAL RWAMPARA
report (nbre de malades au lit à la fin de journeée précédente),indicator,"",treatment,row_label,1,1,10,10,FALSE,FALSE,report  nbre de malades au lit a la fin de journeee precedente,1,2026-05-24,2026-05-24,Tableau VI. Mouvement des malades dans les établissements de soins en date du 24/05/2026,Report (Nbre de malades au lit à la fin de journeée précédente)
nouvelles admissions du jour total admissions du jour,indicator,"",treatment,row_label,1,1,10,10,FALSE,FALSE,nouvelles admissions du jour total admissions du jour,1,2026-05-24,2026-05-24,Tableau VI. Mouvement des malades dans les établissements de soins en date du 24/05/2026,Nouvelles Admissions du jour Total admissions du jour
nbre de cas suspects*,indicator,"",cases,column,1,1,13,13,FALSE,FALSE,nbre de cas suspects,2,2026-05-27,2026-05-27,"Tableau II. Répartition des cas, décès suspects et confirmés de maladie à virus Ebola dans les zones de santé de la DPS Ituri, Nord-Kivu et Sud Kivu au 27 mai 2026",Nbre de cas suspects*
nbre de cas confirmés*,indicator,"",cases,column,1,1,13,13,FALSE,FALSE,nbre de cas confirmes,2,2026-05-27,2026-05-27,"Tableau II. Répartition des cas, décès suspects et confirmés de maladie à virus Ebola dans les zones de santé de la DPS Ituri, Nord-Kivu et Sud Kivu au 27 mai 2026",Nbre de cas Confirmés*
taux d’occupation de lit suspects,indicator,"",treatment,row_label,1,1,13,13,FALSE,FALSE,taux doccupation de lit suspects,2,2026-05-27,2026-05-27,Tableau V. Mouvement des malades dans les établissements de soins en date du 27/05/2026,Taux d’occupation de lit Suspects
taux d’occupation de lit confirmés,indicator,"",treatment,row_label,1,1,13,13,FALSE,FALSE,taux doccupation de lit confirmes,2,2026-05-27,2026-05-27,Tableau V. Mouvement des malades dans les établissements de soins en date du 27/05/2026,Taux d’occupation de lit Confirmés
nbre total des cas positifs,indicator,"",cases,row_label,1,1,14,14,FALSE,FALSE,nbre total des cas positifs,1,2026-05-28,2026-05-28,Tableau IV. Point sur la situation de laboratoire cumul en date du 28/05/2026,Nbre total des cas positifs
taux d'occupation de lit suspects,indicator,"",treatment,row_label,1,1,14,14,FALSE,FALSE,taux doccupation de lit suspects,2,2026-05-28,2026-05-28,Tableau V. Mouvement des malades dans les établissements de soins en date du 28/05/2026,Taux d'occupation de lit Suspects
taux d'occupation de lit confirmés,indicator,"",treatment,row_label,1,1,14,14,FALSE,FALSE,taux doccupation de lit confirmes,2,2026-05-28,2026-05-28,Tableau V. Mouvement des malades dans les établissements de soins en date du 28/05/2026,Taux d'occupation de lit Confirmés
cumul de cas confirmés,indicator,"",cases,column,1,1,15,15,FALSE,FALSE,cumul de cas confirmes,1,2026-05-29,2026-05-29,Tableau I. Les indicateurs clés de la surveillance épidémiologique dans les trois provinces en date du 29 mai 2026,Cumul de cas Confirmés
cumul de décès confirmés,indicator,"",cases,column,1,1,15,15,FALSE,FALSE,cumul de deces confirmes,1,2026-05-29,2026-05-29,Tableau I. Les indicateurs clés de la surveillance épidémiologique dans les trois provinces en date du 29 mai 2026,Cumul de décès confirmés
nbre de contacts (<21 jours),indicator,"",contacts,column,1,1,15,15,FALSE,FALSE,nbre de contacts   21 jours,1,2026-05-29,2026-05-29,Tableau I. Les indicateurs clés de la surveillance épidémiologique dans les trois provinces en date du 29 mai 2026,Nbre de contacts (<21 jours)
contacts suivis,indicator,"",contacts,column,1,1,15,15,FALSE,FALSE,contacts suivis,1,2026-05-29,2026-05-29,Tableau I. Les indicateurs clés de la surveillance épidémiologique dans les trois provinces en date du 29 mai 2026,Contacts suivis
taux de suivis,indicator,"",contacts,column,1,1,15,15,FALSE,FALSE,taux de suivi,3,2026-05-29,2026-05-29,Tableau I. Les indicateurs clés de la surveillance épidémiologique dans les trois provinces en date du 29 mai 2026,Taux de Suivis
cible,indicator,"","",column,1,1,17,17,FALSE,FALSE,cible,1,2026-05-31,2026-05-31,Indicateurs de surveillance (24h),Cible
performance,indicator,"","",column,1,1,17,17,FALSE,FALSE,performance,1,2026-05-31,2026-05-31,Indicateurs de surveillance (24h),Performance
nouvelles zones de santé touchées,indicator,"","",row_label,1,1,17,17,FALSE,FALSE,nouvelles zones de sante touchees,1,2026-05-31,2026-05-31,Indicateurs de surveillance (24h),Nouvelles zones de santé touchées
patients en isolement,indicator,"",treatment,row_label,1,1,17,17,FALSE,FALSE,patients en isolement,1,2026-05-31,2026-05-31,Indicateurs de prise en charge,Patients en isolement
cas confirmés en isolement,indicator,"",cases,row_label,1,1,17,17,FALSE,FALSE,cas confirmes en isolement,1,2026-05-31,2026-05-31,Indicateurs de prise en charge,Cas confirmés en isolement
létalité hospitalière,indicator,"",cases,row_label,1,1,17,17,FALSE,FALSE,letalite hospitaliere,1,2026-05-31,2026-05-31,Indicateurs de prise en charge,Létalité hospitalière
lits cte disponibles vs occupés,indicator,"",treatment,row_label,1,1,17,17,FALSE,FALSE,lits cte disponibles vs occupes,1,2026-05-31,2026-05-31,Indicateurs de prise en charge,Lits CTE disponibles vs occupés
activité,indicator,"","",column,1,1,17,17,FALSE,FALSE,activite,2,2026-05-31,2026-05-31,"",Activité
défi,indicator,"","",column,1,1,17,17,FALSE,FALSE,defi,1,2026-05-31,2026-05-31,"",Défi
patients présents au lit (fin de journée j-1),indicator,"",treatment,row_label,1,1,18,18,FALSE,FALSE,patients presents au lit  fin de journee j 1,1,2026-06-01,2026-06-01,"Tableau 4. Mouvement des patients dans les établissements de soins, 17e épidémie de maladie à virus Ebola (Bundibugyo), République Démocratique du Congo, au 1er juin 2026",Patients présents au lit (fin de journée J-1)
admissions (24h) admissions ppl,indicator,"",treatment,row_label,1,1,18,18,FALSE,FALSE,admissions  24h  admissions ppl,1,2026-06-01,2026-06-01,"Tableau 4. Mouvement des patients dans les établissements de soins, 17e épidémie de maladie à virus Ebola (Bundibugyo), République Démocratique du Congo, au 1er juin 2026",Admissions (24h) Admissions PPL
admissions (24h) admissions autres,indicator,"",treatment,row_label,1,1,18,18,FALSE,FALSE,admissions  24h  admissions autres,1,2026-06-01,2026-06-01,"Tableau 4. Mouvement des patients dans les établissements de soins, 17e épidémie de maladie à virus Ebola (Bundibugyo), République Démocratique du Congo, au 1er juin 2026",Admissions (24h) Admissions autres
sorties (24h) décédés suspects,indicator,"",treatment,row_label,1,1,18,18,FALSE,FALSE,sorties  24h  decedes suspects,1,2026-06-01,2026-06-01,"Tableau 4. Mouvement des patients dans les établissements de soins, 17e épidémie de maladie à virus Ebola (Bundibugyo), République Démocratique du Congo, au 1er juin 2026",Sorties (24h) Décédés suspects
sorties (24h) décédés confirmés,indicator,"",treatment,row_label,1,1,18,18,FALSE,FALSE,sorties  24h  decedes confirmes,1,2026-06-01,2026-06-01,"Tableau 4. Mouvement des patients dans les établissements de soins, 17e épidémie de maladie à virus Ebola (Bundibugyo), République Démocratique du Congo, au 1er juin 2026",Sorties (24h) Décédés confirmés
sorties (24h) non cas,indicator,"",cases,row_label,1,1,18,18,FALSE,FALSE,sorties  24h  non cas,3,2026-06-01,2026-06-01,"Tableau 4. Mouvement des patients dans les établissements de soins, 17e épidémie de maladie à virus Ebola (Bundibugyo), République Démocratique du Congo, au 1er juin 2026",Sorties (24h) Non cas
sorties (24h) évadés confirmés,indicator,"",treatment,row_label,1,1,18,18,FALSE,FALSE,sorties  24h  evades confirmes,1,2026-06-01,2026-06-01,"Tableau 4. Mouvement des patients dans les établissements de soins, 17e épidémie de maladie à virus Ebola (Bundibugyo), République Démocratique du Congo, au 1er juin 2026",Sorties (24h) Évadés confirmés
patients en isolement (fin de journée),indicator,"",treatment,row_label,1,1,18,18,FALSE,FALSE,patients en isolement  fin de journee,1,2026-06-01,2026-06-01,"Tableau 4. Mouvement des patients dans les établissements de soins, 17e épidémie de maladie à virus Ebola (Bundibugyo), République Démocratique du Congo, au 1er juin 2026",Patients en isolement (fin de journée)
patients en isolement (fin de journée) nouveaux cas confirmés (nc),indicator,"",cases,row_label,1,1,18,18,FALSE,FALSE,patients en isolement  fin de journee  nouveaux cas confirmes  nc,1,2026-06-01,2026-06-01,"Tableau 4. Mouvement des patients dans les établissements de soins, 17e épidémie de maladie à virus Ebola (Bundibugyo), République Démocratique du Congo, au 1er juin 2026",Patients en isolement (fin de journée) Nouveaux cas confirmés (NC)
patients en isolement (fin de journée) anciens cas confirmés (ac),indicator,"",cases,row_label,1,1,18,18,FALSE,FALSE,patients en isolement  fin de journee  anciens cas confirmes  ac,1,2026-06-01,2026-06-01,"Tableau 4. Mouvement des patients dans les établissements de soins, 17e épidémie de maladie à virus Ebola (Bundibugyo), République Démocratique du Congo, au 1er juin 2026",Patients en isolement (fin de journée) Anciens cas confirmés (AC)
patients en isolement (fin de journée) cas suspects,indicator,"",cases,row_label,1,1,18,18,FALSE,FALSE,patients en isolement  fin de journee  cas suspects,1,2026-06-01,2026-06-01,"Tableau 4. Mouvement des patients dans les établissements de soins, 17e épidémie de maladie à virus Ebola (Bundibugyo), République Démocratique du Congo, au 1er juin 2026",Patients en isolement (fin de journée) Cas suspects
patients en isolement (fin de journée) suspects enfants de < 5 ans*,indicator,"",treatment,row_label,1,1,18,18,FALSE,FALSE,patients en isolement  fin de journee  suspects enfants de   5 ans,1,2026-06-01,2026-06-01,"Tableau 4. Mouvement des patients dans les établissements de soins, 17e épidémie de maladie à virus Ebola (Bundibugyo), République Démocratique du Congo, au 1er juin 2026",Patients en isolement (fin de journée) Suspects enfants de < 5 ans*
activités,indicator,"","",column,1,1,18,18,FALSE,FALSE,activite,2,2026-06-01,2026-06-01,"",Activités
nouveaux cas,indicator,"",cases,column,1,1,19,19,FALSE,FALSE,nouveaux cas,1,2026-06-02,2026-06-02,"",Nouveaux cas
décès des confirmés,indicator,"",cases,column,1,1,20,20,FALSE,FALSE,deces des confirmes,1,2026-06-03,2026-06-03,"",Décès des confirmés
décès des cas confirmés cumulés (n),indicator,"",cases,column,1,1,20,20,FALSE,FALSE,deces des cas confirmes cumules  n,1,2026-06-03,2026-06-03,"Tableau 1. Répartition des cas confirmés et des décès de la MVE Bundibugyo par zone de santé et par province, RDC, au 03 juin 2026",Décès des cas confirmés cumulés (n)
alertes investiguées (24h),indicator,"",alerts,row_label,1,1,20,20,FALSE,FALSE,alertes investiguees  24h,1,2026-06-03,2026-06-03,Tableau 2. Gestion des alertes épidémiologiques (24h) au 03 juin 2026,Alertes investiguées (24h)
taux d'investigation (24h),indicator,"",surveillance,row_label,1,1,20,20,FALSE,FALSE,taux dinvestigation  24 h,2,2026-06-03,2026-06-03,Tableau 2. Gestion des alertes épidémiologiques (24h) au 03 juin 2026,Taux d'investigation (24h)
sorties (24h): décédés,indicator,"",treatment,row_label,1,1,20,20,FALSE,FALSE,sorties  24h   decedes,1,2026-06-03,2026-06-03,Tableau 4. Mouvement des patients dans les établissements de soins au 03 juin 2026,Sorties (24h): Décédés
sorties (24h): non-cas,indicator,"",cases,row_label,1,1,20,20,FALSE,FALSE,sorties  24h  non cas,3,2026-06-03,2026-06-03,Tableau 4. Mouvement des patients dans les établissements de soins au 03 juin 2026,Sorties (24h): Non-cas
sorties (24h): guéris,indicator,"",treatment,row_label,1,1,20,20,FALSE,FALSE,sorties  24h  gueris,2,2026-06-03,2026-06-03,Tableau 4. Mouvement des patients dans les établissements de soins au 03 juin 2026,Sorties (24h): Guéris
sorties (24h): évadés,indicator,"",treatment,row_label,1,1,20,20,FALSE,FALSE,sorties  24h   evades,1,2026-06-03,2026-06-03,Tableau 4. Mouvement des patients dans les établissements de soins au 03 juin 2026,Sorties (24h): Évadés
dont confirmés (nc + ac),indicator,"","",row_label,1,1,20,20,FALSE,FALSE,dont confirmes  nc ac,2,2026-06-03,2026-06-03,Tableau 4. Mouvement des patients dans les établissements de soins au 03 juin 2026,dont confirmés (NC + AC)
resultats,indicator,"",laboratory,column,1,1,22,22,FALSE,FALSE,resultats,2,2026-06-05,2026-06-05,"",Resultats
malades ayant bénéficié des kit de dignité au cte,indicator,"",treatment,row_label,1,1,26,26,FALSE,FALSE,malades ayant beneficie des kit de dignite au cte,1,2026-06-09,2026-06-09,Tableau 6. Indicateurs clés des activités de santé mentale et soutien psychosocial au 09 juin 2026,Malades ayant bénéficié des Kit de dignité au CTE
%des voyageurs ayant lavé le mains,indicator,"",points_of_entry,row_label,1,1,27,27,FALSE,FALSE,des voyageurs ayant lave les mains,4,2026-06-10,2026-06-10,Tableau 4. Suivi des indicateurs au Points d’entrées et Points de contrôle (PoE/PoC) du 10 juin 2026,%des voyageurs ayant lavé le mains
% d’alertes investiguées ou corps sans vie prélevés dans 24h,indicator,"",alerts,row_label,1,1,27,27,FALSE,FALSE,dalertes investiguees ou corps sans vie preleves dans 24h,1,2026-06-10,2026-06-10,Tableau 4. Suivi des indicateurs au Points d’entrées et Points de contrôle (PoE/PoC) du 10 juin 2026,% d’alertes investiguées ou corps sans vie prélevés dans 24h
%des voyageurs ayant lavé les mains,indicator,"",points_of_entry,row_label,1,1,28,28,FALSE,FALSE,des voyageurs ayant lave les mains,4,2026-06-11,2026-06-11,"Tableau 4. Suivi des indicateurs au Points d’entrées et Points de contrôle (PoE/PoC) dans la province de l’Ituri, en date du 11 juin 2026",%des voyageurs ayant lavé les mains
résultats de laboratoire ayant été annoncé dont positifs,indicator,"",laboratory,row_label,1,1,28,28,FALSE,FALSE,resultats de laboratoire ayant ete annonce dont positifs,2,2026-06-11,2026-06-11,Tableau 6. Indicateurs clés des activités de santé mentale et soutien psychosocial au 11 juin 2026,Résultats de laboratoire ayant été annoncé Dont positifs
décès parmi confirmés (n),indicator,"",cases,column,1,1,34,34,FALSE,FALSE,deces parmi confirmes  n,1,2026-06-17,2026-06-17,Tableau 2: Cas confirmés et décès par province et zone de santé (18 juin 2026),Décès parmi confirmés (n)
"sorties (24h) décédés (suspects/conf,)",indicator,"",treatment,row_label,1,1,46,46,FALSE,FALSE,sorties  24h  decedes  suspects conf,3,2026-06-29,2026-06-29,Tableau 6. Mouvement des patients dans les établissements de soins (CTE/CT/CI) au 29 juin 2026,"Sorties (24h) Décédés (Suspects/Conf,)"
"sorties (24h) évadés (suspects/conf,)",indicator,"",treatment,row_label,1,1,46,46,FALSE,FALSE,sorties  24h  evades  suspects conf,2,2026-06-29,2026-06-29,Tableau 6. Mouvement des patients dans les établissements de soins (CTE/CT/CI) au 29 juin 2026,"Sorties (24h) Évadés (Suspects/Conf,)"
nouveaux cas (30 juin ),indicator,"",cases,column,1,1,48,48,FALSE,FALSE,nouveaux cas  30 juin,1,2026-07-01,2026-07-01,Tableau 1 : Répartition des cas et décès confirmés par province touchée en date du 01 juillet 2026.,Nouveaux cas (30 juin 2026)
cas confirmés cumulés,indicator,"",cases,column,1,1,48,48,FALSE,FALSE,cas confirmes cumules,1,2026-07-01,2026-07-01,Tableau 2. Répartition des cas et décès confirmés de la maladie à virus Ebola par province et ZS (01 juillet 2026),Cas confirmés cumulés
décès confirmés cumulés,indicator,"",cases,column,1,1,48,48,FALSE,FALSE,deces confirmes cumules,1,2026-07-01,2026-07-01,Tableau 2. Répartition des cas et décès confirmés de la maladie à virus Ebola par province et ZS (01 juillet 2026),Décès confirmés cumulés
létalité (cfr%),indicator,"",cases,column,1,1,48,48,FALSE,FALSE,letalite  cfr,3,2026-07-01,2026-07-01,Tableau 2. Répartition des cas et décès confirmés de la maladie à virus Ebola par province et ZS (01 juillet 2026),Létalité (CFR%)
nord kivu,indicator,"","",column,1,1,48,48,FALSE,FALSE,nord kivu,3,2026-07-01,2026-07-01,Tableau 4 : Indicateurs laboratoire (01 juillet 2026),Nord Kivu
sud kivu,indicator,"","",column,1,1,48,48,FALSE,FALSE,sud kivu,2,2026-07-01,2026-07-01,Tableau 4 : Indicateurs laboratoire (01 juillet 2026),Sud Kivu
échantillons positifs (cas suspects décédés),indicator,"",cases,row_label,1,1,48,48,FALSE,FALSE,echantillons positifs  cas suspects decedes,1,2026-07-01,2026-07-01,Tableau 4 : Indicateurs laboratoire (01 juillet 2026),Échantillons positifs (cas suspects décédés)
cas confirmes - statut final,indicator,"",cases,column,1,1,48,48,FALSE,FALSE,cas confirmes   statut final,1,2026-07-01,2026-07-01,Tableau 5 : Indicateurs clés de la surveillance au 01 juillet 2026,Cas confirmes - statut final
deces confirmes - (communautaire +intra hosp),indicator,"",cases,column,1,1,48,48,FALSE,FALSE,deces confirmes    communautaire  intra hosp,1,2026-07-01,2026-07-01,Tableau 5 : Indicateurs clés de la surveillance au 01 juillet 2026,Deces confirmes - (Communautaire +intra Hosp)
taux de letalite,indicator,"",cases,column,1,1,48,48,FALSE,FALSE,taux de letalite,1,2026-07-01,2026-07-01,Tableau 5 : Indicateurs clés de la surveillance au 01 juillet 2026,Taux de letalite
taux de letalite parmi les cas confirmes notifies en 24h de dos,indicator,"",cases,column,1,1,48,48,FALSE,FALSE,taux de letalite parmi les cas confirmes notifies en 24h de dos,2,2026-07-01,2026-07-01,Tableau 5 : Indicateurs clés de la surveillance au 01 juillet 2026,Taux de letalite parmi les cas confirmes notifies en 24h de DOS
taux de letalite parmi les cas confirmes notifies après 24h de dos,indicator,"",cases,column,1,1,48,48,FALSE,FALSE,taux de letalite parmi les cas confirmes notifies apres 24h de dos,2,2026-07-01,2026-07-01,Tableau 5 : Indicateurs clés de la surveillance au 01 juillet 2026,Taux de letalite parmi les cas confirmes notifies après 24h de DOS
sorties (24h) décédés (suspects/conf),indicator,"",treatment,row_label,1,1,49,49,FALSE,FALSE,sorties  24h  decedes  suspects conf,3,2026-07-02,2026-07-02,Tableau 6. Mouvement des patients dans les établissements de soins (CTE/CT/CI) au 02 juillet 2026,Sorties (24h) Décédés (Suspects/Conf)
deces confirmes,indicator,"",cases,column,1,1,50,50,FALSE,FALSE,deces  confirmes,3,2026-07-03,2026-07-03,Tableau 1 : Analyse des décès communautaires et de la létalité hospitalière lors de l'épidémie de maladie à virus Ebola Bundibugyo en RDC au 03 juillet 2026,Deces confirmes
taux de letalite (communautaire +intra hosp),indicator,"",cases,column,1,1,50,50,FALSE,FALSE,taux de letalite  communautaire  intra hosp,1,2026-07-03,2026-07-03,Tableau 1 : Analyse des décès communautaires et de la létalité hospitalière lors de l'épidémie de maladie à virus Ebola Bundibugyo en RDC au 03 juillet 2026,Taux de letalite (Communautaire +intra Hosp)
taux de letalite parmi les cas confirmés notifiés en 24h de dds,indicator,"",cases,column,1,1,50,50,FALSE,FALSE,taux de letalite parmi les cas confirmes notifies en 24h de dos,2,2026-07-03,2026-07-03,Tableau 1 : Analyse des décès communautaires et de la létalité hospitalière lors de l'épidémie de maladie à virus Ebola Bundibugyo en RDC au 03 juillet 2026,Taux de letalite parmi les cas confirmés notifiés en 24h de DDS
taux de letalité parmi les cas confirmés notifiés après 24h de dds,indicator,"",cases,column,1,1,50,50,FALSE,FALSE,taux de letalite parmi les cas confirmes notifies apres 24h de dos,2,2026-07-03,2026-07-03,Tableau 1 : Analyse des décès communautaires et de la létalité hospitalière lors de l'épidémie de maladie à virus Ebola Bundibugyo en RDC au 03 juillet 2026,Taux de letalité parmi les cas confirmés notifiés après 24h de DDS
deces confirmes - statut final,indicator,"",cases,column,1,1,51,51,FALSE,FALSE,deces confirmes   statut final,1,2026-07-04,2026-07-04,Tableau 6. Analyse des décès communautaires et de la létalité hospitalière lors de l'épidémie de maladie à virus Ebola Bundibugyo en RDC au 04 juillet 2026,Deces confirmes - statut final
taux de letalite global (communautaire+intra hosp),indicator,"",cases,column,1,1,51,51,FALSE,FALSE,taux de letalite global  communautaire intra hosp,1,2026-07-04,2026-07-04,Tableau 6. Analyse des décès communautaires et de la létalité hospitalière lors de l'épidémie de maladie à virus Ebola Bundibugyo en RDC au 04 juillet 2026,Taux de letalite global (communautaire+intra Hosp)
taux de letalite parmi les cas notifies dans le 24h de leur dds,indicator,"",cases,column,1,1,51,51,FALSE,FALSE,taux de letalite parmi les cas notifies dans le 24h de leur dds,1,2026-07-04,2026-07-04,Tableau 6. Analyse des décès communautaires et de la létalité hospitalière lors de l'épidémie de maladie à virus Ebola Bundibugyo en RDC au 04 juillet 2026,Taux de letalite parmi les cas notifies dans le 24h de leur DDS
deces a la notification ou notifies dans 24h,indicator,"",cases,column,1,1,51,51,FALSE,FALSE,deces a la notification ou notifies dans 24h,1,2026-07-04,2026-07-04,Tableau 6. Analyse des décès communautaires et de la létalité hospitalière lors de l'épidémie de maladie à virus Ebola Bundibugyo en RDC au 04 juillet 2026,Deces a la notification OU notifies dans 24h
proportion des décès communautaire,indicator,"",cases,column,1,1,51,51,FALSE,FALSE,proportion des deces communautaire,1,2026-07-04,2026-07-04,Tableau 6. Analyse des décès communautaires et de la létalité hospitalière lors de l'épidémie de maladie à virus Ebola Bundibugyo en RDC au 04 juillet 2026,Proportion des décès communautaire
taux de letalite parmi les cas notifies après 24h,indicator,"",cases,column,1,1,51,51,FALSE,FALSE,taux de letalite parmi les cas notifies apres 24h,1,2026-07-04,2026-07-04,Tableau 6. Analyse des décès communautaires et de la létalité hospitalière lors de l'épidémie de maladie à virus Ebola Bundibugyo en RDC au 04 juillet 2026,Taux de letalite parmi les cas notifies après 24h
nombre de contacts devenu suspect n,indicator,"",contacts,column,1,1,52,52,FALSE,FALSE,nombre de contacts devenus suspects n,4,2026-07-05,2026-07-05,Tableau 5. Suivi des contacts des cas confirmés (2) au 05 juillet 2026,Nombre de contacts Devenu Suspect n
nombre de contacts devenu suspect %,indicator,"",contacts,column,1,1,52,52,FALSE,FALSE,nombre de contacts devenus suspects n,4,2026-07-05,2026-07-05,Tableau 5. Suivi des contacts des cas confirmés (2) au 05 juillet 2026,Nombre de contacts Devenu Suspect %
résultats de laboratoire ayant été annoncés dont positifs,indicator,"",laboratory,row_label,1,1,52,52,FALSE,FALSE,resultats de laboratoire ayant ete annonce dont positifs,2,2026-07-05,2026-07-05,Tableau 8. Indicateurs clés des activités de santé mentale et soutien psychosocial au 05 juillet 2026,Résultats de laboratoire ayant été annoncés Dont positifs
situation du jour (24 h) décès notif,indicator,"",cases,column,1,1,59,59,FALSE,FALSE,situation du jour  24 h  deces notif,1,2026-07-12,2026-07-12,TABLEAU 2 — CAS ET DECES CONFIRMES PAR PROVINCE ET ZONE DE SANTE (CUMUL ET SITUATION DU JOUR),Situation du jour (24 h) Décès notif.
taux d'investigation des alertes (24 h),indicator,"",alerts,row_label,1,1,59,59,FALSE,FALSE,taux dinvestigation des alertes  24 h,1,2026-07-12,2026-07-12,TABLEAU 3 — GESTION DES ALERTES EPIDEMIOLOGIQUES (24 H),Taux d'investigation des alertes (24 h)
alertes validées — décédées (communautaires),indicator,"",alerts,row_label,1,1,59,59,FALSE,FALSE,alertes validees   decedees  communautaires,1,2026-07-12,2026-07-12,TABLEAU 3 — GESTION DES ALERTES EPIDEMIOLOGIQUES (24 H),Alertes validées — décédées (communautaires)
nouveaux cas confirmés pris en charge (smsps),indicator,"",cases,row_label,1,1,59,59,FALSE,FALSE,nouveaux cas confirmes pris en charge  smsps,1,2026-07-12,2026-07-12,"TABLEAU 8 — INDICATEURS CLES DES ACTIVITES DE SANTE MENTALE ET SOUTIEN PSYCHOSOCIAL (SMSPS), 12 JUILLET 2026",Nouveaux cas confirmés pris en charge (SMSPS)
sorties évadés,indicator,"",treatment,row_label,1,1,64,64,FALSE,FALSE,sorties evades,3,2026-07-17,2026-07-17,"TABLEAU 6 — OCCUPATION DES STRUCTURES DE SOINS (CTE/CT/CI), AU 17/07/2026",Sorties Évadés
cas (n),indicator,"",cases,column,1,1,80,80,FALSE,FALSE,cas  n,1,2026-08-02,2026-08-02,TABLEAU 2 — CAS ET DECES CONFIRMES PAR PROVINCE ET ZONE DE SANTE (CUMUL ET SITUATION DU JOUR),Cas (n)
décès (n),indicator,"",cases,column,1,1,80,80,FALSE,FALSE,deces  n,1,2026-08-02,2026-08-02,TABLEAU 2 — CAS ET DECES CONFIRMES PAR PROVINCE ET ZONE DE SANTE (CUMUL ET SITUATION DU JOUR),Décès (n)
nouv. cas,indicator,"",cases,column,1,1,80,80,FALSE,FALSE,nouv  cas,1,2026-08-02,2026-08-02,TABLEAU 2 — CAS ET DECES CONFIRMES PAR PROVINCE ET ZONE DE SANTE (CUMUL ET SITUATION DU JOUR),Nouv. cas
décès communautaires (swab+),indicator,"",cases,column,1,1,80,80,FALSE,FALSE,deces communautaires  swab,1,2026-08-02,2026-08-02,TABLEAU 2 — CAS ET DECES CONFIRMES PAR PROVINCE ET ZONE DE SANTE (CUMUL ET SITUATION DU JOUR),Décès communautaires (Swab+).
décès confirmés intra-cte,indicator,"",cases,column,1,1,80,80,FALSE,FALSE,deces confirmes intra cte,1,2026-08-02,2026-08-02,TABLEAU 2 — CAS ET DECES CONFIRMES PAR PROVINCE ET ZONE DE SANTE (CUMUL ET SITUATION DU JOUR),Décès confirmés intra-CTE
total décès confirmés,indicator,"",cases,column,1,1,80,80,FALSE,FALSE,total deces confirmes,1,2026-08-02,2026-08-02,TABLEAU 2 — CAS ET DECES CONFIRMES PAR PROVINCE ET ZONE DE SANTE (CUMUL ET SITUATION DU JOUR),Total décès confirmés
total admissions (cumul),indicator,"",treatment,row_label,1,1,80,80,FALSE,FALSE,total admissions  cumul,1,2026-08-02,2026-08-02,TABLEAU 6 — OCCUPATION DES STRUCTURES DE SOINS (CTE/CT/CI),Total admissions (cumul)
dont décès parmi les nouveaux confirmes,indicator,"",cases,column,1,1,87,87,FALSE,FALSE,dont deces parmi les nouveaux confirmes,1,2026-08-09,2026-08-09,Cas et décès confirmés par province et zone de santé (situation du 09 août 2026),Dont décès parmi les nouveaux confirmes
décès communautaires,indicator,"",cases,column,1,1,87,87,FALSE,FALSE,deces communautaires,1,2026-08-09,2026-08-09,Cas et décès confirmés par province et zone de santé (situation du 09 août 2026),Décès communautaires
décès intra-cte/ct,indicator,"",cases,column,1,1,87,87,FALSE,FALSE,deces intra cte ct,1,2026-08-09,2026-08-09,Cas et décès confirmés par province et zone de santé (situation du 09 août 2026),Décès intra-CTE/CT
total décès du jour,indicator,"",cases,column,1,1,87,87,FALSE,FALSE,total deces du jour,1,2026-08-09,2026-08-09,Cas et décès confirmés par province et zone de santé (situation du 09 août 2026),Total décès du jour
messages cles,indicator,"","",column,1,1,95,95,FALSE,FALSE,messages cles,1,2026-08-17,2026-08-17,"",MESSAGES CLES
chronologie des faits clés,indicator,"","",column,1,1,95,95,FALSE,FALSE,chronologie des faits cles,1,2026-08-17,2026-08-17,"",CHRONOLOGIE DES FAITS CLÉS
impact,narrative,"","",column,61,61,17,83,TRUE,FALSE,impact,1,2026-05-31,2026-08-05,"",Impact
défis,narrative,"","",column,60,60,18,83,TRUE,FALSE,defis,1,2026-06-01,2026-08-05,"",Défis
actions requises,narrative,"","",column,45,45,34,83,TRUE,FALSE,actions requises,2,2026-06-17,2026-08-05,"",Actions requises
action requise,narrative,"","",column,16,16,17,33,TRUE,FALSE,actions requises,2,2026-05-31,2026-06-16,"",Action requise
priorité,narrative,"","",column,16,16,17,33,TRUE,FALSE,priorite,1,2026-05-31,2026-06-16,"",Priorité
action,narrative,"","",column,16,16,17,33,TRUE,FALSE,action,1,2026-05-31,2026-06-16,"",Action
actions réalisées,narrative,"","",column,2,2,17,18,FALSE,FALSE,actions realisees,1,2026-05-31,2026-06-01,Actions par zone de santé,Actions réalisées
