indicator_id,level,place_id,place_name,report_date,sitrep,version,value,unit,basis,derivation,evidence_quote,page,text_source,confidence,flags,places_included,note
exits_24h,national,ensemble,Ensemble,2026-06-01,18,1,15,patients,table,"",Total sorties 10 3 2 15,8,pdf_text,high,"",ituri;nord-kivu;sud-kivu,""
exits_24h,province,ituri,Ituri,2026-06-01,18,1,10,patients,table,"",Total sorties 10 3 2 15,8,pdf_text,high,"","",""
exits_24h,province,nord-kivu,Nord-Kivu,2026-06-01,18,1,3,patients,table,"",Total sorties 10 3 2 15,8,pdf_text,high,"","",""
exits_24h,province,sud-kivu,Sud-Kivu,2026-06-01,18,1,2,patients,table,"",Total sorties 10 3 2 15,8,pdf_text,high,"","",""
patients_isolated,national,ensemble,Ensemble,2026-06-01,18,1,173,patients,table,"",Patients en isolement (fin de journée) 158 8 7 173,8,pdf_text,high,"",ituri;nord-kivu;sud-kivu,""
patients_isolated,province,ituri,Ituri,2026-06-01,18,1,158,patients,table,"",Patients en isolement (fin de journée) 158 8 7 173,8,pdf_text,high,"","",""
patients_isolated,province,nord-kivu,Nord-Kivu,2026-06-01,18,1,8,patients,table,"",Patients en isolement (fin de journée) 158 8 7 173,8,pdf_text,high,"","",""
patients_isolated,province,sud-kivu,Sud-Kivu,2026-06-01,18,1,7,patients,table,"",Patients en isolement (fin de journée) 158 8 7 173,8,pdf_text,high,"","",""
admissions_24h,national,ensemble,Ensemble,2026-06-02,19,1,30,patients,table,"",Total admissions (24h) 28 1 1 30,5,pdf_text,high,"",ituri;nord-kivu;sud-kivu,""
admissions_24h,province,ituri,Ituri,2026-06-02,19,1,28,patients,table,"",Total admissions (24h) 28 1 1 30,5,pdf_text,high,"","",""
admissions_24h,province,nord-kivu,Nord-Kivu,2026-06-02,19,1,1,patients,table,"",Total admissions (24h) 28 1 1 30,5,pdf_text,high,"","",""
admissions_24h,province,sud-kivu,Sud-Kivu,2026-06-02,19,1,1,patients,table,"",Total admissions (24h) 28 1 1 30,5,pdf_text,high,"","",""
exits_24h,national,ensemble,Ensemble,2026-06-02,19,1,28,patients,table,"",Total sorties 27 1 0 28,5,pdf_text,high,"",ituri;nord-kivu;sud-kivu,""
exits_24h,province,ituri,Ituri,2026-06-02,19,1,27,patients,table,"",Total sorties 27 1 0 28,5,pdf_text,high,"","",""
exits_24h,province,nord-kivu,Nord-Kivu,2026-06-02,19,1,1,patients,table,"",Total sorties 27 1 0 28,5,pdf_text,high,"","",""
exits_24h,province,sud-kivu,Sud-Kivu,2026-06-02,19,1,0,patients,table,"",Total sorties 27 1 0 28,5,pdf_text,high,"","",""
patients_confirmed,national,ensemble,Ensemble,2026-06-02,19,1,47,patients,table,"",dont confirmés (NC+AC) 40 5 2 47,5,pdf_text,high,"",ituri;nord-kivu;sud-kivu,""
patients_confirmed,province,ituri,Ituri,2026-06-02,19,1,40,patients,table,"",dont confirmés (NC+AC) 40 5 2 47,5,pdf_text,high,"","",""
patients_confirmed,province,nord-kivu,Nord-Kivu,2026-06-02,19,1,5,patients,table,"",dont confirmés (NC+AC) 40 5 2 47,5,pdf_text,high,"","",""
patients_confirmed,province,sud-kivu,Sud-Kivu,2026-06-02,19,1,2,patients,table,"",dont confirmés (NC+AC) 40 5 2 47,5,pdf_text,high,"","",""
patients_isolated,national,ensemble,Ensemble,2026-06-02,19,1,206,patients,table,"",Patients en isolement (Fin J) 192 8 6 206,5,pdf_text,high,"",ituri;nord-kivu;sud-kivu,""
patients_isolated,province,ituri,Ituri,2026-06-02,19,1,192,patients,table,"",Patients en isolement (Fin J) 192 8 6 206,5,pdf_text,high,"","",""
patients_isolated,province,nord-kivu,Nord-Kivu,2026-06-02,19,1,8,patients,table,"",Patients en isolement (Fin J) 192 8 6 206,5,pdf_text,high,"","",""
patients_isolated,province,sud-kivu,Sud-Kivu,2026-06-02,19,1,6,patients,table,"",Patients en isolement (Fin J) 192 8 6 206,5,pdf_text,high,"","",""
patients_start_day,national,ensemble,Ensemble,2026-06-02,19,1,204,patients,table,"",Patients au lit (J-1) 191 8 5 204,5,pdf_text,high,"",ituri;nord-kivu;sud-kivu,""
patients_start_day,province,ituri,Ituri,2026-06-02,19,1,191,patients,table,"",Patients au lit (J-1) 191 8 5 204,5,pdf_text,high,"","",""
patients_start_day,province,nord-kivu,Nord-Kivu,2026-06-02,19,1,8,patients,table,"",Patients au lit (J-1) 191 8 5 204,5,pdf_text,high,"","",""
patients_start_day,province,sud-kivu,Sud-Kivu,2026-06-02,19,1,5,patients,table,"",Patients au lit (J-1) 191 8 5 204,5,pdf_text,high,"","",""
patients_suspect,national,ensemble,Ensemble,2026-06-02,19,1,159,patients,table,"",dont suspects 152 3 4 159,5,pdf_text,high,"",ituri;nord-kivu;sud-kivu,""
patients_suspect,province,ituri,Ituri,2026-06-02,19,1,152,patients,table,"",dont suspects 152 3 4 159,5,pdf_text,high,"","",""
patients_suspect,province,nord-kivu,Nord-Kivu,2026-06-02,19,1,3,patients,table,"",dont suspects 152 3 4 159,5,pdf_text,high,"","",""
patients_suspect,province,sud-kivu,Sud-Kivu,2026-06-02,19,1,4,patients,table,"",dont suspects 152 3 4 159,5,pdf_text,high,"","",""
admissions_24h,national,ensemble,Ensemble,2026-06-03,20,1,48,patients,table,"",Total admissions (24h) 47 1 0 48,5,pdf_text,high,"",ituri;nord-kivu;sud-kivu,""
admissions_24h,province,ituri,Ituri,2026-06-03,20,1,47,patients,table,"",Total admissions (24h) 47 1 0 48,5,pdf_text,high,"","",""
admissions_24h,province,nord-kivu,Nord-Kivu,2026-06-03,20,1,1,patients,table,"",Total admissions (24h) 47 1 0 48,5,pdf_text,high,"","",""
admissions_24h,province,sud-kivu,Sud-Kivu,2026-06-03,20,1,0,patients,table,"",Total admissions (24h) 47 1 0 48,5,pdf_text,high,"","",""
exits_24h,national,ensemble,Ensemble,2026-06-03,20,1,37,patients,table,"",Total sorties 35 1 1 37,5,pdf_text,high,"",ituri;nord-kivu;sud-kivu,""
exits_24h,province,ituri,Ituri,2026-06-03,20,1,35,patients,table,"",Total sorties 35 1 1 37,5,pdf_text,high,"","",""
exits_24h,province,nord-kivu,Nord-Kivu,2026-06-03,20,1,1,patients,table,"",Total sorties 35 1 1 37,5,pdf_text,high,"","",""
exits_24h,province,sud-kivu,Sud-Kivu,2026-06-03,20,1,1,patients,table,"",Total sorties 35 1 1 37,5,pdf_text,high,"","",""
patients_confirmed,national,ensemble,Ensemble,2026-06-03,20,1,62,patients,table,"",dont confirmés (NC + AC) 57 4 1 62,5,pdf_text,high,"",ituri;nord-kivu;sud-kivu,""
patients_confirmed,province,ituri,Ituri,2026-06-03,20,1,57,patients,table,"",dont confirmés (NC + AC) 57 4 1 62,5,pdf_text,high,"","",""
patients_confirmed,province,nord-kivu,Nord-Kivu,2026-06-03,20,1,4,patients,table,"",dont confirmés (NC + AC) 57 4 1 62,5,pdf_text,high,"","",""
patients_confirmed,province,sud-kivu,Sud-Kivu,2026-06-03,20,1,1,patients,table,"",dont confirmés (NC + AC) 57 4 1 62,5,pdf_text,high,"","",""
patients_isolated,national,ensemble,Ensemble,2026-06-03,20,1,233,patients,table,"",Patients en isolement (Fin J) 220 8 5 233,5,pdf_text,high,"",ituri;nord-kivu;sud-kivu,""
patients_isolated,province,ituri,Ituri,2026-06-03,20,1,220,patients,table,"",Patients en isolement (Fin J) 220 8 5 233,5,pdf_text,high,"","",""
patients_isolated,province,nord-kivu,Nord-Kivu,2026-06-03,20,1,8,patients,table,"",Patients en isolement (Fin J) 220 8 5 233,5,pdf_text,high,"","",""
patients_isolated,province,sud-kivu,Sud-Kivu,2026-06-03,20,1,5,patients,table,"",Patients en isolement (Fin J) 220 8 5 233,5,pdf_text,high,"","",""
patients_start_day,national,ensemble,Ensemble,2026-06-03,20,1,222,patients,table,"",Patients au lit (J-1) 208 8 6 222,5,pdf_text,high,"",ituri;nord-kivu;sud-kivu,""
patients_start_day,province,ituri,Ituri,2026-06-03,20,1,208,patients,table,"",Patients au lit (J-1) 208 8 6 222,5,pdf_text,high,"","",""
patients_start_day,province,nord-kivu,Nord-Kivu,2026-06-03,20,1,8,patients,table,"",Patients au lit (J-1) 208 8 6 222,5,pdf_text,high,"","",""
patients_start_day,province,sud-kivu,Sud-Kivu,2026-06-03,20,1,6,patients,table,"",Patients au lit (J-1) 208 8 6 222,5,pdf_text,high,"","",""
patients_suspect,national,ensemble,Ensemble,2026-06-03,20,1,171,patients,table,"",dont suspects 163 4 4 171,5,pdf_text,high,"",ituri;nord-kivu;sud-kivu,""
patients_suspect,province,ituri,Ituri,2026-06-03,20,1,163,patients,table,"",dont suspects 163 4 4 171,5,pdf_text,high,"","",""
patients_suspect,province,nord-kivu,Nord-Kivu,2026-06-03,20,1,4,patients,table,"",dont suspects 163 4 4 171,5,pdf_text,high,"","",""
patients_suspect,province,sud-kivu,Sud-Kivu,2026-06-03,20,1,4,patients,table,"",dont suspects 163 4 4 171,5,pdf_text,high,"","",""
admissions_24h,national,ensemble,Ensemble,2026-06-04,21,1,62,patients,table,"",Total admissions (24h) 61 1 0 62,6,pdf_text,high,"",ituri;nord-kivu;sud-kivu,""
admissions_24h,province,ituri,Ituri,2026-06-04,21,1,61,patients,table,"",Total admissions (24h) 61 1 0 62,6,pdf_text,high,"","",""
admissions_24h,province,nord-kivu,Nord-Kivu,2026-06-04,21,1,1,patients,table,"",Total admissions (24h) 61 1 0 62,6,pdf_text,high,"","",""
admissions_24h,province,sud-kivu,Sud-Kivu,2026-06-04,21,1,0,patients,table,"",Total admissions (24h) 61 1 0 62,6,pdf_text,high,"","",""
exits_24h,national,ensemble,Ensemble,2026-06-04,21,1,37,patients,table,"",Total sorties 37 0 0 37,6,pdf_text,high,"",ituri;nord-kivu;sud-kivu,""
exits_24h,province,ituri,Ituri,2026-06-04,21,1,37,patients,table,"",Total sorties 37 0 0 37,6,pdf_text,high,"","",""
exits_24h,province,nord-kivu,Nord-Kivu,2026-06-04,21,1,0,patients,table,"",Total sorties 37 0 0 37,6,pdf_text,high,"","",""
exits_24h,province,sud-kivu,Sud-Kivu,2026-06-04,21,1,0,patients,table,"",Total sorties 37 0 0 37,6,pdf_text,high,"","",""
patients_confirmed,national,ensemble,Ensemble,2026-06-04,21,1,72,patients,table,"",dont confirmés (NC+AC) 66 5 1 72,6,pdf_text,high,"",ituri;nord-kivu;sud-kivu,""
patients_confirmed,province,ituri,Ituri,2026-06-04,21,1,66,patients,table,"",dont confirmés (NC+AC) 66 5 1 72,6,pdf_text,high,"","",""
patients_confirmed,province,nord-kivu,Nord-Kivu,2026-06-04,21,1,5,patients,table,"",dont confirmés (NC+AC) 66 5 1 72,6,pdf_text,high,"","",""
patients_confirmed,province,sud-kivu,Sud-Kivu,2026-06-04,21,1,1,patients,table,"",dont confirmés (NC+AC) 66 5 1 72,6,pdf_text,high,"","",""
patients_isolated,national,ensemble,Ensemble,2026-06-04,21,1,258,patients,table,"",Patients en isolement (Fin J) 243 9 6 258,6,pdf_text,high,"",ituri;nord-kivu;sud-kivu,""
patients_isolated,province,ituri,Ituri,2026-06-04,21,1,243,patients,table,"",Patients en isolement (Fin J) 243 9 6 258,6,pdf_text,high,"","",""
patients_isolated,province,nord-kivu,Nord-Kivu,2026-06-04,21,1,9,patients,table,"",Patients en isolement (Fin J) 243 9 6 258,6,pdf_text,high,"","",""
patients_isolated,province,sud-kivu,Sud-Kivu,2026-06-04,21,1,6,patients,table,"",Patients en isolement (Fin J) 243 9 6 258,6,pdf_text,high,"","",""
patients_start_day,national,ensemble,Ensemble,2026-06-04,21,1,233,patients,table,"",Patients au lit (J-1) 219 8 6 233,6,pdf_text,high,"",ituri;nord-kivu;sud-kivu,""
patients_start_day,province,ituri,Ituri,2026-06-04,21,1,219,patients,table,"",Patients au lit (J-1) 219 8 6 233,6,pdf_text,high,"","",""
patients_start_day,province,nord-kivu,Nord-Kivu,2026-06-04,21,1,8,patients,table,"",Patients au lit (J-1) 219 8 6 233,6,pdf_text,high,"","",""
patients_start_day,province,sud-kivu,Sud-Kivu,2026-06-04,21,1,6,patients,table,"",Patients au lit (J-1) 219 8 6 233,6,pdf_text,high,"","",""
patients_suspect,national,ensemble,Ensemble,2026-06-04,21,1,186,patients,table,"",dont suspects 177 4 5 186,6,pdf_text,high,"",ituri;nord-kivu;sud-kivu,""
patients_suspect,province,ituri,Ituri,2026-06-04,21,1,177,patients,table,"",dont suspects 177 4 5 186,6,pdf_text,high,"","",""
patients_suspect,province,nord-kivu,Nord-Kivu,2026-06-04,21,1,4,patients,table,"",dont suspects 177 4 5 186,6,pdf_text,high,"","",""
patients_suspect,province,sud-kivu,Sud-Kivu,2026-06-04,21,1,5,patients,table,"",dont suspects 177 4 5 186,6,pdf_text,high,"","",""
admissions_24h,national,ensemble,Ensemble,2026-06-05,22,1,38,patients,table,"",Total admissions (24h) 37 1 0 38,7,pdf_text,high,"",ituri;nord-kivu;sud-kivu,""
admissions_24h,province,ituri,Ituri,2026-06-05,22,1,37,patients,table,"",Total admissions (24h) 37 1 0 38,7,pdf_text,high,"","",""
admissions_24h,province,nord-kivu,Nord-Kivu,2026-06-05,22,1,1,patients,table,"",Total admissions (24h) 37 1 0 38,7,pdf_text,high,"","",""
admissions_24h,province,sud-kivu,Sud-Kivu,2026-06-05,22,1,0,patients,table,"",Total admissions (24h) 37 1 0 38,7,pdf_text,high,"","",""
exits_24h,national,ensemble,Ensemble,2026-06-05,22,1,22,patients,table,"",Total sorties 22 0 0 22,7,pdf_text,high,"",ituri;nord-kivu;sud-kivu,""
exits_24h,province,ituri,Ituri,2026-06-05,22,1,22,patients,table,"",Total sorties 22 0 0 22,7,pdf_text,high,"","",""
exits_24h,province,nord-kivu,Nord-Kivu,2026-06-05,22,1,0,patients,table,"",Total sorties 22 0 0 22,7,pdf_text,high,"","",""
exits_24h,province,sud-kivu,Sud-Kivu,2026-06-05,22,1,0,patients,table,"",Total sorties 22 0 0 22,7,pdf_text,high,"","",""
patients_confirmed,national,ensemble,Ensemble,2026-06-05,22,1,89,patients,table,"",dont confirmés (NC+AC) 83 5 1 89,7,pdf_text,high,"",ituri;nord-kivu;sud-kivu,""
patients_confirmed,province,ituri,Ituri,2026-06-05,22,1,83,patients,table,"",dont confirmés (NC+AC) 83 5 1 89,7,pdf_text,high,"","",""
patients_confirmed,province,nord-kivu,Nord-Kivu,2026-06-05,22,1,5,patients,table,"",dont confirmés (NC+AC) 83 5 1 89,7,pdf_text,high,"","",""
patients_confirmed,province,sud-kivu,Sud-Kivu,2026-06-05,22,1,1,patients,table,"",dont confirmés (NC+AC) 83 5 1 89,7,pdf_text,high,"","",""
patients_start_day,national,ensemble,Ensemble,2026-06-05,22,1,251,patients,table,"",Patients au lit (J-1) 236 8 7 251,7,pdf_text,high,"",ituri;nord-kivu;sud-kivu,""
patients_start_day,province,ituri,Ituri,2026-06-05,22,1,236,patients,table,"",Patients au lit (J-1) 236 8 7 251,7,pdf_text,high,"","",""
patients_start_day,province,nord-kivu,Nord-Kivu,2026-06-05,22,1,8,patients,table,"",Patients au lit (J-1) 236 8 7 251,7,pdf_text,high,"","",""
patients_start_day,province,sud-kivu,Sud-Kivu,2026-06-05,22,1,7,patients,table,"",Patients au lit (J-1) 236 8 7 251,7,pdf_text,high,"","",""
patients_suspect,national,ensemble,Ensemble,2026-06-05,22,1,178,patients,table,"",dont suspects 168 4 6 178,7,pdf_text,high,"",ituri;nord-kivu;sud-kivu,""
patients_suspect,province,ituri,Ituri,2026-06-05,22,1,168,patients,table,"",dont suspects 168 4 6 178,7,pdf_text,high,"","",""
patients_suspect,province,nord-kivu,Nord-Kivu,2026-06-05,22,1,4,patients,table,"",dont suspects 168 4 6 178,7,pdf_text,high,"","",""
patients_suspect,province,sud-kivu,Sud-Kivu,2026-06-05,22,1,6,patients,table,"",dont suspects 168 4 6 178,7,pdf_text,high,"","",""
admissions_24h,national,ensemble,Ensemble,2026-06-06,23,1,30,patients,table,"",Total admissions (24h) 29 1 0 30,7,pdf_text,high,"",ituri;nord-kivu;sud-kivu,""
admissions_24h,province,ituri,Ituri,2026-06-06,23,1,29,patients,table,"",Total admissions (24h) 29 1 0 30,7,pdf_text,high,"","",""
admissions_24h,province,nord-kivu,Nord-Kivu,2026-06-06,23,1,1,patients,table,"",Total admissions (24h) 29 1 0 30,7,pdf_text,high,"","",""
admissions_24h,province,sud-kivu,Sud-Kivu,2026-06-06,23,1,0,patients,table,"",Total admissions (24h) 29 1 0 30,7,pdf_text,high,"","",""
exits_24h,national,ensemble,Ensemble,2026-06-06,23,1,27,patients,table,"",Total sorties 26 1 0 27,7,pdf_text,high,"",ituri;nord-kivu;sud-kivu,""
exits_24h,province,ituri,Ituri,2026-06-06,23,1,26,patients,table,"",Total sorties 26 1 0 27,7,pdf_text,high,"","",""
exits_24h,province,nord-kivu,Nord-Kivu,2026-06-06,23,1,1,patients,table,"",Total sorties 26 1 0 27,7,pdf_text,high,"","",""
exits_24h,province,sud-kivu,Sud-Kivu,2026-06-06,23,1,0,patients,table,"",Total sorties 26 1 0 27,7,pdf_text,high,"","",""
patients_confirmed,national,ensemble,Ensemble,2026-06-06,23,1,105,patients,table,"",dont confirmés (NC+AC) 99 5 1 105,7,pdf_text,high,"",ituri;nord-kivu;sud-kivu,""
patients_confirmed,province,ituri,Ituri,2026-06-06,23,1,99,patients,table,"",dont confirmés (NC+AC) 99 5 1 105,7,pdf_text,high,"","",""
patients_confirmed,province,nord-kivu,Nord-Kivu,2026-06-06,23,1,5,patients,table,"",dont confirmés (NC+AC) 99 5 1 105,7,pdf_text,high,"","",""
patients_confirmed,province,sud-kivu,Sud-Kivu,2026-06-06,23,1,1,patients,table,"",dont confirmés (NC+AC) 99 5 1 105,7,pdf_text,high,"","",""
patients_start_day,national,ensemble,Ensemble,2026-06-06,23,1,280,patients,table,"",Patients au lit (J-1) 257 16 7 280,7,pdf_text,high,"",ituri;nord-kivu;sud-kivu,""
patients_start_day,province,ituri,Ituri,2026-06-06,23,1,257,patients,table,"",Patients au lit (J-1) 257 16 7 280,7,pdf_text,high,"","",""
patients_start_day,province,nord-kivu,Nord-Kivu,2026-06-06,23,1,16,patients,table,"",Patients au lit (J-1) 257 16 7 280,7,pdf_text,high,"","",""
patients_start_day,province,sud-kivu,Sud-Kivu,2026-06-06,23,1,7,patients,table,"",Patients au lit (J-1) 257 16 7 280,7,pdf_text,high,"","",""
patients_suspect,national,ensemble,Ensemble,2026-06-06,23,1,178,patients,table,"",dont suspects 161 11 6 178,7,pdf_text,high,"",ituri;nord-kivu;sud-kivu,""
patients_suspect,province,ituri,Ituri,2026-06-06,23,1,161,patients,table,"",dont suspects 161 11 6 178,7,pdf_text,high,"","",""
patients_suspect,province,nord-kivu,Nord-Kivu,2026-06-06,23,1,11,patients,table,"",dont suspects 161 11 6 178,7,pdf_text,high,"","",""
patients_suspect,province,sud-kivu,Sud-Kivu,2026-06-06,23,1,6,patients,table,"",dont suspects 161 11 6 178,7,pdf_text,high,"","",""
admissions_24h,national,ensemble,Ensemble,2026-06-07,24,1,61,patients,table,"",Total admissions (24h) 55 6 0 61,7,pdf_text,high,"",ituri;nord-kivu;sud-kivu,""
admissions_24h,province,ituri,Ituri,2026-06-07,24,1,55,patients,table,"",Total admissions (24h) 55 6 0 61,7,pdf_text,high,"","",""
admissions_24h,province,nord-kivu,Nord-Kivu,2026-06-07,24,1,6,patients,table,"",Total admissions (24h) 55 6 0 61,7,pdf_text,high,"","",""
admissions_24h,province,sud-kivu,Sud-Kivu,2026-06-07,24,1,0,patients,table,"",Total admissions (24h) 55 6 0 61,7,pdf_text,high,"","",""
exits_24h,national,ensemble,Ensemble,2026-06-07,24,1,35,patients,table,"",Total sorties 31 4 0 35,7,pdf_text,high,"",ituri;nord-kivu;sud-kivu,""
exits_24h,province,ituri,Ituri,2026-06-07,24,1,31,patients,table,"",Total sorties 31 4 0 35,7,pdf_text,high,"","",""
exits_24h,province,nord-kivu,Nord-Kivu,2026-06-07,24,1,4,patients,table,"",Total sorties 31 4 0 35,7,pdf_text,high,"","",""
exits_24h,province,sud-kivu,Sud-Kivu,2026-06-07,24,1,0,patients,table,"",Total sorties 31 4 0 35,7,pdf_text,high,"","",""
patients_confirmed,national,ensemble,Ensemble,2026-06-07,24,1,116,patients,table,"",dont confirmés (NC+AC) 110 5 1 116,7,pdf_text,high,"",ituri;nord-kivu;sud-kivu,""
patients_confirmed,province,ituri,Ituri,2026-06-07,24,1,110,patients,table,"",dont confirmés (NC+AC) 110 5 1 116,7,pdf_text,high,"","",""
patients_confirmed,province,nord-kivu,Nord-Kivu,2026-06-07,24,1,5,patients,table,"",dont confirmés (NC+AC) 110 5 1 116,7,pdf_text,high,"","",""
patients_confirmed,province,sud-kivu,Sud-Kivu,2026-06-07,24,1,1,patients,table,"",dont confirmés (NC+AC) 110 5 1 116,7,pdf_text,high,"","",""
patients_isolated,national,ensemble,Ensemble,2026-06-07,24,1,309,patients,table,"",Patients en isolement (Fin J) 284 18 7 309,7,pdf_text,high,"",ituri;nord-kivu;sud-kivu,""
patients_isolated,province,ituri,Ituri,2026-06-07,24,1,284,patients,table,"",Patients en isolement (Fin J) 284 18 7 309,7,pdf_text,high,"","",""
patients_isolated,province,nord-kivu,Nord-Kivu,2026-06-07,24,1,18,patients,table,"",Patients en isolement (Fin J) 284 18 7 309,7,pdf_text,high,"","",""
patients_isolated,province,sud-kivu,Sud-Kivu,2026-06-07,24,1,7,patients,table,"",Patients en isolement (Fin J) 284 18 7 309,7,pdf_text,high,"","",""
patients_start_day,national,ensemble,Ensemble,2026-06-07,24,1,283,patients,table,"",Patients au lit (J-1) 260 16 7 283,7,pdf_text,high,"",ituri;nord-kivu;sud-kivu,""
patients_start_day,province,ituri,Ituri,2026-06-07,24,1,260,patients,table,"",Patients au lit (J-1) 260 16 7 283,7,pdf_text,high,"","",""
patients_start_day,province,nord-kivu,Nord-Kivu,2026-06-07,24,1,16,patients,table,"",Patients au lit (J-1) 260 16 7 283,7,pdf_text,high,"","",""
patients_start_day,province,sud-kivu,Sud-Kivu,2026-06-07,24,1,7,patients,table,"",Patients au lit (J-1) 260 16 7 283,7,pdf_text,high,"","",""
patients_suspect,national,ensemble,Ensemble,2026-06-07,24,1,193,patients,table,"",dont suspects 174 13 6 193,7,pdf_text,high,"",ituri;nord-kivu;sud-kivu,""
patients_suspect,province,ituri,Ituri,2026-06-07,24,1,174,patients,table,"",dont suspects 174 13 6 193,7,pdf_text,high,"","",""
patients_suspect,province,nord-kivu,Nord-Kivu,2026-06-07,24,1,13,patients,table,"",dont suspects 174 13 6 193,7,pdf_text,high,"","",""
patients_suspect,province,sud-kivu,Sud-Kivu,2026-06-07,24,1,6,patients,table,"",dont suspects 174 13 6 193,7,pdf_text,high,"","",""
admissions_24h,national,ensemble,Ensemble,2026-06-08,25,1,34,patients,table,"",Total admissions (24h) 27 7 0 34,7,pdf_text,high,"",ituri;nord-kivu;sud-kivu,""
admissions_24h,province,ituri,Ituri,2026-06-08,25,1,27,patients,table,"",Total admissions (24h) 27 7 0 34,7,pdf_text,high,"","",""
admissions_24h,province,nord-kivu,Nord-Kivu,2026-06-08,25,1,7,patients,table,"",Total admissions (24h) 27 7 0 34,7,pdf_text,high,"","",""
admissions_24h,province,sud-kivu,Sud-Kivu,2026-06-08,25,1,0,patients,table,"",Total admissions (24h) 27 7 0 34,7,pdf_text,high,"","",""
exits_24h,national,ensemble,Ensemble,2026-06-08,25,1,47,patients,table,"",Total sorties 47 0 0 47,7,pdf_text,high,"",ituri;nord-kivu;sud-kivu,""
exits_24h,province,ituri,Ituri,2026-06-08,25,1,47,patients,table,"",Total sorties 47 0 0 47,7,pdf_text,high,"","",""
exits_24h,province,nord-kivu,Nord-Kivu,2026-06-08,25,1,0,patients,table,"",Total sorties 47 0 0 47,7,pdf_text,high,"","",""
exits_24h,province,sud-kivu,Sud-Kivu,2026-06-08,25,1,0,patients,table,"",Total sorties 47 0 0 47,7,pdf_text,high,"","",""
patients_confirmed,national,ensemble,Ensemble,2026-06-08,25,1,113,patients,table,"",dont confirmés (NC+AC) 106 6 1 113,7,pdf_text,high,"",ituri;nord-kivu;sud-kivu,""
patients_confirmed,province,ituri,Ituri,2026-06-08,25,1,106,patients,table,"",dont confirmés (NC+AC) 106 6 1 113,7,pdf_text,high,"","",""
patients_confirmed,province,nord-kivu,Nord-Kivu,2026-06-08,25,1,6,patients,table,"",dont confirmés (NC+AC) 106 6 1 113,7,pdf_text,high,"","",""
patients_confirmed,province,sud-kivu,Sud-Kivu,2026-06-08,25,1,1,patients,table,"",dont confirmés (NC+AC) 106 6 1 113,7,pdf_text,high,"","",""
patients_isolated,national,ensemble,Ensemble,2026-06-08,25,1,297,patients,table,"",Patients en isolement (Fin J) 266 24 7 297,7,pdf_text,high,"",ituri;nord-kivu;sud-kivu,""
patients_isolated,province,ituri,Ituri,2026-06-08,25,1,266,patients,table,"",Patients en isolement (Fin J) 266 24 7 297,7,pdf_text,high,"","",""
patients_isolated,province,nord-kivu,Nord-Kivu,2026-06-08,25,1,24,patients,table,"",Patients en isolement (Fin J) 266 24 7 297,7,pdf_text,high,"","",""
patients_isolated,province,sud-kivu,Sud-Kivu,2026-06-08,25,1,7,patients,table,"",Patients en isolement (Fin J) 266 24 7 297,7,pdf_text,high,"","",""
patients_start_day,national,ensemble,Ensemble,2026-06-08,25,1,310,patients,table,"",Patients au lit (J-1) 286 17 7 310,7,pdf_text,high,"",ituri;nord-kivu;sud-kivu,""
patients_start_day,province,ituri,Ituri,2026-06-08,25,1,286,patients,table,"",Patients au lit (J-1) 286 17 7 310,7,pdf_text,high,"","",""
patients_start_day,province,nord-kivu,Nord-Kivu,2026-06-08,25,1,17,patients,table,"",Patients au lit (J-1) 286 17 7 310,7,pdf_text,high,"","",""
patients_start_day,province,sud-kivu,Sud-Kivu,2026-06-08,25,1,7,patients,table,"",Patients au lit (J-1) 286 17 7 310,7,pdf_text,high,"","",""
patients_suspect,national,ensemble,Ensemble,2026-06-08,25,1,184,patients,table,"",dont suspects 160 18 6 184,7,pdf_text,high,"",ituri;nord-kivu;sud-kivu,""
patients_suspect,province,ituri,Ituri,2026-06-08,25,1,160,patients,table,"",dont suspects 160 18 6 184,7,pdf_text,high,"","",""
patients_suspect,province,nord-kivu,Nord-Kivu,2026-06-08,25,1,18,patients,table,"",dont suspects 160 18 6 184,7,pdf_text,high,"","",""
patients_suspect,province,sud-kivu,Sud-Kivu,2026-06-08,25,1,6,patients,table,"",dont suspects 160 18 6 184,7,pdf_text,high,"","",""
admissions_24h,national,ensemble,Ensemble,2026-06-09,26,1,31,patients,table,"",Total admissions (24h) 31 0 0 31,7,pdf_text,high,"",ituri;nord-kivu;sud-kivu,""
admissions_24h,province,ituri,Ituri,2026-06-09,26,1,31,patients,table,"",Total admissions (24h) 31 0 0 31,7,pdf_text,high,"","",""
admissions_24h,province,nord-kivu,Nord-Kivu,2026-06-09,26,1,0,patients,table,"",Total admissions (24h) 31 0 0 31,7,pdf_text,high,"","",""
admissions_24h,province,sud-kivu,Sud-Kivu,2026-06-09,26,1,0,patients,table,"",Total admissions (24h) 31 0 0 31,7,pdf_text,high,"","",""
exits_24h,national,ensemble,Ensemble,2026-06-09,26,1,39,patients,table,"",Total sorties 39 0 0 39,7,pdf_text,high,"",ituri;nord-kivu;sud-kivu,""
exits_24h,province,ituri,Ituri,2026-06-09,26,1,39,patients,table,"",Total sorties 39 0 0 39,7,pdf_text,high,"","",""
exits_24h,province,nord-kivu,Nord-Kivu,2026-06-09,26,1,0,patients,table,"",Total sorties 39 0 0 39,7,pdf_text,high,"","",""
exits_24h,province,sud-kivu,Sud-Kivu,2026-06-09,26,1,0,patients,table,"",Total sorties 39 0 0 39,7,pdf_text,high,"","",""
patients_confirmed,national,ensemble,Ensemble,2026-06-09,26,1,117,patients,table,"",dont confirmés (NC+AC) 111 5 1 117,7,pdf_text,high,"",ituri;nord-kivu;sud-kivu,""
patients_confirmed,province,ituri,Ituri,2026-06-09,26,1,111,patients,table,"",dont confirmés (NC+AC) 111 5 1 117,7,pdf_text,high,"","",""
patients_confirmed,province,nord-kivu,Nord-Kivu,2026-06-09,26,1,5,patients,table,"",dont confirmés (NC+AC) 111 5 1 117,7,pdf_text,high,"","",""
patients_confirmed,province,sud-kivu,Sud-Kivu,2026-06-09,26,1,1,patients,table,"",dont confirmés (NC+AC) 111 5 1 117,7,pdf_text,high,"","",""
patients_isolated,national,ensemble,Ensemble,2026-06-09,26,1,260,patients,table,"",Patients en isolement (Fin J) 237 17 6 260,7,pdf_text,high,"",ituri;nord-kivu;sud-kivu,""
patients_isolated,province,ituri,Ituri,2026-06-09,26,1,237,patients,table,"",Patients en isolement (Fin J) 237 17 6 260,7,pdf_text,high,"","",""
patients_isolated,province,nord-kivu,Nord-Kivu,2026-06-09,26,1,17,patients,table,"",Patients en isolement (Fin J) 237 17 6 260,7,pdf_text,high,"","",""
patients_isolated,province,sud-kivu,Sud-Kivu,2026-06-09,26,1,6,patients,table,"",Patients en isolement (Fin J) 237 17 6 260,7,pdf_text,high,"","",""
patients_start_day,national,ensemble,Ensemble,2026-06-09,26,1,268,patients,table,"",Patients au lit (J-1) 245 17 6 268,7,pdf_text,high,"",ituri;nord-kivu;sud-kivu,""
patients_start_day,province,ituri,Ituri,2026-06-09,26,1,245,patients,table,"",Patients au lit (J-1) 245 17 6 268,7,pdf_text,high,"","",""
patients_start_day,province,nord-kivu,Nord-Kivu,2026-06-09,26,1,17,patients,table,"",Patients au lit (J-1) 245 17 6 268,7,pdf_text,high,"","",""
patients_start_day,province,sud-kivu,Sud-Kivu,2026-06-09,26,1,6,patients,table,"",Patients au lit (J-1) 245 17 6 268,7,pdf_text,high,"","",""
patients_suspect,national,ensemble,Ensemble,2026-06-09,26,1,143,patients,table,"",dont suspects 126 12 5 143,7,pdf_text,high,"",ituri;nord-kivu;sud-kivu,""
patients_suspect,province,ituri,Ituri,2026-06-09,26,1,126,patients,table,"",dont suspects 126 12 5 143,7,pdf_text,high,"","",""
patients_suspect,province,nord-kivu,Nord-Kivu,2026-06-09,26,1,12,patients,table,"",dont suspects 126 12 5 143,7,pdf_text,high,"","",""
patients_suspect,province,sud-kivu,Sud-Kivu,2026-06-09,26,1,5,patients,table,"",dont suspects 126 12 5 143,7,pdf_text,high,"","",""
admissions_24h,national,ensemble,Ensemble,2026-06-10,27,1,26,patients,table,"",Total admissions (24h) 26 0 0 26,7,pdf_text,high,"",ituri;nord-kivu;sud-kivu,""
admissions_24h,province,ituri,Ituri,2026-06-10,27,1,26,patients,table,"",Total admissions (24h) 26 0 0 26,7,pdf_text,high,"","",""
admissions_24h,province,nord-kivu,Nord-Kivu,2026-06-10,27,1,0,patients,table,"",Total admissions (24h) 26 0 0 26,7,pdf_text,high,"","",""
admissions_24h,province,sud-kivu,Sud-Kivu,2026-06-10,27,1,0,patients,table,"",Total admissions (24h) 26 0 0 26,7,pdf_text,high,"","",""
exits_24h,national,ensemble,Ensemble,2026-06-10,27,1,26,patients,table,"",Total sorties 26 0 0 26,7,pdf_text,high,"",ituri;nord-kivu;sud-kivu,""
exits_24h,province,ituri,Ituri,2026-06-10,27,1,26,patients,table,"",Total sorties 26 0 0 26,7,pdf_text,high,"","",""
exits_24h,province,nord-kivu,Nord-Kivu,2026-06-10,27,1,0,patients,table,"",Total sorties 26 0 0 26,7,pdf_text,high,"","",""
exits_24h,province,sud-kivu,Sud-Kivu,2026-06-10,27,1,0,patients,table,"",Total sorties 26 0 0 26,7,pdf_text,high,"","",""
patients_confirmed,national,ensemble,Ensemble,2026-06-10,27,1,132,patients,table,"",dont confirmés (NC+AC) 126 5 1 132,7,pdf_text,high,"",ituri;nord-kivu;sud-kivu,""
patients_confirmed,province,ituri,Ituri,2026-06-10,27,1,126,patients,table,"",dont confirmés (NC+AC) 126 5 1 132,7,pdf_text,high,"","",""
patients_confirmed,province,nord-kivu,Nord-Kivu,2026-06-10,27,1,5,patients,table,"",dont confirmés (NC+AC) 126 5 1 132,7,pdf_text,high,"","",""
patients_confirmed,province,sud-kivu,Sud-Kivu,2026-06-10,27,1,1,patients,table,"",dont confirmés (NC+AC) 126 5 1 132,7,pdf_text,high,"","",""
patients_start_day,national,ensemble,Ensemble,2026-06-10,27,1,262,patients,table,"",Patients au lit (J-1) 239 17 6 262,7,pdf_text,high,"",ituri;nord-kivu;sud-kivu,""
patients_start_day,province,ituri,Ituri,2026-06-10,27,1,239,patients,table,"",Patients au lit (J-1) 239 17 6 262,7,pdf_text,high,"","",""
patients_start_day,province,nord-kivu,Nord-Kivu,2026-06-10,27,1,17,patients,table,"",Patients au lit (J-1) 239 17 6 262,7,pdf_text,high,"","",""
patients_start_day,province,sud-kivu,Sud-Kivu,2026-06-10,27,1,6,patients,table,"",Patients au lit (J-1) 239 17 6 262,7,pdf_text,high,"","",""
patients_suspect,national,ensemble,Ensemble,2026-06-10,27,1,130,patients,table,"",dont suspects 113 12 5 130,7,pdf_text,high,"",ituri;nord-kivu;sud-kivu,""
patients_suspect,province,ituri,Ituri,2026-06-10,27,1,113,patients,table,"",dont suspects 113 12 5 130,7,pdf_text,high,"","",""
patients_suspect,province,nord-kivu,Nord-Kivu,2026-06-10,27,1,12,patients,table,"",dont suspects 113 12 5 130,7,pdf_text,high,"","",""
patients_suspect,province,sud-kivu,Sud-Kivu,2026-06-10,27,1,5,patients,table,"",dont suspects 113 12 5 130,7,pdf_text,high,"","",""
admissions_24h,national,ensemble,Ensemble,2026-06-11,28,1,75,patients,table,"",Total admissions (24h) 47 18 10 75,7,pdf_text,high,"",ituri;nord-kivu;sud-kivu,""
admissions_24h,province,ituri,Ituri,2026-06-11,28,1,47,patients,table,"",Total admissions (24h) 47 18 10 75,7,pdf_text,high,"","",""
admissions_24h,province,nord-kivu,Nord-Kivu,2026-06-11,28,1,18,patients,table,"",Total admissions (24h) 47 18 10 75,7,pdf_text,high,"","",""
admissions_24h,province,sud-kivu,Sud-Kivu,2026-06-11,28,1,10,patients,table,"",Total admissions (24h) 47 18 10 75,7,pdf_text,high,"","",""
exits_24h,national,ensemble,Ensemble,2026-06-11,28,1,27,patients,table,"",Total sorties 22 0 5 27,7,pdf_text,high,"",ituri;nord-kivu;sud-kivu,""
exits_24h,province,ituri,Ituri,2026-06-11,28,1,22,patients,table,"",Total sorties 22 0 5 27,7,pdf_text,high,"","",""
exits_24h,province,nord-kivu,Nord-Kivu,2026-06-11,28,1,0,patients,table,"",Total sorties 22 0 5 27,7,pdf_text,high,"","",""
exits_24h,province,sud-kivu,Sud-Kivu,2026-06-11,28,1,5,patients,table,"",Total sorties 22 0 5 27,7,pdf_text,high,"","",""
occupancy_rate,national,ensemble,Ensemble,2026-06-11,28,1,69.7,percent,table,"","Taux d'occupation global 77,9% 43,7% 37,5% 69,7%",7,pdf_text,high,"",ituri;nord-kivu;sud-kivu,""
occupancy_rate,province,ituri,Ituri,2026-06-11,28,1,77.9,percent,table,"","Taux d'occupation global 77,9% 43,7% 37,5% 69,7%",7,pdf_text,high,"","",""
occupancy_rate,province,nord-kivu,Nord-Kivu,2026-06-11,28,1,43.7,percent,table,"","Taux d'occupation global 77,9% 43,7% 37,5% 69,7%",7,pdf_text,high,"","",""
occupancy_rate,province,sud-kivu,Sud-Kivu,2026-06-11,28,1,37.5,percent,table,"","Taux d'occupation global 77,9% 43,7% 37,5% 69,7%",7,pdf_text,high,"","",""
patients_confirmed,national,ensemble,Ensemble,2026-06-11,28,1,138,patients,table,"",dont confirmés (NC+AC) 131 6 1 138,7,pdf_text,high,"",ituri;nord-kivu;sud-kivu,""
patients_confirmed,province,ituri,Ituri,2026-06-11,28,1,131,patients,table,"",dont confirmés (NC+AC) 131 6 1 138,7,pdf_text,high,"","",""
patients_confirmed,province,nord-kivu,Nord-Kivu,2026-06-11,28,1,6,patients,table,"",dont confirmés (NC+AC) 131 6 1 138,7,pdf_text,high,"","",""
patients_confirmed,province,sud-kivu,Sud-Kivu,2026-06-11,28,1,1,patients,table,"",dont confirmés (NC+AC) 131 6 1 138,7,pdf_text,high,"","",""
patients_isolated,national,ensemble,Ensemble,2026-06-11,28,1,315,patients,table,"",Patients en isolement (Fin 272 31 12 315,7,pdf_text,high,"",ituri;nord-kivu;sud-kivu,""
patients_isolated,province,ituri,Ituri,2026-06-11,28,1,272,patients,table,"",Patients en isolement (Fin 272 31 12 315,7,pdf_text,high,"","",""
patients_isolated,province,nord-kivu,Nord-Kivu,2026-06-11,28,1,31,patients,table,"",Patients en isolement (Fin 272 31 12 315,7,pdf_text,high,"","",""
patients_isolated,province,sud-kivu,Sud-Kivu,2026-06-11,28,1,12,patients,table,"",Patients en isolement (Fin 272 31 12 315,7,pdf_text,high,"","",""
patients_start_day,national,ensemble,Ensemble,2026-06-11,28,1,267,patients,table,"",Patients au lit (J-1) 247 13 7 267,7,pdf_text,high,"",ituri;nord-kivu;sud-kivu,""
patients_start_day,province,ituri,Ituri,2026-06-11,28,1,247,patients,table,"",Patients au lit (J-1) 247 13 7 267,7,pdf_text,high,"","",""
patients_start_day,province,nord-kivu,Nord-Kivu,2026-06-11,28,1,13,patients,table,"",Patients au lit (J-1) 247 13 7 267,7,pdf_text,high,"","",""
patients_start_day,province,sud-kivu,Sud-Kivu,2026-06-11,28,1,7,patients,table,"",Patients au lit (J-1) 247 13 7 267,7,pdf_text,high,"","",""
patients_suspect,national,ensemble,Ensemble,2026-06-11,28,1,177,patients,table,"",dont suspects 141 25 11 177,7,pdf_text,high,"",ituri;nord-kivu;sud-kivu,""
patients_suspect,province,ituri,Ituri,2026-06-11,28,1,141,patients,table,"",dont suspects 141 25 11 177,7,pdf_text,high,"","",""
patients_suspect,province,nord-kivu,Nord-Kivu,2026-06-11,28,1,25,patients,table,"",dont suspects 141 25 11 177,7,pdf_text,high,"","",""
patients_suspect,province,sud-kivu,Sud-Kivu,2026-06-11,28,1,11,patients,table,"",dont suspects 141 25 11 177,7,pdf_text,high,"","",""
admissions_24h,national,ensemble,Ensemble,2026-06-13,30,1,68,patients,table,"",Total admissions (24h) 60 6 2 68,7,pdf_text,high,"",ituri;nord-kivu;sud-kivu,""
admissions_24h,province,ituri,Ituri,2026-06-13,30,1,60,patients,table,"",Total admissions (24h) 60 6 2 68,7,pdf_text,high,"","",""
admissions_24h,province,nord-kivu,Nord-Kivu,2026-06-13,30,1,6,patients,table,"",Total admissions (24h) 60 6 2 68,7,pdf_text,high,"","",""
admissions_24h,province,sud-kivu,Sud-Kivu,2026-06-13,30,1,2,patients,table,"",Total admissions (24h) 60 6 2 68,7,pdf_text,high,"","",""
exits_24h,national,ensemble,Ensemble,2026-06-13,30,1,36,patients,table,"",Total sorties 30 0 6 36,7,pdf_text,high,"",ituri;nord-kivu;sud-kivu,""
exits_24h,province,ituri,Ituri,2026-06-13,30,1,30,patients,table,"",Total sorties 30 0 6 36,7,pdf_text,high,"","",""
exits_24h,province,nord-kivu,Nord-Kivu,2026-06-13,30,1,0,patients,table,"",Total sorties 30 0 6 36,7,pdf_text,high,"","",""
exits_24h,province,sud-kivu,Sud-Kivu,2026-06-13,30,1,6,patients,table,"",Total sorties 30 0 6 36,7,pdf_text,high,"","",""
occupancy_rate,national,ensemble,Ensemble,2026-06-13,30,1,82.9,percent,table,"","Taux d'occupation global 93,9% 59,2% 21,9% 82,9%",7,pdf_text,high,"",ituri;nord-kivu;sud-kivu,""
occupancy_rate,province,ituri,Ituri,2026-06-13,30,1,93.9,percent,table,"","Taux d'occupation global 93,9% 59,2% 21,9% 82,9%",7,pdf_text,high,"","",""
occupancy_rate,province,nord-kivu,Nord-Kivu,2026-06-13,30,1,59.2,percent,table,"","Taux d'occupation global 93,9% 59,2% 21,9% 82,9%",7,pdf_text,high,"","",""
occupancy_rate,province,sud-kivu,Sud-Kivu,2026-06-13,30,1,21.9,percent,table,"","Taux d'occupation global 93,9% 59,2% 21,9% 82,9%",7,pdf_text,high,"","",""
patients_confirmed,national,ensemble,Ensemble,2026-06-13,30,1,147,patients,table,"",dont confirmés (NC+AC) 140 6 1 147,7,pdf_text,high,"",ituri;nord-kivu;sud-kivu,""
patients_confirmed,province,ituri,Ituri,2026-06-13,30,1,140,patients,table,"",dont confirmés (NC+AC) 140 6 1 147,7,pdf_text,high,"","",""
patients_confirmed,province,nord-kivu,Nord-Kivu,2026-06-13,30,1,6,patients,table,"",dont confirmés (NC+AC) 140 6 1 147,7,pdf_text,high,"","",""
patients_confirmed,province,sud-kivu,Sud-Kivu,2026-06-13,30,1,1,patients,table,"",dont confirmés (NC+AC) 140 6 1 147,7,pdf_text,high,"","",""
patients_isolated,national,ensemble,Ensemble,2026-06-13,30,1,359,patients,table,"",Patients en isolement (Fin J) 310 42 7 359,7,pdf_text,high,"",ituri;nord-kivu;sud-kivu,""
patients_isolated,province,ituri,Ituri,2026-06-13,30,1,310,patients,table,"",Patients en isolement (Fin J) 310 42 7 359,7,pdf_text,high,"","",""
patients_isolated,province,nord-kivu,Nord-Kivu,2026-06-13,30,1,42,patients,table,"",Patients en isolement (Fin J) 310 42 7 359,7,pdf_text,high,"","",""
patients_isolated,province,sud-kivu,Sud-Kivu,2026-06-13,30,1,7,patients,table,"",Patients en isolement (Fin J) 310 42 7 359,7,pdf_text,high,"","",""
patients_start_day,national,ensemble,Ensemble,2026-06-13,30,1,327,patients,table,"",Patients au lit (J-1) 280 36 11 327,7,pdf_text,high,"",ituri;nord-kivu;sud-kivu,""
patients_start_day,province,ituri,Ituri,2026-06-13,30,1,280,patients,table,"",Patients au lit (J-1) 280 36 11 327,7,pdf_text,high,"","",""
patients_start_day,province,nord-kivu,Nord-Kivu,2026-06-13,30,1,36,patients,table,"",Patients au lit (J-1) 280 36 11 327,7,pdf_text,high,"","",""
patients_start_day,province,sud-kivu,Sud-Kivu,2026-06-13,30,1,11,patients,table,"",Patients au lit (J-1) 280 36 11 327,7,pdf_text,high,"","",""
patients_suspect,national,ensemble,Ensemble,2026-06-13,30,1,212,patients,table,"",dont suspects 170 36 6 212,7,pdf_text,high,"",ituri;nord-kivu;sud-kivu,""
patients_suspect,province,ituri,Ituri,2026-06-13,30,1,170,patients,table,"",dont suspects 170 36 6 212,7,pdf_text,high,"","",""
patients_suspect,province,nord-kivu,Nord-Kivu,2026-06-13,30,1,36,patients,table,"",dont suspects 170 36 6 212,7,pdf_text,high,"","",""
patients_suspect,province,sud-kivu,Sud-Kivu,2026-06-13,30,1,6,patients,table,"",dont suspects 170 36 6 212,7,pdf_text,high,"","",""
admissions_24h,national,ensemble,Ensemble,2026-06-14,31,1,54,patients,table,"",Total admissions (24h) 44 8 2 54,7,pdf_text,high,"",ituri;nord-kivu;sud-kivu,""
admissions_24h,province,ituri,Ituri,2026-06-14,31,1,44,patients,table,"",Total admissions (24h) 44 8 2 54,7,pdf_text,high,"","",""
admissions_24h,province,nord-kivu,Nord-Kivu,2026-06-14,31,1,8,patients,table,"",Total admissions (24h) 44 8 2 54,7,pdf_text,high,"","",""
admissions_24h,province,sud-kivu,Sud-Kivu,2026-06-14,31,1,2,patients,table,"",Total admissions (24h) 44 8 2 54,7,pdf_text,high,"","",""
exits_24h,national,ensemble,Ensemble,2026-06-14,31,1,52,patients,table,"",Total sorties 43 6 3 52,7,pdf_text,high,"",ituri;nord-kivu;sud-kivu,""
exits_24h,province,ituri,Ituri,2026-06-14,31,1,43,patients,table,"",Total sorties 43 6 3 52,7,pdf_text,high,"","",""
exits_24h,province,nord-kivu,Nord-Kivu,2026-06-14,31,1,6,patients,table,"",Total sorties 43 6 3 52,7,pdf_text,high,"","",""
exits_24h,province,sud-kivu,Sud-Kivu,2026-06-14,31,1,3,patients,table,"",Total sorties 43 6 3 52,7,pdf_text,high,"","",""
occupancy_rate,national,ensemble,Ensemble,2026-06-14,31,1,83.8,percent,table,"","Taux d'occupation global 94,8% 62,0% 18,8% 83,8%",7,pdf_text,high,"",ituri;nord-kivu;sud-kivu,""
occupancy_rate,province,ituri,Ituri,2026-06-14,31,1,94.8,percent,table,"","Taux d'occupation global 94,8% 62,0% 18,8% 83,8%",7,pdf_text,high,"","",""
occupancy_rate,province,nord-kivu,Nord-Kivu,2026-06-14,31,1,62,percent,table,"","Taux d'occupation global 94,8% 62,0% 18,8% 83,8%",7,pdf_text,high,"","",""
occupancy_rate,province,sud-kivu,Sud-Kivu,2026-06-14,31,1,18.8,percent,table,"","Taux d'occupation global 94,8% 62,0% 18,8% 83,8%",7,pdf_text,high,"","",""
patients_confirmed,national,ensemble,Ensemble,2026-06-14,31,1,155,patients,table,"",dont confirmés (NC+AC) 140 14 1 155,7,pdf_text,high,"",ituri;nord-kivu;sud-kivu,""
patients_confirmed,province,ituri,Ituri,2026-06-14,31,1,140,patients,table,"",dont confirmés (NC+AC) 140 14 1 155,7,pdf_text,high,"","",""
patients_confirmed,province,nord-kivu,Nord-Kivu,2026-06-14,31,1,14,patients,table,"",dont confirmés (NC+AC) 140 14 1 155,7,pdf_text,high,"","",""
patients_confirmed,province,sud-kivu,Sud-Kivu,2026-06-14,31,1,1,patients,table,"",dont confirmés (NC+AC) 140 14 1 155,7,pdf_text,high,"","",""
patients_start_day,national,ensemble,Ensemble,2026-06-14,31,1,361,patients,table,"",Patients au lit (J-1) 312 42 7 361,7,pdf_text,high,"",ituri;nord-kivu;sud-kivu,""
patients_start_day,province,ituri,Ituri,2026-06-14,31,1,312,patients,table,"",Patients au lit (J-1) 312 42 7 361,7,pdf_text,high,"","",""
patients_start_day,province,nord-kivu,Nord-Kivu,2026-06-14,31,1,42,patients,table,"",Patients au lit (J-1) 312 42 7 361,7,pdf_text,high,"","",""
patients_start_day,province,sud-kivu,Sud-Kivu,2026-06-14,31,1,7,patients,table,"",Patients au lit (J-1) 312 42 7 361,7,pdf_text,high,"","",""
patients_suspect,national,ensemble,Ensemble,2026-06-14,31,1,208,patients,table,"",dont suspects 173 30 5 208,7,pdf_text,high,"",ituri;nord-kivu;sud-kivu,""
patients_suspect,province,ituri,Ituri,2026-06-14,31,1,173,patients,table,"",dont suspects 173 30 5 208,7,pdf_text,high,"","",""
patients_suspect,province,nord-kivu,Nord-Kivu,2026-06-14,31,1,30,patients,table,"",dont suspects 173 30 5 208,7,pdf_text,high,"","",""
patients_suspect,province,sud-kivu,Sud-Kivu,2026-06-14,31,1,5,patients,table,"",dont suspects 173 30 5 208,7,pdf_text,high,"","",""
admissions_24h,national,ensemble,Ensemble,2026-06-15,32,1,61,patients,table,"",Total admissions (24h) 47 7 7 61,7,pdf_text,high,"",ituri;nord-kivu;sud-kivu,""
admissions_24h,province,ituri,Ituri,2026-06-15,32,1,47,patients,table,"",Total admissions (24h) 47 7 7 61,7,pdf_text,high,"","",""
admissions_24h,province,nord-kivu,Nord-Kivu,2026-06-15,32,1,7,patients,table,"",Total admissions (24h) 47 7 7 61,7,pdf_text,high,"","",""
admissions_24h,province,sud-kivu,Sud-Kivu,2026-06-15,32,1,7,patients,table,"",Total admissions (24h) 47 7 7 61,7,pdf_text,high,"","",""
exits_24h,national,ensemble,Ensemble,2026-06-15,32,1,47,patients,table,"",Total sorties 38 6 3 47,7,pdf_text,high,"",ituri;nord-kivu;sud-kivu,""
exits_24h,province,ituri,Ituri,2026-06-15,32,1,38,patients,table,"",Total sorties 38 6 3 47,7,pdf_text,high,"","",""
exits_24h,province,nord-kivu,Nord-Kivu,2026-06-15,32,1,6,patients,table,"",Total sorties 38 6 3 47,7,pdf_text,high,"","",""
exits_24h,province,sud-kivu,Sud-Kivu,2026-06-15,32,1,3,patients,table,"",Total sorties 38 6 3 47,7,pdf_text,high,"","",""
occupancy_rate,national,ensemble,Ensemble,2026-06-15,32,1,86.8,percent,table,"","Taux d'occupation global 97,3% 63,4% 31,3% 86,8%",7,pdf_text,high,"",ituri;nord-kivu;sud-kivu,""
occupancy_rate,province,ituri,Ituri,2026-06-15,32,1,97.3,percent,table,"","Taux d'occupation global 97,3% 63,4% 31,3% 86,8%",7,pdf_text,high,"","",""
occupancy_rate,province,nord-kivu,Nord-Kivu,2026-06-15,32,1,63.4,percent,table,"","Taux d'occupation global 97,3% 63,4% 31,3% 86,8%",7,pdf_text,high,"","",""
occupancy_rate,province,sud-kivu,Sud-Kivu,2026-06-15,32,1,31.3,percent,table,"","Taux d'occupation global 97,3% 63,4% 31,3% 86,8%",7,pdf_text,high,"","",""
patients_confirmed,national,ensemble,Ensemble,2026-06-15,32,1,168,patients,table,"",dont confirmés (NC+AC) 152 15 1 168,7,pdf_text,high,"",ituri;nord-kivu;sud-kivu,""
patients_confirmed,province,ituri,Ituri,2026-06-15,32,1,152,patients,table,"",dont confirmés (NC+AC) 152 15 1 168,7,pdf_text,high,"","",""
patients_confirmed,province,nord-kivu,Nord-Kivu,2026-06-15,32,1,15,patients,table,"",dont confirmés (NC+AC) 152 15 1 168,7,pdf_text,high,"","",""
patients_confirmed,province,sud-kivu,Sud-Kivu,2026-06-15,32,1,1,patients,table,"",dont confirmés (NC+AC) 152 15 1 168,7,pdf_text,high,"","",""
patients_isolated,national,ensemble,Ensemble,2026-06-15,32,1,376,patients,table,"",Patients en isolement (Fin J) 321 45 10 376,7,pdf_text,high,"",ituri;nord-kivu;sud-kivu,""
patients_isolated,province,ituri,Ituri,2026-06-15,32,1,321,patients,table,"",Patients en isolement (Fin J) 321 45 10 376,7,pdf_text,high,"","",""
patients_isolated,province,nord-kivu,Nord-Kivu,2026-06-15,32,1,45,patients,table,"",Patients en isolement (Fin J) 321 45 10 376,7,pdf_text,high,"","",""
patients_isolated,province,sud-kivu,Sud-Kivu,2026-06-15,32,1,10,patients,table,"",Patients en isolement (Fin J) 321 45 10 376,7,pdf_text,high,"","",""
patients_start_day,national,ensemble,Ensemble,2026-06-15,32,1,362,patients,table,"",Patients au lit (J-1) 312 44 6 362,7,pdf_text,high,"",ituri;nord-kivu;sud-kivu,""
patients_start_day,province,ituri,Ituri,2026-06-15,32,1,312,patients,table,"",Patients au lit (J-1) 312 44 6 362,7,pdf_text,high,"","",""
patients_start_day,province,nord-kivu,Nord-Kivu,2026-06-15,32,1,44,patients,table,"",Patients au lit (J-1) 312 44 6 362,7,pdf_text,high,"","",""
patients_start_day,province,sud-kivu,Sud-Kivu,2026-06-15,32,1,6,patients,table,"",Patients au lit (J-1) 312 44 6 362,7,pdf_text,high,"","",""
patients_suspect,national,ensemble,Ensemble,2026-06-15,32,1,208,patients,table,"",dont suspects 169 30 9 208,7,pdf_text,high,"",ituri;nord-kivu;sud-kivu,""
patients_suspect,province,ituri,Ituri,2026-06-15,32,1,169,patients,table,"",dont suspects 169 30 9 208,7,pdf_text,high,"","",""
patients_suspect,province,nord-kivu,Nord-Kivu,2026-06-15,32,1,30,patients,table,"",dont suspects 169 30 9 208,7,pdf_text,high,"","",""
patients_suspect,province,sud-kivu,Sud-Kivu,2026-06-15,32,1,9,patients,table,"",dont suspects 169 30 9 208,7,pdf_text,high,"","",""
admissions_24h,national,ensemble,Ensemble,2026-06-16,33,1,67,patients,table,"",Total admissions (24h) 47 11 9 67,6,pdf_text,high,"",ituri;nord-kivu;sud-kivu,""
admissions_24h,province,ituri,Ituri,2026-06-16,33,1,47,patients,table,"",Total admissions (24h) 47 11 9 67,6,pdf_text,high,"","",""
admissions_24h,province,nord-kivu,Nord-Kivu,2026-06-16,33,1,11,patients,table,"",Total admissions (24h) 47 11 9 67,6,pdf_text,high,"","",""
admissions_24h,province,sud-kivu,Sud-Kivu,2026-06-16,33,1,9,patients,table,"",Total admissions (24h) 47 11 9 67,6,pdf_text,high,"","",""
exits_24h,national,ensemble,Ensemble,2026-06-16,33,1,64,patients,table,"",Total sorties 50 10 4 64,6,pdf_text,high,"",ituri;nord-kivu;sud-kivu,""
exits_24h,province,ituri,Ituri,2026-06-16,33,1,50,patients,table,"",Total sorties 50 10 4 64,6,pdf_text,high,"","",""
exits_24h,province,nord-kivu,Nord-Kivu,2026-06-16,33,1,10,patients,table,"",Total sorties 50 10 4 64,6,pdf_text,high,"","",""
exits_24h,province,sud-kivu,Sud-Kivu,2026-06-16,33,1,4,patients,table,"",Total sorties 50 10 4 64,6,pdf_text,high,"","",""
occupancy_rate,national,ensemble,Ensemble,2026-06-16,33,1,87.5,percent,table,"","Taux d'occupation global 96,4% 64,8% 46,9% 87,5%",6,pdf_text,high,"",ituri;nord-kivu;sud-kivu,""
occupancy_rate,province,ituri,Ituri,2026-06-16,33,1,96.4,percent,table,"","Taux d'occupation global 96,4% 64,8% 46,9% 87,5%",6,pdf_text,high,"","",""
occupancy_rate,province,nord-kivu,Nord-Kivu,2026-06-16,33,1,64.8,percent,table,"","Taux d'occupation global 96,4% 64,8% 46,9% 87,5%",6,pdf_text,high,"","",""
occupancy_rate,province,sud-kivu,Sud-Kivu,2026-06-16,33,1,46.9,percent,table,"","Taux d'occupation global 96,4% 64,8% 46,9% 87,5%",6,pdf_text,high,"","",""
patients_confirmed,national,ensemble,Ensemble,2026-06-16,33,1,152,patients,table,"",dont confirmés (NC+AC) 138 13 1 152,6,pdf_text,high,"",ituri;nord-kivu;sud-kivu,""
patients_confirmed,province,ituri,Ituri,2026-06-16,33,1,138,patients,table,"",dont confirmés (NC+AC) 138 13 1 152,6,pdf_text,high,"","",""
patients_confirmed,province,nord-kivu,Nord-Kivu,2026-06-16,33,1,13,patients,table,"",dont confirmés (NC+AC) 138 13 1 152,6,pdf_text,high,"","",""
patients_confirmed,province,sud-kivu,Sud-Kivu,2026-06-16,33,1,1,patients,table,"",dont confirmés (NC+AC) 138 13 1 152,6,pdf_text,high,"","",""
patients_isolated,national,ensemble,Ensemble,2026-06-16,33,1,379,patients,table,"",Patients en isolement (Fin J) 318 46 15 379,6,pdf_text,high,"",ituri;nord-kivu;sud-kivu,""
patients_isolated,province,ituri,Ituri,2026-06-16,33,1,318,patients,table,"",Patients en isolement (Fin J) 318 46 15 379,6,pdf_text,high,"","",""
patients_isolated,province,nord-kivu,Nord-Kivu,2026-06-16,33,1,46,patients,table,"",Patients en isolement (Fin J) 318 46 15 379,6,pdf_text,high,"","",""
patients_isolated,province,sud-kivu,Sud-Kivu,2026-06-16,33,1,15,patients,table,"",Patients en isolement (Fin J) 318 46 15 379,6,pdf_text,high,"","",""
patients_start_day,national,ensemble,Ensemble,2026-06-16,33,1,376,patients,table,"",Patients au lit (J-1) 321 45 10 376,6,pdf_text,high,"",ituri;nord-kivu;sud-kivu,""
patients_start_day,province,ituri,Ituri,2026-06-16,33,1,321,patients,table,"",Patients au lit (J-1) 321 45 10 376,6,pdf_text,high,"","",""
patients_start_day,province,nord-kivu,Nord-Kivu,2026-06-16,33,1,45,patients,table,"",Patients au lit (J-1) 321 45 10 376,6,pdf_text,high,"","",""
patients_start_day,province,sud-kivu,Sud-Kivu,2026-06-16,33,1,10,patients,table,"",Patients au lit (J-1) 321 45 10 376,6,pdf_text,high,"","",""
patients_suspect,national,ensemble,Ensemble,2026-06-16,33,1,227,patients,table,"",dont suspects 180 33 14 227,6,pdf_text,high,"",ituri;nord-kivu;sud-kivu,""
patients_suspect,province,ituri,Ituri,2026-06-16,33,1,180,patients,table,"",dont suspects 180 33 14 227,6,pdf_text,high,"","",""
patients_suspect,province,nord-kivu,Nord-Kivu,2026-06-16,33,1,33,patients,table,"",dont suspects 180 33 14 227,6,pdf_text,high,"","",""
patients_suspect,province,sud-kivu,Sud-Kivu,2026-06-16,33,1,14,patients,table,"",dont suspects 180 33 14 227,6,pdf_text,high,"","",""
admissions_24h,national,ensemble,Ensemble,2026-06-17,34,1,67,patients,table,"",Total admissions (24h) 61 6 ND 67,7,pdf_text,high,"",ituri;nord-kivu,""
admissions_24h,province,ituri,Ituri,2026-06-17,34,1,61,patients,table,"",Total admissions (24h) 61 6 ND 67,7,pdf_text,high,"","",""
admissions_24h,province,nord-kivu,Nord-Kivu,2026-06-17,34,1,6,patients,table,"",Total admissions (24h) 61 6 ND 67,7,pdf_text,high,"","",""
admissions_24h,province,sud-kivu,Sud-Kivu,2026-06-17,34,1,,patients,table,"",Total admissions (24h) 61 6 ND 67,7,pdf_text,high,not_reported,"",""
exits_24h,national,ensemble,Ensemble,2026-06-17,34,1,40,patients,table,"",Total sorties 36 4 ND 40,7,pdf_text,high,"",ituri;nord-kivu,""
exits_24h,province,ituri,Ituri,2026-06-17,34,1,36,patients,table,"",Total sorties 36 4 ND 40,7,pdf_text,high,"","",""
exits_24h,province,nord-kivu,Nord-Kivu,2026-06-17,34,1,4,patients,table,"",Total sorties 36 4 ND 40,7,pdf_text,high,"","",""
exits_24h,province,sud-kivu,Sud-Kivu,2026-06-17,34,1,,patients,table,"",Total sorties 36 4 ND 40,7,pdf_text,high,not_reported,"",""
occupancy_rate,national,ensemble,Ensemble,2026-06-17,34,1,93.6,percent,table,"","Taux d'occupation global 99,1% 67,6% NA 93,6%",7,pdf_text,high,"",ituri;nord-kivu,""
occupancy_rate,province,ituri,Ituri,2026-06-17,34,1,99.1,percent,table,"","Taux d'occupation global 99,1% 67,6% NA 93,6%",7,pdf_text,high,"","",""
occupancy_rate,province,nord-kivu,Nord-Kivu,2026-06-17,34,1,67.6,percent,table,"","Taux d'occupation global 99,1% 67,6% NA 93,6%",7,pdf_text,high,"","",""
occupancy_rate,province,sud-kivu,Sud-Kivu,2026-06-17,34,1,,percent,table,"","Taux d'occupation global 99,1% 67,6% NA 93,6%",7,pdf_text,high,not_reported,"",""
patients_confirmed,national,ensemble,Ensemble,2026-06-17,34,1,161,patients,table,"",dont confirmés (NC+AC) 143 18 ND 161,7,pdf_text,high,"",ituri;nord-kivu,""
patients_confirmed,province,ituri,Ituri,2026-06-17,34,1,143,patients,table,"",dont confirmés (NC+AC) 143 18 ND 161,7,pdf_text,high,"","",""
patients_confirmed,province,nord-kivu,Nord-Kivu,2026-06-17,34,1,18,patients,table,"",dont confirmés (NC+AC) 143 18 ND 161,7,pdf_text,high,"","",""
patients_confirmed,province,sud-kivu,Sud-Kivu,2026-06-17,34,1,,patients,table,"",dont confirmés (NC+AC) 143 18 ND 161,7,pdf_text,high,not_reported,"",""
patients_isolated,national,ensemble,Ensemble,2026-06-17,34,1,383,patients,table,"",Patients en isolement (Fin J) 335 48 ND 383,7,pdf_text,high,"",ituri;nord-kivu,""
patients_isolated,province,ituri,Ituri,2026-06-17,34,1,335,patients,table,"",Patients en isolement (Fin J) 335 48 ND 383,7,pdf_text,high,"","",""
patients_isolated,province,nord-kivu,Nord-Kivu,2026-06-17,34,1,48,patients,table,"",Patients en isolement (Fin J) 335 48 ND 383,7,pdf_text,high,"","",""
patients_isolated,province,sud-kivu,Sud-Kivu,2026-06-17,34,1,,patients,table,"",Patients en isolement (Fin J) 335 48 ND 383,7,pdf_text,high,not_reported,"",""
patients_start_day,national,ensemble,Ensemble,2026-06-17,34,1,356,patients,table,"",Patients au lit (J-1) 310 46 ND 356,7,pdf_text,high,"",ituri;nord-kivu,""
patients_start_day,province,ituri,Ituri,2026-06-17,34,1,310,patients,table,"",Patients au lit (J-1) 310 46 ND 356,7,pdf_text,high,"","",""
patients_start_day,province,nord-kivu,Nord-Kivu,2026-06-17,34,1,46,patients,table,"",Patients au lit (J-1) 310 46 ND 356,7,pdf_text,high,"","",""
patients_start_day,province,sud-kivu,Sud-Kivu,2026-06-17,34,1,,patients,table,"",Patients au lit (J-1) 310 46 ND 356,7,pdf_text,high,not_reported,"",""
patients_suspect,national,ensemble,Ensemble,2026-06-17,34,1,222,patients,table,"",dont suspects 192 30 ND 222,7,pdf_text,high,"",ituri;nord-kivu,""
patients_suspect,province,ituri,Ituri,2026-06-17,34,1,192,patients,table,"",dont suspects 192 30 ND 222,7,pdf_text,high,"","",""
patients_suspect,province,nord-kivu,Nord-Kivu,2026-06-17,34,1,30,patients,table,"",dont suspects 192 30 ND 222,7,pdf_text,high,"","",""
patients_suspect,province,sud-kivu,Sud-Kivu,2026-06-17,34,1,,patients,table,"",dont suspects 192 30 ND 222,7,pdf_text,high,not_reported,"",""
admissions_24h,national,ensemble,Ensemble,2026-06-18,35,1,70,patients,table,"",Total admissions (24h) 53 8 9 70,7,pdf_text,high,"",ituri;nord-kivu;sud-kivu,""
admissions_24h,province,ituri,Ituri,2026-06-18,35,1,53,patients,table,"",Total admissions (24h) 53 8 9 70,7,pdf_text,high,"","",""
admissions_24h,province,nord-kivu,Nord-Kivu,2026-06-18,35,1,8,patients,table,"",Total admissions (24h) 53 8 9 70,7,pdf_text,high,"","",""
admissions_24h,province,sud-kivu,Sud-Kivu,2026-06-18,35,1,9,patients,table,"",Total admissions (24h) 53 8 9 70,7,pdf_text,high,"","",""
exits_24h,national,ensemble,Ensemble,2026-06-18,35,1,52,patients,table,"",Total sorties 39 0 13 52,7,pdf_text,high,"",ituri;nord-kivu;sud-kivu,""
exits_24h,province,ituri,Ituri,2026-06-18,35,1,39,patients,table,"",Total sorties 39 0 13 52,7,pdf_text,high,"","",""
exits_24h,province,nord-kivu,Nord-Kivu,2026-06-18,35,1,0,patients,table,"",Total sorties 39 0 13 52,7,pdf_text,high,"","",""
exits_24h,province,sud-kivu,Sud-Kivu,2026-06-18,35,1,13,patients,table,"",Total sorties 39 0 13 52,7,pdf_text,high,"","",""
occupancy_rate,national,ensemble,Ensemble,2026-06-18,35,1,94.3,percent,table,"","Taux d'occupation global 103,3% 78,9% 34,4% 94,3%",7,pdf_text,high,"",ituri;nord-kivu;sud-kivu,""
occupancy_rate,province,ituri,Ituri,2026-06-18,35,1,103.3,percent,table,"","Taux d'occupation global 103,3% 78,9% 34,4% 94,3%",7,pdf_text,high,"","",""
occupancy_rate,province,nord-kivu,Nord-Kivu,2026-06-18,35,1,78.9,percent,table,"","Taux d'occupation global 103,3% 78,9% 34,4% 94,3%",7,pdf_text,high,"","",""
occupancy_rate,province,sud-kivu,Sud-Kivu,2026-06-18,35,1,34.4,percent,table,"","Taux d'occupation global 103,3% 78,9% 34,4% 94,3%",7,pdf_text,high,"","",""
patients_confirmed,national,ensemble,Ensemble,2026-06-18,35,1,162,patients,table,"",dont confirmés (NC+AC) 139 22 1 162,7,pdf_text,high,"",ituri;nord-kivu;sud-kivu,""
patients_confirmed,province,ituri,Ituri,2026-06-18,35,1,139,patients,table,"",dont confirmés (NC+AC) 139 22 1 162,7,pdf_text,high,"","",""
patients_confirmed,province,nord-kivu,Nord-Kivu,2026-06-18,35,1,22,patients,table,"",dont confirmés (NC+AC) 139 22 1 162,7,pdf_text,high,"","",""
patients_confirmed,province,sud-kivu,Sud-Kivu,2026-06-18,35,1,1,patients,table,"",dont confirmés (NC+AC) 139 22 1 162,7,pdf_text,high,"","",""
patients_isolated,national,ensemble,Ensemble,2026-06-18,35,1,416,patients,table,"",Patients en isolement (Fin J) 349 56 11 416,7,pdf_text,high,"",ituri;nord-kivu;sud-kivu,""
patients_isolated,province,ituri,Ituri,2026-06-18,35,1,349,patients,table,"",Patients en isolement (Fin J) 349 56 11 416,7,pdf_text,high,"","",""
patients_isolated,province,nord-kivu,Nord-Kivu,2026-06-18,35,1,56,patients,table,"",Patients en isolement (Fin J) 349 56 11 416,7,pdf_text,high,"","",""
patients_isolated,province,sud-kivu,Sud-Kivu,2026-06-18,35,1,11,patients,table,"",Patients en isolement (Fin J) 349 56 11 416,7,pdf_text,high,"","",""
patients_start_day,national,ensemble,Ensemble,2026-06-18,35,1,398,patients,table,"",Patients au lit (J-1) 335 48 15 398,7,pdf_text,high,"",ituri;nord-kivu;sud-kivu,""
patients_start_day,province,ituri,Ituri,2026-06-18,35,1,335,patients,table,"",Patients au lit (J-1) 335 48 15 398,7,pdf_text,high,"","",""
patients_start_day,province,nord-kivu,Nord-Kivu,2026-06-18,35,1,48,patients,table,"",Patients au lit (J-1) 335 48 15 398,7,pdf_text,high,"","",""
patients_start_day,province,sud-kivu,Sud-Kivu,2026-06-18,35,1,15,patients,table,"",Patients au lit (J-1) 335 48 15 398,7,pdf_text,high,"","",""
patients_suspect,national,ensemble,Ensemble,2026-06-18,35,1,254,patients,table,"",dont suspects 210 34 10 254,7,pdf_text,high,"",ituri;nord-kivu;sud-kivu,""
patients_suspect,province,ituri,Ituri,2026-06-18,35,1,210,patients,table,"",dont suspects 210 34 10 254,7,pdf_text,high,"","",""
patients_suspect,province,nord-kivu,Nord-Kivu,2026-06-18,35,1,34,patients,table,"",dont suspects 210 34 10 254,7,pdf_text,high,"","",""
patients_suspect,province,sud-kivu,Sud-Kivu,2026-06-18,35,1,10,patients,table,"",dont suspects 210 34 10 254,7,pdf_text,high,"","",""
admissions_24h,national,ensemble,Ensemble,2026-06-19,36,1,65,patients,table,"",Total admissions (24h) 59 6 ND 65,7,pdf_text,high,"",ituri;nord-kivu,""
admissions_24h,province,ituri,Ituri,2026-06-19,36,1,59,patients,table,"",Total admissions (24h) 59 6 ND 65,7,pdf_text,high,"","",""
admissions_24h,province,nord-kivu,Nord-Kivu,2026-06-19,36,1,6,patients,table,"",Total admissions (24h) 59 6 ND 65,7,pdf_text,high,"","",""
admissions_24h,province,sud-kivu,Sud-Kivu,2026-06-19,36,1,,patients,table,"",Total admissions (24h) 59 6 ND 65,7,pdf_text,high,not_reported,"",""
exits_24h,national,ensemble,Ensemble,2026-06-19,36,1,46,patients,table,"",Total sorties 38 8 ND 46,7,pdf_text,high,"",ituri;nord-kivu,""
exits_24h,province,ituri,Ituri,2026-06-19,36,1,38,patients,table,"",Total sorties 38 8 ND 46,7,pdf_text,high,"","",""
exits_24h,province,nord-kivu,Nord-Kivu,2026-06-19,36,1,8,patients,table,"",Total sorties 38 8 ND 46,7,pdf_text,high,"","",""
exits_24h,province,sud-kivu,Sud-Kivu,2026-06-19,36,1,,patients,table,"",Total sorties 38 8 ND 46,7,pdf_text,high,not_reported,"",""
occupancy_rate,national,ensemble,Ensemble,2026-06-19,36,1,88.3,percent,table,"","Taux d'occupation global 90,8% 76,1% NA 88,3%",7,pdf_text,high,"",ituri;nord-kivu,""
occupancy_rate,province,ituri,Ituri,2026-06-19,36,1,90.8,percent,table,"","Taux d'occupation global 90,8% 76,1% NA 88,3%",7,pdf_text,high,"","",""
occupancy_rate,province,nord-kivu,Nord-Kivu,2026-06-19,36,1,76.1,percent,table,"","Taux d'occupation global 90,8% 76,1% NA 88,3%",7,pdf_text,high,"","",""
occupancy_rate,province,sud-kivu,Sud-Kivu,2026-06-19,36,1,,percent,table,"","Taux d'occupation global 90,8% 76,1% NA 88,3%",7,pdf_text,high,not_reported,"",""
patients_confirmed,national,ensemble,Ensemble,2026-06-19,36,1,148,patients,table,"",dont confirmés (NC+AC) 124 24 ND 148,7,pdf_text,high,"",ituri;nord-kivu,""
patients_confirmed,province,ituri,Ituri,2026-06-19,36,1,124,patients,table,"",dont confirmés (NC+AC) 124 24 ND 148,7,pdf_text,high,"","",""
patients_confirmed,province,nord-kivu,Nord-Kivu,2026-06-19,36,1,24,patients,table,"",dont confirmés (NC+AC) 124 24 ND 148,7,pdf_text,high,"","",""
patients_confirmed,province,sud-kivu,Sud-Kivu,2026-06-19,36,1,,patients,table,"",dont confirmés (NC+AC) 124 24 ND 148,7,pdf_text,high,not_reported,"",""
patients_isolated,national,ensemble,Ensemble,2026-06-19,36,1,361,patients,table,"",Patients en isolement (Fin J) 307 54 ND 361,7,pdf_text,high,"",ituri;nord-kivu,""
patients_isolated,province,ituri,Ituri,2026-06-19,36,1,307,patients,table,"",Patients en isolement (Fin J) 307 54 ND 361,7,pdf_text,high,"","",""
patients_isolated,province,nord-kivu,Nord-Kivu,2026-06-19,36,1,54,patients,table,"",Patients en isolement (Fin J) 307 54 ND 361,7,pdf_text,high,"","",""
patients_isolated,province,sud-kivu,Sud-Kivu,2026-06-19,36,1,,patients,table,"",Patients en isolement (Fin J) 307 54 ND 361,7,pdf_text,high,not_reported,"",""
patients_start_day,national,ensemble,Ensemble,2026-06-19,36,1,342,patients,table,"",Patients au lit (J-1) 286 56 ND 342,7,pdf_text,high,"",ituri;nord-kivu,""
patients_start_day,province,ituri,Ituri,2026-06-19,36,1,286,patients,table,"",Patients au lit (J-1) 286 56 ND 342,7,pdf_text,high,"","",""
patients_start_day,province,nord-kivu,Nord-Kivu,2026-06-19,36,1,56,patients,table,"",Patients au lit (J-1) 286 56 ND 342,7,pdf_text,high,"","",""
patients_start_day,province,sud-kivu,Sud-Kivu,2026-06-19,36,1,,patients,table,"",Patients au lit (J-1) 286 56 ND 342,7,pdf_text,high,not_reported,"",""
patients_suspect,national,ensemble,Ensemble,2026-06-19,36,1,213,patients,table,"",dont suspects 183 30 ND 213,7,pdf_text,high,"",ituri;nord-kivu,""
patients_suspect,province,ituri,Ituri,2026-06-19,36,1,183,patients,table,"",dont suspects 183 30 ND 213,7,pdf_text,high,"","",""
patients_suspect,province,nord-kivu,Nord-Kivu,2026-06-19,36,1,30,patients,table,"",dont suspects 183 30 ND 213,7,pdf_text,high,"","",""
patients_suspect,province,sud-kivu,Sud-Kivu,2026-06-19,36,1,,patients,table,"",dont suspects 183 30 ND 213,7,pdf_text,high,not_reported,"",""
admissions_24h,national,ensemble,Ensemble,2026-06-20,37,1,67,patients,table,"",Total admissions (24h) 62 4 1 67,7,pdf_text,high,"",ituri;nord-kivu;sud-kivu,""
admissions_24h,province,ituri,Ituri,2026-06-20,37,1,62,patients,table,"",Total admissions (24h) 62 4 1 67,7,pdf_text,high,"","",""
admissions_24h,province,nord-kivu,Nord-Kivu,2026-06-20,37,1,4,patients,table,"",Total admissions (24h) 62 4 1 67,7,pdf_text,high,"","",""
admissions_24h,province,sud-kivu,Sud-Kivu,2026-06-20,37,1,1,patients,table,"",Total admissions (24h) 62 4 1 67,7,pdf_text,high,"","",""
exits_24h,national,ensemble,Ensemble,2026-06-20,37,1,75,patients,table,"",Total sorties 67 6 2 75,7,pdf_text,high,"",ituri;nord-kivu;sud-kivu,""
exits_24h,province,ituri,Ituri,2026-06-20,37,1,67,patients,table,"",Total sorties 67 6 2 75,7,pdf_text,high,"","",""
exits_24h,province,nord-kivu,Nord-Kivu,2026-06-20,37,1,6,patients,table,"",Total sorties 67 6 2 75,7,pdf_text,high,"","",""
exits_24h,province,sud-kivu,Sud-Kivu,2026-06-20,37,1,2,patients,table,"",Total sorties 67 6 2 75,7,pdf_text,high,"","",""
occupancy_rate,national,ensemble,Ensemble,2026-06-20,37,1,82.8,percent,table,"","Taux d'occupation global 89,3% 73,2% 34,4% 82,8%",7,pdf_text,high,"",ituri;nord-kivu;sud-kivu,""
occupancy_rate,province,ituri,Ituri,2026-06-20,37,1,89.3,percent,table,"","Taux d'occupation global 89,3% 73,2% 34,4% 82,8%",7,pdf_text,high,"","",""
occupancy_rate,province,nord-kivu,Nord-Kivu,2026-06-20,37,1,73.2,percent,table,"","Taux d'occupation global 89,3% 73,2% 34,4% 82,8%",7,pdf_text,high,"","",""
occupancy_rate,province,sud-kivu,Sud-Kivu,2026-06-20,37,1,34.4,percent,table,"","Taux d'occupation global 89,3% 73,2% 34,4% 82,8%",7,pdf_text,high,"","",""
patients_confirmed,national,ensemble,Ensemble,2026-06-20,37,1,163,patients,table,"",dont confirmés (NC+AC) 139 24 0 163,7,pdf_text,high,"",ituri;nord-kivu;sud-kivu,""
patients_confirmed,province,ituri,Ituri,2026-06-20,37,1,139,patients,table,"",dont confirmés (NC+AC) 139 24 0 163,7,pdf_text,high,"","",""
patients_confirmed,province,nord-kivu,Nord-Kivu,2026-06-20,37,1,24,patients,table,"",dont confirmés (NC+AC) 139 24 0 163,7,pdf_text,high,"","",""
patients_confirmed,province,sud-kivu,Sud-Kivu,2026-06-20,37,1,0,patients,table,"",dont confirmés (NC+AC) 139 24 0 163,7,pdf_text,high,"","",""
patients_isolated,national,ensemble,Ensemble,2026-06-20,37,1,365,patients,table,"",Patients en isolement (Fin J) 302 52 11 365,7,pdf_text,high,"",ituri;nord-kivu;sud-kivu,""
patients_isolated,province,ituri,Ituri,2026-06-20,37,1,302,patients,table,"",Patients en isolement (Fin J) 302 52 11 365,7,pdf_text,high,"","",""
patients_isolated,province,nord-kivu,Nord-Kivu,2026-06-20,37,1,52,patients,table,"",Patients en isolement (Fin J) 302 52 11 365,7,pdf_text,high,"","",""
patients_isolated,province,sud-kivu,Sud-Kivu,2026-06-20,37,1,11,patients,table,"",Patients en isolement (Fin J) 302 52 11 365,7,pdf_text,high,"","",""
patients_start_day,national,ensemble,Ensemble,2026-06-20,37,1,373,patients,table,"",Patients au lit (J-1) 307 54 12 373,7,pdf_text,high,"",ituri;nord-kivu;sud-kivu,""
patients_start_day,province,ituri,Ituri,2026-06-20,37,1,307,patients,table,"",Patients au lit (J-1) 307 54 12 373,7,pdf_text,high,"","",""
patients_start_day,province,nord-kivu,Nord-Kivu,2026-06-20,37,1,54,patients,table,"",Patients au lit (J-1) 307 54 12 373,7,pdf_text,high,"","",""
patients_start_day,province,sud-kivu,Sud-Kivu,2026-06-20,37,1,12,patients,table,"",Patients au lit (J-1) 307 54 12 373,7,pdf_text,high,"","",""
patients_suspect,national,ensemble,Ensemble,2026-06-20,37,1,202,patients,table,"",dont suspects 163 28 11 202,7,pdf_text,high,"",ituri;nord-kivu;sud-kivu,""
patients_suspect,province,ituri,Ituri,2026-06-20,37,1,163,patients,table,"",dont suspects 163 28 11 202,7,pdf_text,high,"","",""
patients_suspect,province,nord-kivu,Nord-Kivu,2026-06-20,37,1,28,patients,table,"",dont suspects 163 28 11 202,7,pdf_text,high,"","",""
patients_suspect,province,sud-kivu,Sud-Kivu,2026-06-20,37,1,11,patients,table,"",dont suspects 163 28 11 202,7,pdf_text,high,"","",""
admissions_24h,national,ensemble,Ensemble,2026-06-21,38,1,70,patients,table,"",Total admissions (24h) 60 7 3 70,9,pdf_text,high,"",ituri;nord-kivu;sud-kivu,""
admissions_24h,province,ituri,Ituri,2026-06-21,38,1,60,patients,table,"",Total admissions (24h) 60 7 3 70,9,pdf_text,high,"","",""
admissions_24h,province,nord-kivu,Nord-Kivu,2026-06-21,38,1,7,patients,table,"",Total admissions (24h) 60 7 3 70,9,pdf_text,high,"","",""
admissions_24h,province,sud-kivu,Sud-Kivu,2026-06-21,38,1,3,patients,table,"",Total admissions (24h) 60 7 3 70,9,pdf_text,high,"","",""
exits_24h,national,ensemble,Ensemble,2026-06-21,38,1,59,patients,table,"",Total sorties 56 3 0 59,9,pdf_text,high,"",ituri;nord-kivu;sud-kivu,""
exits_24h,province,ituri,Ituri,2026-06-21,38,1,56,patients,table,"",Total sorties 56 3 0 59,9,pdf_text,high,"","",""
exits_24h,province,nord-kivu,Nord-Kivu,2026-06-21,38,1,3,patients,table,"",Total sorties 56 3 0 59,9,pdf_text,high,"","",""
exits_24h,province,sud-kivu,Sud-Kivu,2026-06-21,38,1,0,patients,table,"",Total sorties 56 3 0 59,9,pdf_text,high,"","",""
occupancy_rate,national,ensemble,Ensemble,2026-06-21,38,1,84.1,percent,table,"","Taux d'occupation global 88,2% 88,7% 31,3% 84,1%",9,pdf_text,high,"",ituri;nord-kivu;sud-kivu,""
occupancy_rate,province,ituri,Ituri,2026-06-21,38,1,88.2,percent,table,"","Taux d'occupation global 88,2% 88,7% 31,3% 84,1%",9,pdf_text,high,"","",""
occupancy_rate,province,nord-kivu,Nord-Kivu,2026-06-21,38,1,88.7,percent,table,"","Taux d'occupation global 88,2% 88,7% 31,3% 84,1%",9,pdf_text,high,"","",""
occupancy_rate,province,sud-kivu,Sud-Kivu,2026-06-21,38,1,31.3,percent,table,"","Taux d'occupation global 88,2% 88,7% 31,3% 84,1%",9,pdf_text,high,"","",""
patients_confirmed,national,ensemble,Ensemble,2026-06-21,38,1,196,patients,table,"",dont confirmés (NC+AC) 169 27 0 196,9,pdf_text,high,"",ituri;nord-kivu;sud-kivu,""
patients_confirmed,province,ituri,Ituri,2026-06-21,38,1,169,patients,table,"",dont confirmés (NC+AC) 169 27 0 196,9,pdf_text,high,"","",""
patients_confirmed,province,nord-kivu,Nord-Kivu,2026-06-21,38,1,27,patients,table,"",dont confirmés (NC+AC) 169 27 0 196,9,pdf_text,high,"","",""
patients_confirmed,province,sud-kivu,Sud-Kivu,2026-06-21,38,1,0,patients,table,"",dont confirmés (NC+AC) 169 27 0 196,9,pdf_text,high,"","",""
patients_isolated,national,ensemble,Ensemble,2026-06-21,38,1,371,patients,table,"",Patients en isolement (Fin J) 298 63 10 371,9,pdf_text,high,"",ituri;nord-kivu;sud-kivu,""
patients_isolated,province,ituri,Ituri,2026-06-21,38,1,298,patients,table,"",Patients en isolement (Fin J) 298 63 10 371,9,pdf_text,high,"","",""
patients_isolated,province,nord-kivu,Nord-Kivu,2026-06-21,38,1,63,patients,table,"",Patients en isolement (Fin J) 298 63 10 371,9,pdf_text,high,"","",""
patients_isolated,province,sud-kivu,Sud-Kivu,2026-06-21,38,1,10,patients,table,"",Patients en isolement (Fin J) 298 63 10 371,9,pdf_text,high,"","",""
patients_start_day,national,ensemble,Ensemble,2026-06-21,38,1,360,patients,table,"",Patients au lit (J-1) 294 59 7 360,9,pdf_text,high,"",ituri;nord-kivu;sud-kivu,""
patients_start_day,province,ituri,Ituri,2026-06-21,38,1,294,patients,table,"",Patients au lit (J-1) 294 59 7 360,9,pdf_text,high,"","",""
patients_start_day,province,nord-kivu,Nord-Kivu,2026-06-21,38,1,59,patients,table,"",Patients au lit (J-1) 294 59 7 360,9,pdf_text,high,"","",""
patients_start_day,province,sud-kivu,Sud-Kivu,2026-06-21,38,1,7,patients,table,"",Patients au lit (J-1) 294 59 7 360,9,pdf_text,high,"","",""
patients_suspect,national,ensemble,Ensemble,2026-06-21,38,1,175,patients,table,"",dont suspects 129 36 10 175,9,pdf_text,high,"",ituri;nord-kivu;sud-kivu,""
patients_suspect,province,ituri,Ituri,2026-06-21,38,1,129,patients,table,"",dont suspects 129 36 10 175,9,pdf_text,high,"","",""
patients_suspect,province,nord-kivu,Nord-Kivu,2026-06-21,38,1,36,patients,table,"",dont suspects 129 36 10 175,9,pdf_text,high,"","",""
patients_suspect,province,sud-kivu,Sud-Kivu,2026-06-21,38,1,10,patients,table,"",dont suspects 129 36 10 175,9,pdf_text,high,"","",""
admissions_24h,national,ensemble,Ensemble,2026-06-22,39,1,93,patients,table,"",Total admissions (24h) 57 36 0 93,7,pdf_text,high,"",ituri;nord-kivu;sud-kivu,""
admissions_24h,province,ituri,Ituri,2026-06-22,39,1,57,patients,table,"",Total admissions (24h) 57 36 0 93,7,pdf_text,high,"","",""
admissions_24h,province,nord-kivu,Nord-Kivu,2026-06-22,39,1,36,patients,table,"",Total admissions (24h) 57 36 0 93,7,pdf_text,high,"","",""
admissions_24h,province,sud-kivu,Sud-Kivu,2026-06-22,39,1,0,patients,table,"",Total admissions (24h) 57 36 0 93,7,pdf_text,high,"","",""
exits_24h,national,ensemble,Ensemble,2026-06-22,39,1,41,patients,table,"",Total sorties 34 7 0 41,7,pdf_text,high,"",ituri;nord-kivu;sud-kivu,""
exits_24h,province,ituri,Ituri,2026-06-22,39,1,34,patients,table,"",Total sorties 34 7 0 41,7,pdf_text,high,"","",""
exits_24h,province,nord-kivu,Nord-Kivu,2026-06-22,39,1,7,patients,table,"",Total sorties 34 7 0 41,7,pdf_text,high,"","",""
exits_24h,province,sud-kivu,Sud-Kivu,2026-06-22,39,1,0,patients,table,"",Total sorties 34 7 0 41,7,pdf_text,high,"","",""
occupancy_rate,national,ensemble,Ensemble,2026-06-22,39,1,76.8,percent,table,"","Taux d'occupation global 87,0% 54,4% 31,3% 76,8%",7,pdf_text,high,"",ituri;nord-kivu;sud-kivu,""
occupancy_rate,province,ituri,Ituri,2026-06-22,39,1,87,percent,table,"","Taux d'occupation global 87,0% 54,4% 31,3% 76,8%",7,pdf_text,high,"","",""
occupancy_rate,province,nord-kivu,Nord-Kivu,2026-06-22,39,1,54.4,percent,table,"","Taux d'occupation global 87,0% 54,4% 31,3% 76,8%",7,pdf_text,high,"","",""
occupancy_rate,province,sud-kivu,Sud-Kivu,2026-06-22,39,1,31.3,percent,table,"","Taux d'occupation global 87,0% 54,4% 31,3% 76,8%",7,pdf_text,high,"","",""
patients_confirmed,national,ensemble,Ensemble,2026-06-22,39,1,190,patients,table,"",dont confirmés (NC+AC) 173 17 0 190,7,pdf_text,high,"",ituri;nord-kivu;sud-kivu,""
patients_confirmed,province,ituri,Ituri,2026-06-22,39,1,173,patients,table,"",dont confirmés (NC+AC) 173 17 0 190,7,pdf_text,high,"","",""
patients_confirmed,province,nord-kivu,Nord-Kivu,2026-06-22,39,1,17,patients,table,"",dont confirmés (NC+AC) 173 17 0 190,7,pdf_text,high,"","",""
patients_confirmed,province,sud-kivu,Sud-Kivu,2026-06-22,39,1,0,patients,table,"",dont confirmés (NC+AC) 173 17 0 190,7,pdf_text,high,"","",""
patients_isolated,national,ensemble,Ensemble,2026-06-22,39,1,387,patients,table,"",Patients en isolement (Fin J) 321 56 10 387,7,pdf_text,high,"",ituri;nord-kivu;sud-kivu,""
patients_isolated,province,ituri,Ituri,2026-06-22,39,1,321,patients,table,"",Patients en isolement (Fin J) 321 56 10 387,7,pdf_text,high,"","",""
patients_isolated,province,nord-kivu,Nord-Kivu,2026-06-22,39,1,56,patients,table,"",Patients en isolement (Fin J) 321 56 10 387,7,pdf_text,high,"","",""
patients_isolated,province,sud-kivu,Sud-Kivu,2026-06-22,39,1,10,patients,table,"",Patients en isolement (Fin J) 321 56 10 387,7,pdf_text,high,"","",""
patients_start_day,national,ensemble,Ensemble,2026-06-22,39,1,335,patients,table,"",Patients au lit (J-1) 298 27 10 335,7,pdf_text,high,"",ituri;nord-kivu;sud-kivu,""
patients_start_day,province,ituri,Ituri,2026-06-22,39,1,298,patients,table,"",Patients au lit (J-1) 298 27 10 335,7,pdf_text,high,"","",""
patients_start_day,province,nord-kivu,Nord-Kivu,2026-06-22,39,1,27,patients,table,"",Patients au lit (J-1) 298 27 10 335,7,pdf_text,high,"","",""
patients_start_day,province,sud-kivu,Sud-Kivu,2026-06-22,39,1,10,patients,table,"",Patients au lit (J-1) 298 27 10 335,7,pdf_text,high,"","",""
patients_suspect,national,ensemble,Ensemble,2026-06-22,39,1,197,patients,table,"",dont suspects 148 39 10 197,7,pdf_text,high,"",ituri;nord-kivu;sud-kivu,""
patients_suspect,province,ituri,Ituri,2026-06-22,39,1,148,patients,table,"",dont suspects 148 39 10 197,7,pdf_text,high,"","",""
patients_suspect,province,nord-kivu,Nord-Kivu,2026-06-22,39,1,39,patients,table,"",dont suspects 148 39 10 197,7,pdf_text,high,"","",""
patients_suspect,province,sud-kivu,Sud-Kivu,2026-06-22,39,1,10,patients,table,"",dont suspects 148 39 10 197,7,pdf_text,high,"","",""
admissions_24h,national,ensemble,Ensemble,2026-06-23,40,1,61,patients,table,"",Total admissions (24h) 46 8 7 61,7,pdf_text,high,"",ituri;nord-kivu;sud-kivu,""
admissions_24h,province,ituri,Ituri,2026-06-23,40,1,46,patients,table,"",Total admissions (24h) 46 8 7 61,7,pdf_text,high,"","",""
admissions_24h,province,nord-kivu,Nord-Kivu,2026-06-23,40,1,8,patients,table,"",Total admissions (24h) 46 8 7 61,7,pdf_text,high,"","",""
admissions_24h,province,sud-kivu,Sud-Kivu,2026-06-23,40,1,7,patients,table,"",Total admissions (24h) 46 8 7 61,7,pdf_text,high,"","",""
exits_24h,national,ensemble,Ensemble,2026-06-23,40,1,40,patients,table,"",Total sorties 30 5 5 40,7,pdf_text,high,"",ituri;nord-kivu;sud-kivu,""
exits_24h,province,ituri,Ituri,2026-06-23,40,1,30,patients,table,"",Total sorties 30 5 5 40,7,pdf_text,high,"","",""
exits_24h,province,nord-kivu,Nord-Kivu,2026-06-23,40,1,5,patients,table,"",Total sorties 30 5 5 40,7,pdf_text,high,"","",""
exits_24h,province,sud-kivu,Sud-Kivu,2026-06-23,40,1,5,patients,table,"",Total sorties 30 5 5 40,7,pdf_text,high,"","",""
occupancy_rate,national,ensemble,Ensemble,2026-06-23,40,1,81,percent,table,"","Taux d'occupation global 91,3% 57,3% 37,5% 81,0%",7,pdf_text,high,"",ituri;nord-kivu;sud-kivu,""
occupancy_rate,province,ituri,Ituri,2026-06-23,40,1,91.3,percent,table,"","Taux d'occupation global 91,3% 57,3% 37,5% 81,0%",7,pdf_text,high,"","",""
occupancy_rate,province,nord-kivu,Nord-Kivu,2026-06-23,40,1,57.3,percent,table,"","Taux d'occupation global 91,3% 57,3% 37,5% 81,0%",7,pdf_text,high,"","",""
occupancy_rate,province,sud-kivu,Sud-Kivu,2026-06-23,40,1,37.5,percent,table,"","Taux d'occupation global 91,3% 57,3% 37,5% 81,0%",7,pdf_text,high,"","",""
patients_confirmed,national,ensemble,Ensemble,2026-06-23,40,1,192,patients,table,"",dont confirmés (NC+AC) 175 17 0 192,7,pdf_text,high,"",ituri;nord-kivu;sud-kivu,""
patients_confirmed,province,ituri,Ituri,2026-06-23,40,1,175,patients,table,"",dont confirmés (NC+AC) 175 17 0 192,7,pdf_text,high,"","",""
patients_confirmed,province,nord-kivu,Nord-Kivu,2026-06-23,40,1,17,patients,table,"",dont confirmés (NC+AC) 175 17 0 192,7,pdf_text,high,"","",""
patients_confirmed,province,sud-kivu,Sud-Kivu,2026-06-23,40,1,0,patients,table,"",dont confirmés (NC+AC) 175 17 0 192,7,pdf_text,high,"","",""
patients_isolated,national,ensemble,Ensemble,2026-06-23,40,1,408,patients,table,"",Patients en isolement (Fin J) 337 59 12 408,7,pdf_text,high,"",ituri;nord-kivu;sud-kivu,""
patients_isolated,province,ituri,Ituri,2026-06-23,40,1,337,patients,table,"",Patients en isolement (Fin J) 337 59 12 408,7,pdf_text,high,"","",""
patients_isolated,province,nord-kivu,Nord-Kivu,2026-06-23,40,1,59,patients,table,"",Patients en isolement (Fin J) 337 59 12 408,7,pdf_text,high,"","",""
patients_isolated,province,sud-kivu,Sud-Kivu,2026-06-23,40,1,12,patients,table,"",Patients en isolement (Fin J) 337 59 12 408,7,pdf_text,high,"","",""
patients_start_day,national,ensemble,Ensemble,2026-06-23,40,1,387,patients,table,"",Patients au lit (J-1) 321 56 10 387,7,pdf_text,high,"",ituri;nord-kivu;sud-kivu,""
patients_start_day,province,ituri,Ituri,2026-06-23,40,1,321,patients,table,"",Patients au lit (J-1) 321 56 10 387,7,pdf_text,high,"","",""
patients_start_day,province,nord-kivu,Nord-Kivu,2026-06-23,40,1,56,patients,table,"",Patients au lit (J-1) 321 56 10 387,7,pdf_text,high,"","",""
patients_start_day,province,sud-kivu,Sud-Kivu,2026-06-23,40,1,10,patients,table,"",Patients au lit (J-1) 321 56 10 387,7,pdf_text,high,"","",""
patients_suspect,national,ensemble,Ensemble,2026-06-23,40,1,216,patients,table,"",dont suspects 162 42 12 216,7,pdf_text,high,"",ituri;nord-kivu;sud-kivu,""
patients_suspect,province,ituri,Ituri,2026-06-23,40,1,162,patients,table,"",dont suspects 162 42 12 216,7,pdf_text,high,"","",""
patients_suspect,province,nord-kivu,Nord-Kivu,2026-06-23,40,1,42,patients,table,"",dont suspects 162 42 12 216,7,pdf_text,high,"","",""
patients_suspect,province,sud-kivu,Sud-Kivu,2026-06-23,40,1,12,patients,table,"",dont suspects 162 42 12 216,7,pdf_text,high,"","",""
admissions_24h,national,ensemble,Ensemble,2026-06-24,41,1,73,patients,table,"",Total admissions (24h) 59 8 6 73,7,pdf_text,high,"",ituri;nord-kivu;sud-kivu,""
admissions_24h,province,ituri,Ituri,2026-06-24,41,1,59,patients,table,"",Total admissions (24h) 59 8 6 73,7,pdf_text,high,"","",""
admissions_24h,province,nord-kivu,Nord-Kivu,2026-06-24,41,1,8,patients,table,"",Total admissions (24h) 59 8 6 73,7,pdf_text,high,"","",""
admissions_24h,province,sud-kivu,Sud-Kivu,2026-06-24,41,1,6,patients,table,"",Total admissions (24h) 59 8 6 73,7,pdf_text,high,"","",""
exits_24h,national,ensemble,Ensemble,2026-06-24,41,1,78,patients,table,"",Total sorties 68 5 5 78,7,pdf_text,high,"",ituri;nord-kivu;sud-kivu,""
exits_24h,province,ituri,Ituri,2026-06-24,41,1,68,patients,table,"",Total sorties 68 5 5 78,7,pdf_text,high,"","",""
exits_24h,province,nord-kivu,Nord-Kivu,2026-06-24,41,1,5,patients,table,"",Total sorties 68 5 5 78,7,pdf_text,high,"","",""
exits_24h,province,sud-kivu,Sud-Kivu,2026-06-24,41,1,5,patients,table,"",Total sorties 68 5 5 78,7,pdf_text,high,"","",""
occupancy_rate,national,ensemble,Ensemble,2026-06-24,41,1,74.9,percent,table,"","Taux d'occupation global 85,3% 57,3% 29,5% 74,9%",7,pdf_text,high,"",ituri;nord-kivu;sud-kivu,""
occupancy_rate,province,ituri,Ituri,2026-06-24,41,1,85.3,percent,table,"","Taux d'occupation global 85,3% 57,3% 29,5% 74,9%",7,pdf_text,high,"","",""
occupancy_rate,province,nord-kivu,Nord-Kivu,2026-06-24,41,1,57.3,percent,table,"","Taux d'occupation global 85,3% 57,3% 29,5% 74,9%",7,pdf_text,high,"","",""
occupancy_rate,province,sud-kivu,Sud-Kivu,2026-06-24,41,1,29.5,percent,table,"","Taux d'occupation global 85,3% 57,3% 29,5% 74,9%",7,pdf_text,high,"","",""
patients_confirmed,national,ensemble,Ensemble,2026-06-24,41,1,205,patients,table,"",dont confirmés (NC+AC) 188 17 0 205,7,pdf_text,high,"",ituri;nord-kivu;sud-kivu,""
patients_confirmed,province,ituri,Ituri,2026-06-24,41,1,188,patients,table,"",dont confirmés (NC+AC) 188 17 0 205,7,pdf_text,high,"","",""
patients_confirmed,province,nord-kivu,Nord-Kivu,2026-06-24,41,1,17,patients,table,"",dont confirmés (NC+AC) 188 17 0 205,7,pdf_text,high,"","",""
patients_confirmed,province,sud-kivu,Sud-Kivu,2026-06-24,41,1,0,patients,table,"",dont confirmés (NC+AC) 188 17 0 205,7,pdf_text,high,"","",""
patients_isolated,national,ensemble,Ensemble,2026-06-24,41,1,385,patients,table,"",Patients en isolement (Fin J) 313 59 13 385,7,pdf_text,high,"",ituri;nord-kivu;sud-kivu,""
patients_isolated,province,ituri,Ituri,2026-06-24,41,1,313,patients,table,"",Patients en isolement (Fin J) 313 59 13 385,7,pdf_text,high,"","",""
patients_isolated,province,nord-kivu,Nord-Kivu,2026-06-24,41,1,59,patients,table,"",Patients en isolement (Fin J) 313 59 13 385,7,pdf_text,high,"","",""
patients_isolated,province,sud-kivu,Sud-Kivu,2026-06-24,41,1,13,patients,table,"",Patients en isolement (Fin J) 313 59 13 385,7,pdf_text,high,"","",""
patients_start_day,national,ensemble,Ensemble,2026-06-24,41,1,390,patients,table,"",Patients au lit (J-1) 322 56 12 390,7,pdf_text,high,"",ituri;nord-kivu;sud-kivu,""
patients_start_day,province,ituri,Ituri,2026-06-24,41,1,322,patients,table,"",Patients au lit (J-1) 322 56 12 390,7,pdf_text,high,"","",""
patients_start_day,province,nord-kivu,Nord-Kivu,2026-06-24,41,1,56,patients,table,"",Patients au lit (J-1) 322 56 12 390,7,pdf_text,high,"","",""
patients_start_day,province,sud-kivu,Sud-Kivu,2026-06-24,41,1,12,patients,table,"",Patients au lit (J-1) 322 56 12 390,7,pdf_text,high,"","",""
patients_suspect,national,ensemble,Ensemble,2026-06-24,41,1,180,patients,table,"",dont suspects 125 42 13 180,7,pdf_text,high,"",ituri;nord-kivu;sud-kivu,""
patients_suspect,province,ituri,Ituri,2026-06-24,41,1,125,patients,table,"",dont suspects 125 42 13 180,7,pdf_text,high,"","",""
patients_suspect,province,nord-kivu,Nord-Kivu,2026-06-24,41,1,42,patients,table,"",dont suspects 125 42 13 180,7,pdf_text,high,"","",""
patients_suspect,province,sud-kivu,Sud-Kivu,2026-06-24,41,1,13,patients,table,"",dont suspects 125 42 13 180,7,pdf_text,high,"","",""
admissions_24h,national,ensemble,Ensemble,2026-06-25,42,1,76,patients,table,"",Total admissions (24h) 60 12 4 76,7,pdf_text,high,"",ituri;nord-kivu;sud-kivu,""
admissions_24h,province,ituri,Ituri,2026-06-25,42,1,60,patients,table,"",Total admissions (24h) 60 12 4 76,7,pdf_text,high,"","",""
admissions_24h,province,nord-kivu,Nord-Kivu,2026-06-25,42,1,12,patients,table,"",Total admissions (24h) 60 12 4 76,7,pdf_text,high,"","",""
admissions_24h,province,sud-kivu,Sud-Kivu,2026-06-25,42,1,4,patients,table,"",Total admissions (24h) 60 12 4 76,7,pdf_text,high,"","",""
exits_24h,national,ensemble,Ensemble,2026-06-25,42,1,39,patients,table,"",Total sorties 39 0 0 39,7,pdf_text,high,"",ituri;nord-kivu;sud-kivu,""
exits_24h,province,ituri,Ituri,2026-06-25,42,1,39,patients,table,"",Total sorties 39 0 0 39,7,pdf_text,high,"","",""
exits_24h,province,nord-kivu,Nord-Kivu,2026-06-25,42,1,0,patients,table,"",Total sorties 39 0 0 39,7,pdf_text,high,"","",""
exits_24h,province,sud-kivu,Sud-Kivu,2026-06-25,42,1,0,patients,table,"",Total sorties 39 0 0 39,7,pdf_text,high,"","",""
occupancy_rate,national,ensemble,Ensemble,2026-06-25,42,1,80.7,percent,table,"","Taux d'occupation global 89,8% 66,0% 38,6% 80,7%",7,pdf_text,high,"",ituri;nord-kivu;sud-kivu,""
occupancy_rate,province,ituri,Ituri,2026-06-25,42,1,89.8,percent,table,"","Taux d'occupation global 89,8% 66,0% 38,6% 80,7%",7,pdf_text,high,"","",""
occupancy_rate,province,nord-kivu,Nord-Kivu,2026-06-25,42,1,66,percent,table,"","Taux d'occupation global 89,8% 66,0% 38,6% 80,7%",7,pdf_text,high,"","",""
occupancy_rate,province,sud-kivu,Sud-Kivu,2026-06-25,42,1,38.6,percent,table,"","Taux d'occupation global 89,8% 66,0% 38,6% 80,7%",7,pdf_text,high,"","",""
patients_confirmed,national,ensemble,Ensemble,2026-06-25,42,1,220,patients,table,"",dont confirmés (NC+AC) 193 27 0 220,7,pdf_text,high,"",ituri;nord-kivu;sud-kivu,""
patients_confirmed,province,ituri,Ituri,2026-06-25,42,1,193,patients,table,"",dont confirmés (NC+AC) 193 27 0 220,7,pdf_text,high,"","",""
patients_confirmed,province,nord-kivu,Nord-Kivu,2026-06-25,42,1,27,patients,table,"",dont confirmés (NC+AC) 193 27 0 220,7,pdf_text,high,"","",""
patients_confirmed,province,sud-kivu,Sud-Kivu,2026-06-25,42,1,0,patients,table,"",dont confirmés (NC+AC) 193 27 0 220,7,pdf_text,high,"","",""
patients_isolated,national,ensemble,Ensemble,2026-06-25,42,1,419,patients,table,"",Patients en isolement (Fin J) 334 68 17 419,7,pdf_text,high,"",ituri;nord-kivu;sud-kivu,""
patients_isolated,province,ituri,Ituri,2026-06-25,42,1,334,patients,table,"",Patients en isolement (Fin J) 334 68 17 419,7,pdf_text,high,"","",""
patients_isolated,province,nord-kivu,Nord-Kivu,2026-06-25,42,1,68,patients,table,"",Patients en isolement (Fin J) 334 68 17 419,7,pdf_text,high,"","",""
patients_isolated,province,sud-kivu,Sud-Kivu,2026-06-25,42,1,17,patients,table,"",Patients en isolement (Fin J) 334 68 17 419,7,pdf_text,high,"","",""
patients_start_day,national,ensemble,Ensemble,2026-06-25,42,1,382,patients,table,"",Patients au lit (J-1) 313 56 13 382,7,pdf_text,high,"",ituri;nord-kivu;sud-kivu,""
patients_start_day,province,ituri,Ituri,2026-06-25,42,1,313,patients,table,"",Patients au lit (J-1) 313 56 13 382,7,pdf_text,high,"","",""
patients_start_day,province,nord-kivu,Nord-Kivu,2026-06-25,42,1,56,patients,table,"",Patients au lit (J-1) 313 56 13 382,7,pdf_text,high,"","",""
patients_start_day,province,sud-kivu,Sud-Kivu,2026-06-25,42,1,13,patients,table,"",Patients au lit (J-1) 313 56 13 382,7,pdf_text,high,"","",""
patients_suspect,national,ensemble,Ensemble,2026-06-25,42,1,199,patients,table,"",dont suspects 141 41 17 199,7,pdf_text,high,"",ituri;nord-kivu;sud-kivu,""
patients_suspect,province,ituri,Ituri,2026-06-25,42,1,141,patients,table,"",dont suspects 141 41 17 199,7,pdf_text,high,"","",""
patients_suspect,province,nord-kivu,Nord-Kivu,2026-06-25,42,1,41,patients,table,"",dont suspects 141 41 17 199,7,pdf_text,high,"","",""
patients_suspect,province,sud-kivu,Sud-Kivu,2026-06-25,42,1,17,patients,table,"",dont suspects 141 41 17 199,7,pdf_text,high,"","",""
admissions_24h,national,ensemble,Ensemble,2026-06-27,44,1,74,patients,table,"",Total admissions (24h) 50 20 4 74,7,pdf_text,high,"",ituri;nord-kivu;sud-kivu,""
admissions_24h,province,ituri,Ituri,2026-06-27,44,1,50,patients,table,"",Total admissions (24h) 50 20 4 74,7,pdf_text,high,"","",""
admissions_24h,province,nord-kivu,Nord-Kivu,2026-06-27,44,1,20,patients,table,"",Total admissions (24h) 50 20 4 74,7,pdf_text,high,"","",""
admissions_24h,province,sud-kivu,Sud-Kivu,2026-06-27,44,1,4,patients,table,"",Total admissions (24h) 50 20 4 74,7,pdf_text,high,"","",""
exits_24h,national,ensemble,Ensemble,2026-06-27,44,1,56,patients,table,"",Total sorties 45 11 0 56,7,pdf_text,high,"",ituri;nord-kivu;sud-kivu,""
exits_24h,province,ituri,Ituri,2026-06-27,44,1,45,patients,table,"",Total sorties 45 11 0 56,7,pdf_text,high,"","",""
exits_24h,province,nord-kivu,Nord-Kivu,2026-06-27,44,1,11,patients,table,"",Total sorties 45 11 0 56,7,pdf_text,high,"","",""
exits_24h,province,sud-kivu,Sud-Kivu,2026-06-27,44,1,0,patients,table,"",Total sorties 45 11 0 56,7,pdf_text,high,"","",""
occupancy_rate,national,ensemble,Ensemble,2026-06-27,44,1,96.7,percent,table,"","Taux d'occupation global 90,9% 138,8% 47,7% 96,7%",7,pdf_text,high,"",ituri;nord-kivu;sud-kivu,""
occupancy_rate,province,ituri,Ituri,2026-06-27,44,1,90.9,percent,table,"","Taux d'occupation global 90,9% 138,8% 47,7% 96,7%",7,pdf_text,high,"","",""
occupancy_rate,province,nord-kivu,Nord-Kivu,2026-06-27,44,1,138.8,percent,table,"","Taux d'occupation global 90,9% 138,8% 47,7% 96,7%",7,pdf_text,high,"","",""
occupancy_rate,province,sud-kivu,Sud-Kivu,2026-06-27,44,1,47.7,percent,table,"","Taux d'occupation global 90,9% 138,8% 47,7% 96,7%",7,pdf_text,high,"","",""
patients_confirmed,national,ensemble,Ensemble,2026-06-27,44,1,208,patients,table,"",dont confirmés (NC+AC) 192 16 0 208,7,pdf_text,high,"",ituri;nord-kivu;sud-kivu,""
patients_confirmed,province,ituri,Ituri,2026-06-27,44,1,192,patients,table,"",dont confirmés (NC+AC) 192 16 0 208,7,pdf_text,high,"","",""
patients_confirmed,province,nord-kivu,Nord-Kivu,2026-06-27,44,1,16,patients,table,"",dont confirmés (NC+AC) 192 16 0 208,7,pdf_text,high,"","",""
patients_confirmed,province,sud-kivu,Sud-Kivu,2026-06-27,44,1,0,patients,table,"",dont confirmés (NC+AC) 192 16 0 208,7,pdf_text,high,"","",""
patients_isolated,national,ensemble,Ensemble,2026-06-27,44,1,502,patients,table,"",Patients en isolement (Fin J) 338 143 21 502,7,pdf_text,high,"",ituri;nord-kivu;sud-kivu,""
patients_isolated,province,ituri,Ituri,2026-06-27,44,1,338,patients,table,"",Patients en isolement (Fin J) 338 143 21 502,7,pdf_text,high,"","",""
patients_isolated,province,nord-kivu,Nord-Kivu,2026-06-27,44,1,143,patients,table,"",Patients en isolement (Fin J) 338 143 21 502,7,pdf_text,high,"","",""
patients_isolated,province,sud-kivu,Sud-Kivu,2026-06-27,44,1,21,patients,table,"",Patients en isolement (Fin J) 338 143 21 502,7,pdf_text,high,"","",""
patients_start_day,national,ensemble,Ensemble,2026-06-27,44,1,484,patients,table,"",Patients au lit (J-1) 333 134 17 484,7,pdf_text,high,"",ituri;nord-kivu;sud-kivu,""
patients_start_day,province,ituri,Ituri,2026-06-27,44,1,333,patients,table,"",Patients au lit (J-1) 333 134 17 484,7,pdf_text,high,"","",""
patients_start_day,province,nord-kivu,Nord-Kivu,2026-06-27,44,1,134,patients,table,"",Patients au lit (J-1) 333 134 17 484,7,pdf_text,high,"","",""
patients_start_day,province,sud-kivu,Sud-Kivu,2026-06-27,44,1,17,patients,table,"",Patients au lit (J-1) 333 134 17 484,7,pdf_text,high,"","",""
patients_suspect,national,ensemble,Ensemble,2026-06-27,44,1,294,patients,table,"",dont suspects 146 127 21 294,7,pdf_text,high,"",ituri;nord-kivu;sud-kivu,""
patients_suspect,province,ituri,Ituri,2026-06-27,44,1,146,patients,table,"",dont suspects 146 127 21 294,7,pdf_text,high,"","",""
patients_suspect,province,nord-kivu,Nord-Kivu,2026-06-27,44,1,127,patients,table,"",dont suspects 146 127 21 294,7,pdf_text,high,"","",""
patients_suspect,province,sud-kivu,Sud-Kivu,2026-06-27,44,1,21,patients,table,"",dont suspects 146 127 21 294,7,pdf_text,high,"","",""
admissions_24h,national,ensemble,Ensemble,2026-06-29,46,1,82,patients,table,"",Total admissions (24h) 68 11 3 82,8,pdf_text,high,"",ituri;nord-kivu;sud-kivu,""
admissions_24h,province,ituri,Ituri,2026-06-29,46,1,68,patients,table,"",Total admissions (24h) 68 11 3 82,8,pdf_text,high,"","",""
admissions_24h,province,nord-kivu,Nord-Kivu,2026-06-29,46,1,11,patients,table,"",Total admissions (24h) 68 11 3 82,8,pdf_text,high,"","",""
admissions_24h,province,sud-kivu,Sud-Kivu,2026-06-29,46,1,3,patients,table,"",Total admissions (24h) 68 11 3 82,8,pdf_text,high,"","",""
exits_24h,national,ensemble,Ensemble,2026-06-29,46,1,63,patients,table,"",Total sorties 50 7 6 63,8,pdf_text,high,"",ituri;nord-kivu;sud-kivu,""
exits_24h,province,ituri,Ituri,2026-06-29,46,1,50,patients,table,"",Total sorties 50 7 6 63,8,pdf_text,high,"","",""
exits_24h,province,nord-kivu,Nord-Kivu,2026-06-29,46,1,7,patients,table,"",Total sorties 50 7 6 63,8,pdf_text,high,"","",""
exits_24h,province,sud-kivu,Sud-Kivu,2026-06-29,46,1,6,patients,table,"",Total sorties 50 7 6 63,8,pdf_text,high,"","",""
occupancy_rate,national,ensemble,Ensemble,2026-06-29,46,1,92.7,percent,table,"","Taux d'occupation global 102% 125% 51,1% 92,7%",8,pdf_text,high,"",ituri;nord-kivu;sud-kivu,""
occupancy_rate,province,ituri,Ituri,2026-06-29,46,1,102,percent,table,"","Taux d'occupation global 102% 125% 51,1% 92,7%",8,pdf_text,high,"","",""
occupancy_rate,province,nord-kivu,Nord-Kivu,2026-06-29,46,1,125,percent,table,"","Taux d'occupation global 102% 125% 51,1% 92,7%",8,pdf_text,high,"","",""
occupancy_rate,province,sud-kivu,Sud-Kivu,2026-06-29,46,1,51.1,percent,table,"","Taux d'occupation global 102% 125% 51,1% 92,7%",8,pdf_text,high,"","",""
patients_confirmed,national,ensemble,Ensemble,2026-06-29,46,1,216,patients,table,"",dont confirmés (NC+AC) 200 16 0 216,8,pdf_text,high,"",ituri;nord-kivu;sud-kivu,""
patients_confirmed,province,ituri,Ituri,2026-06-29,46,1,200,patients,table,"",dont confirmés (NC+AC) 200 16 0 216,8,pdf_text,high,"","",""
patients_confirmed,province,nord-kivu,Nord-Kivu,2026-06-29,46,1,16,patients,table,"",dont confirmés (NC+AC) 200 16 0 216,8,pdf_text,high,"","",""
patients_confirmed,province,sud-kivu,Sud-Kivu,2026-06-29,46,1,0,patients,table,"",dont confirmés (NC+AC) 200 16 0 216,8,pdf_text,high,"","",""
patients_isolated,national,ensemble,Ensemble,2026-06-29,46,1,609,patients,table,"",Patients en isolement (Fin J) 451 135 23 609,8,pdf_text,high,"",ituri;nord-kivu;sud-kivu,""
patients_isolated,province,ituri,Ituri,2026-06-29,46,1,451,patients,table,"",Patients en isolement (Fin J) 451 135 23 609,8,pdf_text,high,"","",""
patients_isolated,province,nord-kivu,Nord-Kivu,2026-06-29,46,1,135,patients,table,"",Patients en isolement (Fin J) 451 135 23 609,8,pdf_text,high,"","",""
patients_isolated,province,sud-kivu,Sud-Kivu,2026-06-29,46,1,23,patients,table,"",Patients en isolement (Fin J) 451 135 23 609,8,pdf_text,high,"","",""
patients_start_day,national,ensemble,Ensemble,2026-06-29,46,1,610,patients,table,"",Patients au lit (J-1) 449 138 23 610,8,pdf_text,high,"",ituri;nord-kivu;sud-kivu,""
patients_start_day,province,ituri,Ituri,2026-06-29,46,1,449,patients,table,"",Patients au lit (J-1) 449 138 23 610,8,pdf_text,high,"","",""
patients_start_day,province,nord-kivu,Nord-Kivu,2026-06-29,46,1,138,patients,table,"",Patients au lit (J-1) 449 138 23 610,8,pdf_text,high,"","",""
patients_start_day,province,sud-kivu,Sud-Kivu,2026-06-29,46,1,23,patients,table,"",Patients au lit (J-1) 449 138 23 610,8,pdf_text,high,"","",""
patients_suspect,national,ensemble,Ensemble,2026-06-29,46,1,396,patients,table,"",dont suspects 254 119 23 396,8,pdf_text,high,"",ituri;nord-kivu;sud-kivu,""
patients_suspect,province,ituri,Ituri,2026-06-29,46,1,254,patients,table,"",dont suspects 254 119 23 396,8,pdf_text,high,"","",""
patients_suspect,province,nord-kivu,Nord-Kivu,2026-06-29,46,1,119,patients,table,"",dont suspects 254 119 23 396,8,pdf_text,high,"","",""
patients_suspect,province,sud-kivu,Sud-Kivu,2026-06-29,46,1,23,patients,table,"",dont suspects 254 119 23 396,8,pdf_text,high,"","",""
admissions_24h,national,ensemble,Ensemble,2026-07-02,49,1,72,patients,table,"",Total admissions (24h) 51 21 0 72,8,pdf_text,high,"",ituri;nord-kivu;sud-kivu,""
admissions_24h,province,ituri,Ituri,2026-07-02,49,1,51,patients,table,"",Total admissions (24h) 51 21 0 72,8,pdf_text,high,"","",""
admissions_24h,province,nord-kivu,Nord-Kivu,2026-07-02,49,1,21,patients,table,"",Total admissions (24h) 51 21 0 72,8,pdf_text,high,"","",""
admissions_24h,province,sud-kivu,Sud-Kivu,2026-07-02,49,1,0,patients,table,"",Total admissions (24h) 51 21 0 72,8,pdf_text,high,"","",""
exits_24h,national,ensemble,Ensemble,2026-07-02,49,1,88,patients,table,"",Total sorties 76 9 3 88,8,pdf_text,high,"",ituri;nord-kivu;sud-kivu,""
exits_24h,province,ituri,Ituri,2026-07-02,49,1,76,patients,table,"",Total sorties 76 9 3 88,8,pdf_text,high,"","",""
exits_24h,province,nord-kivu,Nord-Kivu,2026-07-02,49,1,9,patients,table,"",Total sorties 76 9 3 88,8,pdf_text,high,"","",""
exits_24h,province,sud-kivu,Sud-Kivu,2026-07-02,49,1,3,patients,table,"",Total sorties 76 9 3 88,8,pdf_text,high,"","",""
occupancy_rate,national,ensemble,Ensemble,2026-07-02,49,1,89.4,percent,table,"","Taux d'occupation global 90% 136% 42,2% 89,4%",8,pdf_text,high,"",ituri;nord-kivu;sud-kivu,""
occupancy_rate,province,ituri,Ituri,2026-07-02,49,1,90,percent,table,"","Taux d'occupation global 90% 136% 42,2% 89,4%",8,pdf_text,high,"","",""
occupancy_rate,province,nord-kivu,Nord-Kivu,2026-07-02,49,1,136,percent,table,"","Taux d'occupation global 90% 136% 42,2% 89,4%",8,pdf_text,high,"","",""
occupancy_rate,province,sud-kivu,Sud-Kivu,2026-07-02,49,1,42.2,percent,table,"","Taux d'occupation global 90% 136% 42,2% 89,4%",8,pdf_text,high,"","",""
patients_confirmed,national,ensemble,Ensemble,2026-07-02,49,1,215,patients,table,"",dont confirmés (NC+AC) 201 14 0 215,8,pdf_text,high,"",ituri;nord-kivu;sud-kivu,""
patients_confirmed,province,ituri,Ituri,2026-07-02,49,1,201,patients,table,"",dont confirmés (NC+AC) 201 14 0 215,8,pdf_text,high,"","",""
patients_confirmed,province,nord-kivu,Nord-Kivu,2026-07-02,49,1,14,patients,table,"",dont confirmés (NC+AC) 201 14 0 215,8,pdf_text,high,"","",""
patients_confirmed,province,sud-kivu,Sud-Kivu,2026-07-02,49,1,0,patients,table,"",dont confirmés (NC+AC) 201 14 0 215,8,pdf_text,high,"","",""
patients_isolated,national,ensemble,Ensemble,2026-07-02,49,1,628,patients,table,"",Patients en isolement (Fin J) 462 147 19 628,8,pdf_text,high,"",ituri;nord-kivu;sud-kivu,""
patients_isolated,province,ituri,Ituri,2026-07-02,49,1,462,patients,table,"",Patients en isolement (Fin J) 462 147 19 628,8,pdf_text,high,"","",""
patients_isolated,province,nord-kivu,Nord-Kivu,2026-07-02,49,1,147,patients,table,"",Patients en isolement (Fin J) 462 147 19 628,8,pdf_text,high,"","",""
patients_isolated,province,sud-kivu,Sud-Kivu,2026-07-02,49,1,19,patients,table,"",Patients en isolement (Fin J) 462 147 19 628,8,pdf_text,high,"","",""
patients_start_day,national,ensemble,Ensemble,2026-07-02,49,1,644,patients,table,"",Patients au lit (J-1) 487 135 22 644,8,pdf_text,high,"",ituri;nord-kivu;sud-kivu,""
patients_start_day,province,ituri,Ituri,2026-07-02,49,1,487,patients,table,"",Patients au lit (J-1) 487 135 22 644,8,pdf_text,high,"","",""
patients_start_day,province,nord-kivu,Nord-Kivu,2026-07-02,49,1,135,patients,table,"",Patients au lit (J-1) 487 135 22 644,8,pdf_text,high,"","",""
patients_start_day,province,sud-kivu,Sud-Kivu,2026-07-02,49,1,22,patients,table,"",Patients au lit (J-1) 487 135 22 644,8,pdf_text,high,"","",""
patients_suspect,national,ensemble,Ensemble,2026-07-02,49,1,413,patients,table,"",dont suspects 261 133 19 413,8,pdf_text,high,"",ituri;nord-kivu;sud-kivu,""
patients_suspect,province,ituri,Ituri,2026-07-02,49,1,261,patients,table,"",dont suspects 261 133 19 413,8,pdf_text,high,"","",""
patients_suspect,province,nord-kivu,Nord-Kivu,2026-07-02,49,1,133,patients,table,"",dont suspects 261 133 19 413,8,pdf_text,high,"","",""
patients_suspect,province,sud-kivu,Sud-Kivu,2026-07-02,49,1,19,patients,table,"",dont suspects 261 133 19 413,8,pdf_text,high,"","",""
admissions_24h,national,ensemble,Ensemble,2026-07-05,52,1,104,patients,table,"",Total admissions (24h) 79 19 6 104,8,pdf_text,high,"",ituri;nord-kivu;sud-kivu,""
admissions_24h,province,ituri,Ituri,2026-07-05,52,1,79,patients,table,"",Total admissions (24h) 79 19 6 104,8,pdf_text,high,"","",""
admissions_24h,province,nord-kivu,Nord-Kivu,2026-07-05,52,1,19,patients,table,"",Total admissions (24h) 79 19 6 104,8,pdf_text,high,"","",""
admissions_24h,province,sud-kivu,Sud-Kivu,2026-07-05,52,1,6,patients,table,"",Total admissions (24h) 79 19 6 104,8,pdf_text,high,"","",""
exits_24h,national,ensemble,Ensemble,2026-07-05,52,1,88,patients,table,"",Total sorties 64 18 6 88,8,pdf_text,high,"",ituri;nord-kivu;sud-kivu,""
exits_24h,province,ituri,Ituri,2026-07-05,52,1,64,patients,table,"",Total sorties 64 18 6 88,8,pdf_text,high,"","",""
exits_24h,province,nord-kivu,Nord-Kivu,2026-07-05,52,1,18,patients,table,"",Total sorties 64 18 6 88,8,pdf_text,high,"","",""
exits_24h,province,sud-kivu,Sud-Kivu,2026-07-05,52,1,6,patients,table,"",Total sorties 64 18 6 88,8,pdf_text,high,"","",""
occupancy_rate,national,ensemble,Ensemble,2026-07-05,52,1,94.2,percent,table,"","Taux d'occupation global 89,3% 137,0% 47,7% 94,2%",8,pdf_text,high,"",ituri;nord-kivu;sud-kivu,""
occupancy_rate,province,ituri,Ituri,2026-07-05,52,1,89.3,percent,table,"","Taux d'occupation global 89,3% 137,0% 47,7% 94,2%",8,pdf_text,high,"","",""
occupancy_rate,province,nord-kivu,Nord-Kivu,2026-07-05,52,1,137,percent,table,"","Taux d'occupation global 89,3% 137,0% 47,7% 94,2%",8,pdf_text,high,"","",""
occupancy_rate,province,sud-kivu,Sud-Kivu,2026-07-05,52,1,47.7,percent,table,"","Taux d'occupation global 89,3% 137,0% 47,7% 94,2%",8,pdf_text,high,"","",""
patients_confirmed,national,ensemble,Ensemble,2026-07-05,52,1,205,patients,table,"",dont confirmés (NC+AC) 191 14 0 205,8,pdf_text,high,"",ituri;nord-kivu;sud-kivu,""
patients_confirmed,province,ituri,Ituri,2026-07-05,52,1,191,patients,table,"",dont confirmés (NC+AC) 191 14 0 205,8,pdf_text,high,"","",""
patients_confirmed,province,nord-kivu,Nord-Kivu,2026-07-05,52,1,14,patients,table,"",dont confirmés (NC+AC) 191 14 0 205,8,pdf_text,high,"","",""
patients_confirmed,province,sud-kivu,Sud-Kivu,2026-07-05,52,1,0,patients,table,"",dont confirmés (NC+AC) 191 14 0 205,8,pdf_text,high,"","",""
patients_isolated,national,ensemble,Ensemble,2026-07-05,52,1,646,patients,table,"",Patients en isolement (Fin J) 477 148 21 646,8,pdf_text,high,"",ituri;nord-kivu;sud-kivu,""
patients_isolated,province,ituri,Ituri,2026-07-05,52,1,477,patients,table,"",Patients en isolement (Fin J) 477 148 21 646,8,pdf_text,high,"","",""
patients_isolated,province,nord-kivu,Nord-Kivu,2026-07-05,52,1,148,patients,table,"",Patients en isolement (Fin J) 477 148 21 646,8,pdf_text,high,"","",""
patients_isolated,province,sud-kivu,Sud-Kivu,2026-07-05,52,1,21,patients,table,"",Patients en isolement (Fin J) 477 148 21 646,8,pdf_text,high,"","",""
patients_start_day,national,ensemble,Ensemble,2026-07-05,52,1,630,patients,table,"",Patients au lit (J-1) 462 147 21 630,8,pdf_text,high,"",ituri;nord-kivu;sud-kivu,""
patients_start_day,province,ituri,Ituri,2026-07-05,52,1,462,patients,table,"",Patients au lit (J-1) 462 147 21 630,8,pdf_text,high,"","",""
patients_start_day,province,nord-kivu,Nord-Kivu,2026-07-05,52,1,147,patients,table,"",Patients au lit (J-1) 462 147 21 630,8,pdf_text,high,"","",""
patients_start_day,province,sud-kivu,Sud-Kivu,2026-07-05,52,1,21,patients,table,"",Patients au lit (J-1) 462 147 21 630,8,pdf_text,high,"","",""
patients_suspect,national,ensemble,Ensemble,2026-07-05,52,1,441,patients,table,"",dont suspects 286 134 21 441,8,pdf_text,high,"",ituri;nord-kivu;sud-kivu,""
patients_suspect,province,ituri,Ituri,2026-07-05,52,1,286,patients,table,"",dont suspects 286 134 21 441,8,pdf_text,high,"","",""
patients_suspect,province,nord-kivu,Nord-Kivu,2026-07-05,52,1,134,patients,table,"",dont suspects 286 134 21 441,8,pdf_text,high,"","",""
patients_suspect,province,sud-kivu,Sud-Kivu,2026-07-05,52,1,21,patients,table,"",dont suspects 286 134 21 441,8,pdf_text,high,"","",""
admissions_24h,national,ensemble,Ensemble,2026-07-06,53,1,102,patients,table,"",Total admissions (24h) 69 30 3 102,9,pdf_text,high,"",ituri;nord-kivu;sud-kivu,""
admissions_24h,province,ituri,Ituri,2026-07-06,53,1,69,patients,table,"",Total admissions (24h) 69 30 3 102,9,pdf_text,high,"","",""
admissions_24h,province,nord-kivu,Nord-Kivu,2026-07-06,53,1,30,patients,table,"",Total admissions (24h) 69 30 3 102,9,pdf_text,high,"","",""
admissions_24h,province,sud-kivu,Sud-Kivu,2026-07-06,53,1,3,patients,table,"",Total admissions (24h) 69 30 3 102,9,pdf_text,high,"","",""
exits_24h,national,ensemble,Ensemble,2026-07-06,53,1,102,patients,table,"",Total sorties 46 56 0 102,9,pdf_text,high,"",ituri;nord-kivu;sud-kivu,""
exits_24h,province,ituri,Ituri,2026-07-06,53,1,46,patients,table,"",Total sorties 46 56 0 102,9,pdf_text,high,"","",""
exits_24h,province,nord-kivu,Nord-Kivu,2026-07-06,53,1,56,patients,table,"",Total sorties 46 56 0 102,9,pdf_text,high,"","",""
exits_24h,province,sud-kivu,Sud-Kivu,2026-07-06,53,1,0,patients,table,"",Total sorties 46 56 0 102,9,pdf_text,high,"","",""
occupancy_rate,national,ensemble,Ensemble,2026-07-06,53,1,84.1,percent,table,"","Taux d'occupation global 84,0% 115,0% 53,3% 84,1%",9,pdf_text,high,"",ituri;nord-kivu;sud-kivu,""
occupancy_rate,province,ituri,Ituri,2026-07-06,53,1,84,percent,table,"","Taux d'occupation global 84,0% 115,0% 53,3% 84,1%",9,pdf_text,high,"","",""
occupancy_rate,province,nord-kivu,Nord-Kivu,2026-07-06,53,1,115,percent,table,"","Taux d'occupation global 84,0% 115,0% 53,3% 84,1%",9,pdf_text,high,"","",""
occupancy_rate,province,sud-kivu,Sud-Kivu,2026-07-06,53,1,53.3,percent,table,"","Taux d'occupation global 84,0% 115,0% 53,3% 84,1%",9,pdf_text,high,"","",""
patients_confirmed,national,ensemble,Ensemble,2026-07-06,53,1,218,patients,table,"",dont confirmés (NC+AC) 200 18 0 218,9,pdf_text,high,"",ituri;nord-kivu;sud-kivu,""
patients_confirmed,province,ituri,Ituri,2026-07-06,53,1,200,patients,table,"",dont confirmés (NC+AC) 200 18 0 218,9,pdf_text,high,"","",""
patients_confirmed,province,nord-kivu,Nord-Kivu,2026-07-06,53,1,18,patients,table,"",dont confirmés (NC+AC) 200 18 0 218,9,pdf_text,high,"","",""
patients_confirmed,province,sud-kivu,Sud-Kivu,2026-07-06,53,1,0,patients,table,"",dont confirmés (NC+AC) 200 18 0 218,9,pdf_text,high,"","",""
patients_isolated,national,ensemble,Ensemble,2026-07-06,53,1,680,patients,table,"",Patients en isolement (Fin J) 508 148 24 680,9,pdf_text,high,"",ituri;nord-kivu;sud-kivu,""
patients_isolated,province,ituri,Ituri,2026-07-06,53,1,508,patients,table,"",Patients en isolement (Fin J) 508 148 24 680,9,pdf_text,high,"","",""
patients_isolated,province,nord-kivu,Nord-Kivu,2026-07-06,53,1,148,patients,table,"",Patients en isolement (Fin J) 508 148 24 680,9,pdf_text,high,"","",""
patients_isolated,province,sud-kivu,Sud-Kivu,2026-07-06,53,1,24,patients,table,"",Patients en isolement (Fin J) 508 148 24 680,9,pdf_text,high,"","",""
patients_start_day,national,ensemble,Ensemble,2026-07-06,53,1,688,patients,table,"",Patients au lit (J-1) 485 182 21 688,9,pdf_text,high,"",ituri;nord-kivu;sud-kivu,""
patients_start_day,province,ituri,Ituri,2026-07-06,53,1,485,patients,table,"",Patients au lit (J-1) 485 182 21 688,9,pdf_text,high,"","",""
patients_start_day,province,nord-kivu,Nord-Kivu,2026-07-06,53,1,182,patients,table,"",Patients au lit (J-1) 485 182 21 688,9,pdf_text,high,"","",""
patients_start_day,province,sud-kivu,Sud-Kivu,2026-07-06,53,1,21,patients,table,"",Patients au lit (J-1) 485 182 21 688,9,pdf_text,high,"","",""
patients_suspect,national,ensemble,Ensemble,2026-07-06,53,1,470,patients,table,"",dont suspects 308 138 24 470,9,pdf_text,high,"",ituri;nord-kivu;sud-kivu,""
patients_suspect,province,ituri,Ituri,2026-07-06,53,1,308,patients,table,"",dont suspects 308 138 24 470,9,pdf_text,high,"","",""
patients_suspect,province,nord-kivu,Nord-Kivu,2026-07-06,53,1,138,patients,table,"",dont suspects 308 138 24 470,9,pdf_text,high,"","",""
patients_suspect,province,sud-kivu,Sud-Kivu,2026-07-06,53,1,24,patients,table,"",dont suspects 308 138 24 470,9,pdf_text,high,"","",""
admissions_24h,national,ensemble,Ensemble,2026-07-07,54,1,118,patients,table,"",Total admissions (24h) 71 32 15 118,8,pdf_text,high,"",ituri;nord-kivu;sud-kivu,""
admissions_24h,province,ituri,Ituri,2026-07-07,54,1,71,patients,table,"",Total admissions (24h) 71 32 15 118,8,pdf_text,high,"","",""
admissions_24h,province,nord-kivu,Nord-Kivu,2026-07-07,54,1,32,patients,table,"",Total admissions (24h) 71 32 15 118,8,pdf_text,high,"","",""
admissions_24h,province,sud-kivu,Sud-Kivu,2026-07-07,54,1,15,patients,table,"",Total admissions (24h) 71 32 15 118,8,pdf_text,high,"","",""
exits_24h,national,ensemble,Ensemble,2026-07-07,54,1,62,patients,table,"",Total sorties 58 4 0 62,8,pdf_text,high,"",ituri;nord-kivu;sud-kivu,""
exits_24h,province,ituri,Ituri,2026-07-07,54,1,58,patients,table,"",Total sorties 58 4 0 62,8,pdf_text,high,"","",""
exits_24h,province,nord-kivu,Nord-Kivu,2026-07-07,54,1,4,patients,table,"",Total sorties 58 4 0 62,8,pdf_text,high,"","",""
exits_24h,province,sud-kivu,Sud-Kivu,2026-07-07,54,1,0,patients,table,"",Total sorties 58 4 0 62,8,pdf_text,high,"","",""
occupancy_rate,national,ensemble,Ensemble,2026-07-07,54,1,94,percent,table,"","Taux d'occupation global 85,0% 137,0% 86,6% 94%",8,pdf_text,high,"",ituri;nord-kivu;sud-kivu,""
occupancy_rate,province,ituri,Ituri,2026-07-07,54,1,85,percent,table,"","Taux d'occupation global 85,0% 137,0% 86,6% 94%",8,pdf_text,high,"","",""
occupancy_rate,province,nord-kivu,Nord-Kivu,2026-07-07,54,1,137,percent,table,"","Taux d'occupation global 85,0% 137,0% 86,6% 94%",8,pdf_text,high,"","",""
occupancy_rate,province,sud-kivu,Sud-Kivu,2026-07-07,54,1,86.6,percent,table,"","Taux d'occupation global 85,0% 137,0% 86,6% 94%",8,pdf_text,high,"","",""
patients_confirmed,national,ensemble,Ensemble,2026-07-07,54,1,232,patients,table,"",dont confirmés (NC+AC) 212 20 0 232,8,pdf_text,high,"",ituri;nord-kivu;sud-kivu,""
patients_confirmed,province,ituri,Ituri,2026-07-07,54,1,212,patients,table,"",dont confirmés (NC+AC) 212 20 0 232,8,pdf_text,high,"","",""
patients_confirmed,province,nord-kivu,Nord-Kivu,2026-07-07,54,1,20,patients,table,"",dont confirmés (NC+AC) 212 20 0 232,8,pdf_text,high,"","",""
patients_confirmed,province,sud-kivu,Sud-Kivu,2026-07-07,54,1,0,patients,table,"",dont confirmés (NC+AC) 212 20 0 232,8,pdf_text,high,"","",""
patients_isolated,national,ensemble,Ensemble,2026-07-07,54,1,750,patients,table,"",Patients en isolement (Fin J) 518 193 39 750,8,pdf_text,high,"",ituri;nord-kivu;sud-kivu,""
patients_isolated,province,ituri,Ituri,2026-07-07,54,1,518,patients,table,"",Patients en isolement (Fin J) 518 193 39 750,8,pdf_text,high,"","",""
patients_isolated,province,nord-kivu,Nord-Kivu,2026-07-07,54,1,193,patients,table,"",Patients en isolement (Fin J) 518 193 39 750,8,pdf_text,high,"","",""
patients_isolated,province,sud-kivu,Sud-Kivu,2026-07-07,54,1,39,patients,table,"",Patients en isolement (Fin J) 518 193 39 750,8,pdf_text,high,"","",""
patients_start_day,national,ensemble,Ensemble,2026-07-07,54,1,694,patients,table,"",Patients au lit (J-1) 505 165 24 694,8,pdf_text,high,"",ituri;nord-kivu;sud-kivu,""
patients_start_day,province,ituri,Ituri,2026-07-07,54,1,505,patients,table,"",Patients au lit (J-1) 505 165 24 694,8,pdf_text,high,"","",""
patients_start_day,province,nord-kivu,Nord-Kivu,2026-07-07,54,1,165,patients,table,"",Patients au lit (J-1) 505 165 24 694,8,pdf_text,high,"","",""
patients_start_day,province,sud-kivu,Sud-Kivu,2026-07-07,54,1,24,patients,table,"",Patients au lit (J-1) 505 165 24 694,8,pdf_text,high,"","",""
patients_suspect,national,ensemble,Ensemble,2026-07-07,54,1,518,patients,table,"",dont suspects 306 173 39 518,8,pdf_text,high,"",ituri;nord-kivu;sud-kivu,""
patients_suspect,province,ituri,Ituri,2026-07-07,54,1,306,patients,table,"",dont suspects 306 173 39 518,8,pdf_text,high,"","",""
patients_suspect,province,nord-kivu,Nord-Kivu,2026-07-07,54,1,173,patients,table,"",dont suspects 306 173 39 518,8,pdf_text,high,"","",""
patients_suspect,province,sud-kivu,Sud-Kivu,2026-07-07,54,1,39,patients,table,"",dont suspects 306 173 39 518,8,pdf_text,high,"","",""
admissions_24h,national,ensemble,Ensemble,2026-07-08,55,1,151,patients,table,"",Total admissions (24h) 103 44 4 151,8,pdf_text,high,"",ituri;nord-kivu;sud-kivu,""
admissions_24h,province,ituri,Ituri,2026-07-08,55,1,103,patients,table,"",Total admissions (24h) 103 44 4 151,8,pdf_text,high,"","",""
admissions_24h,province,nord-kivu,Nord-Kivu,2026-07-08,55,1,44,patients,table,"",Total admissions (24h) 103 44 4 151,8,pdf_text,high,"","",""
admissions_24h,province,sud-kivu,Sud-Kivu,2026-07-08,55,1,4,patients,table,"",Total admissions (24h) 103 44 4 151,8,pdf_text,high,"","",""
exits_24h,national,ensemble,Ensemble,2026-07-08,55,1,138,patients,table,"",Total sorties 82 40 16 138,8,pdf_text,high,"",ituri;nord-kivu;sud-kivu,""
exits_24h,province,ituri,Ituri,2026-07-08,55,1,82,patients,table,"",Total sorties 82 40 16 138,8,pdf_text,high,"","",""
exits_24h,province,nord-kivu,Nord-Kivu,2026-07-08,55,1,40,patients,table,"",Total sorties 82 40 16 138,8,pdf_text,high,"","",""
exits_24h,province,sud-kivu,Sud-Kivu,2026-07-08,55,1,16,patients,table,"",Total sorties 82 40 16 138,8,pdf_text,high,"","",""
occupancy_rate,national,ensemble,Ensemble,2026-07-08,55,1,95.3,percent,table,"","Taux d'occupation global 87,0% 133,0% 60% 95,3%",8,pdf_text,high,"",ituri;nord-kivu;sud-kivu,""
occupancy_rate,province,ituri,Ituri,2026-07-08,55,1,87,percent,table,"","Taux d'occupation global 87,0% 133,0% 60% 95,3%",8,pdf_text,high,"","",""
occupancy_rate,province,nord-kivu,Nord-Kivu,2026-07-08,55,1,133,percent,table,"","Taux d'occupation global 87,0% 133,0% 60% 95,3%",8,pdf_text,high,"","",""
occupancy_rate,province,sud-kivu,Sud-Kivu,2026-07-08,55,1,60,percent,table,"","Taux d'occupation global 87,0% 133,0% 60% 95,3%",8,pdf_text,high,"","",""
patients_confirmed,national,ensemble,Ensemble,2026-07-08,55,1,236,patients,table,"",dont confirmés (NC+AC) 216 20 0 236,8,pdf_text,high,"",ituri;nord-kivu;sud-kivu,""
patients_confirmed,province,ituri,Ituri,2026-07-08,55,1,216,patients,table,"",dont confirmés (NC+AC) 216 20 0 236,8,pdf_text,high,"","",""
patients_confirmed,province,nord-kivu,Nord-Kivu,2026-07-08,55,1,20,patients,table,"",dont confirmés (NC+AC) 216 20 0 236,8,pdf_text,high,"","",""
patients_confirmed,province,sud-kivu,Sud-Kivu,2026-07-08,55,1,0,patients,table,"",dont confirmés (NC+AC) 216 20 0 236,8,pdf_text,high,"","",""
patients_isolated,national,ensemble,Ensemble,2026-07-08,55,1,764,patients,table,"",Patients en isolement (Fin J) 540 197 27 764,8,pdf_text,high,"",ituri;nord-kivu;sud-kivu,""
patients_isolated,province,ituri,Ituri,2026-07-08,55,1,540,patients,table,"",Patients en isolement (Fin J) 540 197 27 764,8,pdf_text,high,"","",""
patients_isolated,province,nord-kivu,Nord-Kivu,2026-07-08,55,1,197,patients,table,"",Patients en isolement (Fin J) 540 197 27 764,8,pdf_text,high,"","",""
patients_isolated,province,sud-kivu,Sud-Kivu,2026-07-08,55,1,27,patients,table,"",Patients en isolement (Fin J) 540 197 27 764,8,pdf_text,high,"","",""
patients_start_day,national,ensemble,Ensemble,2026-07-08,55,1,751,patients,table,"",Patients au lit (J-1) 519 193 39 751,8,pdf_text,high,"",ituri;nord-kivu;sud-kivu,""
patients_start_day,province,ituri,Ituri,2026-07-08,55,1,519,patients,table,"",Patients au lit (J-1) 519 193 39 751,8,pdf_text,high,"","",""
patients_start_day,province,nord-kivu,Nord-Kivu,2026-07-08,55,1,193,patients,table,"",Patients au lit (J-1) 519 193 39 751,8,pdf_text,high,"","",""
patients_start_day,province,sud-kivu,Sud-Kivu,2026-07-08,55,1,39,patients,table,"",Patients au lit (J-1) 519 193 39 751,8,pdf_text,high,"","",""
patients_suspect,national,ensemble,Ensemble,2026-07-08,55,1,528,patients,table,"",dont suspects 324 177 27 528,8,pdf_text,high,"",ituri;nord-kivu;sud-kivu,""
patients_suspect,province,ituri,Ituri,2026-07-08,55,1,324,patients,table,"",dont suspects 324 177 27 528,8,pdf_text,high,"","",""
patients_suspect,province,nord-kivu,Nord-Kivu,2026-07-08,55,1,177,patients,table,"",dont suspects 324 177 27 528,8,pdf_text,high,"","",""
patients_suspect,province,sud-kivu,Sud-Kivu,2026-07-08,55,1,27,patients,table,"",dont suspects 324 177 27 528,8,pdf_text,high,"","",""
admissions_24h,national,ensemble,Ensemble,2026-07-09,56,1,89,patients,table,"",Total admissions (24h) 43 44 2 89,8,pdf_text,high,"",ituri;nord-kivu;sud-kivu,""
admissions_24h,province,ituri,Ituri,2026-07-09,56,1,43,patients,table,"",Total admissions (24h) 43 44 2 89,8,pdf_text,high,"","",""
admissions_24h,province,nord-kivu,Nord-Kivu,2026-07-09,56,1,44,patients,table,"",Total admissions (24h) 43 44 2 89,8,pdf_text,high,"","",""
admissions_24h,province,sud-kivu,Sud-Kivu,2026-07-09,56,1,2,patients,table,"",Total admissions (24h) 43 44 2 89,8,pdf_text,high,"","",""
exits_24h,national,ensemble,Ensemble,2026-07-09,56,1,62,patients,table,"",Total sorties 47 7 8 62,8,pdf_text,high,"",ituri;nord-kivu;sud-kivu,""
exits_24h,province,ituri,Ituri,2026-07-09,56,1,47,patients,table,"",Total sorties 47 7 8 62,8,pdf_text,high,"","",""
exits_24h,province,nord-kivu,Nord-Kivu,2026-07-09,56,1,7,patients,table,"",Total sorties 47 7 8 62,8,pdf_text,high,"","",""
exits_24h,province,sud-kivu,Sud-Kivu,2026-07-09,56,1,8,patients,table,"",Total sorties 47 7 8 62,8,pdf_text,high,"","",""
occupancy_rate,national,ensemble,Ensemble,2026-07-09,56,1,100.3,percent,table,"","Taux d'occupation global 89,9% 160,0% 42.2% 100,3%",8,pdf_text,high,"",ituri;nord-kivu;sud-kivu,""
occupancy_rate,province,ituri,Ituri,2026-07-09,56,1,89.9,percent,table,"","Taux d'occupation global 89,9% 160,0% 42.2% 100,3%",8,pdf_text,high,"","",""
occupancy_rate,province,nord-kivu,Nord-Kivu,2026-07-09,56,1,160,percent,table,"","Taux d'occupation global 89,9% 160,0% 42.2% 100,3%",8,pdf_text,high,"","",""
occupancy_rate,province,sud-kivu,Sud-Kivu,2026-07-09,56,1,42.2,percent,table,"","Taux d'occupation global 89,9% 160,0% 42.2% 100,3%",8,pdf_text,high,"","",""
patients_confirmed,national,ensemble,Ensemble,2026-07-09,56,1,238,patients,table,"",dont confirmés (NC+AC) 218 20 0 238,8,pdf_text,high,"",ituri;nord-kivu;sud-kivu,""
patients_confirmed,province,ituri,Ituri,2026-07-09,56,1,218,patients,table,"",dont confirmés (NC+AC) 218 20 0 238,8,pdf_text,high,"","",""
patients_confirmed,province,nord-kivu,Nord-Kivu,2026-07-09,56,1,20,patients,table,"",dont confirmés (NC+AC) 218 20 0 238,8,pdf_text,high,"","",""
patients_confirmed,province,sud-kivu,Sud-Kivu,2026-07-09,56,1,0,patients,table,"",dont confirmés (NC+AC) 218 20 0 238,8,pdf_text,high,"","",""
patients_isolated,national,ensemble,Ensemble,2026-07-09,56,1,780,patients,table,"",Patients en isolement (Fin J) 536 225 19 780,8,pdf_text,high,"",ituri;nord-kivu;sud-kivu,""
patients_isolated,province,ituri,Ituri,2026-07-09,56,1,536,patients,table,"",Patients en isolement (Fin J) 536 225 19 780,8,pdf_text,high,"","",""
patients_isolated,province,nord-kivu,Nord-Kivu,2026-07-09,56,1,225,patients,table,"",Patients en isolement (Fin J) 536 225 19 780,8,pdf_text,high,"","",""
patients_isolated,province,sud-kivu,Sud-Kivu,2026-07-09,56,1,19,patients,table,"",Patients en isolement (Fin J) 536 225 19 780,8,pdf_text,high,"","",""
patients_start_day,national,ensemble,Ensemble,2026-07-09,56,1,755,patients,table,"",Patients au lit (J-1) 540 188 27 755,8,pdf_text,high,"",ituri;nord-kivu;sud-kivu,""
patients_start_day,province,ituri,Ituri,2026-07-09,56,1,540,patients,table,"",Patients au lit (J-1) 540 188 27 755,8,pdf_text,high,"","",""
patients_start_day,province,nord-kivu,Nord-Kivu,2026-07-09,56,1,188,patients,table,"",Patients au lit (J-1) 540 188 27 755,8,pdf_text,high,"","",""
patients_start_day,province,sud-kivu,Sud-Kivu,2026-07-09,56,1,27,patients,table,"",Patients au lit (J-1) 540 188 27 755,8,pdf_text,high,"","",""
patients_suspect,national,ensemble,Ensemble,2026-07-09,56,1,542,patients,table,"",dont suspects 318 205 19 542,8,pdf_text,high,"",ituri;nord-kivu;sud-kivu,""
patients_suspect,province,ituri,Ituri,2026-07-09,56,1,318,patients,table,"",dont suspects 318 205 19 542,8,pdf_text,high,"","",""
patients_suspect,province,nord-kivu,Nord-Kivu,2026-07-09,56,1,205,patients,table,"",dont suspects 318 205 19 542,8,pdf_text,high,"","",""
patients_suspect,province,sud-kivu,Sud-Kivu,2026-07-09,56,1,19,patients,table,"",dont suspects 318 205 19 542,8,pdf_text,high,"","",""
admissions_24h,national,ensemble,Ensemble,2026-07-10,57,1,110,patients,table,"",Total admissions (24h) 69 36 5 110,9,pdf_text,high,"",ituri;nord-kivu;sud-kivu,""
admissions_24h,province,ituri,Ituri,2026-07-10,57,1,69,patients,table,"",Total admissions (24h) 69 36 5 110,9,pdf_text,high,"","",""
admissions_24h,province,nord-kivu,Nord-Kivu,2026-07-10,57,1,36,patients,table,"",Total admissions (24h) 69 36 5 110,9,pdf_text,high,"","",""
admissions_24h,province,sud-kivu,Sud-Kivu,2026-07-10,57,1,5,patients,table,"",Total admissions (24h) 69 36 5 110,9,pdf_text,high,"","",""
exits_24h,national,ensemble,Ensemble,2026-07-10,57,1,126,patients,table,"",Total sorties 61 65 0 126,9,pdf_text,high,"",ituri;nord-kivu;sud-kivu,""
exits_24h,province,ituri,Ituri,2026-07-10,57,1,61,patients,table,"",Total sorties 61 65 0 126,9,pdf_text,high,"","",""
exits_24h,province,nord-kivu,Nord-Kivu,2026-07-10,57,1,65,patients,table,"",Total sorties 61 65 0 126,9,pdf_text,high,"","",""
exits_24h,province,sud-kivu,Sud-Kivu,2026-07-10,57,1,0,patients,table,"",Total sorties 61 65 0 126,9,pdf_text,high,"","",""
occupancy_rate,national,ensemble,Ensemble,2026-07-10,57,1,95.1,percent,table,"","Taux d'occupation global 88% 135,2% 53,3% 95,1%",9,pdf_text,high,"",ituri;nord-kivu;sud-kivu,""
occupancy_rate,province,ituri,Ituri,2026-07-10,57,1,88,percent,table,"","Taux d'occupation global 88% 135,2% 53,3% 95,1%",9,pdf_text,high,"","",""
occupancy_rate,province,nord-kivu,Nord-Kivu,2026-07-10,57,1,135.2,percent,table,"","Taux d'occupation global 88% 135,2% 53,3% 95,1%",9,pdf_text,high,"","",""
occupancy_rate,province,sud-kivu,Sud-Kivu,2026-07-10,57,1,53.3,percent,table,"","Taux d'occupation global 88% 135,2% 53,3% 95,1%",9,pdf_text,high,"","",""
patients_confirmed,national,ensemble,Ensemble,2026-07-10,57,1,259,patients,table,"",dont confirmés (NC+AC) 237 22 0 259,9,pdf_text,high,"",ituri;nord-kivu;sud-kivu,""
patients_confirmed,province,ituri,Ituri,2026-07-10,57,1,237,patients,table,"",dont confirmés (NC+AC) 237 22 0 259,9,pdf_text,high,"","",""
patients_confirmed,province,nord-kivu,Nord-Kivu,2026-07-10,57,1,22,patients,table,"",dont confirmés (NC+AC) 237 22 0 259,9,pdf_text,high,"","",""
patients_confirmed,province,sud-kivu,Sud-Kivu,2026-07-10,57,1,0,patients,table,"",dont confirmés (NC+AC) 237 22 0 259,9,pdf_text,high,"","",""
patients_isolated,national,ensemble,Ensemble,2026-07-10,57,1,763,patients,table,"",Patients en isolement (Fin J) 543 196 24 763,9,pdf_text,high,"",ituri;nord-kivu;sud-kivu,""
patients_isolated,province,ituri,Ituri,2026-07-10,57,1,543,patients,table,"",Patients en isolement (Fin J) 543 196 24 763,9,pdf_text,high,"","",""
patients_isolated,province,nord-kivu,Nord-Kivu,2026-07-10,57,1,196,patients,table,"",Patients en isolement (Fin J) 543 196 24 763,9,pdf_text,high,"","",""
patients_isolated,province,sud-kivu,Sud-Kivu,2026-07-10,57,1,24,patients,table,"",Patients en isolement (Fin J) 543 196 24 763,9,pdf_text,high,"","",""
patients_start_day,national,ensemble,Ensemble,2026-07-10,57,1,779,patients,table,"",Patients au lit (J-1) 535 225 19 779,9,pdf_text,high,"",ituri;nord-kivu;sud-kivu,""
patients_start_day,province,ituri,Ituri,2026-07-10,57,1,535,patients,table,"",Patients au lit (J-1) 535 225 19 779,9,pdf_text,high,"","",""
patients_start_day,province,nord-kivu,Nord-Kivu,2026-07-10,57,1,225,patients,table,"",Patients au lit (J-1) 535 225 19 779,9,pdf_text,high,"","",""
patients_start_day,province,sud-kivu,Sud-Kivu,2026-07-10,57,1,19,patients,table,"",Patients au lit (J-1) 535 225 19 779,9,pdf_text,high,"","",""
patients_suspect,national,ensemble,Ensemble,2026-07-10,57,1,504,patients,table,"",dont suspects 306 174 24 504,9,pdf_text,high,"",ituri;nord-kivu;sud-kivu,""
patients_suspect,province,ituri,Ituri,2026-07-10,57,1,306,patients,table,"",dont suspects 306 174 24 504,9,pdf_text,high,"","",""
patients_suspect,province,nord-kivu,Nord-Kivu,2026-07-10,57,1,174,patients,table,"",dont suspects 306 174 24 504,9,pdf_text,high,"","",""
patients_suspect,province,sud-kivu,Sud-Kivu,2026-07-10,57,1,24,patients,table,"",dont suspects 306 174 24 504,9,pdf_text,high,"","",""
admissions_24h,national,ensemble,Ensemble,2026-07-11,58,1,94,patients,table,"",Total admissions (24h) 67 21 6 94,8,pdf_text,high,"",ituri;nord-kivu;sud-kivu,""
admissions_24h,province,ituri,Ituri,2026-07-11,58,1,67,patients,table,"",Total admissions (24h) 67 21 6 94,8,pdf_text,high,"","",""
admissions_24h,province,nord-kivu,Nord-Kivu,2026-07-11,58,1,21,patients,table,"",Total admissions (24h) 67 21 6 94,8,pdf_text,high,"","",""
admissions_24h,province,sud-kivu,Sud-Kivu,2026-07-11,58,1,6,patients,table,"",Total admissions (24h) 67 21 6 94,8,pdf_text,high,"","",""
exits_24h,national,ensemble,Ensemble,2026-07-11,58,1,110,patients,table,"",Total sorties 76 34 0 110,8,pdf_text,high,"",ituri;nord-kivu;sud-kivu,""
exits_24h,province,ituri,Ituri,2026-07-11,58,1,76,patients,table,"",Total sorties 76 34 0 110,8,pdf_text,high,"","",""
exits_24h,province,nord-kivu,Nord-Kivu,2026-07-11,58,1,34,patients,table,"",Total sorties 76 34 0 110,8,pdf_text,high,"","",""
exits_24h,province,sud-kivu,Sud-Kivu,2026-07-11,58,1,0,patients,table,"",Total sorties 76 34 0 110,8,pdf_text,high,"","",""
occupancy_rate,national,ensemble,Ensemble,2026-07-11,58,1,93.9,percent,table,"","Taux d'occupation global 87% 129,6% 66,6% 93,9%",8,pdf_text,high,"",ituri;nord-kivu;sud-kivu,""
occupancy_rate,province,ituri,Ituri,2026-07-11,58,1,87,percent,table,"","Taux d'occupation global 87% 129,6% 66,6% 93,9%",8,pdf_text,high,"","",""
occupancy_rate,province,nord-kivu,Nord-Kivu,2026-07-11,58,1,129.6,percent,table,"","Taux d'occupation global 87% 129,6% 66,6% 93,9%",8,pdf_text,high,"","",""
occupancy_rate,province,sud-kivu,Sud-Kivu,2026-07-11,58,1,66.6,percent,table,"","Taux d'occupation global 87% 129,6% 66,6% 93,9%",8,pdf_text,high,"","",""
patients_confirmed,national,ensemble,Ensemble,2026-07-11,58,1,248,patients,table,"",dont confirmés (NC+AC) 227 21 0 248,8,pdf_text,high,"",ituri;nord-kivu;sud-kivu,""
patients_confirmed,province,ituri,Ituri,2026-07-11,58,1,227,patients,table,"",dont confirmés (NC+AC) 227 21 0 248,8,pdf_text,high,"","",""
patients_confirmed,province,nord-kivu,Nord-Kivu,2026-07-11,58,1,21,patients,table,"",dont confirmés (NC+AC) 227 21 0 248,8,pdf_text,high,"","",""
patients_confirmed,province,sud-kivu,Sud-Kivu,2026-07-11,58,1,0,patients,table,"",dont confirmés (NC+AC) 227 21 0 248,8,pdf_text,high,"","",""
patients_isolated,national,ensemble,Ensemble,2026-07-11,58,1,753,patients,table,"",Patients en isolement (Fin J) 535 188 30 753,8,pdf_text,high,"",ituri;nord-kivu;sud-kivu,""
patients_isolated,province,ituri,Ituri,2026-07-11,58,1,535,patients,table,"",Patients en isolement (Fin J) 535 188 30 753,8,pdf_text,high,"","",""
patients_isolated,province,nord-kivu,Nord-Kivu,2026-07-11,58,1,188,patients,table,"",Patients en isolement (Fin J) 535 188 30 753,8,pdf_text,high,"","",""
patients_isolated,province,sud-kivu,Sud-Kivu,2026-07-11,58,1,30,patients,table,"",Patients en isolement (Fin J) 535 188 30 753,8,pdf_text,high,"","",""
patients_start_day,national,ensemble,Ensemble,2026-07-11,58,1,769,patients,table,"",Patients au lit (J-1) 544 201 24 769,8,pdf_text,high,"",ituri;nord-kivu;sud-kivu,""
patients_start_day,province,ituri,Ituri,2026-07-11,58,1,544,patients,table,"",Patients au lit (J-1) 544 201 24 769,8,pdf_text,high,"","",""
patients_start_day,province,nord-kivu,Nord-Kivu,2026-07-11,58,1,201,patients,table,"",Patients au lit (J-1) 544 201 24 769,8,pdf_text,high,"","",""
patients_start_day,province,sud-kivu,Sud-Kivu,2026-07-11,58,1,24,patients,table,"",Patients au lit (J-1) 544 201 24 769,8,pdf_text,high,"","",""
patients_suspect,national,ensemble,Ensemble,2026-07-11,58,1,539,patients,table,"",dont suspects 308 201 30 539,8,pdf_text,high,"",ituri;nord-kivu;sud-kivu,""
patients_suspect,province,ituri,Ituri,2026-07-11,58,1,308,patients,table,"",dont suspects 308 201 30 539,8,pdf_text,high,"","",""
patients_suspect,province,nord-kivu,Nord-Kivu,2026-07-11,58,1,201,patients,table,"",dont suspects 308 201 30 539,8,pdf_text,high,"","",""
patients_suspect,province,sud-kivu,Sud-Kivu,2026-07-11,58,1,30,patients,table,"",dont suspects 308 201 30 539,8,pdf_text,high,"","",""
admissions_24h,national,ensemble,Ensemble,2026-07-13,60,1,103,patients,table,"",Total admissions (24 h) 85 12 4 2 103,9,pdf_text,high,"",ituri;nord-kivu;sud-kivu;haut-uele,""
admissions_24h,province,haut-uele,Haut-Uélé,2026-07-13,60,1,2,patients,table,"",Total admissions (24 h) 85 12 4 2 103,9,pdf_text,high,"","",""
admissions_24h,province,ituri,Ituri,2026-07-13,60,1,85,patients,table,"",Total admissions (24 h) 85 12 4 2 103,9,pdf_text,high,"","",""
admissions_24h,province,nord-kivu,Nord-Kivu,2026-07-13,60,1,12,patients,table,"",Total admissions (24 h) 85 12 4 2 103,9,pdf_text,high,"","",""
admissions_24h,province,sud-kivu,Sud-Kivu,2026-07-13,60,1,4,patients,table,"",Total admissions (24 h) 85 12 4 2 103,9,pdf_text,high,"","",""
exits_24h,national,ensemble,Ensemble,2026-07-13,60,1,92,patients,table,"",Total sorties (24 h) 70 15 7 0 92,10,pdf_text,high,"",ituri;nord-kivu;sud-kivu;haut-uele,""
exits_24h,province,haut-uele,Haut-Uélé,2026-07-13,60,1,0,patients,table,"",Total sorties (24 h) 70 15 7 0 92,10,pdf_text,high,"","",""
exits_24h,province,ituri,Ituri,2026-07-13,60,1,70,patients,table,"",Total sorties (24 h) 70 15 7 0 92,10,pdf_text,high,"","",""
exits_24h,province,nord-kivu,Nord-Kivu,2026-07-13,60,1,15,patients,table,"",Total sorties (24 h) 70 15 7 0 92,10,pdf_text,high,"","",""
exits_24h,province,sud-kivu,Sud-Kivu,2026-07-13,60,1,7,patients,table,"",Total sorties (24 h) 70 15 7 0 92,10,pdf_text,high,"","",""
occupancy_rate,national,ensemble,Ensemble,2026-07-13,60,1,87.4,percent,table,"","Taux d'occupation 82,7 % 120,6 % 60,0 % 100 % 87,4 %",10,pdf_text,high,"",ituri;nord-kivu;sud-kivu;haut-uele,""
occupancy_rate,province,haut-uele,Haut-Uélé,2026-07-13,60,1,100,percent,table,"","Taux d'occupation 82,7 % 120,6 % 60,0 % 100 % 87,4 %",10,pdf_text,high,"","",""
occupancy_rate,province,ituri,Ituri,2026-07-13,60,1,82.7,percent,table,"","Taux d'occupation 82,7 % 120,6 % 60,0 % 100 % 87,4 %",10,pdf_text,high,"","",""
occupancy_rate,province,nord-kivu,Nord-Kivu,2026-07-13,60,1,120.6,percent,table,"","Taux d'occupation 82,7 % 120,6 % 60,0 % 100 % 87,4 %",10,pdf_text,high,"","",""
occupancy_rate,province,sud-kivu,Sud-Kivu,2026-07-13,60,1,60,percent,table,"","Taux d'occupation 82,7 % 120,6 % 60,0 % 100 % 87,4 %",10,pdf_text,high,"","",""
patients_confirmed,national,ensemble,Ensemble,2026-07-13,60,1,246,patients,table,"",dont confirmés 229 17 0 0 246,10,pdf_text,high,"",ituri;nord-kivu;sud-kivu;haut-uele,""
patients_confirmed,province,haut-uele,Haut-Uélé,2026-07-13,60,1,0,patients,table,"",dont confirmés 229 17 0 0 246,10,pdf_text,high,"","",""
patients_confirmed,province,ituri,Ituri,2026-07-13,60,1,229,patients,table,"",dont confirmés 229 17 0 0 246,10,pdf_text,high,"","",""
patients_confirmed,province,nord-kivu,Nord-Kivu,2026-07-13,60,1,17,patients,table,"",dont confirmés 229 17 0 0 246,10,pdf_text,high,"","",""
patients_confirmed,province,sud-kivu,Sud-Kivu,2026-07-13,60,1,0,patients,table,"",dont confirmés 229 17 0 0 246,10,pdf_text,high,"","",""
patients_isolated,national,ensemble,Ensemble,2026-07-13,60,1,753,patients,table,"",Patients en isolement (fin J) 553 170 27 3 753,10,pdf_text,high,"",ituri;nord-kivu;sud-kivu;haut-uele,""
patients_isolated,province,haut-uele,Haut-Uélé,2026-07-13,60,1,3,patients,table,"",Patients en isolement (fin J) 553 170 27 3 753,10,pdf_text,high,"","",""
patients_isolated,province,ituri,Ituri,2026-07-13,60,1,553,patients,table,"",Patients en isolement (fin J) 553 170 27 3 753,10,pdf_text,high,"","",""
patients_isolated,province,nord-kivu,Nord-Kivu,2026-07-13,60,1,170,patients,table,"",Patients en isolement (fin J) 553 170 27 3 753,10,pdf_text,high,"","",""
patients_isolated,province,sud-kivu,Sud-Kivu,2026-07-13,60,1,27,patients,table,"",Patients en isolement (fin J) 553 170 27 3 753,10,pdf_text,high,"","",""
patients_start_day,national,ensemble,Ensemble,2026-07-13,60,1,742,patients,table,"",Patients au lit (J-1) 538 173 30 1 742,9,pdf_text,high,"",ituri;nord-kivu;sud-kivu;haut-uele,""
patients_start_day,province,haut-uele,Haut-Uélé,2026-07-13,60,1,1,patients,table,"",Patients au lit (J-1) 538 173 30 1 742,9,pdf_text,high,"","",""
patients_start_day,province,ituri,Ituri,2026-07-13,60,1,538,patients,table,"",Patients au lit (J-1) 538 173 30 1 742,9,pdf_text,high,"","",""
patients_start_day,province,nord-kivu,Nord-Kivu,2026-07-13,60,1,173,patients,table,"",Patients au lit (J-1) 538 173 30 1 742,9,pdf_text,high,"","",""
patients_start_day,province,sud-kivu,Sud-Kivu,2026-07-13,60,1,30,patients,table,"",Patients au lit (J-1) 538 173 30 1 742,9,pdf_text,high,"","",""
patients_suspect,national,ensemble,Ensemble,2026-07-13,60,1,507,patients,table,"",dont suspects 324 153 27 3 507,10,pdf_text,high,"",ituri;nord-kivu;sud-kivu;haut-uele,""
patients_suspect,province,haut-uele,Haut-Uélé,2026-07-13,60,1,3,patients,table,"",dont suspects 324 153 27 3 507,10,pdf_text,high,"","",""
patients_suspect,province,ituri,Ituri,2026-07-13,60,1,324,patients,table,"",dont suspects 324 153 27 3 507,10,pdf_text,high,"","",""
patients_suspect,province,nord-kivu,Nord-Kivu,2026-07-13,60,1,153,patients,table,"",dont suspects 324 153 27 3 507,10,pdf_text,high,"","",""
patients_suspect,province,sud-kivu,Sud-Kivu,2026-07-13,60,1,27,patients,table,"",dont suspects 324 153 27 3 507,10,pdf_text,high,"","",""
admissions_24h,national,ensemble,Ensemble,2026-07-15,62,1,124,patients,table,"",Total admissions (24 h) 84 39 1 124,9,pdf_text,high,"",ituri;nord-kivu;tshopo,""
admissions_24h,province,ituri,Ituri,2026-07-15,62,1,84,patients,table,"",Total admissions (24 h) 84 39 1 124,9,pdf_text,high,"","",""
admissions_24h,province,nord-kivu,Nord-Kivu,2026-07-15,62,1,39,patients,table,"",Total admissions (24 h) 84 39 1 124,9,pdf_text,high,"","",""
admissions_24h,province,tshopo,Tshopo,2026-07-15,62,1,1,patients,table,"",Total admissions (24 h) 84 39 1 124,9,pdf_text,high,"","",""
exits_24h,national,ensemble,Ensemble,2026-07-15,62,1,117,patients,table,"",Total sorties (24 h) 79 38 0 117,9,pdf_text,high,"",ituri;nord-kivu;tshopo,""
exits_24h,province,ituri,Ituri,2026-07-15,62,1,79,patients,table,"",Total sorties (24 h) 79 38 0 117,9,pdf_text,high,"","",""
exits_24h,province,nord-kivu,Nord-Kivu,2026-07-15,62,1,38,patients,table,"",Total sorties (24 h) 79 38 0 117,9,pdf_text,high,"","",""
exits_24h,province,tshopo,Tshopo,2026-07-15,62,1,0,patients,table,"",Total sorties (24 h) 79 38 0 117,9,pdf_text,high,"","",""
occupancy_rate,national,ensemble,Ensemble,2026-07-15,62,1,85.6,percent,table,"","Taux d'occupation 79 % 118,8% 41,7 % 85,6%",9,pdf_text,high,"",ituri;nord-kivu;tshopo,""
occupancy_rate,province,ituri,Ituri,2026-07-15,62,1,79,percent,table,"","Taux d'occupation 79 % 118,8% 41,7 % 85,6%",9,pdf_text,high,"","",""
occupancy_rate,province,nord-kivu,Nord-Kivu,2026-07-15,62,1,118.8,percent,table,"","Taux d'occupation 79 % 118,8% 41,7 % 85,6%",9,pdf_text,high,"","",""
occupancy_rate,province,tshopo,Tshopo,2026-07-15,62,1,41.7,percent,table,"","Taux d'occupation 79 % 118,8% 41,7 % 85,6%",9,pdf_text,high,"","",""
patients_confirmed,national,ensemble,Ensemble,2026-07-15,62,1,281,patients,table,"",dont confirmés 259 20 2 281,9,pdf_text,high,"",ituri;nord-kivu;tshopo,""
patients_confirmed,province,ituri,Ituri,2026-07-15,62,1,259,patients,table,"",dont confirmés 259 20 2 281,9,pdf_text,high,"","",""
patients_confirmed,province,nord-kivu,Nord-Kivu,2026-07-15,62,1,20,patients,table,"",dont confirmés 259 20 2 281,9,pdf_text,high,"","",""
patients_confirmed,province,tshopo,Tshopo,2026-07-15,62,1,2,patients,table,"",dont confirmés 259 20 2 281,9,pdf_text,high,"","",""
patients_isolated,national,ensemble,Ensemble,2026-07-15,62,1,725,patients,table,"",Patients en isolement (fin J) 549 171 5 725,9,pdf_text,high,"",ituri;nord-kivu;tshopo,""
patients_isolated,province,ituri,Ituri,2026-07-15,62,1,549,patients,table,"",Patients en isolement (fin J) 549 171 5 725,9,pdf_text,high,"","",""
patients_isolated,province,nord-kivu,Nord-Kivu,2026-07-15,62,1,171,patients,table,"",Patients en isolement (fin J) 549 171 5 725,9,pdf_text,high,"","",""
patients_isolated,province,tshopo,Tshopo,2026-07-15,62,1,5,patients,table,"",Patients en isolement (fin J) 549 171 5 725,9,pdf_text,high,"","",""
patients_start_day,national,ensemble,Ensemble,2026-07-15,62,1,718,patients,table,"",Patients au lit (J-1) 544 170 4 718,9,pdf_text,high,"",ituri;nord-kivu;tshopo,""
patients_start_day,province,ituri,Ituri,2026-07-15,62,1,544,patients,table,"",Patients au lit (J-1) 544 170 4 718,9,pdf_text,high,"","",""
patients_start_day,province,nord-kivu,Nord-Kivu,2026-07-15,62,1,170,patients,table,"",Patients au lit (J-1) 544 170 4 718,9,pdf_text,high,"","",""
patients_start_day,province,tshopo,Tshopo,2026-07-15,62,1,4,patients,table,"",Patients au lit (J-1) 544 170 4 718,9,pdf_text,high,"","",""
patients_suspect,national,ensemble,Ensemble,2026-07-15,62,1,444,patients,table,"",dont suspects 290 151 3 444,9,pdf_text,high,"",ituri;nord-kivu;tshopo,""
patients_suspect,province,ituri,Ituri,2026-07-15,62,1,290,patients,table,"",dont suspects 290 151 3 444,9,pdf_text,high,"","",""
patients_suspect,province,nord-kivu,Nord-Kivu,2026-07-15,62,1,151,patients,table,"",dont suspects 290 151 3 444,9,pdf_text,high,"","",""
patients_suspect,province,tshopo,Tshopo,2026-07-15,62,1,3,patients,table,"",dont suspects 290 151 3 444,9,pdf_text,high,"","",""
admissions_24h,national,ensemble,Ensemble,2026-07-17,64,1,119,patients,table,"",Total admissions (24 h) 86 33 ND ND 119,8,pdf_text,high,"",ituri;nord-kivu,""
admissions_24h,province,haut-uele,Haut-Uélé,2026-07-17,64,1,,patients,table,"",Total admissions (24 h) 86 33 ND ND 119,8,pdf_text,high,not_reported,"",""
admissions_24h,province,ituri,Ituri,2026-07-17,64,1,86,patients,table,"",Total admissions (24 h) 86 33 ND ND 119,8,pdf_text,high,"","",""
admissions_24h,province,nord-kivu,Nord-Kivu,2026-07-17,64,1,33,patients,table,"",Total admissions (24 h) 86 33 ND ND 119,8,pdf_text,high,"","",""
admissions_24h,province,tshopo,Tshopo,2026-07-17,64,1,,patients,table,"",Total admissions (24 h) 86 33 ND ND 119,8,pdf_text,high,not_reported,"",""
exits_24h,national,ensemble,Ensemble,2026-07-17,64,1,118,patients,table,"",Total sorties (24 h) 80 38 ND 118,8,pdf_text,low,"",ituri;nord-kivu,""
exits_24h,province,ituri,Ituri,2026-07-17,64,1,80,patients,table,"",Total sorties (24 h) 80 38 ND 118,8,pdf_text,low,"","",""
exits_24h,province,nord-kivu,Nord-Kivu,2026-07-17,64,1,38,patients,table,"",Total sorties (24 h) 80 38 ND 118,8,pdf_text,low,"","",""
exits_24h,province,tshopo,Tshopo,2026-07-17,64,1,,patients,table,"",Total sorties (24 h) 80 38 ND 118,8,pdf_text,low,not_reported,"",""
patients_isolated,national,ensemble,Ensemble,2026-07-17,64,1,722,patients,table,"",Patients en isolement (fin J) 548 174 ND 722,8,pdf_text,low,"",ituri;nord-kivu,""
patients_isolated,province,ituri,Ituri,2026-07-17,64,1,548,patients,table,"",Patients en isolement (fin J) 548 174 ND 722,8,pdf_text,low,"","",""
patients_isolated,province,nord-kivu,Nord-Kivu,2026-07-17,64,1,174,patients,table,"",Patients en isolement (fin J) 548 174 ND 722,8,pdf_text,low,"","",""
patients_isolated,province,tshopo,Tshopo,2026-07-17,64,1,,patients,table,"",Patients en isolement (fin J) 548 174 ND 722,8,pdf_text,low,not_reported,"",""
patients_start_day,national,ensemble,Ensemble,2026-07-17,64,1,721,patients,table,"",Patients au lit (J-1) 542 179 ND ND 721,8,pdf_text,high,"",ituri;nord-kivu,""
patients_start_day,province,haut-uele,Haut-Uélé,2026-07-17,64,1,,patients,table,"",Patients au lit (J-1) 542 179 ND ND 721,8,pdf_text,high,not_reported,"",""
patients_start_day,province,ituri,Ituri,2026-07-17,64,1,542,patients,table,"",Patients au lit (J-1) 542 179 ND ND 721,8,pdf_text,high,"","",""
patients_start_day,province,nord-kivu,Nord-Kivu,2026-07-17,64,1,179,patients,table,"",Patients au lit (J-1) 542 179 ND ND 721,8,pdf_text,high,"","",""
patients_start_day,province,tshopo,Tshopo,2026-07-17,64,1,,patients,table,"",Patients au lit (J-1) 542 179 ND ND 721,8,pdf_text,high,not_reported,"",""
admissions_24h,national,ensemble,Ensemble,2026-07-18,65,1,121,patients,table,"",Total admissions (24 h) 71 47 ND 3 121,8,pdf_text,high,"",ituri;nord-kivu;tshopo,""
admissions_24h,province,haut-uele,Haut-Uélé,2026-07-18,65,1,,patients,table,"",Total admissions (24 h) 71 47 ND 3 121,8,pdf_text,high,not_reported,"",""
admissions_24h,province,ituri,Ituri,2026-07-18,65,1,71,patients,table,"",Total admissions (24 h) 71 47 ND 3 121,8,pdf_text,high,"","",""
admissions_24h,province,nord-kivu,Nord-Kivu,2026-07-18,65,1,47,patients,table,"",Total admissions (24 h) 71 47 ND 3 121,8,pdf_text,high,"","",""
admissions_24h,province,tshopo,Tshopo,2026-07-18,65,1,3,patients,table,"",Total admissions (24 h) 71 47 ND 3 121,8,pdf_text,high,"","",""
exits_24h,national,ensemble,Ensemble,2026-07-18,65,1,104,patients,table,"",Total sorties (24 h) 72 32 ND 0 104,8,pdf_text,high,"",ituri;nord-kivu;tshopo,""
exits_24h,province,haut-uele,Haut-Uélé,2026-07-18,65,1,,patients,table,"",Total sorties (24 h) 72 32 ND 0 104,8,pdf_text,high,not_reported,"",""
exits_24h,province,ituri,Ituri,2026-07-18,65,1,72,patients,table,"",Total sorties (24 h) 72 32 ND 0 104,8,pdf_text,high,"","",""
exits_24h,province,nord-kivu,Nord-Kivu,2026-07-18,65,1,32,patients,table,"",Total sorties (24 h) 72 32 ND 0 104,8,pdf_text,high,"","",""
exits_24h,province,tshopo,Tshopo,2026-07-18,65,1,0,patients,table,"",Total sorties (24 h) 72 32 ND 0 104,8,pdf_text,high,"","",""
occupancy_rate,national,ensemble,Ensemble,2026-07-18,65,1,84.5,percent,table,"","Taux d'occupation 76,3 % 123,1 % ND 40% 84,5 %",8,pdf_text,high,"",ituri;nord-kivu;tshopo,""
occupancy_rate,province,haut-uele,Haut-Uélé,2026-07-18,65,1,,percent,table,"","Taux d'occupation 76,3 % 123,1 % ND 40% 84,5 %",8,pdf_text,high,not_reported,"",""
occupancy_rate,province,ituri,Ituri,2026-07-18,65,1,76.3,percent,table,"","Taux d'occupation 76,3 % 123,1 % ND 40% 84,5 %",8,pdf_text,high,"","",""
occupancy_rate,province,nord-kivu,Nord-Kivu,2026-07-18,65,1,123.1,percent,table,"","Taux d'occupation 76,3 % 123,1 % ND 40% 84,5 %",8,pdf_text,high,"","",""
occupancy_rate,province,tshopo,Tshopo,2026-07-18,65,1,40,percent,table,"","Taux d'occupation 76,3 % 123,1 % ND 40% 84,5 %",8,pdf_text,high,"","",""
patients_confirmed,national,ensemble,Ensemble,2026-07-18,65,1,272,patients,table,"",dont confirmés 257 15 ND 0 272,8,pdf_text,high,"",ituri;nord-kivu;tshopo,""
patients_confirmed,province,haut-uele,Haut-Uélé,2026-07-18,65,1,,patients,table,"",dont confirmés 257 15 ND 0 272,8,pdf_text,high,not_reported,"",""
patients_confirmed,province,ituri,Ituri,2026-07-18,65,1,257,patients,table,"",dont confirmés 257 15 ND 0 272,8,pdf_text,high,"","",""
patients_confirmed,province,nord-kivu,Nord-Kivu,2026-07-18,65,1,15,patients,table,"",dont confirmés 257 15 ND 0 272,8,pdf_text,high,"","",""
patients_confirmed,province,tshopo,Tshopo,2026-07-18,65,1,0,patients,table,"",dont confirmés 257 15 ND 0 272,8,pdf_text,high,"","",""
patients_isolated,national,ensemble,Ensemble,2026-07-18,65,1,724,patients,table,"",Patients en isolement (fin J) 539 181 ND 4 724,8,pdf_text,high,"",ituri;nord-kivu;tshopo,""
patients_isolated,province,haut-uele,Haut-Uélé,2026-07-18,65,1,,patients,table,"",Patients en isolement (fin J) 539 181 ND 4 724,8,pdf_text,high,not_reported,"",""
patients_isolated,province,ituri,Ituri,2026-07-18,65,1,539,patients,table,"",Patients en isolement (fin J) 539 181 ND 4 724,8,pdf_text,high,"","",""
patients_isolated,province,nord-kivu,Nord-Kivu,2026-07-18,65,1,181,patients,table,"",Patients en isolement (fin J) 539 181 ND 4 724,8,pdf_text,high,"","",""
patients_isolated,province,tshopo,Tshopo,2026-07-18,65,1,4,patients,table,"",Patients en isolement (fin J) 539 181 ND 4 724,8,pdf_text,high,"","",""
patients_start_day,national,ensemble,Ensemble,2026-07-18,65,1,707,patients,table,"",Patients au lit (J-1) 540 166 ND 1 707,8,pdf_text,high,"",ituri;nord-kivu;tshopo,""
patients_start_day,province,haut-uele,Haut-Uélé,2026-07-18,65,1,,patients,table,"",Patients au lit (J-1) 540 166 ND 1 707,8,pdf_text,high,not_reported,"",""
patients_start_day,province,ituri,Ituri,2026-07-18,65,1,540,patients,table,"",Patients au lit (J-1) 540 166 ND 1 707,8,pdf_text,high,"","",""
patients_start_day,province,nord-kivu,Nord-Kivu,2026-07-18,65,1,166,patients,table,"",Patients au lit (J-1) 540 166 ND 1 707,8,pdf_text,high,"","",""
patients_start_day,province,tshopo,Tshopo,2026-07-18,65,1,1,patients,table,"",Patients au lit (J-1) 540 166 ND 1 707,8,pdf_text,high,"","",""
patients_suspect,national,ensemble,Ensemble,2026-07-18,65,1,452,patients,table,"",dont suspects 282 166 ND 4 452,8,pdf_text,high,"",ituri;nord-kivu;tshopo,""
patients_suspect,province,haut-uele,Haut-Uélé,2026-07-18,65,1,,patients,table,"",dont suspects 282 166 ND 4 452,8,pdf_text,high,not_reported,"",""
patients_suspect,province,ituri,Ituri,2026-07-18,65,1,282,patients,table,"",dont suspects 282 166 ND 4 452,8,pdf_text,high,"","",""
patients_suspect,province,nord-kivu,Nord-Kivu,2026-07-18,65,1,166,patients,table,"",dont suspects 282 166 ND 4 452,8,pdf_text,high,"","",""
patients_suspect,province,tshopo,Tshopo,2026-07-18,65,1,4,patients,table,"",dont suspects 282 166 ND 4 452,8,pdf_text,high,"","",""
admissions_24h,national,ensemble,Ensemble,2026-07-19,66,1,108,patients,table,"",Total admissions (24 h) 70 38 ND ND 108,8,pdf_text,high,"",ituri;nord-kivu,""
admissions_24h,province,haut-uele,Haut-Uélé,2026-07-19,66,1,,patients,table,"",Total admissions (24 h) 70 38 ND ND 108,8,pdf_text,high,not_reported,"",""
admissions_24h,province,ituri,Ituri,2026-07-19,66,1,70,patients,table,"",Total admissions (24 h) 70 38 ND ND 108,8,pdf_text,high,"","",""
admissions_24h,province,nord-kivu,Nord-Kivu,2026-07-19,66,1,38,patients,table,"",Total admissions (24 h) 70 38 ND ND 108,8,pdf_text,high,"","",""
admissions_24h,province,tshopo,Tshopo,2026-07-19,66,1,,patients,table,"",Total admissions (24 h) 70 38 ND ND 108,8,pdf_text,high,not_reported,"",""
exits_24h,national,ensemble,Ensemble,2026-07-19,66,1,94,patients,table,"",Total sorties (24 h) 60 34 ND ND 94,8,pdf_text,high,"",ituri;nord-kivu,""
exits_24h,province,haut-uele,Haut-Uélé,2026-07-19,66,1,,patients,table,"",Total sorties (24 h) 60 34 ND ND 94,8,pdf_text,high,not_reported,"",""
exits_24h,province,ituri,Ituri,2026-07-19,66,1,60,patients,table,"",Total sorties (24 h) 60 34 ND ND 94,8,pdf_text,high,"","",""
exits_24h,province,nord-kivu,Nord-Kivu,2026-07-19,66,1,34,patients,table,"",Total sorties (24 h) 60 34 ND ND 94,8,pdf_text,high,"","",""
exits_24h,province,tshopo,Tshopo,2026-07-19,66,1,,patients,table,"",Total sorties (24 h) 60 34 ND ND 94,8,pdf_text,high,not_reported,"",""
occupancy_rate,national,ensemble,Ensemble,2026-07-19,66,1,78.2,percent,table,"","Taux d'occupation 69,3 % 128,4 % ND ND 78,2 %",8,pdf_text,high,"",ituri;nord-kivu,""
occupancy_rate,province,haut-uele,Haut-Uélé,2026-07-19,66,1,,percent,table,"","Taux d'occupation 69,3 % 128,4 % ND ND 78,2 %",8,pdf_text,high,not_reported,"",""
occupancy_rate,province,ituri,Ituri,2026-07-19,66,1,69.3,percent,table,"","Taux d'occupation 69,3 % 128,4 % ND ND 78,2 %",8,pdf_text,high,"","",""
occupancy_rate,province,nord-kivu,Nord-Kivu,2026-07-19,66,1,128.4,percent,table,"","Taux d'occupation 69,3 % 128,4 % ND ND 78,2 %",8,pdf_text,high,"","",""
occupancy_rate,province,tshopo,Tshopo,2026-07-19,66,1,,percent,table,"","Taux d'occupation 69,3 % 128,4 % ND ND 78,2 %",8,pdf_text,high,not_reported,"",""
patients_confirmed,national,ensemble,Ensemble,2026-07-19,66,1,295,patients,table,"",dont confirmés 275 20 ND ND 295,8,pdf_text,high,"",ituri;nord-kivu,""
patients_confirmed,province,haut-uele,Haut-Uélé,2026-07-19,66,1,,patients,table,"",dont confirmés 275 20 ND ND 295,8,pdf_text,high,not_reported,"",""
patients_confirmed,province,ituri,Ituri,2026-07-19,66,1,275,patients,table,"",dont confirmés 275 20 ND ND 295,8,pdf_text,high,"","",""
patients_confirmed,province,nord-kivu,Nord-Kivu,2026-07-19,66,1,20,patients,table,"",dont confirmés 275 20 ND ND 295,8,pdf_text,high,"","",""
patients_confirmed,province,tshopo,Tshopo,2026-07-19,66,1,,patients,table,"",dont confirmés 275 20 ND ND 295,8,pdf_text,high,not_reported,"",""
patients_isolated,national,ensemble,Ensemble,2026-07-19,66,1,734,patients,table,"",Patients en isolement (fin J) 553 181 ND ND 734,8,pdf_text,high,"",ituri;nord-kivu,""
patients_isolated,province,haut-uele,Haut-Uélé,2026-07-19,66,1,,patients,table,"",Patients en isolement (fin J) 553 181 ND ND 734,8,pdf_text,high,not_reported,"",""
patients_isolated,province,ituri,Ituri,2026-07-19,66,1,553,patients,table,"",Patients en isolement (fin J) 553 181 ND ND 734,8,pdf_text,high,"","",""
patients_isolated,province,nord-kivu,Nord-Kivu,2026-07-19,66,1,181,patients,table,"",Patients en isolement (fin J) 553 181 ND ND 734,8,pdf_text,high,"","",""
patients_isolated,province,tshopo,Tshopo,2026-07-19,66,1,,patients,table,"",Patients en isolement (fin J) 553 181 ND ND 734,8,pdf_text,high,not_reported,"",""
patients_start_day,national,ensemble,Ensemble,2026-07-19,66,1,720,patients,table,"",Patients au lit (J-1) 543 177 ND ND 720,8,pdf_text,high,"",ituri;nord-kivu,""
patients_start_day,province,haut-uele,Haut-Uélé,2026-07-19,66,1,,patients,table,"",Patients au lit (J-1) 543 177 ND ND 720,8,pdf_text,high,not_reported,"",""
patients_start_day,province,ituri,Ituri,2026-07-19,66,1,543,patients,table,"",Patients au lit (J-1) 543 177 ND ND 720,8,pdf_text,high,"","",""
patients_start_day,province,nord-kivu,Nord-Kivu,2026-07-19,66,1,177,patients,table,"",Patients au lit (J-1) 543 177 ND ND 720,8,pdf_text,high,"","",""
patients_start_day,province,tshopo,Tshopo,2026-07-19,66,1,,patients,table,"",Patients au lit (J-1) 543 177 ND ND 720,8,pdf_text,high,not_reported,"",""
patients_suspect,national,ensemble,Ensemble,2026-07-19,66,1,439,patients,table,"",dont suspects 278 161 ND ND 439,8,pdf_text,high,"",ituri;nord-kivu,""
patients_suspect,province,haut-uele,Haut-Uélé,2026-07-19,66,1,,patients,table,"",dont suspects 278 161 ND ND 439,8,pdf_text,high,not_reported,"",""
patients_suspect,province,ituri,Ituri,2026-07-19,66,1,278,patients,table,"",dont suspects 278 161 ND ND 439,8,pdf_text,high,"","",""
patients_suspect,province,nord-kivu,Nord-Kivu,2026-07-19,66,1,161,patients,table,"",dont suspects 278 161 ND ND 439,8,pdf_text,high,"","",""
patients_suspect,province,tshopo,Tshopo,2026-07-19,66,1,,patients,table,"",dont suspects 278 161 ND ND 439,8,pdf_text,high,not_reported,"",""
admissions_24h,national,ensemble,Ensemble,2026-07-20,67,1,180,patients,table,"",Total admissions (24 h) 118 62 ND ND 180,8,pdf_text,high,"",ituri;nord-kivu,""
admissions_24h,province,haut-uele,Haut-Uélé,2026-07-20,67,1,,patients,table,"",Total admissions (24 h) 118 62 ND ND 180,8,pdf_text,high,not_reported,"",""
admissions_24h,province,ituri,Ituri,2026-07-20,67,1,118,patients,table,"",Total admissions (24 h) 118 62 ND ND 180,8,pdf_text,high,"","",""
admissions_24h,province,nord-kivu,Nord-Kivu,2026-07-20,67,1,62,patients,table,"",Total admissions (24 h) 118 62 ND ND 180,8,pdf_text,high,"","",""
admissions_24h,province,tshopo,Tshopo,2026-07-20,67,1,,patients,table,"",Total admissions (24 h) 118 62 ND ND 180,8,pdf_text,high,not_reported,"",""
exits_24h,national,ensemble,Ensemble,2026-07-20,67,1,143,patients,table,"",Total sorties (24 h) 98 45 ND ND 143,8,pdf_text,high,"",ituri;nord-kivu,""
exits_24h,province,haut-uele,Haut-Uélé,2026-07-20,67,1,,patients,table,"",Total sorties (24 h) 98 45 ND ND 143,8,pdf_text,high,not_reported,"",""
exits_24h,province,ituri,Ituri,2026-07-20,67,1,98,patients,table,"",Total sorties (24 h) 98 45 ND ND 143,8,pdf_text,high,"","",""
exits_24h,province,nord-kivu,Nord-Kivu,2026-07-20,67,1,45,patients,table,"",Total sorties (24 h) 98 45 ND ND 143,8,pdf_text,high,"","",""
exits_24h,province,tshopo,Tshopo,2026-07-20,67,1,,patients,table,"",Total sorties (24 h) 98 45 ND ND 143,8,pdf_text,high,not_reported,"",""
occupancy_rate,national,ensemble,Ensemble,2026-07-20,67,1,86.7,percent,table,"","Taux d'occupation 78,4 % 128,4 % ND ND 86,7 %",8,pdf_text,high,"",ituri;nord-kivu,""
occupancy_rate,province,haut-uele,Haut-Uélé,2026-07-20,67,1,,percent,table,"","Taux d'occupation 78,4 % 128,4 % ND ND 86,7 %",8,pdf_text,high,not_reported,"",""
occupancy_rate,province,ituri,Ituri,2026-07-20,67,1,78.4,percent,table,"","Taux d'occupation 78,4 % 128,4 % ND ND 86,7 %",8,pdf_text,high,"","",""
occupancy_rate,province,nord-kivu,Nord-Kivu,2026-07-20,67,1,128.4,percent,table,"","Taux d'occupation 78,4 % 128,4 % ND ND 86,7 %",8,pdf_text,high,"","",""
occupancy_rate,province,tshopo,Tshopo,2026-07-20,67,1,,percent,table,"","Taux d'occupation 78,4 % 128,4 % ND ND 86,7 %",8,pdf_text,high,not_reported,"",""
patients_confirmed,national,ensemble,Ensemble,2026-07-20,67,1,286,patients,table,"",dont confirmés 270 16 ND ND 286,8,pdf_text,high,"",ituri;nord-kivu,""
patients_confirmed,province,haut-uele,Haut-Uélé,2026-07-20,67,1,,patients,table,"",dont confirmés 270 16 ND ND 286,8,pdf_text,high,not_reported,"",""
patients_confirmed,province,ituri,Ituri,2026-07-20,67,1,270,patients,table,"",dont confirmés 270 16 ND ND 286,8,pdf_text,high,"","",""
patients_confirmed,province,nord-kivu,Nord-Kivu,2026-07-20,67,1,16,patients,table,"",dont confirmés 270 16 ND ND 286,8,pdf_text,high,"","",""
patients_confirmed,province,tshopo,Tshopo,2026-07-20,67,1,,patients,table,"",dont confirmés 270 16 ND ND 286,8,pdf_text,high,not_reported,"",""
patients_isolated,national,ensemble,Ensemble,2026-07-20,67,1,737,patients,table,"",Patients en isolement (fin J) 556 181 ND ND 737,8,pdf_text,high,"",ituri;nord-kivu,""
patients_isolated,province,haut-uele,Haut-Uélé,2026-07-20,67,1,,patients,table,"",Patients en isolement (fin J) 556 181 ND ND 737,8,pdf_text,high,not_reported,"",""
patients_isolated,province,ituri,Ituri,2026-07-20,67,1,556,patients,table,"",Patients en isolement (fin J) 556 181 ND ND 737,8,pdf_text,high,"","",""
patients_isolated,province,nord-kivu,Nord-Kivu,2026-07-20,67,1,181,patients,table,"",Patients en isolement (fin J) 556 181 ND ND 737,8,pdf_text,high,"","",""
patients_isolated,province,tshopo,Tshopo,2026-07-20,67,1,,patients,table,"",Patients en isolement (fin J) 556 181 ND ND 737,8,pdf_text,high,not_reported,"",""
patients_start_day,national,ensemble,Ensemble,2026-07-20,67,1,700,patients,table,"",Patients au lit (J-1) 536 164 ND ND 700,8,pdf_text,high,"",ituri;nord-kivu,""
patients_start_day,province,haut-uele,Haut-Uélé,2026-07-20,67,1,,patients,table,"",Patients au lit (J-1) 536 164 ND ND 700,8,pdf_text,high,not_reported,"",""
patients_start_day,province,ituri,Ituri,2026-07-20,67,1,536,patients,table,"",Patients au lit (J-1) 536 164 ND ND 700,8,pdf_text,high,"","",""
patients_start_day,province,nord-kivu,Nord-Kivu,2026-07-20,67,1,164,patients,table,"",Patients au lit (J-1) 536 164 ND ND 700,8,pdf_text,high,"","",""
patients_start_day,province,tshopo,Tshopo,2026-07-20,67,1,,patients,table,"",Patients au lit (J-1) 536 164 ND ND 700,8,pdf_text,high,not_reported,"",""
patients_suspect,national,ensemble,Ensemble,2026-07-20,67,1,451,patients,table,"",dont suspects 286 165 ND ND 451,8,pdf_text,high,"",ituri;nord-kivu,""
patients_suspect,province,haut-uele,Haut-Uélé,2026-07-20,67,1,,patients,table,"",dont suspects 286 165 ND ND 451,8,pdf_text,high,not_reported,"",""
patients_suspect,province,ituri,Ituri,2026-07-20,67,1,286,patients,table,"",dont suspects 286 165 ND ND 451,8,pdf_text,high,"","",""
patients_suspect,province,nord-kivu,Nord-Kivu,2026-07-20,67,1,165,patients,table,"",dont suspects 286 165 ND ND 451,8,pdf_text,high,"","",""
patients_suspect,province,tshopo,Tshopo,2026-07-20,67,1,,patients,table,"",dont suspects 286 165 ND ND 451,8,pdf_text,high,not_reported,"",""
admissions_24h,national,ensemble,Ensemble,2026-07-22,69,1,126,patients,table,"",Total admissions (24 h) 90 36 ND 0 126,8,pdf_text,high,"",ituri;nord-kivu;tshopo,""
admissions_24h,province,haut-uele,Haut-Uélé,2026-07-22,69,1,,patients,table,"",Total admissions (24 h) 90 36 ND 0 126,8,pdf_text,high,not_reported,"",""
admissions_24h,province,ituri,Ituri,2026-07-22,69,1,90,patients,table,"",Total admissions (24 h) 90 36 ND 0 126,8,pdf_text,high,"","",""
admissions_24h,province,nord-kivu,Nord-Kivu,2026-07-22,69,1,36,patients,table,"",Total admissions (24 h) 90 36 ND 0 126,8,pdf_text,high,"","",""
admissions_24h,province,tshopo,Tshopo,2026-07-22,69,1,0,patients,table,"",Total admissions (24 h) 90 36 ND 0 126,8,pdf_text,high,"","",""
exits_24h,national,ensemble,Ensemble,2026-07-22,69,1,146,patients,table,"",Total sorties (24 h) 96 50 ND 0 146,8,pdf_text,high,"",ituri;nord-kivu;tshopo,""
exits_24h,province,haut-uele,Haut-Uélé,2026-07-22,69,1,,patients,table,"",Total sorties (24 h) 96 50 ND 0 146,8,pdf_text,high,not_reported,"",""
exits_24h,province,ituri,Ituri,2026-07-22,69,1,96,patients,table,"",Total sorties (24 h) 96 50 ND 0 146,8,pdf_text,high,"","",""
exits_24h,province,nord-kivu,Nord-Kivu,2026-07-22,69,1,50,patients,table,"",Total sorties (24 h) 96 50 ND 0 146,8,pdf_text,high,"","",""
exits_24h,province,tshopo,Tshopo,2026-07-22,69,1,0,patients,table,"",Total sorties (24 h) 96 50 ND 0 146,8,pdf_text,high,"","",""
occupancy_rate,national,ensemble,Ensemble,2026-07-22,69,1,84.1,percent,table,"","Taux d'occupation 77,7% 119,1 % ND 37,5% 84,1 %",8,pdf_text,high,"",ituri;nord-kivu;tshopo,""
occupancy_rate,province,haut-uele,Haut-Uélé,2026-07-22,69,1,,percent,table,"","Taux d'occupation 77,7% 119,1 % ND 37,5% 84,1 %",8,pdf_text,high,not_reported,"",""
occupancy_rate,province,ituri,Ituri,2026-07-22,69,1,77.7,percent,table,"","Taux d'occupation 77,7% 119,1 % ND 37,5% 84,1 %",8,pdf_text,high,"","",""
occupancy_rate,province,nord-kivu,Nord-Kivu,2026-07-22,69,1,119.1,percent,table,"","Taux d'occupation 77,7% 119,1 % ND 37,5% 84,1 %",8,pdf_text,high,"","",""
occupancy_rate,province,tshopo,Tshopo,2026-07-22,69,1,37.5,percent,table,"","Taux d'occupation 77,7% 119,1 % ND 37,5% 84,1 %",8,pdf_text,high,"","",""
patients_confirmed,national,ensemble,Ensemble,2026-07-22,69,1,285,patients,table,"",dont confirmés 268 17 ND 0 285,8,pdf_text,high,"",ituri;nord-kivu;tshopo,""
patients_confirmed,province,haut-uele,Haut-Uélé,2026-07-22,69,1,,patients,table,"",dont confirmés 268 17 ND 0 285,8,pdf_text,high,not_reported,"",""
patients_confirmed,province,ituri,Ituri,2026-07-22,69,1,268,patients,table,"",dont confirmés 268 17 ND 0 285,8,pdf_text,high,"","",""
patients_confirmed,province,nord-kivu,Nord-Kivu,2026-07-22,69,1,17,patients,table,"",dont confirmés 268 17 ND 0 285,8,pdf_text,high,"","",""
patients_confirmed,province,tshopo,Tshopo,2026-07-22,69,1,0,patients,table,"",dont confirmés 268 17 ND 0 285,8,pdf_text,high,"","",""
patients_isolated,national,ensemble,Ensemble,2026-07-22,69,1,722,patients,table,"",Patients en isolement (fin J) 551 168 ND 3 722,8,pdf_text,high,"",ituri;nord-kivu;tshopo,""
patients_isolated,province,haut-uele,Haut-Uélé,2026-07-22,69,1,,patients,table,"",Patients en isolement (fin J) 551 168 ND 3 722,8,pdf_text,high,not_reported,"",""
patients_isolated,province,ituri,Ituri,2026-07-22,69,1,551,patients,table,"",Patients en isolement (fin J) 551 168 ND 3 722,8,pdf_text,high,"","",""
patients_isolated,province,nord-kivu,Nord-Kivu,2026-07-22,69,1,168,patients,table,"",Patients en isolement (fin J) 551 168 ND 3 722,8,pdf_text,high,"","",""
patients_isolated,province,tshopo,Tshopo,2026-07-22,69,1,3,patients,table,"",Patients en isolement (fin J) 551 168 ND 3 722,8,pdf_text,high,"","",""
patients_start_day,national,ensemble,Ensemble,2026-07-22,69,1,742,patients,table,"",Patients au lit (J-1) 557 182 ND 3 742,8,pdf_text,high,"",ituri;nord-kivu;tshopo,""
patients_start_day,province,haut-uele,Haut-Uélé,2026-07-22,69,1,,patients,table,"",Patients au lit (J-1) 557 182 ND 3 742,8,pdf_text,high,not_reported,"",""
patients_start_day,province,ituri,Ituri,2026-07-22,69,1,557,patients,table,"",Patients au lit (J-1) 557 182 ND 3 742,8,pdf_text,high,"","",""
patients_start_day,province,nord-kivu,Nord-Kivu,2026-07-22,69,1,182,patients,table,"",Patients au lit (J-1) 557 182 ND 3 742,8,pdf_text,high,"","",""
patients_start_day,province,tshopo,Tshopo,2026-07-22,69,1,3,patients,table,"",Patients au lit (J-1) 557 182 ND 3 742,8,pdf_text,high,"","",""
patients_suspect,national,ensemble,Ensemble,2026-07-22,69,1,437,patients,table,"",dont suspects 283 151 ND 3 437,8,pdf_text,high,"",ituri;nord-kivu;tshopo,""
patients_suspect,province,haut-uele,Haut-Uélé,2026-07-22,69,1,,patients,table,"",dont suspects 283 151 ND 3 437,8,pdf_text,high,not_reported,"",""
patients_suspect,province,ituri,Ituri,2026-07-22,69,1,283,patients,table,"",dont suspects 283 151 ND 3 437,8,pdf_text,high,"","",""
patients_suspect,province,nord-kivu,Nord-Kivu,2026-07-22,69,1,151,patients,table,"",dont suspects 283 151 ND 3 437,8,pdf_text,high,"","",""
patients_suspect,province,tshopo,Tshopo,2026-07-22,69,1,3,patients,table,"",dont suspects 283 151 ND 3 437,8,pdf_text,high,"","",""
admissions_24h,national,ensemble,Ensemble,2026-07-23,70,1,169,patients,table,"",Total admissions (24 h) 107 61 ND 1 169,8,pdf_text,high,"",ituri;nord-kivu;tshopo,""
admissions_24h,province,haut-uele,Haut-Uélé,2026-07-23,70,1,,patients,table,"",Total admissions (24 h) 107 61 ND 1 169,8,pdf_text,high,not_reported,"",""
admissions_24h,province,ituri,Ituri,2026-07-23,70,1,107,patients,table,"",Total admissions (24 h) 107 61 ND 1 169,8,pdf_text,high,"","",""
admissions_24h,province,nord-kivu,Nord-Kivu,2026-07-23,70,1,61,patients,table,"",Total admissions (24 h) 107 61 ND 1 169,8,pdf_text,high,"","",""
admissions_24h,province,tshopo,Tshopo,2026-07-23,70,1,1,patients,table,"",Total admissions (24 h) 107 61 ND 1 169,8,pdf_text,high,"","",""
exits_24h,national,ensemble,Ensemble,2026-07-23,70,1,127,patients,table,"",Total sorties (24 h) 88 39 ND 0 127,8,pdf_text,high,"",ituri;nord-kivu;tshopo,""
exits_24h,province,haut-uele,Haut-Uélé,2026-07-23,70,1,,patients,table,"",Total sorties (24 h) 88 39 ND 0 127,8,pdf_text,high,not_reported,"",""
exits_24h,province,ituri,Ituri,2026-07-23,70,1,88,patients,table,"",Total sorties (24 h) 88 39 ND 0 127,8,pdf_text,high,"","",""
exits_24h,province,nord-kivu,Nord-Kivu,2026-07-23,70,1,39,patients,table,"",Total sorties (24 h) 88 39 ND 0 127,8,pdf_text,high,"","",""
exits_24h,province,tshopo,Tshopo,2026-07-23,70,1,0,patients,table,"",Total sorties (24 h) 88 39 ND 0 127,8,pdf_text,high,"","",""
patients_confirmed,national,ensemble,Ensemble,2026-07-23,70,1,278,patients,table,"",dont confirmés 258 20 ND 0 278,8,pdf_text,high,"",ituri;nord-kivu;tshopo,""
patients_confirmed,province,haut-uele,Haut-Uélé,2026-07-23,70,1,,patients,table,"",dont confirmés 258 20 ND 0 278,8,pdf_text,high,not_reported,"",""
patients_confirmed,province,ituri,Ituri,2026-07-23,70,1,258,patients,table,"",dont confirmés 258 20 ND 0 278,8,pdf_text,high,"","",""
patients_confirmed,province,nord-kivu,Nord-Kivu,2026-07-23,70,1,20,patients,table,"",dont confirmés 258 20 ND 0 278,8,pdf_text,high,"","",""
patients_confirmed,province,tshopo,Tshopo,2026-07-23,70,1,0,patients,table,"",dont confirmés 258 20 ND 0 278,8,pdf_text,high,"","",""
patients_isolated,national,ensemble,Ensemble,2026-07-23,70,1,766,patients,table,"",Patients en isolement (fin J) 570 192 ND 4 766,8,pdf_text,high,"",ituri;nord-kivu;tshopo,""
patients_isolated,province,haut-uele,Haut-Uélé,2026-07-23,70,1,,patients,table,"",Patients en isolement (fin J) 570 192 ND 4 766,8,pdf_text,high,not_reported,"",""
patients_isolated,province,ituri,Ituri,2026-07-23,70,1,570,patients,table,"",Patients en isolement (fin J) 570 192 ND 4 766,8,pdf_text,high,"","",""
patients_isolated,province,nord-kivu,Nord-Kivu,2026-07-23,70,1,192,patients,table,"",Patients en isolement (fin J) 570 192 ND 4 766,8,pdf_text,high,"","",""
patients_isolated,province,tshopo,Tshopo,2026-07-23,70,1,4,patients,table,"",Patients en isolement (fin J) 570 192 ND 4 766,8,pdf_text,high,"","",""
patients_start_day,national,ensemble,Ensemble,2026-07-23,70,1,724,patients,table,"",Patients au lit (J-1) 551 170 ND 3 724,8,pdf_text,high,"",ituri;nord-kivu;tshopo,""
patients_start_day,province,haut-uele,Haut-Uélé,2026-07-23,70,1,,patients,table,"",Patients au lit (J-1) 551 170 ND 3 724,8,pdf_text,high,not_reported,"",""
patients_start_day,province,ituri,Ituri,2026-07-23,70,1,551,patients,table,"",Patients au lit (J-1) 551 170 ND 3 724,8,pdf_text,high,"","",""
patients_start_day,province,nord-kivu,Nord-Kivu,2026-07-23,70,1,170,patients,table,"",Patients au lit (J-1) 551 170 ND 3 724,8,pdf_text,high,"","",""
patients_start_day,province,tshopo,Tshopo,2026-07-23,70,1,3,patients,table,"",Patients au lit (J-1) 551 170 ND 3 724,8,pdf_text,high,"","",""
admissions_24h,national,ensemble,Ensemble,2026-07-25,72,1,151,patients,table,"",Total admissions (24 h) 102 49 ND ND 151,8,pdf_text,high,"",ituri;nord-kivu,""
admissions_24h,province,haut-uele,Haut-Uélé,2026-07-25,72,1,,patients,table,"",Total admissions (24 h) 102 49 ND ND 151,8,pdf_text,high,not_reported,"",""
admissions_24h,province,ituri,Ituri,2026-07-25,72,1,102,patients,table,"",Total admissions (24 h) 102 49 ND ND 151,8,pdf_text,high,"","",""
admissions_24h,province,nord-kivu,Nord-Kivu,2026-07-25,72,1,49,patients,table,"",Total admissions (24 h) 102 49 ND ND 151,8,pdf_text,high,"","",""
admissions_24h,province,tshopo,Tshopo,2026-07-25,72,1,,patients,table,"",Total admissions (24 h) 102 49 ND ND 151,8,pdf_text,high,not_reported,"",""
exits_24h,national,ensemble,Ensemble,2026-07-25,72,1,121,patients,table,"",Total sorties (24 h) 76 45 ND ND 121,8,pdf_text,high,"",ituri;nord-kivu,""
exits_24h,province,haut-uele,Haut-Uélé,2026-07-25,72,1,,patients,table,"",Total sorties (24 h) 76 45 ND ND 121,8,pdf_text,high,not_reported,"",""
exits_24h,province,ituri,Ituri,2026-07-25,72,1,76,patients,table,"",Total sorties (24 h) 76 45 ND ND 121,8,pdf_text,high,"","",""
exits_24h,province,nord-kivu,Nord-Kivu,2026-07-25,72,1,45,patients,table,"",Total sorties (24 h) 76 45 ND ND 121,8,pdf_text,high,"","",""
exits_24h,province,tshopo,Tshopo,2026-07-25,72,1,,patients,table,"",Total sorties (24 h) 76 45 ND ND 121,8,pdf_text,high,not_reported,"",""
occupancy_rate,national,ensemble,Ensemble,2026-07-25,72,1,82.1,percent,table,"","Taux d'occupation 75,3% 121,3 % ND ND 82,1%",8,pdf_text,high,"",ituri;nord-kivu,""
occupancy_rate,province,haut-uele,Haut-Uélé,2026-07-25,72,1,,percent,table,"","Taux d'occupation 75,3% 121,3 % ND ND 82,1%",8,pdf_text,high,not_reported,"",""
occupancy_rate,province,ituri,Ituri,2026-07-25,72,1,75.3,percent,table,"","Taux d'occupation 75,3% 121,3 % ND ND 82,1%",8,pdf_text,high,"","",""
occupancy_rate,province,nord-kivu,Nord-Kivu,2026-07-25,72,1,121.3,percent,table,"","Taux d'occupation 75,3% 121,3 % ND ND 82,1%",8,pdf_text,high,"","",""
occupancy_rate,province,tshopo,Tshopo,2026-07-25,72,1,,percent,table,"","Taux d'occupation 75,3% 121,3 % ND ND 82,1%",8,pdf_text,high,not_reported,"",""
patients_confirmed,national,ensemble,Ensemble,2026-07-25,72,1,307,patients,table,"",dont confirmés 287 20 ND ND 307,8,pdf_text,high,"",ituri;nord-kivu,""
patients_confirmed,province,haut-uele,Haut-Uélé,2026-07-25,72,1,,patients,table,"",dont confirmés 287 20 ND ND 307,8,pdf_text,high,not_reported,"",""
patients_confirmed,province,ituri,Ituri,2026-07-25,72,1,287,patients,table,"",dont confirmés 287 20 ND ND 307,8,pdf_text,high,"","",""
patients_confirmed,province,nord-kivu,Nord-Kivu,2026-07-25,72,1,20,patients,table,"",dont confirmés 287 20 ND ND 307,8,pdf_text,high,"","",""
patients_confirmed,province,tshopo,Tshopo,2026-07-25,72,1,,patients,table,"",dont confirmés 287 20 ND ND 307,8,pdf_text,high,not_reported,"",""
patients_isolated,national,ensemble,Ensemble,2026-07-25,72,1,773,patients,table,"",Patients en isolement (fin J) 602 171 ND ND 773,8,pdf_text,high,"",ituri;nord-kivu,""
patients_isolated,province,haut-uele,Haut-Uélé,2026-07-25,72,1,,patients,table,"",Patients en isolement (fin J) 602 171 ND ND 773,8,pdf_text,high,not_reported,"",""
patients_isolated,province,ituri,Ituri,2026-07-25,72,1,602,patients,table,"",Patients en isolement (fin J) 602 171 ND ND 773,8,pdf_text,high,"","",""
patients_isolated,province,nord-kivu,Nord-Kivu,2026-07-25,72,1,171,patients,table,"",Patients en isolement (fin J) 602 171 ND ND 773,8,pdf_text,high,"","",""
patients_isolated,province,tshopo,Tshopo,2026-07-25,72,1,,patients,table,"",Patients en isolement (fin J) 602 171 ND ND 773,8,pdf_text,high,not_reported,"",""
patients_start_day,national,ensemble,Ensemble,2026-07-25,72,1,743,patients,table,"",Patients au lit (J-1) 576 167 ND ND 743,8,pdf_text,high,"",ituri;nord-kivu,""
patients_start_day,province,haut-uele,Haut-Uélé,2026-07-25,72,1,,patients,table,"",Patients au lit (J-1) 576 167 ND ND 743,8,pdf_text,high,not_reported,"",""
patients_start_day,province,ituri,Ituri,2026-07-25,72,1,576,patients,table,"",Patients au lit (J-1) 576 167 ND ND 743,8,pdf_text,high,"","",""
patients_start_day,province,nord-kivu,Nord-Kivu,2026-07-25,72,1,167,patients,table,"",Patients au lit (J-1) 576 167 ND ND 743,8,pdf_text,high,"","",""
patients_start_day,province,tshopo,Tshopo,2026-07-25,72,1,,patients,table,"",Patients au lit (J-1) 576 167 ND ND 743,8,pdf_text,high,not_reported,"",""
patients_suspect,national,ensemble,Ensemble,2026-07-25,72,1,466,patients,table,"",dont suspects 315 151 ND ND 466,8,pdf_text,high,"",ituri;nord-kivu,""
patients_suspect,province,haut-uele,Haut-Uélé,2026-07-25,72,1,,patients,table,"",dont suspects 315 151 ND ND 466,8,pdf_text,high,not_reported,"",""
patients_suspect,province,ituri,Ituri,2026-07-25,72,1,315,patients,table,"",dont suspects 315 151 ND ND 466,8,pdf_text,high,"","",""
patients_suspect,province,nord-kivu,Nord-Kivu,2026-07-25,72,1,151,patients,table,"",dont suspects 315 151 ND ND 466,8,pdf_text,high,"","",""
patients_suspect,province,tshopo,Tshopo,2026-07-25,72,1,,patients,table,"",dont suspects 315 151 ND ND 466,8,pdf_text,high,not_reported,"",""
admissions_24h,national,ensemble,Ensemble,2026-07-26,73,1,126,patients,table,"",Total admissions (24 h) 96 30 ND ND 126,8,pdf_text,high,"",ituri;nord-kivu,""
admissions_24h,province,haut-uele,Haut-Uélé,2026-07-26,73,1,,patients,table,"",Total admissions (24 h) 96 30 ND ND 126,8,pdf_text,high,not_reported,"",""
admissions_24h,province,ituri,Ituri,2026-07-26,73,1,96,patients,table,"",Total admissions (24 h) 96 30 ND ND 126,8,pdf_text,high,"","",""
admissions_24h,province,nord-kivu,Nord-Kivu,2026-07-26,73,1,30,patients,table,"",Total admissions (24 h) 96 30 ND ND 126,8,pdf_text,high,"","",""
admissions_24h,province,tshopo,Tshopo,2026-07-26,73,1,,patients,table,"",Total admissions (24 h) 96 30 ND ND 126,8,pdf_text,high,not_reported,"",""
exits_24h,national,ensemble,Ensemble,2026-07-26,73,1,84,patients,table,"",Total sorties (24 h) 63 21 ND ND 84,8,pdf_text,high,"",ituri;nord-kivu,""
exits_24h,province,haut-uele,Haut-Uélé,2026-07-26,73,1,,patients,table,"",Total sorties (24 h) 63 21 ND ND 84,8,pdf_text,high,not_reported,"",""
exits_24h,province,ituri,Ituri,2026-07-26,73,1,63,patients,table,"",Total sorties (24 h) 63 21 ND ND 84,8,pdf_text,high,"","",""
exits_24h,province,nord-kivu,Nord-Kivu,2026-07-26,73,1,21,patients,table,"",Total sorties (24 h) 63 21 ND ND 84,8,pdf_text,high,"","",""
exits_24h,province,tshopo,Tshopo,2026-07-26,73,1,,patients,table,"",Total sorties (24 h) 63 21 ND ND 84,8,pdf_text,high,not_reported,"",""
occupancy_rate,national,ensemble,Ensemble,2026-07-26,73,1,76.8,percent,table,"","Taux d'occupation 66,4% 136,2 % ND ND 76,8%",8,pdf_text,high,"",ituri;nord-kivu,""
occupancy_rate,province,haut-uele,Haut-Uélé,2026-07-26,73,1,,percent,table,"","Taux d'occupation 66,4% 136,2 % ND ND 76,8%",8,pdf_text,high,not_reported,"",""
occupancy_rate,province,ituri,Ituri,2026-07-26,73,1,66.4,percent,table,"","Taux d'occupation 66,4% 136,2 % ND ND 76,8%",8,pdf_text,high,"","",""
occupancy_rate,province,nord-kivu,Nord-Kivu,2026-07-26,73,1,136.2,percent,table,"","Taux d'occupation 66,4% 136,2 % ND ND 76,8%",8,pdf_text,high,"","",""
occupancy_rate,province,tshopo,Tshopo,2026-07-26,73,1,,percent,table,"","Taux d'occupation 66,4% 136,2 % ND ND 76,8%",8,pdf_text,high,not_reported,"",""
patients_confirmed,national,ensemble,Ensemble,2026-07-26,73,1,325,patients,table,"",dont confirmés 304 21 ND ND 325,8,pdf_text,high,"",ituri;nord-kivu,""
patients_confirmed,province,haut-uele,Haut-Uélé,2026-07-26,73,1,,patients,table,"",dont confirmés 304 21 ND ND 325,8,pdf_text,high,not_reported,"",""
patients_confirmed,province,ituri,Ituri,2026-07-26,73,1,304,patients,table,"",dont confirmés 304 21 ND ND 325,8,pdf_text,high,"","",""
patients_confirmed,province,nord-kivu,Nord-Kivu,2026-07-26,73,1,21,patients,table,"",dont confirmés 304 21 ND ND 325,8,pdf_text,high,"","",""
patients_confirmed,province,tshopo,Tshopo,2026-07-26,73,1,,patients,table,"",dont confirmés 304 21 ND ND 325,8,pdf_text,high,not_reported,"",""
patients_isolated,national,ensemble,Ensemble,2026-07-26,73,1,723,patients,table,"",Patients en isolement (fin J) 531 192 ND ND 723,8,pdf_text,high,"",ituri;nord-kivu,""
patients_isolated,province,haut-uele,Haut-Uélé,2026-07-26,73,1,,patients,table,"",Patients en isolement (fin J) 531 192 ND ND 723,8,pdf_text,high,not_reported,"",""
patients_isolated,province,ituri,Ituri,2026-07-26,73,1,531,patients,table,"",Patients en isolement (fin J) 531 192 ND ND 723,8,pdf_text,high,"","",""
patients_isolated,province,nord-kivu,Nord-Kivu,2026-07-26,73,1,192,patients,table,"",Patients en isolement (fin J) 531 192 ND ND 723,8,pdf_text,high,"","",""
patients_isolated,province,tshopo,Tshopo,2026-07-26,73,1,,patients,table,"",Patients en isolement (fin J) 531 192 ND ND 723,8,pdf_text,high,not_reported,"",""
patients_start_day,national,ensemble,Ensemble,2026-07-26,73,1,681,patients,table,"",Patients au lit (J-1) 498 183 ND ND 681,8,pdf_text,high,"",ituri;nord-kivu,""
patients_start_day,province,haut-uele,Haut-Uélé,2026-07-26,73,1,,patients,table,"",Patients au lit (J-1) 498 183 ND ND 681,8,pdf_text,high,not_reported,"",""
patients_start_day,province,ituri,Ituri,2026-07-26,73,1,498,patients,table,"",Patients au lit (J-1) 498 183 ND ND 681,8,pdf_text,high,"","",""
patients_start_day,province,nord-kivu,Nord-Kivu,2026-07-26,73,1,183,patients,table,"",Patients au lit (J-1) 498 183 ND ND 681,8,pdf_text,high,"","",""
patients_start_day,province,tshopo,Tshopo,2026-07-26,73,1,,patients,table,"",Patients au lit (J-1) 498 183 ND ND 681,8,pdf_text,high,not_reported,"",""
patients_suspect,national,ensemble,Ensemble,2026-07-26,73,1,398,patients,table,"",dont suspects 227 171 ND ND 398,8,pdf_text,high,"",ituri;nord-kivu,""
patients_suspect,province,haut-uele,Haut-Uélé,2026-07-26,73,1,,patients,table,"",dont suspects 227 171 ND ND 398,8,pdf_text,high,not_reported,"",""
patients_suspect,province,ituri,Ituri,2026-07-26,73,1,227,patients,table,"",dont suspects 227 171 ND ND 398,8,pdf_text,high,"","",""
patients_suspect,province,nord-kivu,Nord-Kivu,2026-07-26,73,1,171,patients,table,"",dont suspects 227 171 ND ND 398,8,pdf_text,high,"","",""
patients_suspect,province,tshopo,Tshopo,2026-07-26,73,1,,patients,table,"",dont suspects 227 171 ND ND 398,8,pdf_text,high,not_reported,"",""
admissions_24h,national,ensemble,Ensemble,2026-07-27,74,1,140,patients,table,"",Total admissions (24 h) 92 48 ND ND 140,8,pdf_text,high,"",ituri;nord-kivu,""
admissions_24h,province,haut-uele,Haut-Uélé,2026-07-27,74,1,,patients,table,"",Total admissions (24 h) 92 48 ND ND 140,8,pdf_text,high,not_reported,"",""
admissions_24h,province,ituri,Ituri,2026-07-27,74,1,92,patients,table,"",Total admissions (24 h) 92 48 ND ND 140,8,pdf_text,high,"","",""
admissions_24h,province,nord-kivu,Nord-Kivu,2026-07-27,74,1,48,patients,table,"",Total admissions (24 h) 92 48 ND ND 140,8,pdf_text,high,"","",""
admissions_24h,province,tshopo,Tshopo,2026-07-27,74,1,,patients,table,"",Total admissions (24 h) 92 48 ND ND 140,8,pdf_text,high,not_reported,"",""
exits_24h,national,ensemble,Ensemble,2026-07-27,74,1,126,patients,table,"",Total sorties (24 h) 86 40 ND ND 126,8,pdf_text,high,"",ituri;nord-kivu,""
exits_24h,province,haut-uele,Haut-Uélé,2026-07-27,74,1,,patients,table,"",Total sorties (24 h) 86 40 ND ND 126,8,pdf_text,high,not_reported,"",""
exits_24h,province,ituri,Ituri,2026-07-27,74,1,86,patients,table,"",Total sorties (24 h) 86 40 ND ND 126,8,pdf_text,high,"","",""
exits_24h,province,nord-kivu,Nord-Kivu,2026-07-27,74,1,40,patients,table,"",Total sorties (24 h) 86 40 ND ND 126,8,pdf_text,high,"","",""
exits_24h,province,tshopo,Tshopo,2026-07-27,74,1,,patients,table,"",Total sorties (24 h) 86 40 ND ND 126,8,pdf_text,high,not_reported,"",""
occupancy_rate,national,ensemble,Ensemble,2026-07-27,74,1,77.3,percent,table,"","Taux d'occupation 67,3% 134,0 % ND ND 77,3%",8,pdf_text,high,"",ituri;nord-kivu,""
occupancy_rate,province,haut-uele,Haut-Uélé,2026-07-27,74,1,,percent,table,"","Taux d'occupation 67,3% 134,0 % ND ND 77,3%",8,pdf_text,high,not_reported,"",""
occupancy_rate,province,ituri,Ituri,2026-07-27,74,1,67.3,percent,table,"","Taux d'occupation 67,3% 134,0 % ND ND 77,3%",8,pdf_text,high,"","",""
occupancy_rate,province,nord-kivu,Nord-Kivu,2026-07-27,74,1,134,percent,table,"","Taux d'occupation 67,3% 134,0 % ND ND 77,3%",8,pdf_text,high,"","",""
occupancy_rate,province,tshopo,Tshopo,2026-07-27,74,1,,percent,table,"","Taux d'occupation 67,3% 134,0 % ND ND 77,3%",8,pdf_text,high,not_reported,"",""
patients_confirmed,national,ensemble,Ensemble,2026-07-27,74,1,313,patients,table,"",dont confirmés 290 23 ND ND 313,8,pdf_text,high,"",ituri;nord-kivu,""
patients_confirmed,province,haut-uele,Haut-Uélé,2026-07-27,74,1,,patients,table,"",dont confirmés 290 23 ND ND 313,8,pdf_text,high,not_reported,"",""
patients_confirmed,province,ituri,Ituri,2026-07-27,74,1,290,patients,table,"",dont confirmés 290 23 ND ND 313,8,pdf_text,high,"","",""
patients_confirmed,province,nord-kivu,Nord-Kivu,2026-07-27,74,1,23,patients,table,"",dont confirmés 290 23 ND ND 313,8,pdf_text,high,"","",""
patients_confirmed,province,tshopo,Tshopo,2026-07-27,74,1,,patients,table,"",dont confirmés 290 23 ND ND 313,8,pdf_text,high,not_reported,"",""
patients_isolated,national,ensemble,Ensemble,2026-07-27,74,1,733,patients,table,"",Patients en isolement (fin J) 544 189 ND ND 733,8,pdf_text,high,"",ituri;nord-kivu,""
patients_isolated,province,haut-uele,Haut-Uélé,2026-07-27,74,1,,patients,table,"",Patients en isolement (fin J) 544 189 ND ND 733,8,pdf_text,high,not_reported,"",""
patients_isolated,province,ituri,Ituri,2026-07-27,74,1,544,patients,table,"",Patients en isolement (fin J) 544 189 ND ND 733,8,pdf_text,high,"","",""
patients_isolated,province,nord-kivu,Nord-Kivu,2026-07-27,74,1,189,patients,table,"",Patients en isolement (fin J) 544 189 ND ND 733,8,pdf_text,high,"","",""
patients_isolated,province,tshopo,Tshopo,2026-07-27,74,1,,patients,table,"",Patients en isolement (fin J) 544 189 ND ND 733,8,pdf_text,high,not_reported,"",""
patients_start_day,national,ensemble,Ensemble,2026-07-27,74,1,719,patients,table,"",Patients au lit (J-1) 538 181 ND ND 719,8,pdf_text,high,"",ituri;nord-kivu,""
patients_start_day,province,haut-uele,Haut-Uélé,2026-07-27,74,1,,patients,table,"",Patients au lit (J-1) 538 181 ND ND 719,8,pdf_text,high,not_reported,"",""
patients_start_day,province,ituri,Ituri,2026-07-27,74,1,538,patients,table,"",Patients au lit (J-1) 538 181 ND ND 719,8,pdf_text,high,"","",""
patients_start_day,province,nord-kivu,Nord-Kivu,2026-07-27,74,1,181,patients,table,"",Patients au lit (J-1) 538 181 ND ND 719,8,pdf_text,high,"","",""
patients_start_day,province,tshopo,Tshopo,2026-07-27,74,1,,patients,table,"",Patients au lit (J-1) 538 181 ND ND 719,8,pdf_text,high,not_reported,"",""
patients_suspect,national,ensemble,Ensemble,2026-07-27,74,1,420,patients,table,"",dont suspects 254 166 ND ND 420,8,pdf_text,high,"",ituri;nord-kivu,""
patients_suspect,province,haut-uele,Haut-Uélé,2026-07-27,74,1,,patients,table,"",dont suspects 254 166 ND ND 420,8,pdf_text,high,not_reported,"",""
patients_suspect,province,ituri,Ituri,2026-07-27,74,1,254,patients,table,"",dont suspects 254 166 ND ND 420,8,pdf_text,high,"","",""
patients_suspect,province,nord-kivu,Nord-Kivu,2026-07-27,74,1,166,patients,table,"",dont suspects 254 166 ND ND 420,8,pdf_text,high,"","",""
patients_suspect,province,tshopo,Tshopo,2026-07-27,74,1,,patients,table,"",dont suspects 254 166 ND ND 420,8,pdf_text,high,not_reported,"",""
admissions_24h,national,ensemble,Ensemble,2026-07-30,77,1,118,patients,table,"",Total admissions (24 h) 58 53 7 0 118,8,pdf_text,high,"",ituri;nord-kivu;haut-uele;tshopo,""
admissions_24h,province,haut-uele,Haut-Uélé,2026-07-30,77,1,7,patients,table,"",Total admissions (24 h) 58 53 7 0 118,8,pdf_text,high,"","",""
admissions_24h,province,ituri,Ituri,2026-07-30,77,1,58,patients,table,"",Total admissions (24 h) 58 53 7 0 118,8,pdf_text,high,"","",""
admissions_24h,province,nord-kivu,Nord-Kivu,2026-07-30,77,1,53,patients,table,"",Total admissions (24 h) 58 53 7 0 118,8,pdf_text,high,"","",""
admissions_24h,province,tshopo,Tshopo,2026-07-30,77,1,0,patients,table,"",Total admissions (24 h) 58 53 7 0 118,8,pdf_text,high,"","",""
exits_24h,national,ensemble,Ensemble,2026-07-30,77,1,158,patients,table,"",Total sorties (24 h) 88 70 0 0 158,8,pdf_text,high,"",ituri;nord-kivu;haut-uele;tshopo,""
exits_24h,province,haut-uele,Haut-Uélé,2026-07-30,77,1,0,patients,table,"",Total sorties (24 h) 88 70 0 0 158,8,pdf_text,high,"","",""
exits_24h,province,ituri,Ituri,2026-07-30,77,1,88,patients,table,"",Total sorties (24 h) 88 70 0 0 158,8,pdf_text,high,"","",""
exits_24h,province,nord-kivu,Nord-Kivu,2026-07-30,77,1,70,patients,table,"",Total sorties (24 h) 88 70 0 0 158,8,pdf_text,high,"","",""
exits_24h,province,tshopo,Tshopo,2026-07-30,77,1,0,patients,table,"",Total sorties (24 h) 88 70 0 0 158,8,pdf_text,high,"","",""
occupancy_rate,national,ensemble,Ensemble,2026-07-30,77,1,71.3,percent,table,"","Taux d'occupation 63,8% 143,3% 32,4% 5,0% 71,3%",8,pdf_text,high,"",ituri;nord-kivu;haut-uele;tshopo,""
occupancy_rate,province,haut-uele,Haut-Uélé,2026-07-30,77,1,32.4,percent,table,"","Taux d'occupation 63,8% 143,3% 32,4% 5,0% 71,3%",8,pdf_text,high,"","",""
occupancy_rate,province,ituri,Ituri,2026-07-30,77,1,63.8,percent,table,"","Taux d'occupation 63,8% 143,3% 32,4% 5,0% 71,3%",8,pdf_text,high,"","",""
occupancy_rate,province,nord-kivu,Nord-Kivu,2026-07-30,77,1,143.3,percent,table,"","Taux d'occupation 63,8% 143,3% 32,4% 5,0% 71,3%",8,pdf_text,high,"","",""
occupancy_rate,province,tshopo,Tshopo,2026-07-30,77,1,5,percent,table,"","Taux d'occupation 63,8% 143,3% 32,4% 5,0% 71,3%",8,pdf_text,high,"","",""
patients_confirmed,national,ensemble,Ensemble,2026-07-30,77,1,337,patients,table,"",dont confirmés 301 25 10 1 337,8,pdf_text,high,"",ituri;nord-kivu;haut-uele;tshopo,""
patients_confirmed,province,haut-uele,Haut-Uélé,2026-07-30,77,1,10,patients,table,"",dont confirmés 301 25 10 1 337,8,pdf_text,high,"","",""
patients_confirmed,province,ituri,Ituri,2026-07-30,77,1,301,patients,table,"",dont confirmés 301 25 10 1 337,8,pdf_text,high,"","",""
patients_confirmed,province,nord-kivu,Nord-Kivu,2026-07-30,77,1,25,patients,table,"",dont confirmés 301 25 10 1 337,8,pdf_text,high,"","",""
patients_confirmed,province,tshopo,Tshopo,2026-07-30,77,1,1,patients,table,"",dont confirmés 301 25 10 1 337,8,pdf_text,high,"","",""
patients_isolated,national,ensemble,Ensemble,2026-07-30,77,1,748,patients,table,"",Patients en isolement (fin J) 523 202 22 1 748,8,pdf_text,high,"",ituri;nord-kivu;haut-uele;tshopo,""
patients_isolated,province,haut-uele,Haut-Uélé,2026-07-30,77,1,22,patients,table,"",Patients en isolement (fin J) 523 202 22 1 748,8,pdf_text,high,"","",""
patients_isolated,province,ituri,Ituri,2026-07-30,77,1,523,patients,table,"",Patients en isolement (fin J) 523 202 22 1 748,8,pdf_text,high,"","",""
patients_isolated,province,nord-kivu,Nord-Kivu,2026-07-30,77,1,202,patients,table,"",Patients en isolement (fin J) 523 202 22 1 748,8,pdf_text,high,"","",""
patients_isolated,province,tshopo,Tshopo,2026-07-30,77,1,1,patients,table,"",Patients en isolement (fin J) 523 202 22 1 748,8,pdf_text,high,"","",""
patients_start_day,national,ensemble,Ensemble,2026-07-30,77,1,799,patients,table,"",Patients au lit (J-1) 553 220 25 1 799,8,pdf_text,high,"",ituri;nord-kivu;haut-uele;tshopo,""
patients_start_day,province,haut-uele,Haut-Uélé,2026-07-30,77,1,25,patients,table,"",Patients au lit (J-1) 553 220 25 1 799,8,pdf_text,high,"","",""
patients_start_day,province,ituri,Ituri,2026-07-30,77,1,553,patients,table,"",Patients au lit (J-1) 553 220 25 1 799,8,pdf_text,high,"","",""
patients_start_day,province,nord-kivu,Nord-Kivu,2026-07-30,77,1,220,patients,table,"",Patients au lit (J-1) 553 220 25 1 799,8,pdf_text,high,"","",""
patients_start_day,province,tshopo,Tshopo,2026-07-30,77,1,1,patients,table,"",Patients au lit (J-1) 553 220 25 1 799,8,pdf_text,high,"","",""
patients_suspect,national,ensemble,Ensemble,2026-07-30,77,1,411,patients,table,"",dont suspects 222 177 12 0 411,8,pdf_text,high,"",ituri;nord-kivu;haut-uele;tshopo,""
patients_suspect,province,haut-uele,Haut-Uélé,2026-07-30,77,1,12,patients,table,"",dont suspects 222 177 12 0 411,8,pdf_text,high,"","",""
patients_suspect,province,ituri,Ituri,2026-07-30,77,1,222,patients,table,"",dont suspects 222 177 12 0 411,8,pdf_text,high,"","",""
patients_suspect,province,nord-kivu,Nord-Kivu,2026-07-30,77,1,177,patients,table,"",dont suspects 222 177 12 0 411,8,pdf_text,high,"","",""
patients_suspect,province,tshopo,Tshopo,2026-07-30,77,1,0,patients,table,"",dont suspects 222 177 12 0 411,8,pdf_text,high,"","",""
admissions_24h,national,ensemble,Ensemble,2026-07-31,78,1,121,patients,table,"",Total admissions (24 h) 73 47 ND 1 121,8,pdf_text,high,"",ituri;nord-kivu;tshopo,""
admissions_24h,province,haut-uele,Haut-Uélé,2026-07-31,78,1,,patients,table,"",Total admissions (24 h) 73 47 ND 1 121,8,pdf_text,high,not_reported,"",""
admissions_24h,province,ituri,Ituri,2026-07-31,78,1,73,patients,table,"",Total admissions (24 h) 73 47 ND 1 121,8,pdf_text,high,"","",""
admissions_24h,province,nord-kivu,Nord-Kivu,2026-07-31,78,1,47,patients,table,"",Total admissions (24 h) 73 47 ND 1 121,8,pdf_text,high,"","",""
admissions_24h,province,tshopo,Tshopo,2026-07-31,78,1,1,patients,table,"",Total admissions (24 h) 73 47 ND 1 121,8,pdf_text,high,"","",""
exits_24h,national,ensemble,Ensemble,2026-07-31,78,1,106,patients,table,"",Total sorties (24 h) 66 40 ND 0 106,8,pdf_text,high,"",ituri;nord-kivu;tshopo,""
exits_24h,province,haut-uele,Haut-Uélé,2026-07-31,78,1,,patients,table,"",Total sorties (24 h) 66 40 ND 0 106,8,pdf_text,high,not_reported,"",""
exits_24h,province,ituri,Ituri,2026-07-31,78,1,66,patients,table,"",Total sorties (24 h) 66 40 ND 0 106,8,pdf_text,high,"","",""
exits_24h,province,nord-kivu,Nord-Kivu,2026-07-31,78,1,40,patients,table,"",Total sorties (24 h) 66 40 ND 0 106,8,pdf_text,high,"","",""
exits_24h,province,tshopo,Tshopo,2026-07-31,78,1,0,patients,table,"",Total sorties (24 h) 66 40 ND 0 106,8,pdf_text,high,"","",""
occupancy_rate,national,ensemble,Ensemble,2026-07-31,78,1,72.4,percent,table,"","Taux d'occupation 63,9% 139,0% 54,4% 10,0% 72,4%",8,pdf_text,high,"",ituri;nord-kivu;haut-uele;tshopo,""
occupancy_rate,province,haut-uele,Haut-Uélé,2026-07-31,78,1,54.4,percent,table,"","Taux d'occupation 63,9% 139,0% 54,4% 10,0% 72,4%",8,pdf_text,high,"","",""
occupancy_rate,province,ituri,Ituri,2026-07-31,78,1,63.9,percent,table,"","Taux d'occupation 63,9% 139,0% 54,4% 10,0% 72,4%",8,pdf_text,high,"","",""
occupancy_rate,province,nord-kivu,Nord-Kivu,2026-07-31,78,1,139,percent,table,"","Taux d'occupation 63,9% 139,0% 54,4% 10,0% 72,4%",8,pdf_text,high,"","",""
occupancy_rate,province,tshopo,Tshopo,2026-07-31,78,1,10,percent,table,"","Taux d'occupation 63,9% 139,0% 54,4% 10,0% 72,4%",8,pdf_text,high,"","",""
patients_confirmed,national,ensemble,Ensemble,2026-07-31,78,1,348,patients,table,"",dont confirmés 304 27 16 1 348,8,pdf_text,high,"",ituri;nord-kivu;haut-uele;tshopo,""
patients_confirmed,province,haut-uele,Haut-Uélé,2026-07-31,78,1,16,patients,table,"",dont confirmés 304 27 16 1 348,8,pdf_text,high,"","",""
patients_confirmed,province,ituri,Ituri,2026-07-31,78,1,304,patients,table,"",dont confirmés 304 27 16 1 348,8,pdf_text,high,"","",""
patients_confirmed,province,nord-kivu,Nord-Kivu,2026-07-31,78,1,27,patients,table,"",dont confirmés 304 27 16 1 348,8,pdf_text,high,"","",""
patients_confirmed,province,tshopo,Tshopo,2026-07-31,78,1,1,patients,table,"",dont confirmés 304 27 16 1 348,8,pdf_text,high,"","",""
patients_isolated,national,ensemble,Ensemble,2026-07-31,78,1,760,patients,table,"",Patients en isolement (fin J) 525 196 37 2 760,8,pdf_text,high,"",ituri;nord-kivu;haut-uele;tshopo,""
patients_isolated,province,haut-uele,Haut-Uélé,2026-07-31,78,1,37,patients,table,"",Patients en isolement (fin J) 525 196 37 2 760,8,pdf_text,high,"","",""
patients_isolated,province,ituri,Ituri,2026-07-31,78,1,525,patients,table,"",Patients en isolement (fin J) 525 196 37 2 760,8,pdf_text,high,"","",""
patients_isolated,province,nord-kivu,Nord-Kivu,2026-07-31,78,1,196,patients,table,"",Patients en isolement (fin J) 525 196 37 2 760,8,pdf_text,high,"","",""
patients_isolated,province,tshopo,Tshopo,2026-07-31,78,1,2,patients,table,"",Patients en isolement (fin J) 525 196 37 2 760,8,pdf_text,high,"","",""
patients_start_day,national,ensemble,Ensemble,2026-07-31,78,1,731,patients,table,"",Patients au lit (J-1) 518 190 22 1 731,8,pdf_text,high,"",ituri;nord-kivu;haut-uele;tshopo,""
patients_start_day,province,haut-uele,Haut-Uélé,2026-07-31,78,1,22,patients,table,"",Patients au lit (J-1) 518 190 22 1 731,8,pdf_text,high,"","",""
patients_start_day,province,ituri,Ituri,2026-07-31,78,1,518,patients,table,"",Patients au lit (J-1) 518 190 22 1 731,8,pdf_text,high,"","",""
patients_start_day,province,nord-kivu,Nord-Kivu,2026-07-31,78,1,190,patients,table,"",Patients au lit (J-1) 518 190 22 1 731,8,pdf_text,high,"","",""
patients_start_day,province,tshopo,Tshopo,2026-07-31,78,1,1,patients,table,"",Patients au lit (J-1) 518 190 22 1 731,8,pdf_text,high,"","",""
patients_suspect,national,ensemble,Ensemble,2026-07-31,78,1,412,patients,table,"",dont suspects 221 169 21 1 412,8,pdf_text,high,"",ituri;nord-kivu;haut-uele;tshopo,""
patients_suspect,province,haut-uele,Haut-Uélé,2026-07-31,78,1,21,patients,table,"",dont suspects 221 169 21 1 412,8,pdf_text,high,"","",""
patients_suspect,province,ituri,Ituri,2026-07-31,78,1,221,patients,table,"",dont suspects 221 169 21 1 412,8,pdf_text,high,"","",""
patients_suspect,province,nord-kivu,Nord-Kivu,2026-07-31,78,1,169,patients,table,"",dont suspects 221 169 21 1 412,8,pdf_text,high,"","",""
patients_suspect,province,tshopo,Tshopo,2026-07-31,78,1,1,patients,table,"",dont suspects 221 169 21 1 412,8,pdf_text,high,"","",""
admissions_24h,national,ensemble,Ensemble,2026-08-01,79,1,122,patients,table,"",Total admissions (24 h) 61 44 16 1 122,8,pdf_text,high,"",ituri;nord-kivu;haut-uele;tshopo,""
admissions_24h,province,haut-uele,Haut-Uélé,2026-08-01,79,1,16,patients,table,"",Total admissions (24 h) 61 44 16 1 122,8,pdf_text,high,"","",""
admissions_24h,province,ituri,Ituri,2026-08-01,79,1,61,patients,table,"",Total admissions (24 h) 61 44 16 1 122,8,pdf_text,high,"","",""
admissions_24h,province,nord-kivu,Nord-Kivu,2026-08-01,79,1,44,patients,table,"",Total admissions (24 h) 61 44 16 1 122,8,pdf_text,high,"","",""
admissions_24h,province,tshopo,Tshopo,2026-08-01,79,1,1,patients,table,"",Total admissions (24 h) 61 44 16 1 122,8,pdf_text,high,"","",""
exits_24h,national,ensemble,Ensemble,2026-08-01,79,1,158,patients,table,"",Total sorties (24 h) 110 44 4 0 158,8,pdf_text,high,"",ituri;nord-kivu;haut-uele;tshopo,""
exits_24h,province,haut-uele,Haut-Uélé,2026-08-01,79,1,4,patients,table,"",Total sorties (24 h) 110 44 4 0 158,8,pdf_text,high,"","",""
exits_24h,province,ituri,Ituri,2026-08-01,79,1,110,patients,table,"",Total sorties (24 h) 110 44 4 0 158,8,pdf_text,high,"","",""
exits_24h,province,nord-kivu,Nord-Kivu,2026-08-01,79,1,44,patients,table,"",Total sorties (24 h) 110 44 4 0 158,8,pdf_text,high,"","",""
exits_24h,province,tshopo,Tshopo,2026-08-01,79,1,0,patients,table,"",Total sorties (24 h) 110 44 4 0 158,8,pdf_text,high,"","",""
occupancy_rate,national,ensemble,Ensemble,2026-08-01,79,1,65.7,percent,table,"","Taux d'occupation 58,0% 128,4% 45,6% 10,0% 65,7%",8,pdf_text,high,"",ituri;nord-kivu;haut-uele;tshopo,""
occupancy_rate,province,haut-uele,Haut-Uélé,2026-08-01,79,1,45.6,percent,table,"","Taux d'occupation 58,0% 128,4% 45,6% 10,0% 65,7%",8,pdf_text,high,"","",""
occupancy_rate,province,ituri,Ituri,2026-08-01,79,1,58,percent,table,"","Taux d'occupation 58,0% 128,4% 45,6% 10,0% 65,7%",8,pdf_text,high,"","",""
occupancy_rate,province,nord-kivu,Nord-Kivu,2026-08-01,79,1,128.4,percent,table,"","Taux d'occupation 58,0% 128,4% 45,6% 10,0% 65,7%",8,pdf_text,high,"","",""
occupancy_rate,province,tshopo,Tshopo,2026-08-01,79,1,10,percent,table,"","Taux d'occupation 58,0% 128,4% 45,6% 10,0% 65,7%",8,pdf_text,high,"","",""
patients_confirmed,national,ensemble,Ensemble,2026-08-01,79,1,333,patients,table,"",dont confirmés 296 23 13 1 333,8,pdf_text,high,"",ituri;nord-kivu;haut-uele;tshopo,""
patients_confirmed,province,haut-uele,Haut-Uélé,2026-08-01,79,1,13,patients,table,"",dont confirmés 296 23 13 1 333,8,pdf_text,high,"","",""
patients_confirmed,province,ituri,Ituri,2026-08-01,79,1,296,patients,table,"",dont confirmés 296 23 13 1 333,8,pdf_text,high,"","",""
patients_confirmed,province,nord-kivu,Nord-Kivu,2026-08-01,79,1,23,patients,table,"",dont confirmés 296 23 13 1 333,8,pdf_text,high,"","",""
patients_confirmed,province,tshopo,Tshopo,2026-08-01,79,1,1,patients,table,"",dont confirmés 296 23 13 1 333,8,pdf_text,high,"","",""
patients_isolated,national,ensemble,Ensemble,2026-08-01,79,1,690,patients,table,"",Patients en isolement (fin J) 476 181 31 2 690,8,pdf_text,high,"",ituri;nord-kivu;haut-uele;tshopo,""
patients_isolated,province,haut-uele,Haut-Uélé,2026-08-01,79,1,31,patients,table,"",Patients en isolement (fin J) 476 181 31 2 690,8,pdf_text,high,"","",""
patients_isolated,province,ituri,Ituri,2026-08-01,79,1,476,patients,table,"",Patients en isolement (fin J) 476 181 31 2 690,8,pdf_text,high,"","",""
patients_isolated,province,nord-kivu,Nord-Kivu,2026-08-01,79,1,181,patients,table,"",Patients en isolement (fin J) 476 181 31 2 690,8,pdf_text,high,"","",""
patients_isolated,province,tshopo,Tshopo,2026-08-01,79,1,2,patients,table,"",Patients en isolement (fin J) 476 181 31 2 690,8,pdf_text,high,"","",""
patients_start_day,national,ensemble,Ensemble,2026-08-01,79,1,740,patients,table,"",Patients au lit (J-1) 525 181 33 1 740,8,pdf_text,high,"",ituri;nord-kivu;haut-uele;tshopo,""
patients_start_day,province,haut-uele,Haut-Uélé,2026-08-01,79,1,33,patients,table,"",Patients au lit (J-1) 525 181 33 1 740,8,pdf_text,high,"","",""
patients_start_day,province,ituri,Ituri,2026-08-01,79,1,525,patients,table,"",Patients au lit (J-1) 525 181 33 1 740,8,pdf_text,high,"","",""
patients_start_day,province,nord-kivu,Nord-Kivu,2026-08-01,79,1,181,patients,table,"",Patients au lit (J-1) 525 181 33 1 740,8,pdf_text,high,"","",""
patients_start_day,province,tshopo,Tshopo,2026-08-01,79,1,1,patients,table,"",Patients au lit (J-1) 525 181 33 1 740,8,pdf_text,high,"","",""
patients_suspect,national,ensemble,Ensemble,2026-08-01,79,1,357,patients,table,"",dont suspects 180 158 18 1 357,8,pdf_text,high,"",ituri;nord-kivu;haut-uele;tshopo,""
patients_suspect,province,haut-uele,Haut-Uélé,2026-08-01,79,1,18,patients,table,"",dont suspects 180 158 18 1 357,8,pdf_text,high,"","",""
patients_suspect,province,ituri,Ituri,2026-08-01,79,1,180,patients,table,"",dont suspects 180 158 18 1 357,8,pdf_text,high,"","",""
patients_suspect,province,nord-kivu,Nord-Kivu,2026-08-01,79,1,158,patients,table,"",dont suspects 180 158 18 1 357,8,pdf_text,high,"","",""
patients_suspect,province,tshopo,Tshopo,2026-08-01,79,1,1,patients,table,"",dont suspects 180 158 18 1 357,8,pdf_text,high,"","",""
admissions_24h,province,haut-uele,Haut-Uélé,2026-08-02,80,1,16,patients,table,"",Total admissions (24 h) 70 39 16 ND 22,8,pdf_text,high,"","",""
admissions_24h,province,ituri,Ituri,2026-08-02,80,1,70,patients,table,"",Total admissions (24 h) 70 39 16 ND 22,8,pdf_text,high,"","",""
admissions_24h,province,nord-kivu,Nord-Kivu,2026-08-02,80,1,39,patients,table,"",Total admissions (24 h) 70 39 16 ND 22,8,pdf_text,high,"","",""
admissions_24h,province,sud-kivu,Sud-Kivu,2026-08-02,80,1,22,patients,table,"",Total admissions (24 h) 70 39 16 ND 22,8,pdf_text,high,"","",""
admissions_24h,province,tshopo,Tshopo,2026-08-02,80,1,,patients,table,"",Total admissions (24 h) 70 39 16 ND 22,8,pdf_text,high,not_reported,"",""
exits_24h,province,haut-uele,Haut-Uélé,2026-08-02,80,1,4,patients,table,"",Total sorties (24 h) 78 35 4 ND 19,8,pdf_text,high,"","",""
exits_24h,province,ituri,Ituri,2026-08-02,80,1,78,patients,table,"",Total sorties (24 h) 78 35 4 ND 19,8,pdf_text,high,"","",""
exits_24h,province,nord-kivu,Nord-Kivu,2026-08-02,80,1,35,patients,table,"",Total sorties (24 h) 78 35 4 ND 19,8,pdf_text,high,"","",""
exits_24h,province,sud-kivu,Sud-Kivu,2026-08-02,80,1,19,patients,table,"",Total sorties (24 h) 78 35 4 ND 19,8,pdf_text,high,"","",""
exits_24h,province,tshopo,Tshopo,2026-08-02,80,1,,patients,table,"",Total sorties (24 h) 78 35 4 ND 19,8,pdf_text,high,not_reported,"",""
occupancy_rate,province,haut-uele,Haut-Uélé,2026-08-02,80,1,45.6,percent,table,"","Taux d'occupation 57,0 % 131,9 % 45,6 % 10,0 % ND",8,pdf_text,high,"","",""
occupancy_rate,province,ituri,Ituri,2026-08-02,80,1,57,percent,table,"","Taux d'occupation 57,0 % 131,9 % 45,6 % 10,0 % ND",8,pdf_text,high,"","",""
occupancy_rate,province,nord-kivu,Nord-Kivu,2026-08-02,80,1,131.9,percent,table,"","Taux d'occupation 57,0 % 131,9 % 45,6 % 10,0 % ND",8,pdf_text,high,"","",""
occupancy_rate,province,sud-kivu,Sud-Kivu,2026-08-02,80,1,,percent,table,"","Taux d'occupation 57,0 % 131,9 % 45,6 % 10,0 % ND",8,pdf_text,high,not_reported,"",""
occupancy_rate,province,tshopo,Tshopo,2026-08-02,80,1,10,percent,table,"","Taux d'occupation 57,0 % 131,9 % 45,6 % 10,0 % ND",8,pdf_text,high,"","",""
patients_confirmed,province,haut-uele,Haut-Uélé,2026-08-02,80,1,13,patients,table,"",dont confirmés 296 25 13 1 0,8,pdf_text,high,"","",""
patients_confirmed,province,ituri,Ituri,2026-08-02,80,1,296,patients,table,"",dont confirmés 296 25 13 1 0,8,pdf_text,high,"","",""
patients_confirmed,province,nord-kivu,Nord-Kivu,2026-08-02,80,1,25,patients,table,"",dont confirmés 296 25 13 1 0,8,pdf_text,high,"","",""
patients_confirmed,province,sud-kivu,Sud-Kivu,2026-08-02,80,1,0,patients,table,"",dont confirmés 296 25 13 1 0,8,pdf_text,high,"","",""
patients_confirmed,province,tshopo,Tshopo,2026-08-02,80,1,1,patients,table,"",dont confirmés 296 25 13 1 0,8,pdf_text,high,"","",""
patients_isolated,province,haut-uele,Haut-Uélé,2026-08-02,80,1,31,patients,table,"",Patients en isolement (fin J) 468 186 31 2 20,8,pdf_text,high,"","",""
patients_isolated,province,ituri,Ituri,2026-08-02,80,1,468,patients,table,"",Patients en isolement (fin J) 468 186 31 2 20,8,pdf_text,high,"","",""
patients_isolated,province,nord-kivu,Nord-Kivu,2026-08-02,80,1,186,patients,table,"",Patients en isolement (fin J) 468 186 31 2 20,8,pdf_text,high,"","",""
patients_isolated,province,sud-kivu,Sud-Kivu,2026-08-02,80,1,20,patients,table,"",Patients en isolement (fin J) 468 186 31 2 20,8,pdf_text,high,"","",""
patients_isolated,province,tshopo,Tshopo,2026-08-02,80,1,2,patients,table,"",Patients en isolement (fin J) 468 186 31 2 20,8,pdf_text,high,"","",""
patients_start_day,province,haut-uele,Haut-Uélé,2026-08-02,80,1,33,patients,table,"",Patients au lit (J-1) 476 183 33 2 17,8,pdf_text,high,"","",""
patients_start_day,province,ituri,Ituri,2026-08-02,80,1,476,patients,table,"",Patients au lit (J-1) 476 183 33 2 17,8,pdf_text,high,"","",""
patients_start_day,province,nord-kivu,Nord-Kivu,2026-08-02,80,1,183,patients,table,"",Patients au lit (J-1) 476 183 33 2 17,8,pdf_text,high,"","",""
patients_start_day,province,sud-kivu,Sud-Kivu,2026-08-02,80,1,17,patients,table,"",Patients au lit (J-1) 476 183 33 2 17,8,pdf_text,high,"","",""
patients_start_day,province,tshopo,Tshopo,2026-08-02,80,1,2,patients,table,"",Patients au lit (J-1) 476 183 33 2 17,8,pdf_text,high,"","",""
patients_suspect,province,haut-uele,Haut-Uélé,2026-08-02,80,1,18,patients,table,"",dont suspects 172 161 18 1 20,8,pdf_text,high,"","",""
patients_suspect,province,ituri,Ituri,2026-08-02,80,1,172,patients,table,"",dont suspects 172 161 18 1 20,8,pdf_text,high,"","",""
patients_suspect,province,nord-kivu,Nord-Kivu,2026-08-02,80,1,161,patients,table,"",dont suspects 172 161 18 1 20,8,pdf_text,high,"","",""
patients_suspect,province,sud-kivu,Sud-Kivu,2026-08-02,80,1,20,patients,table,"",dont suspects 172 161 18 1 20,8,pdf_text,high,"","",""
patients_suspect,province,tshopo,Tshopo,2026-08-02,80,1,1,patients,table,"",dont suspects 172 161 18 1 20,8,pdf_text,high,"","",""
exits_24h,province,ituri,Ituri,2026-08-07,85,1,73,patients,prose,"","Les CTE/CT ont enregistré 85 admissions et 73 sorties, dont 14 guéris ;",2,pdf_text,high,"","",""
patients_isolated,province,nord-kivu,Nord-Kivu,2026-08-11,89,1,19,patients,prose,"","• 19 patients y sont hospitalisés, respectivement 13 au Sud-Kivu et 9 au Tshopo.",2,pdf_text,high,"","",""
admissions_24h,province,ituri,Ituri,2026-08-15,93,1,116,patients,prose,"","Les CTE/CT ont enregistré 116 nouvelles admissions — toutes suspectes, dont 1 PPL (médecin de l’HGR de Lita) et 7 en phase avancée — et 116 sorties dont 34 guéris, 51 non-cas, 8 évadés et 23 décès (dont 11 confirmés).",3,pdf_text,high,"","",""
admissions_24h,province,nord-kivu,Nord-Kivu,2026-08-15,93,1,32,patients,prose,"","Au Nord-Kivu, 32 nouvelles admissions ont été enregistrées (1 confirmé au CTE de Katwa et 31 suspects), pour 42 sorties dont 36 non-cas, 1 évadé à Masereka (cumul des évadés : 22) et 5 décès dont 3 confirmés (1 à Katwa et 2 à Beni).",3,pdf_text,high,"","",""
exits_24h,province,ituri,Ituri,2026-08-15,93,1,116,patients,prose,"","Les CTE/CT ont enregistré 116 nouvelles admissions — toutes suspectes, dont 1 PPL (médecin de l’HGR de Lita) et 7 en phase avancée — et 116 sorties dont 34 guéris, 51 non-cas, 8 évadés et 23 décès (dont 11 confirmés).",3,pdf_text,high,"","",""
exits_24h,province,nord-kivu,Nord-Kivu,2026-08-15,93,1,42,patients,prose,"","Au Nord-Kivu, 32 nouvelles admissions ont été enregistrées (1 confirmé au CTE de Katwa et 31 suspects), pour 42 sorties dont 36 non-cas, 1 évadé à Masereka (cumul des évadés : 22) et 5 décès dont 3 confirmés (1 à Katwa et 2 à Beni).",3,pdf_text,high,"","",""
patients_isolated,province,nord-kivu,Nord-Kivu,2026-08-15,93,1,170,patients,prose,"","Ainsi, 170 malades sont hospitalisés (28 confirmés et 142 suspects) pour 206 lits, soit une occupation de 82,5 % (43,8 % pour les confirmés et 100 % pour les suspects).",3,pdf_text,high,"","",""
patients_isolated,province,tshopo,Tshopo,2026-08-15,93,1,8,patients,prose,"","À la Tshopo, une nouvelle admission a été enregistrée (femme de 29 ans, ZS de Kabondo) et 8 patients sont en isolement au CTE HC de Kisangani (3 confirmés et 5 suspects) pour 12 lits, soit 66,7 % d’occupation (75 % pour les confirmés et 62,5 % pour les suspects) ;",3,pdf_text,high,"","",""
admissions_24h,province,haut-uele,Haut-Uélé,2026-08-17,94,1,3,patients,prose,"",3 nouvelles admissions et 3 guéris (1 à Rungu et 2 à Boma Mangbetu) ont été enregistrés.,4,pdf_text,high,"","",""
admissions_24h,province,ituri,Ituri,2026-08-17,94,1,79,patients,prose,"","En Ituri, 79 nouvelles admissions toutes suspectes et 11 réadmissions ont été enregistrées pour 120 sorties dont 27 guéris.",3,pdf_text,high,"","",""
admissions_24h,province,nord-kivu,Nord-Kivu,2026-08-17,94,1,20,patients,prose,"","Au Nord-Kivu, 20 admissions ont été enregistrées (2 confirmés au CTE de Katwa et 18 suspects) pour 12 sorties dont 1 décès suspect.",4,pdf_text,high,"","",""
exits_24h,province,ituri,Ituri,2026-08-17,94,1,120,patients,prose,"","En Ituri, 79 nouvelles admissions toutes suspectes et 11 réadmissions ont été enregistrées pour 120 sorties dont 27 guéris.",3,pdf_text,high,"","",""
exits_24h,province,nord-kivu,Nord-Kivu,2026-08-17,94,1,12,patients,prose,"","Au Nord-Kivu, 20 admissions ont été enregistrées (2 confirmés au CTE de Katwa et 18 suspects) pour 12 sorties dont 1 décès suspect.",4,pdf_text,high,"","",""
occupancy_rate,province,ituri,Ituri,2026-08-17,94,1,47.2,percent,prose,"","Ainsi, 470 patients sont hospitalisés (172 confirmés et 298 suspects) pour 996 lits, soit un taux d’occupation de 47,2 %, et le cumul provincial des guéris atteint 1 000.",3,pdf_text,high,"","",""
patients_isolated,province,haut-uele,Haut-Uélé,2026-08-17,94,1,49,patients,prose,"","Ainsi, 49 malades sont hospitalisés (39 confirmés et 10 suspects) pour 78 lits, soit 62,8 % d’occupation, avec une saturation critique des lits confirmés à Wamba (400 %) et à Isiro (216 %).",4,pdf_text,high,"","",""
patients_isolated,province,ituri,Ituri,2026-08-17,94,1,470,patients,prose,"","Ainsi, 470 patients sont hospitalisés (172 confirmés et 298 suspects) pour 996 lits, soit un taux d’occupation de 47,2 %, et le cumul provincial des guéris atteint 1 000.",3,pdf_text,high,"","",""
patients_isolated,province,nord-kivu,Nord-Kivu,2026-08-17,94,1,181,patients,prose,"","Ainsi, 181 malades sont hospitalisés (34 confirmés et 147 suspects) pour 206 lits, soit 87,9 % d’occupation, les lits suspects atteignant 103,5 %.",4,pdf_text,high,"","",""
admissions_24h,province,ituri,Ituri,2026-08-19,96,1,138,patients,prose,"","En Ituri, 138 nouvelles admissions et 6 réadmissions ont été enregistrées pour 129 sorties, dont 36 guéris.",4,pdf_text,high,"","",""
admissions_24h,province,nord-kivu,Nord-Kivu,2026-08-19,96,1,46,patients,prose,"","Au Nord-Kivu, 46 admissions ont été enregistrées (4 confirmés, dont 2 au CTE de Katwa et 2 au CT de Beni, et 42 suspects) pour 55 sorties dont 1 guéri au CT de Vuhovi.",4,pdf_text,high,"","",""
exits_24h,province,ituri,Ituri,2026-08-19,96,1,129,patients,prose,"","En Ituri, 138 nouvelles admissions et 6 réadmissions ont été enregistrées pour 129 sorties, dont 36 guéris.",4,pdf_text,high,"","",""
exits_24h,province,nord-kivu,Nord-Kivu,2026-08-19,96,1,55,patients,prose,"","Au Nord-Kivu, 46 admissions ont été enregistrées (4 confirmés, dont 2 au CTE de Katwa et 2 au CT de Beni, et 42 suspects) pour 55 sorties dont 1 guéri au CT de Vuhovi.",4,pdf_text,high,"","",""
occupancy_rate,province,haut-uele,Haut-Uélé,2026-08-19,96,1,40.8,percent,prose,"","52 lits des HGR de Wamba et d’Isiro ont été affectés aux CTE et un pavillon de l’HGR de Wamba aménagé, portant la capacité provinciale à 130 lits (Taux d’occupation 40,8%).",4,pdf_text,high,"","",""
occupancy_rate,province,ituri,Ituri,2026-08-19,96,1,57.1,percent,prose,"","Ainsi, 551 patients sont hospitalisés pour 965 lits, soit un taux d’occupation global de 57,1 %.",4,pdf_text,high,"","",""
occupancy_rate,province,sud-kivu,Sud-Kivu,2026-08-19,96,1,95.1,percent,prose,"","Défi majeur Forte pression sur les capacités de prise en charge au Nord-Kivu, avec un taux d’occupation des lits de 95,1 % exposant à un risque de saturation des CT/CTE et nécessitant le renforcement rapide des capacités d’accueil et de référencement des cas.",4,pdf_text,high,"","",""
patients_isolated,province,haut-uele,Haut-Uélé,2026-08-19,96,1,53,patients,prose,"","Au Haut-Uélé, 53 patients sont pris en charge (36 confirmés et 17 suspects) ;",4,pdf_text,high,"","",""
patients_isolated,province,ituri,Ituri,2026-08-19,96,1,551,patients,prose,"","Ainsi, 551 patients sont hospitalisés pour 965 lits, soit un taux d’occupation global de 57,1 %.",4,pdf_text,high,"","",""
patients_isolated,province,nord-kivu,Nord-Kivu,2026-08-19,96,1,196,patients,prose,"","Ainsi, 196 malades sont hospitalisés pour 206 lits, soit 95,1 % d’occupation ;",4,pdf_text,high,"","",""
admissions_24h,province,ituri,Ituri,2026-08-20,97,1,89,patients,prose,"","En Ituri, 89 nouvelles admissions et 3 réadmissions ont été enregistrées pour 116 sorties, dont 9 guéris.",4,pdf_text,high,"","",""
admissions_24h,province,nord-kivu,Nord-Kivu,2026-08-20,97,1,41,patients,prose,"","Au Nord-Kivu, 41 admissions ont été enregistrées (4 confirmés et 37 suspects) pour 60 sorties dont 2 guéris au CTE de Kitatumba.",5,pdf_text,high,"","",""
exits_24h,province,ituri,Ituri,2026-08-20,97,1,116,patients,prose,"","En Ituri, 89 nouvelles admissions et 3 réadmissions ont été enregistrées pour 116 sorties, dont 9 guéris.",4,pdf_text,high,"","",""
exits_24h,province,nord-kivu,Nord-Kivu,2026-08-20,97,1,60,patients,prose,"","Au Nord-Kivu, 41 admissions ont été enregistrées (4 confirmés et 37 suspects) pour 60 sorties dont 2 guéris au CTE de Kitatumba.",5,pdf_text,high,"","",""
occupancy_rate,province,ituri,Ituri,2026-08-20,97,1,55.2,percent,prose,"","Ainsi, 536 patients sont hospitalisés pour 965 lits, soit un taux d’occupation global de 55,2 % ;",4,pdf_text,high,"","",""
patients_isolated,province,bas-uele,Bas-Uélé,2026-08-20,97,1,1,patients,prose,"","Au Bas-Uélé, 1 patient est en isolement au centre de transit de Limba (ZS de Viadana) pour 3 lits, soit 33,3 % d’occupation.",5,pdf_text,high,"","",""
patients_isolated,province,ituri,Ituri,2026-08-20,97,1,536,patients,prose,"","Ainsi, 536 patients sont hospitalisés pour 965 lits, soit un taux d’occupation global de 55,2 % ;",4,pdf_text,high,"","",""
patients_isolated,province,nord-kivu,Nord-Kivu,2026-08-20,97,1,169,patients,prose,"","Ainsi, 169 malades sont hospitalisés pour 206 lits, soit 82,0 % d’occupation ;",5,pdf_text,high,"","",""
admissions_24h,province,haut-uele,Haut-Uélé,2026-08-22,99,1,11,patients,prose,"","Au Haut Uélé, 11 admissions ont été enregistrées (4 confirmés et 7 suspects).",3,pdf_text,high,"","",""
admissions_24h,province,ituri,Ituri,2026-08-22,99,1,94,patients,prose,"","En Ituri, 94 nouvelles admissions ont été enregistrées pour 87 sorties, dont 14 guéris et aucun évadé.",3,pdf_text,high,"","",""
admissions_24h,province,nord-kivu,Nord-Kivu,2026-08-22,99,1,19,patients,prose,"","Au Nord-Kivu, 19 admissions ont été enregistrées (5 confirmés et 14 suspects) pour 28 sorties dont 3 guéris au CTE de Beni.",3,pdf_text,high,"","",""
exits_24h,province,ituri,Ituri,2026-08-22,99,1,87,patients,prose,"","En Ituri, 94 nouvelles admissions ont été enregistrées pour 87 sorties, dont 14 guéris et aucun évadé.",3,pdf_text,high,"","",""
exits_24h,province,nord-kivu,Nord-Kivu,2026-08-22,99,1,28,patients,prose,"","Au Nord-Kivu, 19 admissions ont été enregistrées (5 confirmés et 14 suspects) pour 28 sorties dont 3 guéris au CTE de Beni.",3,pdf_text,high,"","",""
occupancy_rate,province,ituri,Ituri,2026-08-22,99,1,54.7,percent,prose,"","Ainsi, 528 patients sont hospitalisés pour 965 lits, soit un taux d’occupation global de 54,7%.",3,pdf_text,high,"","",""
patients_isolated,province,haut-uele,Haut-Uélé,2026-08-22,99,1,72,patients,prose,"","Ainsi, 72 malades sont hospitalisés pour 130 lits, soit 55,4 % d’occupation.",3,pdf_text,high,"","",""
patients_isolated,province,ituri,Ituri,2026-08-22,99,1,528,patients,prose,"","Ainsi, 528 patients sont hospitalisés pour 965 lits, soit un taux d’occupation global de 54,7%.",3,pdf_text,high,"","",""
patients_isolated,province,nord-kivu,Nord-Kivu,2026-08-22,99,1,167,patients,prose,"","Ainsi, 167 malades sont hospitalisés pour 206 lits, soit 81,1 % d’occupation.",3,pdf_text,high,"","",""
admissions_24h,province,haut-uele,Haut-Uélé,2026-08-24,101,1,12,patients,prose,"","Au Haut Uélé, 12 admissions ont été enregistrées pour 3 sorties, dont 3 guéris.",3,pdf_text,high,"","",""
admissions_24h,province,ituri,Ituri,2026-08-24,101,1,76,patients,prose,"","En Ituri, 76 nouvelles admissions ont été enregistrées et 109 sorties dont 23 guéris.",3,pdf_text,high,"","",""
admissions_24h,province,nord-kivu,Nord-Kivu,2026-08-24,101,1,32,patients,prose,"","Au Nord-Kivu, 32 admissions ont été enregistrées pour 35 sorties dont 4 guéris.",3,pdf_text,high,"","",""
admissions_24h,province,tshopo,Tshopo,2026-08-24,101,1,4,patients,prose,"","À la Tshopo, 4 nouvelles admissions de cas suspects et 10 patients isolés pour 14 lits, soit 71,4 % d’occupation ;",3,pdf_text,high,"","",""
exits_24h,province,haut-uele,Haut-Uélé,2026-08-24,101,1,3,patients,prose,"","Au Haut Uélé, 12 admissions ont été enregistrées pour 3 sorties, dont 3 guéris.",3,pdf_text,high,"","",""
exits_24h,province,ituri,Ituri,2026-08-24,101,1,109,patients,prose,"","En Ituri, 76 nouvelles admissions ont été enregistrées et 109 sorties dont 23 guéris.",3,pdf_text,high,"","",""
exits_24h,province,nord-kivu,Nord-Kivu,2026-08-24,101,1,35,patients,prose,"","Au Nord-Kivu, 32 admissions ont été enregistrées pour 35 sorties dont 4 guéris.",3,pdf_text,high,"","",""
occupancy_rate,province,ituri,Ituri,2026-08-24,101,1,53.4,percent,prose,"","Ainsi, 522 patients sont hospitalisés pour 978 lits, soit un taux d’occupation global de 53,4 % ;",3,pdf_text,high,"","",""
occupancy_rate,province,nord-kivu,Nord-Kivu,2026-08-24,101,1,86.4,percent,prose,"","Au terme de la journée, 178 patients sont hospitalisés pour 206 lits, soit un taux d’occupation global de 86,4 % ;",3,pdf_text,high,"","",""
patients_isolated,province,haut-uele,Haut-Uélé,2026-08-24,101,1,81,patients,prose,"","Un total de 81 patients sont en isolement pour 130 lits, soit 62,3 %.",3,pdf_text,high,"","",""
patients_isolated,province,ituri,Ituri,2026-08-24,101,1,522,patients,prose,"","Ainsi, 522 patients sont hospitalisés pour 978 lits, soit un taux d’occupation global de 53,4 % ;",3,pdf_text,high,"","",""
patients_isolated,province,nord-kivu,Nord-Kivu,2026-08-24,101,1,178,patients,prose,"","Au terme de la journée, 178 patients sont hospitalisés pour 206 lits, soit un taux d’occupation global de 86,4 % ;",3,pdf_text,high,"","",""
admissions_24h,province,haut-uele,Haut-Uélé,2026-08-25,102,1,9,patients,prose,"","Au Haut Uélé, 9 admissions ont été enregistrées contre 6 sorties, dont 3 guéris.",3,pdf_text,high,"","",""
admissions_24h,province,ituri,Ituri,2026-08-25,102,1,88,patients,prose,"","En Ituri, 88 nouvelles admissions ont été enregistrées et 97 sorties dont 20 guéris.",3,pdf_text,high,"","",""
admissions_24h,province,nord-kivu,Nord-Kivu,2026-08-25,102,1,53,patients,prose,"","Au Nord-Kivu, 53 admissions ont été enregistrées contre 37 sorties dont 1 guéri.",3,pdf_text,high,"","",""
admissions_24h,province,tshopo,Tshopo,2026-08-25,102,1,3,patients,prose,"","À la Tshopo, 3 nouvelles admissions de cas suspects et 8 patients isolés pour 14 lits, soit 57,1% d’occupation •",3,pdf_text,high,"","",""
exits_24h,province,haut-uele,Haut-Uélé,2026-08-25,102,1,6,patients,prose,"","Au Haut Uélé, 9 admissions ont été enregistrées contre 6 sorties, dont 3 guéris.",3,pdf_text,high,"","",""
exits_24h,province,ituri,Ituri,2026-08-25,102,1,97,patients,prose,"","En Ituri, 88 nouvelles admissions ont été enregistrées et 97 sorties dont 20 guéris.",3,pdf_text,high,"","",""
exits_24h,province,nord-kivu,Nord-Kivu,2026-08-25,102,1,37,patients,prose,"","Au Nord-Kivu, 53 admissions ont été enregistrées contre 37 sorties dont 1 guéri.",3,pdf_text,high,"","",""
occupancy_rate,province,ituri,Ituri,2026-08-25,102,1,49.9,percent,prose,"","Ainsi, 488 patients sont hospitalisés pour 978 lits, soit un taux d’occupation global de 49,9 %.",3,pdf_text,high,"","",""
occupancy_rate,province,nord-kivu,Nord-Kivu,2026-08-25,102,1,94.2,percent,prose,"","Au terme de la journée, 194 patients sont hospitalisés pour 206 lits, soit un taux d’occupation global de 94,2 %.",3,pdf_text,high,"","",""
patients_isolated,province,haut-uele,Haut-Uélé,2026-08-25,102,1,79,patients,prose,"","Un total de 79 patients sont en isolement pour 120 lits, soit 65,8% de taux d’occupation.",3,pdf_text,high,"","",""
patients_isolated,province,ituri,Ituri,2026-08-25,102,1,488,patients,prose,"","Ainsi, 488 patients sont hospitalisés pour 978 lits, soit un taux d’occupation global de 49,9 %.",3,pdf_text,high,"","",""
patients_isolated,province,nord-kivu,Nord-Kivu,2026-08-25,102,1,194,patients,prose,"","Au terme de la journée, 194 patients sont hospitalisés pour 206 lits, soit un taux d’occupation global de 94,2 %.",3,pdf_text,high,"","",""
admissions_24h,province,haut-uele,Haut-Uélé,2026-08-26,104,1,17,patients,prose,"","Au Haut Uélé, 17 admissions ont été enregistrées (3 confirmés et 14 suspects) contre 15 sorties dont 11 guéris.",3,pdf_text,high,"","",""
admissions_24h,province,ituri,Ituri,2026-08-26,104,1,111,patients,prose,"","En Ituri, 111 nouvelles admissions ont été enregistrées et 85 sorties dont 12 guéris.",3,pdf_text,high,"","",""
admissions_24h,province,nord-kivu,Nord-Kivu,2026-08-26,104,1,69,patients,prose,"","Au Nord-Kivu, 69 admissions ont été enregistrées contre 33 sorties dont 1 guéri.",3,pdf_text,high,"","",""
admissions_24h,province,tshopo,Tshopo,2026-08-26,104,1,2,patients,prose,"","À la Tshopo, 2 nouvelles admissions de cas suspects et 11 patients isolés pour 14 lits, soit 78,6% d’occupation.",3,pdf_text,high,"","",""
exits_24h,province,haut-uele,Haut-Uélé,2026-08-26,104,1,15,patients,prose,"","Au Haut Uélé, 17 admissions ont été enregistrées (3 confirmés et 14 suspects) contre 15 sorties dont 11 guéris.",3,pdf_text,high,"","",""
exits_24h,province,ituri,Ituri,2026-08-26,104,1,85,patients,prose,"","En Ituri, 111 nouvelles admissions ont été enregistrées et 85 sorties dont 12 guéris.",3,pdf_text,high,"","",""
exits_24h,province,nord-kivu,Nord-Kivu,2026-08-26,104,1,33,patients,prose,"","Au Nord-Kivu, 69 admissions ont été enregistrées contre 33 sorties dont 1 guéri.",3,pdf_text,high,"","",""
occupancy_rate,province,ituri,Ituri,2026-08-26,104,1,56.1,percent,prose,"","Ainsi, 549 patients sont hospitalisés pour 978 lits, soit un taux d’occupation global de 56,1%.",3,pdf_text,high,"","",""
occupancy_rate,province,nord-kivu,Nord-Kivu,2026-08-26,104,1,103.9,percent,prose,"","Au terme de la journée, 214 patients sont hospitalisés pour 206 lits, soit un taux d’occupation global de 103,9 %.",3,pdf_text,high,"","",""
patients_isolated,province,haut-uele,Haut-Uélé,2026-08-26,104,1,68,patients,prose,"","Ainsi, 68 patients sont en isolement, soit 56,7% des lits occupés.",3,pdf_text,high,"","",""
patients_isolated,province,ituri,Ituri,2026-08-26,104,1,549,patients,prose,"","Ainsi, 549 patients sont hospitalisés pour 978 lits, soit un taux d’occupation global de 56,1%.",3,pdf_text,high,"","",""
patients_isolated,province,nord-kivu,Nord-Kivu,2026-08-26,104,1,214,patients,prose,"","Au terme de la journée, 214 patients sont hospitalisés pour 206 lits, soit un taux d’occupation global de 103,9 %.",3,pdf_text,high,"","",""
admissions_24h,province,haut-uele,Haut-Uélé,2026-08-28,106,1,11,patients,prose,"","Au Haut Uélé, 11 nouvelles admissions de cas suspects ont été enregistrées et 7 sorties, 70 patients sont hospitalisés pour 120 lits, soit un taux d’occupation de 58,3 % ;",3,pdf_text,high,"","",""
admissions_24h,province,ituri,Ituri,2026-08-28,106,1,113,patients,prose,"","En Ituri, 113 nouvelles admissions ont été enregistrées et 97 sorties dont 8 guéris.",3,pdf_text,high,"","",""
admissions_24h,province,nord-kivu,Nord-Kivu,2026-08-28,106,1,75,patients,prose,"","Au Nord-Kivu, 75 admissions ont été enregistrées contre 64 sorties dont 1 guéri.",3,pdf_text,high,"","",""
admissions_24h,province,tshopo,Tshopo,2026-08-28,106,1,3,patients,prose,"","À la Tshopo, 3 nouvelles admissions ont été enregistrées contre 4 sorties et 11 patients sont en isolement pour 25 lits, soit un taux d’occupation global de 44,0%.",3,pdf_text,high,"","",""
exits_24h,province,haut-uele,Haut-Uélé,2026-08-28,106,1,7,patients,prose,"","Au Haut Uélé, 11 nouvelles admissions de cas suspects ont été enregistrées et 7 sorties, 70 patients sont hospitalisés pour 120 lits, soit un taux d’occupation de 58,3 % ;",3,pdf_text,high,"","",""
exits_24h,province,ituri,Ituri,2026-08-28,106,1,97,patients,prose,"","En Ituri, 113 nouvelles admissions ont été enregistrées et 97 sorties dont 8 guéris.",3,pdf_text,high,"","",""
exits_24h,province,nord-kivu,Nord-Kivu,2026-08-28,106,1,64,patients,prose,"","Au Nord-Kivu, 75 admissions ont été enregistrées contre 64 sorties dont 1 guéri.",3,pdf_text,high,"","",""
exits_24h,province,tshopo,Tshopo,2026-08-28,106,1,4,patients,prose,"","À la Tshopo, 3 nouvelles admissions ont été enregistrées contre 4 sorties et 11 patients sont en isolement pour 25 lits, soit un taux d’occupation global de 44,0%.",3,pdf_text,high,"","",""
occupancy_rate,province,bas-uele,Bas-Uélé,2026-08-28,106,1,33.3,percent,prose,"","Au Bas Uélé, 1 patient confirmé est en cours de soins pour 3 lits disponibles (Taux d’occupation : 33,3 %) •",3,pdf_text,high,"","",""
occupancy_rate,province,haut-uele,Haut-Uélé,2026-08-28,106,1,58.3,percent,prose,"","Au Haut Uélé, 11 nouvelles admissions de cas suspects ont été enregistrées et 7 sorties, 70 patients sont hospitalisés pour 120 lits, soit un taux d’occupation de 58,3 % ;",3,pdf_text,high,"","",""
occupancy_rate,province,ituri,Ituri,2026-08-28,106,1,56.4,percent,prose,"","Ainsi, 552 patients sont hospitalisés pour 978 lits, soit un taux d’occupation de 56,4 %.",3,pdf_text,high,"","",""
occupancy_rate,province,nord-kivu,Nord-Kivu,2026-08-28,106,1,107.3,percent,prose,"","Au décours de la journée, 236 patients sont hospitalisés pour 220 lits, soit un taux d’occupation de 107,3 %.",3,pdf_text,high,"","",""
occupancy_rate,province,tshopo,Tshopo,2026-08-28,106,1,44,percent,prose,"","À la Tshopo, 3 nouvelles admissions ont été enregistrées contre 4 sorties et 11 patients sont en isolement pour 25 lits, soit un taux d’occupation global de 44,0%.",3,pdf_text,high,"","",""
patients_isolated,province,bas-uele,Bas-Uélé,2026-08-28,106,1,1,patients,prose,"","Au Bas Uélé, 1 patient confirmé est en cours de soins pour 3 lits disponibles (Taux d’occupation : 33,3 %) •",3,pdf_text,high,"","",""
patients_isolated,province,haut-uele,Haut-Uélé,2026-08-28,106,1,70,patients,prose,"","Au Haut Uélé, 11 nouvelles admissions de cas suspects ont été enregistrées et 7 sorties, 70 patients sont hospitalisés pour 120 lits, soit un taux d’occupation de 58,3 % ;",3,pdf_text,high,"","",""
patients_isolated,province,ituri,Ituri,2026-08-28,106,1,552,patients,prose,"","Ainsi, 552 patients sont hospitalisés pour 978 lits, soit un taux d’occupation de 56,4 %.",3,pdf_text,high,"","",""
patients_isolated,province,nord-kivu,Nord-Kivu,2026-08-28,106,1,236,patients,prose,"","Au décours de la journée, 236 patients sont hospitalisés pour 220 lits, soit un taux d’occupation de 107,3 %.",3,pdf_text,high,"","",""
patients_isolated,province,sud-kivu,Sud-Kivu,2026-08-28,106,1,26,patients,prose,"","Au Sud-Kivu, 26 patients restent en isolement.",3,pdf_text,high,"","",""
patients_isolated,province,tshopo,Tshopo,2026-08-28,106,1,11,patients,prose,"","À la Tshopo, 3 nouvelles admissions ont été enregistrées contre 4 sorties et 11 patients sont en isolement pour 25 lits, soit un taux d’occupation global de 44,0%.",3,pdf_text,high,"","",""
admissions_24h,province,ituri,Ituri,2026-08-30,108,1,75,patients,prose,"","En Ituri, 75 nouvelles admissions dans les différentes structures dédiées et 81 sorties dont 13 guéris.",3,pdf_text,high,"","",""
admissions_24h,province,nord-kivu,Nord-Kivu,2026-08-30,108,1,75,patients,prose,"","Au Nord-Kivu, 75 nouvelles admissions et 54 sorties dont 3 guéris ;",3,pdf_text,high,"","",""
exits_24h,province,ituri,Ituri,2026-08-30,108,1,81,patients,prose,"","En Ituri, 75 nouvelles admissions dans les différentes structures dédiées et 81 sorties dont 13 guéris.",3,pdf_text,high,"","",""
exits_24h,province,nord-kivu,Nord-Kivu,2026-08-30,108,1,54,patients,prose,"","Au Nord-Kivu, 75 nouvelles admissions et 54 sorties dont 3 guéris ;",3,pdf_text,high,"","",""
occupancy_rate,province,ituri,Ituri,2026-08-30,108,1,53.6,percent,prose,"","Ainsi, 524 patients sont hospitalisés pour 978 lits, soit un taux d’occupation de 53,6 %.",3,pdf_text,high,"","",""
occupancy_rate,province,nord-kivu,Nord-Kivu,2026-08-30,108,1,128.2,percent,prose,"","282 patients sont hospitalisés et le taux d’occupation global des lits en CTE/CT est en sursaturation (128,2 % ;",3,pdf_text,high,"","",""
occupancy_rate,province,tshopo,Tshopo,2026-08-30,108,1,32,percent,prose,"","Sept sorties rapportées dont 1 guéri, 7 patients sont en isolement pour 25 lits, soit un taux d’occupation global de 32,0%.",3,pdf_text,high,"","",""
patients_isolated,province,ituri,Ituri,2026-08-30,108,1,524,patients,prose,"","Ainsi, 524 patients sont hospitalisés pour 978 lits, soit un taux d’occupation de 53,6 %.",3,pdf_text,high,"","",""
patients_isolated,province,nord-kivu,Nord-Kivu,2026-08-30,108,1,282,patients,prose,"","282 patients sont hospitalisés et le taux d’occupation global des lits en CTE/CT est en sursaturation (128,2 % ;",3,pdf_text,high,"","",""
patients_isolated,province,tshopo,Tshopo,2026-08-30,108,1,7,patients,prose,"","Sept sorties rapportées dont 1 guéri, 7 patients sont en isolement pour 25 lits, soit un taux d’occupation global de 32,0%.",3,pdf_text,high,"","",""
admissions_24h,province,ituri,Ituri,2026-08-31,109,1,97,patients,prose,"","En Ituri, 97 nouvelles admissions dans les différentes structures dédiées contre 82 sorties dont 16 guéris.",3,pdf_text,high,"","",""
admissions_24h,province,nord-kivu,Nord-Kivu,2026-08-31,109,1,55,patients,prose,"","Au Nord-Kivu, 55 nouvelles admissions et 54 sorties dont 6 guéris ;",3,pdf_text,high,"","",""
exits_24h,province,ituri,Ituri,2026-08-31,109,1,82,patients,prose,"","En Ituri, 97 nouvelles admissions dans les différentes structures dédiées contre 82 sorties dont 16 guéris.",3,pdf_text,high,"","",""
exits_24h,province,nord-kivu,Nord-Kivu,2026-08-31,109,1,54,patients,prose,"","Au Nord-Kivu, 55 nouvelles admissions et 54 sorties dont 6 guéris ;",3,pdf_text,high,"","",""
occupancy_rate,province,ituri,Ituri,2026-08-31,109,1,55.1,percent,prose,"","Ainsi, 539 patients sont hospitalisés pour 978 lits, soit un taux d’occupation de 55,1 %.",3,pdf_text,high,"","",""
occupancy_rate,province,nord-kivu,Nord-Kivu,2026-08-31,109,1,128.6,percent,prose,"","283 patients sont hospitalisés et le taux d’occupation global des lits en CTE/CT est en sursaturation (128,6 % ;",3,pdf_text,high,"","",""
occupancy_rate,province,sud-kivu,Sud-Kivu,2026-08-31,109,1,32,percent,prose,"","Huit (8) patients sont en isolement pour 25 lits, soit un taux d’occupation global de 32,0%.",3,pdf_text,high,"","",""
patients_isolated,province,ituri,Ituri,2026-08-31,109,1,539,patients,prose,"","Ainsi, 539 patients sont hospitalisés pour 978 lits, soit un taux d’occupation de 55,1 %.",3,pdf_text,high,"","",""
patients_isolated,province,nord-kivu,Nord-Kivu,2026-08-31,109,1,283,patients,prose,"","283 patients sont hospitalisés et le taux d’occupation global des lits en CTE/CT est en sursaturation (128,6 % ;",3,pdf_text,high,"","",""
patients_isolated,province,sud-kivu,Sud-Kivu,2026-08-31,109,1,8,patients,prose,"","Huit (8) patients sont en isolement pour 25 lits, soit un taux d’occupation global de 32,0%.",3,pdf_text,high,"","",""
admissions_24h,province,haut-uele,Haut-Uélé,2026-09-01,110,1,11,patients,prose,"","Au Haut Uélé, 11 nouvelles admissions ont été enregistrées.",3,pdf_text,high,"","",""
admissions_24h,province,ituri,Ituri,2026-09-01,110,1,112,patients,prose,"","En Ituri, 112 nouvelles admissions dans les différentes structures dédiées contre 87 sorties dont 27 guéris.",3,pdf_text,high,"","",""
admissions_24h,province,nord-kivu,Nord-Kivu,2026-09-01,110,1,60,patients,prose,"","Au Nord-Kivu, 60 nouvelles admissions et 62 sorties dont 2 guéris ;",3,pdf_text,high,"","",""
exits_24h,province,ituri,Ituri,2026-09-01,110,1,87,patients,prose,"","En Ituri, 112 nouvelles admissions dans les différentes structures dédiées contre 87 sorties dont 27 guéris.",3,pdf_text,high,"","",""
exits_24h,province,nord-kivu,Nord-Kivu,2026-09-01,110,1,62,patients,prose,"","Au Nord-Kivu, 60 nouvelles admissions et 62 sorties dont 2 guéris ;",3,pdf_text,high,"","",""
exits_24h,province,tshopo,Tshopo,2026-09-01,110,1,3,patients,prose,"","À la Tshopo, une nouvelle admission a été enregistrée contre 3 sorties dont 1 guéri.",3,pdf_text,high,"","",""
occupancy_rate,province,haut-uele,Haut-Uélé,2026-09-01,110,1,51.7,percent,prose,"","Au terme de la journée, 62 patients, soit un taux d’occupation global de 51,7% (120 lits).",3,pdf_text,high,"","",""
occupancy_rate,province,ituri,Ituri,2026-09-01,110,1,57.7,percent,prose,"","Ainsi, 564 patients sont hospitalisés pour 978 lits, soit un taux d’occupation de 57,7 %.",3,pdf_text,high,"","",""
occupancy_rate,province,nord-kivu,Nord-Kivu,2026-09-01,110,1,105.5,percent,prose,"","232 patients sont hospitalisés et le taux d’occupation global des lits en CTE/CT est en sursaturation (105,5 % ;",3,pdf_text,high,"","",""
occupancy_rate,province,sud-kivu,Sud-Kivu,2026-09-01,110,1,32,percent,prose,"","Huit (8) patients sont en isolement pour 25 lits, soit un taux d’occupation global de 32,0%.",3,pdf_text,high,"","",""
occupancy_rate,province,tshopo,Tshopo,2026-09-01,110,1,12,percent,prose,"","Trois (3) patients sont en isolement pour 25 lits, soit un taux d’occupation global de 12,0%.",3,pdf_text,high,"","",""
patients_isolated,province,ituri,Ituri,2026-09-01,110,1,564,patients,prose,"","Ainsi, 564 patients sont hospitalisés pour 978 lits, soit un taux d’occupation de 57,7 %.",3,pdf_text,high,"","",""
patients_isolated,province,nord-kivu,Nord-Kivu,2026-09-01,110,1,232,patients,prose,"","232 patients sont hospitalisés et le taux d’occupation global des lits en CTE/CT est en sursaturation (105,5 % ;",3,pdf_text,high,"","",""
patients_isolated,province,sud-kivu,Sud-Kivu,2026-09-01,110,1,8,patients,prose,"","Huit (8) patients sont en isolement pour 25 lits, soit un taux d’occupation global de 32,0%.",3,pdf_text,high,"","",""
patients_isolated,province,tshopo,Tshopo,2026-09-01,110,1,3,patients,prose,"","Trois (3) patients sont en isolement pour 25 lits, soit un taux d’occupation global de 12,0%.",3,pdf_text,high,"","",""
admissions_24h,province,haut-uele,Haut-Uélé,2026-09-02,111,1,9,patients,prose,"","Au Haut Uélé, 9 nouvelles admissions ont été enregistrées.",3,pdf_text,high,"","",""
admissions_24h,province,ituri,Ituri,2026-09-02,111,1,63,patients,prose,"","En Ituri, 63 nouvelles admissions dans les différentes structures dédiées contre 106 sorties dont 28 guéris.",3,pdf_text,high,"","",""
admissions_24h,province,nord-kivu,Nord-Kivu,2026-09-02,111,1,73,patients,prose,"","Au Nord-Kivu, 73 nouvelles admissions et 50 sorties enregistrées dont 6 guéris ;",3,pdf_text,high,"","",""
admissions_24h,province,tshopo,Tshopo,2026-09-02,111,1,3,patients,prose,"","À la Tshopo, 3 nouvelles admissions ont été enregistrées.",3,pdf_text,high,"","",""
exits_24h,province,ituri,Ituri,2026-09-02,111,1,106,patients,prose,"","En Ituri, 63 nouvelles admissions dans les différentes structures dédiées contre 106 sorties dont 28 guéris.",3,pdf_text,high,"","",""
exits_24h,province,nord-kivu,Nord-Kivu,2026-09-02,111,1,50,patients,prose,"","Au Nord-Kivu, 73 nouvelles admissions et 50 sorties enregistrées dont 6 guéris ;",3,pdf_text,high,"","",""
occupancy_rate,province,haut-uele,Haut-Uélé,2026-09-02,111,1,46.7,percent,prose,"","Au terme de la journée, 56 patients, soit un taux d’occupation global de 46,7% (120 lits).",3,pdf_text,high,"","",""
occupancy_rate,province,ituri,Ituri,2026-09-02,111,1,44.4,percent,prose,"","Ainsi, 434 patients sont hospitalisés pour 978 lits, soit un taux d’occupation de 44,4 %.",3,pdf_text,high,"","",""
occupancy_rate,province,nord-kivu,Nord-Kivu,2026-09-02,111,1,118.6,percent,prose,"","261 patients sont hospitalisés et le taux d’occupation global des lits en CTE/CT est en sursaturation (118,6 % ;",3,pdf_text,high,"","",""
occupancy_rate,province,tshopo,Tshopo,2026-09-02,111,1,28,percent,prose,"","Sept (7) patients sont en isolement pour 25 lits, soit un taux d’occupation global de 28,0%.",3,pdf_text,high,"","",""
patients_isolated,province,ituri,Ituri,2026-09-02,111,1,434,patients,prose,"","Ainsi, 434 patients sont hospitalisés pour 978 lits, soit un taux d’occupation de 44,4 %.",3,pdf_text,high,"","",""
patients_isolated,province,nord-kivu,Nord-Kivu,2026-09-02,111,1,261,patients,prose,"","261 patients sont hospitalisés et le taux d’occupation global des lits en CTE/CT est en sursaturation (118,6 % ;",3,pdf_text,high,"","",""
patients_isolated,province,tshopo,Tshopo,2026-09-02,111,1,7,patients,prose,"","Sept (7) patients sont en isolement pour 25 lits, soit un taux d’occupation global de 28,0%.",3,pdf_text,high,"","",""
admissions_24h,province,haut-uele,Haut-Uélé,2026-09-03,112,1,14,patients,prose,"","Au Haut Uélé, 14 nouvelles admissions contre 7 sorties (4 non-cas, 2 décès suspects et 1 évasion d’un confirmé).",3,pdf_text,high,"","",""
admissions_24h,province,ituri,Ituri,2026-09-03,112,1,53,patients,prose,"","En Ituri, 53 nouvelles admissions dans les différentes structures dédiées contre 66 sorties dont 18 guéris.",3,pdf_text,high,"","",""
admissions_24h,province,nord-kivu,Nord-Kivu,2026-09-03,112,1,70,patients,prose,"","Au Nord-Kivu, 70 nouvelles admissions et 78 sorties enregistrées dont 2 guéris ;",3,pdf_text,high,"","",""
exits_24h,province,haut-uele,Haut-Uélé,2026-09-03,112,1,7,patients,prose,"","Au Haut Uélé, 14 nouvelles admissions contre 7 sorties (4 non-cas, 2 décès suspects et 1 évasion d’un confirmé).",3,pdf_text,high,"","",""
exits_24h,province,ituri,Ituri,2026-09-03,112,1,66,patients,prose,"","En Ituri, 53 nouvelles admissions dans les différentes structures dédiées contre 66 sorties dont 18 guéris.",3,pdf_text,high,"","",""
exits_24h,province,nord-kivu,Nord-Kivu,2026-09-03,112,1,78,patients,prose,"","Au Nord-Kivu, 70 nouvelles admissions et 78 sorties enregistrées dont 2 guéris ;",3,pdf_text,high,"","",""
occupancy_rate,province,haut-uele,Haut-Uélé,2026-09-03,112,1,50.8,percent,prose,"","Ainsi, 62 patients sont hospitalisés (49 confirmés et 13 suspects) pour 128 lits, soit un taux d’occupation de 50,8 %.",3,pdf_text,high,"","",""
occupancy_rate,province,ituri,Ituri,2026-09-03,112,1,44.4,percent,prose,"","Ainsi, 434 patients sont hospitalisés pour 978 lits, soit un taux d’occupation de 44,4 %.",3,pdf_text,high,"","",""
occupancy_rate,province,nord-kivu,Nord-Kivu,2026-09-03,112,1,102.7,percent,prose,"","225 patients sont hospitalisés exprimant un taux d’occupation global des lits en CTE/CT est en sursaturation (102,7 % ;",3,pdf_text,high,"","",""
occupancy_rate,province,tshopo,Tshopo,2026-09-03,112,1,24,percent,prose,"","Six (6) patients sont en isolement pour 25 lits, soit un taux d’occupation de 24,0 % 1.5.2.",3,pdf_text,high,"","",""
patients_isolated,province,haut-uele,Haut-Uélé,2026-09-03,112,1,62,patients,prose,"","Ainsi, 62 patients sont hospitalisés (49 confirmés et 13 suspects) pour 128 lits, soit un taux d’occupation de 50,8 %.",3,pdf_text,high,"","",""
patients_isolated,province,ituri,Ituri,2026-09-03,112,1,434,patients,prose,"","Ainsi, 434 patients sont hospitalisés pour 978 lits, soit un taux d’occupation de 44,4 %.",3,pdf_text,high,"","",""
patients_isolated,province,nord-kivu,Nord-Kivu,2026-09-03,112,1,225,patients,prose,"","225 patients sont hospitalisés exprimant un taux d’occupation global des lits en CTE/CT est en sursaturation (102,7 % ;",3,pdf_text,high,"","",""
patients_isolated,province,tshopo,Tshopo,2026-09-03,112,1,6,patients,prose,"","Six (6) patients sont en isolement pour 25 lits, soit un taux d’occupation de 24,0 % 1.5.2.",3,pdf_text,high,"","",""
admissions_24h,province,haut-uele,Haut-Uélé,2026-09-04,113,1,10,patients,prose,"","Au Haut Uélé, 10 nouvelles admissions contre 7 sorties (aucun guéri).",3,pdf_text,high,"","",""
admissions_24h,province,ituri,Ituri,2026-09-04,113,1,96,patients,prose,"","En Ituri, 96 nouvelles admissions dans les différentes structures dédiées contre 110 sorties dont 19 guéris.",3,pdf_text,high,"","",""
admissions_24h,province,nord-kivu,Nord-Kivu,2026-09-04,113,1,78,patients,prose,"","Au Nord-Kivu, 78 nouvelles admissions et 58 sorties enregistrées dont 2 guéris ;",3,pdf_text,high,"","",""
admissions_24h,province,sud-kivu,Sud-Kivu,2026-09-04,113,1,5,patients,prose,"","Au Sud-Kivu, 5 nouvelles admissions et aucune sortie.",3,pdf_text,high,"","",""
exits_24h,province,haut-uele,Haut-Uélé,2026-09-04,113,1,7,patients,prose,"","Au Haut Uélé, 10 nouvelles admissions contre 7 sorties (aucun guéri).",3,pdf_text,high,"","",""
exits_24h,province,ituri,Ituri,2026-09-04,113,1,110,patients,prose,"","En Ituri, 96 nouvelles admissions dans les différentes structures dédiées contre 110 sorties dont 19 guéris.",3,pdf_text,high,"","",""
exits_24h,province,nord-kivu,Nord-Kivu,2026-09-04,113,1,58,patients,prose,"","Au Nord-Kivu, 78 nouvelles admissions et 58 sorties enregistrées dont 2 guéris ;",3,pdf_text,high,"","",""
occupancy_rate,province,haut-uele,Haut-Uélé,2026-09-04,113,1,48.4,percent,prose,"","Ainsi, 62 patients sont hospitalisés pour 128 lits, soit un taux d’occupation de 48,4%.",3,pdf_text,high,"","",""
occupancy_rate,province,ituri,Ituri,2026-09-04,113,1,50.6,percent,prose,"","Ainsi, 495 patients sont hospitalisés pour 978 lits, soit un taux d’occupation de 50,6%.",3,pdf_text,high,"","",""
occupancy_rate,province,nord-kivu,Nord-Kivu,2026-09-04,113,1,107.7,percent,prose,"","237 patients sont hospitalisés exprimant un taux d’occupation global des lits en CTE/CT est en sursaturation (107,7 % ;",3,pdf_text,high,"","",""
occupancy_rate,province,sud-kivu,Sud-Kivu,2026-09-04,113,1,64,percent,prose,"","Seize (16) patients sont en isolement pour 25 lits, soit un taux d’occupation de 64,0 % 1.5.2.",3,pdf_text,high,"","",""
occupancy_rate,province,tshopo,Tshopo,2026-09-04,113,1,28,percent,prose,"","Sept (7) patients sont en isolement pour 25 lits, soit un taux d’occupation de 28,0 % •",3,pdf_text,high,"","",""
patients_isolated,province,haut-uele,Haut-Uélé,2026-09-04,113,1,62,patients,prose,"","Ainsi, 62 patients sont hospitalisés pour 128 lits, soit un taux d’occupation de 48,4%.",3,pdf_text,high,"","",""
patients_isolated,province,ituri,Ituri,2026-09-04,113,1,495,patients,prose,"","Ainsi, 495 patients sont hospitalisés pour 978 lits, soit un taux d’occupation de 50,6%.",3,pdf_text,high,"","",""
patients_isolated,province,nord-kivu,Nord-Kivu,2026-09-04,113,1,237,patients,prose,"","237 patients sont hospitalisés exprimant un taux d’occupation global des lits en CTE/CT est en sursaturation (107,7 % ;",3,pdf_text,high,"","",""
patients_isolated,province,sud-kivu,Sud-Kivu,2026-09-04,113,1,16,patients,prose,"","Seize (16) patients sont en isolement pour 25 lits, soit un taux d’occupation de 64,0 % 1.5.2.",3,pdf_text,high,"","",""
patients_isolated,province,tshopo,Tshopo,2026-09-04,113,1,7,patients,prose,"","Sept (7) patients sont en isolement pour 25 lits, soit un taux d’occupation de 28,0 % •",3,pdf_text,high,"","",""
admissions_24h,province,haut-uele,Haut-Uélé,2026-09-05,114,1,15,patients,prose,"","Au Haut Uélé, 15 nouvelles admissions contre 7 sorties (8 guéri).",3,pdf_text,high,"","",""
admissions_24h,province,ituri,Ituri,2026-09-05,114,1,100,patients,prose,"","En Ituri, 100 nouvelles admissions dans les différentes structures dédiées contre 85 sorties dont 21 guéris.",3,pdf_text,high,"","",""
admissions_24h,province,nord-kivu,Nord-Kivu,2026-09-05,114,1,54,patients,prose,"","Au Nord-Kivu, 54 nouvelles admissions et 38 sorties enregistrées dont 2 guéris ;",3,pdf_text,high,"","",""
exits_24h,province,haut-uele,Haut-Uélé,2026-09-05,114,1,7,patients,prose,"","Au Haut Uélé, 15 nouvelles admissions contre 7 sorties (8 guéri).",3,pdf_text,high,"","",""
exits_24h,province,ituri,Ituri,2026-09-05,114,1,85,patients,prose,"","En Ituri, 100 nouvelles admissions dans les différentes structures dédiées contre 85 sorties dont 21 guéris.",3,pdf_text,high,"","",""
exits_24h,province,nord-kivu,Nord-Kivu,2026-09-05,114,1,38,patients,prose,"","Au Nord-Kivu, 54 nouvelles admissions et 38 sorties enregistrées dont 2 guéris ;",3,pdf_text,high,"","",""
occupancy_rate,province,haut-uele,Haut-Uélé,2026-09-05,114,1,50.8,percent,prose,"","Ainsi, 65 patients sont hospitalisés pour 128 lits, soit un taux d’occupation de 50,8%.",3,pdf_text,high,"","",""
occupancy_rate,province,ituri,Ituri,2026-09-05,114,1,52.1,percent,prose,"","Ainsi, 510 patients sont hospitalisés pour 978 lits, soit un taux d’occupation de 52,1%.",3,pdf_text,high,"","",""
occupancy_rate,province,nord-kivu,Nord-Kivu,2026-09-05,114,1,115,percent,prose,"","253 patients sont hospitalisés exprimant un taux d’occupation global des lits en CTE/CT est en sursaturation (115,0 % ;",3,pdf_text,high,"","",""
occupancy_rate,province,sud-kivu,Sud-Kivu,2026-09-05,114,1,68,percent,prose,"","Au Sud-Kivu, Dix-sept (17) patients sont en isolement pour 25 lits, soit un taux d’occupation de 68,0 % 1.5.2.",3,pdf_text,high,"","",""
occupancy_rate,province,tshopo,Tshopo,2026-09-05,114,1,24,percent,prose,"","Six (6) patients sont en isolement pour 25 lits, soit un taux d’occupation de 24,0 % •",3,pdf_text,high,"","",""
patients_isolated,province,haut-uele,Haut-Uélé,2026-09-05,114,1,65,patients,prose,"","Ainsi, 65 patients sont hospitalisés pour 128 lits, soit un taux d’occupation de 50,8%.",3,pdf_text,high,"","",""
patients_isolated,province,ituri,Ituri,2026-09-05,114,1,510,patients,prose,"","Ainsi, 510 patients sont hospitalisés pour 978 lits, soit un taux d’occupation de 52,1%.",3,pdf_text,high,"","",""
patients_isolated,province,nord-kivu,Nord-Kivu,2026-09-05,114,1,253,patients,prose,"","253 patients sont hospitalisés exprimant un taux d’occupation global des lits en CTE/CT est en sursaturation (115,0 % ;",3,pdf_text,high,"","",""
patients_isolated,province,sud-kivu,Sud-Kivu,2026-09-05,114,1,17,patients,prose,"","Au Sud-Kivu, Dix-sept (17) patients sont en isolement pour 25 lits, soit un taux d’occupation de 68,0 % 1.5.2.",3,pdf_text,high,"","",""
patients_isolated,province,tshopo,Tshopo,2026-09-05,114,1,6,patients,prose,"","Six (6) patients sont en isolement pour 25 lits, soit un taux d’occupation de 24,0 % •",3,pdf_text,high,"","",""
admissions_24h,province,haut-uele,Haut-Uélé,2026-09-06,115,1,13,patients,prose,"","Au Haut Uélé, 13 nouvelles admissions contre 6 sorties (3 guéri).",3,pdf_text,high,"","",""
admissions_24h,province,ituri,Ituri,2026-09-06,115,1,55,patients,prose,"","En Ituri, 55 nouvelles admissions dans les différentes structures dédiées contre 79 sorties dont 11 guéris.",3,pdf_text,high,"","",""
admissions_24h,province,nord-kivu,Nord-Kivu,2026-09-06,115,1,67,patients,prose,"","Au Nord-Kivu, 67 nouvelles admissions et 58 sorties enregistrées dont 1 guéri ;",3,pdf_text,high,"","",""
exits_24h,province,haut-uele,Haut-Uélé,2026-09-06,115,1,6,patients,prose,"","Au Haut Uélé, 13 nouvelles admissions contre 6 sorties (3 guéri).",3,pdf_text,high,"","",""
exits_24h,province,ituri,Ituri,2026-09-06,115,1,79,patients,prose,"","En Ituri, 55 nouvelles admissions dans les différentes structures dédiées contre 79 sorties dont 11 guéris.",3,pdf_text,high,"","",""
exits_24h,province,nord-kivu,Nord-Kivu,2026-09-06,115,1,58,patients,prose,"","Au Nord-Kivu, 67 nouvelles admissions et 58 sorties enregistrées dont 1 guéri ;",3,pdf_text,high,"","",""
occupancy_rate,province,haut-uele,Haut-Uélé,2026-09-06,115,1,50.8,percent,prose,"","Ainsi, 68 patients sont hospitalisés pour 128 lits, soit un taux d’occupation de 50,8%.",3,pdf_text,high,"","",""
occupancy_rate,province,ituri,Ituri,2026-09-06,115,1,49.5,percent,prose,"","Ainsi, 484 patients sont hospitalisés pour 978 lits, soit un taux d’occupation de 49,5%.",3,pdf_text,high,"","",""
occupancy_rate,province,nord-kivu,Nord-Kivu,2026-09-06,115,1,123.2,percent,prose,"","262 patients sont hospitalisés exprimant un taux d’occupation global des lits en CTE/CT est en sursaturation (123,2 % ;",3,pdf_text,high,"","",""
occupancy_rate,province,tshopo,Tshopo,2026-09-06,115,1,20,percent,prose,"","Cinq (5) patients sont en isolement pour 25 lits, soit un taux d’occupation de 20,0 %.",3,pdf_text,high,"","",""
patients_isolated,province,haut-uele,Haut-Uélé,2026-09-06,115,1,68,patients,prose,"","Ainsi, 68 patients sont hospitalisés pour 128 lits, soit un taux d’occupation de 50,8%.",3,pdf_text,high,"","",""
patients_isolated,province,ituri,Ituri,2026-09-06,115,1,484,patients,prose,"","Ainsi, 484 patients sont hospitalisés pour 978 lits, soit un taux d’occupation de 49,5%.",3,pdf_text,high,"","",""
patients_isolated,province,nord-kivu,Nord-Kivu,2026-09-06,115,1,262,patients,prose,"","262 patients sont hospitalisés exprimant un taux d’occupation global des lits en CTE/CT est en sursaturation (123,2 % ;",3,pdf_text,high,"","",""
patients_isolated,province,tshopo,Tshopo,2026-09-06,115,1,5,patients,prose,"","Cinq (5) patients sont en isolement pour 25 lits, soit un taux d’occupation de 20,0 %.",3,pdf_text,high,"","",""
admissions_24h,province,haut-uele,Haut-Uélé,2026-09-07,116,1,11,patients,prose,"","Au Haut Uélé, 11 nouvelles admissions contre 6 sorties (4 guéries).",3,pdf_text,high,"","",""
admissions_24h,province,ituri,Ituri,2026-09-07,116,1,77,patients,prose,"","En Ituri, 77 nouvelles admissions dans les différentes structures dédiées contre 88 sorties dont 21 guéris.",3,pdf_text,high,"","",""
admissions_24h,province,nord-kivu,Nord-Kivu,2026-09-07,116,1,74,patients,prose,"","Au Nord-Kivu, 74 nouvelles admissions et 91 sorties enregistrées dont 2 guéries ;",3,pdf_text,high,"","",""
admissions_24h,province,sud-kivu,Sud-Kivu,2026-09-07,116,1,6,patients,prose,"","Au Sud-Kivu, 6 nouvelles admissions au décours de la journée, 20 patients sont en isolement (Taux d’occupation :80,0%).",3,pdf_text,high,"","",""
exits_24h,province,haut-uele,Haut-Uélé,2026-09-07,116,1,6,patients,prose,"","Au Haut Uélé, 11 nouvelles admissions contre 6 sorties (4 guéries).",3,pdf_text,high,"","",""
exits_24h,province,ituri,Ituri,2026-09-07,116,1,88,patients,prose,"","En Ituri, 77 nouvelles admissions dans les différentes structures dédiées contre 88 sorties dont 21 guéris.",3,pdf_text,high,"","",""
exits_24h,province,nord-kivu,Nord-Kivu,2026-09-07,116,1,91,patients,prose,"","Au Nord-Kivu, 74 nouvelles admissions et 91 sorties enregistrées dont 2 guéries ;",3,pdf_text,high,"","",""
occupancy_rate,province,haut-uele,Haut-Uélé,2026-09-07,116,1,48.4,percent,prose,"","Ainsi, 62 patients sont hospitalisés pour 128 lits, soit un taux d’occupation de 48,4%.",3,pdf_text,high,"","",""
occupancy_rate,province,ituri,Ituri,2026-09-07,116,1,48.4,percent,prose,"","Ainsi, 473 patients sont hospitalisés pour 978 lits, soit un taux d’occupation de 48,4% ;",3,pdf_text,high,"","",""
occupancy_rate,province,nord-kivu,Nord-Kivu,2026-09-07,116,1,115.5,percent,prose,"","254 patients sont hospitalisés exprimant un taux d’occupation global des lits en CTE/CT est en sursaturation (115,5 % ;",3,pdf_text,high,"","",""
occupancy_rate,province,sud-kivu,Sud-Kivu,2026-09-07,116,1,80,percent,prose,"","Au Sud-Kivu, 6 nouvelles admissions au décours de la journée, 20 patients sont en isolement (Taux d’occupation :80,0%).",3,pdf_text,high,"","",""
occupancy_rate,province,tshopo,Tshopo,2026-09-07,116,1,16,percent,prose,"","Quatre (4) patients sont en isolement pour 25 lits, soit un taux d’occupation de 16,0 %.",3,pdf_text,high,"","",""
patients_isolated,province,haut-uele,Haut-Uélé,2026-09-07,116,1,62,patients,prose,"","Ainsi, 62 patients sont hospitalisés pour 128 lits, soit un taux d’occupation de 48,4%.",3,pdf_text,high,"","",""
patients_isolated,province,ituri,Ituri,2026-09-07,116,1,473,patients,prose,"","Ainsi, 473 patients sont hospitalisés pour 978 lits, soit un taux d’occupation de 48,4% ;",3,pdf_text,high,"","",""
patients_isolated,province,nord-kivu,Nord-Kivu,2026-09-07,116,1,254,patients,prose,"","254 patients sont hospitalisés exprimant un taux d’occupation global des lits en CTE/CT est en sursaturation (115,5 % ;",3,pdf_text,high,"","",""
patients_isolated,province,sud-kivu,Sud-Kivu,2026-09-07,116,1,20,patients,prose,"","Au Sud-Kivu, 6 nouvelles admissions au décours de la journée, 20 patients sont en isolement (Taux d’occupation :80,0%).",3,pdf_text,high,"","",""
patients_isolated,province,tshopo,Tshopo,2026-09-07,116,1,4,patients,prose,"","Quatre (4) patients sont en isolement pour 25 lits, soit un taux d’occupation de 16,0 %.",3,pdf_text,high,"","",""
admissions_24h,province,haut-uele,Haut-Uélé,2026-09-08,117,1,3,patients,prose,"","Au Haut Uélé, 3 nouvelles admissions contre 16 sorties (11 guéries).",3,pdf_text,high,"","",""
admissions_24h,province,ituri,Ituri,2026-09-08,117,1,87,patients,prose,"","En Ituri, 87 nouvelles admissions dans les différentes structures dédiées contre 89 sorties dont 9 guéris.",3,pdf_text,high,"","",""
admissions_24h,province,nord-kivu,Nord-Kivu,2026-09-08,117,1,88,patients,prose,"","Au Nord-Kivu, 88 nouvelles admissions et 55 sorties enregistrées dont 1 guérie ;",3,pdf_text,high,"","",""
admissions_24h,province,tshopo,Tshopo,2026-09-08,117,1,3,patients,prose,"","À la Tshopo, 3 nouvelles admissions ont été enregistrées et aucune sortie (aucun guéri).",3,pdf_text,high,"","",""
exits_24h,province,haut-uele,Haut-Uélé,2026-09-08,117,1,16,patients,prose,"","Au Haut Uélé, 3 nouvelles admissions contre 16 sorties (11 guéries).",3,pdf_text,high,"","",""
exits_24h,province,ituri,Ituri,2026-09-08,117,1,89,patients,prose,"","En Ituri, 87 nouvelles admissions dans les différentes structures dédiées contre 89 sorties dont 9 guéris.",3,pdf_text,high,"","",""
exits_24h,province,nord-kivu,Nord-Kivu,2026-09-08,117,1,55,patients,prose,"","Au Nord-Kivu, 88 nouvelles admissions et 55 sorties enregistrées dont 1 guérie ;",3,pdf_text,high,"","",""
occupancy_rate,province,haut-uele,Haut-Uélé,2026-09-08,117,1,36.6,percent,prose,"","Ainsi, 49 patients sont hospitalisés pour 134 lits, soit un taux d’occupation de 36,6%.",3,pdf_text,high,"","",""
occupancy_rate,province,ituri,Ituri,2026-09-08,117,1,47.9,percent,prose,"","Ainsi, 471 patients sont hospitalisés pour 983 lits, soit un taux d’occupation de 47,9% ;",3,pdf_text,high,"","",""
occupancy_rate,province,nord-kivu,Nord-Kivu,2026-09-08,117,1,130.5,percent,prose,"","287 patients sont hospitalisés, soit un taux d’occupation global en sursaturation (130,5 % ;",3,pdf_text,high,"","",""
occupancy_rate,province,sud-kivu,Sud-Kivu,2026-09-08,117,1,76,percent,prose,"","Au Sud-Kivu, Aucune nouvelles admissions au décours de la journée, Une sortie et 19 patients sont en isolement (Taux d’occupation :76,0%).",3,pdf_text,high,"","",""
occupancy_rate,province,tshopo,Tshopo,2026-09-08,117,1,28,percent,prose,"","Sept (7) patients sont en isolement pour 25 lits, soit un taux d’occupation de 28,0 %.",3,pdf_text,high,"","",""
patients_isolated,province,haut-uele,Haut-Uélé,2026-09-08,117,1,49,patients,prose,"","Ainsi, 49 patients sont hospitalisés pour 134 lits, soit un taux d’occupation de 36,6%.",3,pdf_text,high,"","",""
patients_isolated,province,ituri,Ituri,2026-09-08,117,1,471,patients,prose,"","Ainsi, 471 patients sont hospitalisés pour 983 lits, soit un taux d’occupation de 47,9% ;",3,pdf_text,high,"","",""
patients_isolated,province,nord-kivu,Nord-Kivu,2026-09-08,117,1,287,patients,prose,"","287 patients sont hospitalisés, soit un taux d’occupation global en sursaturation (130,5 % ;",3,pdf_text,high,"","",""
patients_isolated,province,sud-kivu,Sud-Kivu,2026-09-08,117,1,19,patients,prose,"","Au Sud-Kivu, Aucune nouvelles admissions au décours de la journée, Une sortie et 19 patients sont en isolement (Taux d’occupation :76,0%).",3,pdf_text,high,"","",""
patients_isolated,province,tshopo,Tshopo,2026-09-08,117,1,7,patients,prose,"","Sept (7) patients sont en isolement pour 25 lits, soit un taux d’occupation de 28,0 %.",3,pdf_text,high,"","",""
admissions_24h,province,haut-uele,Haut-Uélé,2026-09-09,118,1,3,patients,prose,"","Au Haut Uélé, 3 nouvelles admissions contre 16 sorties (1 guéri).",3,pdf_text,high,"","",""
admissions_24h,province,ituri,Ituri,2026-09-09,118,1,92,patients,prose,"","En Ituri, 92 nouvelles admissions dans les différentes structures dédiées contre 106 sorties dont 32 guéris.",3,pdf_text,high,"","",""
admissions_24h,province,nord-kivu,Nord-Kivu,2026-09-09,118,1,72,patients,prose,"","Au Nord-Kivu, 72 nouvelles admissions et 68 sorties enregistrées dont 1 guéri ;",3,pdf_text,high,"","",""
exits_24h,province,haut-uele,Haut-Uélé,2026-09-09,118,1,16,patients,prose,"","Au Haut Uélé, 3 nouvelles admissions contre 16 sorties (1 guéri).",3,pdf_text,high,"","",""
exits_24h,province,ituri,Ituri,2026-09-09,118,1,106,patients,prose,"","En Ituri, 92 nouvelles admissions dans les différentes structures dédiées contre 106 sorties dont 32 guéris.",3,pdf_text,high,"","",""
exits_24h,province,nord-kivu,Nord-Kivu,2026-09-09,118,1,68,patients,prose,"","Au Nord-Kivu, 72 nouvelles admissions et 68 sorties enregistrées dont 1 guéri ;",3,pdf_text,high,"","",""
exits_24h,province,tshopo,Tshopo,2026-09-09,118,1,4,patients,prose,"","À la Tshopo, Aucune nouvelle admission n’a été enregistrée contre 4 sorties (2 guéris).",3,pdf_text,high,"","",""
occupancy_rate,province,haut-uele,Haut-Uélé,2026-09-09,118,1,40.3,percent,prose,"","Ainsi, 54 patients sont hospitalisés pour 134 lits, soit un taux d’occupation de 40,3% ;",3,pdf_text,high,"","",""
occupancy_rate,province,ituri,Ituri,2026-09-09,118,1,46.2,percent,prose,"","Ainsi, 457 patients sont hospitalisés pour 989 lits, soit un taux d’occupation de 46,2% ;",3,pdf_text,high,"","",""
occupancy_rate,province,nord-kivu,Nord-Kivu,2026-09-09,118,1,132.2,percent,prose,"","291 patients sont hospitalisés, soit un taux d’occupation global en sursaturation (132,2 % ;",3,pdf_text,high,"","",""
occupancy_rate,province,tshopo,Tshopo,2026-09-09,118,1,12,percent,prose,"","Trois (3) patients sont en isolement pour 25 lits, soit un taux d’occupation de 12,0 %.",3,pdf_text,high,"","",""
patients_isolated,province,haut-uele,Haut-Uélé,2026-09-09,118,1,54,patients,prose,"","Ainsi, 54 patients sont hospitalisés pour 134 lits, soit un taux d’occupation de 40,3% ;",3,pdf_text,high,"","",""
patients_isolated,province,ituri,Ituri,2026-09-09,118,1,457,patients,prose,"","Ainsi, 457 patients sont hospitalisés pour 989 lits, soit un taux d’occupation de 46,2% ;",3,pdf_text,high,"","",""
patients_isolated,province,nord-kivu,Nord-Kivu,2026-09-09,118,1,291,patients,prose,"","291 patients sont hospitalisés, soit un taux d’occupation global en sursaturation (132,2 % ;",3,pdf_text,high,"","",""
patients_isolated,province,tshopo,Tshopo,2026-09-09,118,1,3,patients,prose,"","Trois (3) patients sont en isolement pour 25 lits, soit un taux d’occupation de 12,0 %.",3,pdf_text,high,"","",""
admissions_24h,province,haut-uele,Haut-Uélé,2026-09-10,119,1,12,patients,prose,"","Au Haut-Uélé, 12 nouvelles admissions contre 1 sortie (Aucun guéri).",3,pdf_text,high,"","",""
admissions_24h,province,ituri,Ituri,2026-09-10,119,1,82,patients,prose,"","En Ituri, 82 nouvelles admissions dans les différentes structures dédiées contre 104 sorties dont 21 guéries.",3,pdf_text,high,"","",""
admissions_24h,province,nord-kivu,Nord-Kivu,2026-09-10,119,1,89,patients,prose,"","Au Nord-Kivu, 89 nouvelles admissions et 75 sorties enregistrées dont 3 guéries ;",3,pdf_text,high,"","",""
admissions_24h,province,tshopo,Tshopo,2026-09-10,119,1,1,patients,prose,"","À la Tshopo, 1 nouvelle admission a été enregistrée sans aucune sortie (aucun guéri).",3,pdf_text,high,"","",""
exits_24h,province,ituri,Ituri,2026-09-10,119,1,104,patients,prose,"","En Ituri, 82 nouvelles admissions dans les différentes structures dédiées contre 104 sorties dont 21 guéries.",3,pdf_text,high,"","",""
exits_24h,province,nord-kivu,Nord-Kivu,2026-09-10,119,1,75,patients,prose,"","Au Nord-Kivu, 89 nouvelles admissions et 75 sorties enregistrées dont 3 guéries ;",3,pdf_text,high,"","",""
occupancy_rate,province,haut-uele,Haut-Uélé,2026-09-10,119,1,47.8,percent,prose,"","Ainsi, 64 patients sont hospitalisés pour 134 lits, soit un taux d’occupation de 47,8% ;",3,pdf_text,high,"","",""
occupancy_rate,province,ituri,Ituri,2026-09-10,119,1,43.3,percent,prose,"","Ainsi, 435 patients sont hospitalisés pour 1005 lits, soit un taux d’occupation de 43,3% ;",3,pdf_text,high,"","",""
occupancy_rate,province,nord-kivu,Nord-Kivu,2026-09-10,119,1,141.4,percent,prose,"","311 patients sont hospitalisés, soit un taux d’occupation global en sursaturation (141,4%) ;",3,pdf_text,high,"","",""
occupancy_rate,province,sud-kivu,Sud-Kivu,2026-09-10,119,1,72,percent,prose,"","Au Sud-Kivu, Aucune nouvelle admission, 18 cas suspects restent en isolement (taux d’occupation de 72,0 %).",3,pdf_text,high,"","",""
occupancy_rate,province,tshopo,Tshopo,2026-09-10,119,1,29,percent,prose,"","Neuf (9) patients sont en isolement pour 31 lits, soit un taux d’occupation de 29,0 %.",3,pdf_text,high,"","",""
patients_isolated,province,haut-uele,Haut-Uélé,2026-09-10,119,1,64,patients,prose,"","Ainsi, 64 patients sont hospitalisés pour 134 lits, soit un taux d’occupation de 47,8% ;",3,pdf_text,high,"","",""
patients_isolated,province,ituri,Ituri,2026-09-10,119,1,435,patients,prose,"","Ainsi, 435 patients sont hospitalisés pour 1005 lits, soit un taux d’occupation de 43,3% ;",3,pdf_text,high,"","",""
patients_isolated,province,nord-kivu,Nord-Kivu,2026-09-10,119,1,311,patients,prose,"","311 patients sont hospitalisés, soit un taux d’occupation global en sursaturation (141,4%) ;",3,pdf_text,high,"","",""
patients_isolated,province,tshopo,Tshopo,2026-09-10,119,1,9,patients,prose,"","Neuf (9) patients sont en isolement pour 31 lits, soit un taux d’occupation de 29,0 %.",3,pdf_text,high,"","",""
admissions_24h,province,bas-uele,Bas-Uélé,2026-09-13,122,1,1,patients,prose,"","Au Bas-Uélé, une (1) nouvelle admission a été enregistrée contre une (1) sortie (non-cas) ;",3,pdf_text,high,"","",""
admissions_24h,province,haut-uele,Haut-Uélé,2026-09-13,122,1,7,patients,prose,"","Au Haut-Uélé, 7 nouvelles admissions ont été enregistrées contre 3 sorties.",3,pdf_text,high,"","",""
admissions_24h,province,ituri,Ituri,2026-09-13,122,1,86,patients,prose,"","En Ituri, 86 nouvelles admissions ont été enregistrées dans les différentes structures dédiées, contre 88 sorties dont 12 guérisons.",3,pdf_text,high,"","",""
admissions_24h,province,nord-kivu,Nord-Kivu,2026-09-13,122,1,46,patients,prose,"","Au Nord-Kivu, 46 nouvelles admissions ont été enregistrées contre 53 sorties, dont 2 guérisons ;",3,pdf_text,high,"","",""
exits_24h,province,haut-uele,Haut-Uélé,2026-09-13,122,1,3,patients,prose,"","Au Haut-Uélé, 7 nouvelles admissions ont été enregistrées contre 3 sorties.",3,pdf_text,high,"","",""
exits_24h,province,ituri,Ituri,2026-09-13,122,1,88,patients,prose,"","En Ituri, 86 nouvelles admissions ont été enregistrées dans les différentes structures dédiées, contre 88 sorties dont 12 guérisons.",3,pdf_text,high,"","",""
exits_24h,province,nord-kivu,Nord-Kivu,2026-09-13,122,1,53,patients,prose,"","Au Nord-Kivu, 46 nouvelles admissions ont été enregistrées contre 53 sorties, dont 2 guérisons ;",3,pdf_text,high,"","",""
occupancy_rate,province,haut-uele,Haut-Uélé,2026-09-13,122,1,51.5,percent,prose,"","Ainsi, 69 patients sont pris en charge en hospitalisation pour 134 lits, soit un taux d’occupation de 51,5 % ;",3,pdf_text,high,"","",""
occupancy_rate,province,ituri,Ituri,2026-09-13,122,1,46.5,percent,prose,"","Ainsi, 472 patients sont pris en charge en hospitalisation pour 1015 lits, soit un taux d’occupation de 46,5 % ;",3,pdf_text,high,"","",""
occupancy_rate,province,nord-kivu,Nord-Kivu,2026-09-13,122,1,145.6,percent,prose,"","332 patients sont pris en charge en hospitalisation, soit un taux d’occupation global en sursaturation (145,6 %) ;",3,pdf_text,high,"","",""
occupancy_rate,province,sud-kivu,Sud-Kivu,2026-09-13,122,1,68,percent,prose,"","Dix-sept (17) patients sont en isolement pour 25 lits, soit un taux d’occupation de 68,0 %.",3,pdf_text,high,"","",""
occupancy_rate,province,tshopo,Tshopo,2026-09-13,122,1,25.8,percent,prose,"","Huit (8) patients sont en isolement pour 31 lits, soit un taux d’occupation de 25,8%.",3,pdf_text,high,"","",""
patients_isolated,province,bas-uele,Bas-Uélé,2026-09-13,122,1,7,patients,prose,"","7 patients restent en isolement, dont 1 cas confirmé pris en charge à l’HGR de Ganga ;",3,pdf_text,high,"","",""
patients_isolated,province,haut-uele,Haut-Uélé,2026-09-13,122,1,69,patients,prose,"","Ainsi, 69 patients sont pris en charge en hospitalisation pour 134 lits, soit un taux d’occupation de 51,5 % ;",3,pdf_text,high,"","",""
patients_isolated,province,ituri,Ituri,2026-09-13,122,1,472,patients,prose,"","Ainsi, 472 patients sont pris en charge en hospitalisation pour 1015 lits, soit un taux d’occupation de 46,5 % ;",3,pdf_text,high,"","",""
patients_isolated,province,nord-kivu,Nord-Kivu,2026-09-13,122,1,332,patients,prose,"","332 patients sont pris en charge en hospitalisation, soit un taux d’occupation global en sursaturation (145,6 %) ;",3,pdf_text,high,"","",""
patients_isolated,province,sud-kivu,Sud-Kivu,2026-09-13,122,1,17,patients,prose,"","Dix-sept (17) patients sont en isolement pour 25 lits, soit un taux d’occupation de 68,0 %.",3,pdf_text,high,"","",""
patients_isolated,province,tshopo,Tshopo,2026-09-13,122,1,8,patients,prose,"","Huit (8) patients sont en isolement pour 31 lits, soit un taux d’occupation de 25,8%.",3,pdf_text,high,"","",""
