province,health_zone,health_area,locality,facility_type,facility_name,grid3id
Bas-Uele,Aketi,Aboso,,Centre de Santé,Aboso,Acasus_65031C7C97
Bas-Uele,Aketi,Ahaupa,,Centre de Santé,Ahaupa,Acasus_6E566671C5
Bas-Uele,Aketi,Andea,,Centre de Santé de Référence,Andea,Acasus_34EF54DA91
Bas-Uele,Aketi,Azande,,Centre de Santé,Azande,Acasus_C55829E491
Bas-Uele,Aketi,Bobema,,Centre de Santé,Bobema,Acasus_F6CB004405
Bas-Uele,Aketi,Boganga,,Centre de Santé,Boganga,Acasus_A10E3685AC
Bas-Uele,Aketi,Bombongolo,,Centre de Santé,Bombongolo,Acasus_348EE98776
Bas-Uele,Aketi,Bondunga,,Centre de Santé,Bondunga,Acasus_569C4A8BDA
Bas-Uele,Aketi,Bonzengo,,Centre de Santé,Bonzengo,Acasus_05D2BA5B27
Bas-Uele,Aketi,Bunduki,,Centre de Santé de Référence,Bunduki,Acasus_7CE29E15AF
Bas-Uele,Aketi,Dulia,,Centre de Santé de Référence,Dulia,Acasus_06020D9534
Bas-Uele,Aketi,Itimbiri,,Centre de Santé,Itimbiri,Acasus_F5C50C25C7
Bas-Uele,Aketi,Makoko,,Centre de Santé,Makoko,Acasus_AA1C6CE656
Bas-Uele,Aketi,Manginanginda,,Centre de Santé,Mangindanginda,Acasus_8F0B3A9701
Bas-Uele,Aketi,Mombwasa,,Centre de Santé,Mombwasa,Acasus_148EC35C4F
Bas-Uele,Aketi,Ngbongade,,Centre de Santé,Ngbongade,Acasus_480B96F10A
Bas-Uele,Aketi,Ngombo,,Centre de Santé,Ngombo,Acasus_27AA7C194B
Bas-Uele,Aketi,Pesana,,Centre de Santé,Pesana,Acasus_1F067910CB
Bas-Uele,Aketi,Wela,,Centre de Santé,Wela,Acasus_78F0C3B86E
Bas-Uele,Ango,Api,,Centre de Santé de Référence,Api,Acasus_DBEFCE55F5
Bas-Uele,Ango,Assa,,Centre de Santé de Référence,Assa,Acasus_CFE18FB1CB
Bas-Uele,Ango,Baepulu,,Centre de Santé,Baepulu,Acasus_F0A9B08262
Bas-Uele,Ango,Banda,,Centre de Santé de Référence,Banda,Acasus_470217467B
Bas-Uele,Ango,Bandueli,,Centre de Santé,Bandueli,Acasus_E74BEF030B
Bas-Uele,Ango,Bayule,,Centre de Santé,Bayule,Acasus_E72F68AB79
Bas-Uele,Ango,Buye,,Centre de Santé,Buye,Acasus_8E7A54281B
Bas-Uele,Ango,Dakwa,,Centre de Santé de Référence,Dakwa,Acasus_6F254CB7EF
Bas-Uele,Ango,Digba,,Centre de Santé,Digba,Acasus_E02AD633BB
Bas-Uele,Ango,Disolo,,Centre de Santé,Disolo,Acasus_496D1FD115
Bas-Uele,Ango,Mainika,,Centre de Santé,Mainika,Acasus_B51F89AF74
Bas-Uele,Ango,Makpoyo,,Centre de Santé,Makpoyo,Acasus_5A03906861
Bas-Uele,Ango,Mbabi,,Centre de Santé,Mbabi,Acasus_79F68BF235
Bas-Uele,Ango,Mbibili,,Centre de Santé,Mbibili,Acasus_90F91CDC0D
Bas-Uele,Ango,Mboti,,Centre de Santé,Mboti,Acasus_75EB5E06F8
Bas-Uele,Ango,Mugalie,,Centre de Santé,Mugalie,Acasus_F9BB5B37C8
Bas-Uele,Ango,Ndamana,,Centre de Santé,Ndamana,Acasus_8756A8E1B5
Bas-Uele,Ango,Samungu,,Centre de Santé,Samungu,Acasus_479A80D6E2
Bas-Uele,Ango,Sangwa,,Centre de Santé,Sangwa,Acasus_A619EEDFE9
Bas-Uele,Ango,Yassa,,Centre de Santé,Yassa,Acasus_4EDC17F9D0
Bas-Uele,Ango,Zamoy,,Centre de Santé,Zamoy,Acasus_377BB6FD5B
Bas-Uele,Bili,Api 2,,Centre de Santé,Api 2,Acasus_3FF28C88B3
Bas-Uele,Bili,Bambilo,,Centre de Santé de Référence,Bambilo,Acasus_58F74E5A03
Bas-Uele,Bili,Basokpio,,Centre de Santé,Basokpio,Acasus_6BC6444E74
Bas-Uele,Bili,Bulumasi,,Centre de Santé de Référence,Bulumasi,Acasus_F6FF55AB32
Bas-Uele,Bili,Dumobata,,Centre de Santé,Dumobata,Acasus_8BBBF4CC9C
Bas-Uele,Bili,Gitalio,,Centre de Santé,Gitalio,Acasus_449F62BAA4
Bas-Uele,Bili,Gumbu,,Centre de Santé,Gum,Acasus_316837F859
Bas-Uele,Bili,Mangoli,,Centre de Santé,Mangoli,Acasus_6A4056E6FE
Bas-Uele,Bili,Mumbu,,Hôpital Général de Référence,Bili,DHIS2_8177CDC686
Bas-Uele,Bili,Mumbu,,Centre de Santé,Mum,Acasus_1D606CA389
Bas-Uele,Bili,Roa,,Centre de Santé,Roa,Acasus_0BB609E1BD
Bas-Uele,Bondo,Baye,,Centre de Santé de Référence,Baye,Acasus_7C10BAE47B
Bas-Uele,Bondo,Dekere,,Centre de Santé,Dekere,Acasus_2DCDEA33DC
Bas-Uele,Bondo,Dengu,,Centre de Santé,Dengu,Acasus_70F78FB2BB
Bas-Uele,Bondo,Gatanga,,Centre de Santé,Gatanga,Acasus_85DC456717
Bas-Uele,Bondo,Kpakana,,Centre de Santé,Kpakana,Acasus_DE6CFC873C
Bas-Uele,Bondo,Kule,,Centre de Santé,Kule,Acasus_9AFA648197
Bas-Uele,Bondo,Masabe,,Centre de Santé,Masabe,Acasus_33EA311CB3
Bas-Uele,Bondo,Ntongo Etan,,Centre Hopitalier,Ntongo Etani,Acasus_C5459B511C
Bas-Uele,Bondo,Nungba,,Centre de Santé,Nungba,Acasus_3B5D6867C9
Bas-Uele,Bondo,Panzaka,,Centre de Santé,Panzaka,Acasus_2E6E9A6EF0
Bas-Uele,Bondo,Sasa,,Centre Hopitalier,Sasa,Acasus_083FD03911
Bas-Uele,Bondo,Tomibikisa,,Centre de Santé,Tomibikisa,Acasus_E743ACFFDB
Bas-Uele,Bondo,Yakpa,,Centre de Santé,Sc Yapka,Acasus_EA2EFA2D09
Bas-Uele,Bondo,Yakpa,,Centre de Santé de Référence,Yakpa,Acasus_611EB117C1
Bas-Uele,Buta,Bale,,Centre de Santé,Bale,Acasus_D811CA5A1B
Bas-Uele,Buta,Bamaria,,Centre de Santé,Bamaria,Acasus_2FB50EFBA4
Bas-Uele,Buta,Baruti,,Poste de Santé,Baruti Aire De,Acasus_575DF42219
Bas-Uele,Buta,Bomea,,Centre de Santé,Bomea,Acasus_ABDB31B4CF
Bas-Uele,Buta,Du Congo,,Hôpital Général de Référence,Buta,DHIS2_D57CDB402B
Bas-Uele,Buta,Du Congo,,Poste de Santé,Du Congo Aire De,Acasus_A333090C2D
Bas-Uele,Buta,Koteli,,Centre de Santé de Référence,Koteli,Acasus_A28AD0D627
Bas-Uele,Buta,Makala,,Centre de Santé,Makala,Acasus_840830E1D3
Bas-Uele,Buta,Malikuta,,Centre de Santé,Malikuta,Acasus_6E7C9A8F58
Bas-Uele,Buta,Maselebende,,Centre de Santé,Maselebende,Acasus_5F424AE5D2
Bas-Uele,Buta,Mobenge,,Centre de Santé,Mobenge,Acasus_D1E9171248
Bas-Uele,Buta,Popoka,,Centre de Santé de Référence,Popoka,Acasus_EDC8725392
Bas-Uele,Buta,Rive Gauche,,Centre de Santé,Rive Gauche,Acasus_E5D332A3BD
Bas-Uele,Buta,Rubi Lisanga,,Centre Hopitalier,Rubi Lisanga,Acasus_0B416981C2
Bas-Uele,Buta,Sukisa,,Centre de Santé de Référence,Sukisa,Acasus_AAAF17263B
Bas-Uele,Buta,Triangle,,Centre de Santé,Triangle,Acasus_D338736B81
Bas-Uele,Buta,Yema,,Centre de Santé,Yema,Acasus_592FF24DA5
Bas-Uele,Buta,Yeme,,Centre de Santé,Yeme,Acasus_F3CFB6C324
Bas-Uele,Ganga,Agri Uele,,Centre de Santé,Tobola,Acasus_F5A1DC89B8
Bas-Uele,Ganga,Bambesa,,Centre de Santé de Référence,Bambesa,Acasus_B719ABBFE7
Bas-Uele,Ganga,Bambili,,Centre de Santé,Bambili,Acasus_A83B5C182F
Bas-Uele,Ganga,Bambili,,Hôpital Général de Référence,Dingila,DHIS2_423275C9AC
Bas-Uele,Ganga,Danga,,Centre de Santé,Danga,Acasus_C3B968134F
Bas-Uele,Ganga,Dembia,,Centre de Santé,Dembia,Acasus_1CE2AA5567
Bas-Uele,Ganga,Doromo,,Centre de Santé,Doromo,Acasus_678BA71C13
Bas-Uele,Ganga,Ganga,,Centre de Santé de Référence,Ganga,Acasus_1CCF5CB1B6
Bas-Uele,Ganga,Kana,,Centre de Santé,Kana,Acasus_660102B75C
Bas-Uele,Ganga,Kopi,,Centre de Santé,Kopi,Acasus_1E83507E0C
Bas-Uele,Ganga,Lebo,,Centre de Santé,Lebo,Acasus_D8ED0A2E4E
Bas-Uele,Ganga,Likandi,,Centre de Santé,Likandi,Acasus_B1BCADBE59
Bas-Uele,Ganga,Mabodho,,Centre de Santé,Mabodho,Acasus_D1639D69B6
Bas-Uele,Ganga,Makongo,,Centre de Santé de Référence,Makongo,Acasus_7606DACF08
Bas-Uele,Ganga,Molambi,,Centre de Santé,Molambi,Acasus_AFC2F1C7F1
Bas-Uele,Ganga,Mongbaya,,Centre de Santé,Mongbaya,Acasus_C8BF65AE62
Bas-Uele,Ganga,Nebanguma,,Centre de Santé,Nebanguma,Acasus_C36D2468A7
Bas-Uele,Ganga,Ngbandea,,Centre de Santé,Ngbandea,Acasus_0D1C05A3F2
Bas-Uele,Ganga,Ngwale,,Centre de Santé,Ngwale,Acasus_E98D0E7575
Bas-Uele,Ganga,Sopi,,Centre de Santé,Sopi,Acasus_A151D814F1
Bas-Uele,Ganga,Zobia,,Centre de Santé de Référence,Zobia,Acasus_71BD9004A4
Bas-Uele,Likati,Azande,,Centre de Santé,Azande,Acasus_0143B4B06D
Bas-Uele,Likati,Difongo,,Centre de Santé,Difongo,Acasus_FDD319A4D7
Bas-Uele,Likati,Kulu,,Centre de Santé,Kulu,Acasus_6A65895DF3
Bas-Uele,Likati,Mabangu,,Poste de Santé,Dendu,Acasus_F9484827E8
Bas-Uele,Likati,Mabangu,,Centre de Santé,Mabangu,Acasus_2FA59265F6
Bas-Uele,Likati,Mopendu,,Centre de Santé,Mopendu,Acasus_75D065CE37
Bas-Uele,Likati,Muma,,Centre de Santé de Référence,Muma,Acasus_2360FA6EBC
Bas-Uele,Likati,Nambwa,,Centre de Santé de Référence,Nambwa,Acasus_C3120C5534
Bas-Uele,Likati,Ngay,,Centre de Santé,Ngay,Acasus_56526F78C6
Bas-Uele,Likati,Ngbatala,,Centre de Santé,Ngbatala,Acasus_906DABAC43
Bas-Uele,Likati,Panzaka,,Centre de Santé,Panzaka,Acasus_6CB1368BA1
Bas-Uele,Likati,Tobongisa,,Centre de Santé,Tobongisa,Acasus_1A3250D71A
Bas-Uele,Monga,Bella,,Centre de Santé,Bella,Acasus_C58C40DC45
Bas-Uele,Monga,Biasu,,Centre de Santé,Biasu,Acasus_89F403BFD3
Bas-Uele,Monga,Bondeko,,Centre de Santé de Référence,Bondeko,Acasus_11C902254B
Bas-Uele,Monga,Bondeko,,Poste de Santé,Sahali,DHIS2_9031E53EDB
Bas-Uele,Monga,Kolo,,Centre de Santé,Kolo,Acasus_5A0A8662C0
Bas-Uele,Monga,Lobi,,Centre de Santé de Référence,Lobi,Acasus_7D21871512
Bas-Uele,Monga,Mengi,,Centre de Santé,Mengi,Acasus_1457164038
Bas-Uele,Monga,Monga 1,,Centre de Santé,Monga 1,Acasus_E17F948A39
Bas-Uele,Monga,Monga 2,,Centre de Santé,Monga 2,Acasus_7332616741
Bas-Uele,Monga,Nzerret,,Centre de Santé de Référence,Nzerret,Acasus_A5E05D805D
Bas-Uele,Monga,Sombe,,Centre de Santé,Sombe,Acasus_B80FFD5AB4
Bas-Uele,Poko,Amadi,,Centre de Santé de Référence,Amadi,Acasus_FC714ABF67
Bas-Uele,Poko,Azapana,,Centre de Santé,Azapana,Acasus_8813AC181E
Bas-Uele,Poko,Balele,,Centre de Santé,Balele,Acasus_5A9568E0DF
Bas-Uele,Poko,Balengolu,,Centre de Santé,Balengolu,Acasus_21E2E6BC1B
Bas-Uele,Poko,Kana,,Centre de Santé,Kana,Acasus_8C63B8246E
Bas-Uele,Poko,Kembisa,,Centre de Santé de Référence,Kembisa,Acasus_3854282CCA
Bas-Uele,Poko,Kisanga,,Centre de Santé,Kisanga,Acasus_4D19923903
Bas-Uele,Poko,Mangoro,,Centre de Santé,Mangoro,Acasus_18F1B092F4
Bas-Uele,Poko,Mawa Gare,,Centre de Santé de Référence,Mawagarre,Acasus_0938209AFE
Bas-Uele,Poko,Mawa Geito,,Centre de Santé,Mawa Ngeito,Acasus_02FB92D3F0
Bas-Uele,Poko,Mbiri,,Centre de Santé,Mbiri,Acasus_3CAA7ABAC7
Bas-Uele,Poko,Nangombie,,Poste de Santé,Nangombie Aire De,Acasus_7EAF4DE66F
Bas-Uele,Poko,Naumbate,,Centre de Santé,Naumbate,Acasus_4D4A3E3DFF
Bas-Uele,Poko,Nenzepida,,Centre de Santé,Nenzepida,Acasus_93B1A7B37C
Bas-Uele,Poko,Neza,,Centre de Santé,Neza,Acasus_80BD394B30
Bas-Uele,Poko,Nguma,,Centre de Santé,Nguma,Acasus_A48D5EFC8E
Bas-Uele,Poko,Niapu,,Centre de Santé de Référence,Nyapu,Acasus_A5E923EFA3
Bas-Uele,Poko,Poko Centre,,Centre de Santé,Poko,Acasus_696DB50B42
Bas-Uele,Poko,Poko Centre,,Hôpital Général de Référence,Poko,Acasus_FD3C512F39
Bas-Uele,Poko,Seki,,Poste de Santé,Seki Aire De,Acasus_6E41B33444
Bas-Uele,Poko,Yuma,,Centre de Santé,Yuma,Acasus_253EF963D6
Bas-Uele,Titule,Agemeto,,Centre de Santé,Agemeto,Acasus_86EB164807
Bas-Uele,Titule,Andoma,,Centre de Santé,Andoma,Acasus_C04DA1E658
Bas-Uele,Titule,Gasende,,Centre de Santé,Gasende,Acasus_F80A97C2E6
Bas-Uele,Titule,Gbangatana,,Centre de Santé,Gbangatana,Acasus_1D83FF0A29
Bas-Uele,Titule,Kumu,,Centre de Santé de Référence,Kumu,Acasus_C8D5B324CB
Bas-Uele,Titule,Liguga,,Centre de Santé,Liguga,Acasus_0B99E9724C
Bas-Uele,Titule,Malingwia,,Centre de Santé,Malingwia,Acasus_7BD16368CD
Bas-Uele,Titule,Mbenge,,Centre de Santé,Mbenge,Acasus_42B6661FAA
Bas-Uele,Titule,Ngume,,Centre de Santé,Ngume,Acasus_3A57B875A3
Bas-Uele,Titule,Titule 1,,Hôpital Général de Référence,Titule,DHIS2_6C2D63713F
Bas-Uele,Titule,Titule 1,,Centre de Santé,Titule 1,Acasus_3ED784578B
Bas-Uele,Titule,Titule 2,,Centre de Santé,Titule 2,Acasus_E1E84B81E4
Bas-Uele,Viadana,Akpudu,,Centre de Santé,Akpudu,Acasus_340E496A9B
Bas-Uele,Viadana,Diabandigba,,Centre de Santé,Diabandingba,Acasus_9468043DBB
Bas-Uele,Viadana,Kavio,,Poste de Santé,Kavio Aire De,Acasus_C9872DBF9A
Bas-Uele,Viadana,Limba,,Centre de Santé de Référence,Limba,Acasus_66D2023BB9
Bas-Uele,Viadana,Lokando,,Centre de Santé,Lokando,Acasus_E4394AA5A1
Bas-Uele,Viadana,Manziada,,Centre de Santé,Manziada,Acasus_6D38E187F8
Bas-Uele,Viadana,Mazulu,,Centre de Santé,Mazulu,Acasus_37F97354F9
Bas-Uele,Viadana,Mbana,,Centre de Santé,Mbana,Acasus_635A6A4811
Bas-Uele,Viadana,Nagbongbo,,Centre de Santé,Nagbongbo,Acasus_0919B9B7EA
Bas-Uele,Viadana,Nalamu,,Centre de Santé,Nalamu,Acasus_CF780D9758
Bas-Uele,Viadana,Nawiwi,,Centre de Santé,Nawiwi,Acasus_CAFEFAF06E
Bas-Uele,Viadana,Neru,,Centre de Santé de Référence,Neru,Acasus_2BFC480A79
Bas-Uele,Viadana,Viadana,,Centre de Santé,Kobokobo,Acasus_CA46197A68
Bas-Uele,Viadana,Vungba,,Centre de Santé,Vungba,Acasus_8C94EA354D
Haut-Uele,Aba,Aba,,Centre de Santé,Aba,DHIS2_CA194D40AA
Haut-Uele,Aba,Aba,,Hôpital Général de Référence,Adjubha,DSNIS_8CF6C1FE8A
Haut-Uele,Aba,Aba,,Centre de Santé,Avo,DSNIS_6E476CC027
Haut-Uele,Aba,Atadra,,Centre de Santé,Atadra,Acasus_E3CAC57E68
Haut-Uele,Aba,Atadra,,Site Soin Communautaire,Bhia 2,DSNIS_B609347992
Haut-Uele,Aba,Atadra,,Site Soin Communautaire,Dudu,DSNIS_51C467F4DE
Haut-Uele,Aba,Atadra,,Site Soin Communautaire,Kendre,DSNIS_37C80A3B6F
Haut-Uele,Aba,Atadra,,Poste de Santé,Kitambala,DSNIS_B1E60B7537
Haut-Uele,Aba,Ataki,,Centre de Santé,Ataki,Acasus_AD61A547F5
Haut-Uele,Aba,Ataki,,Poste de Santé,Loka,DHIS2_9A673E1542
Haut-Uele,Aba,Ataki,,Poste de Santé,Missa,DSNIS_EE19CFB6CC
Haut-Uele,Aba,Ataki,,Poste de Santé,Rudu 1,DHIS2_2D58D71C0A
Haut-Uele,Aba,Baki,,Centre de Santé,Baki,Acasus_089C5A4373
Haut-Uele,Aba,Bele,,Centre de Santé,Bele Patarua,Acasus_7D634A6B88
Haut-Uele,Aba,Bele,,Poste de Santé,Ep 2 Baki,DSNIS_108F03350E
Haut-Uele,Aba,Bele,,Centre de Santé,Gaga,DSNIS_F2157E0B2B
Haut-Uele,Aba,Bele,,Centre Médical,Lipara,DSNIS_B2B779FD17
Haut-Uele,Aba,Bele,,Poste de Santé,Loka,DSNIS_463194419A
Haut-Uele,Aba,Bele,,Poste de Santé,Ndiri,DSNIS_1EBD6A0C02
Haut-Uele,Aba,Dramba,,Site Soin Communautaire,Bhia 1,DSNIS_76A67767EF
Haut-Uele,Aba,Dramba,,Centre de Santé,Dramba,Acasus_F439EA80EB
Haut-Uele,Aba,Dramba,,Poste de Santé,Gbulu,DSNIS_6FBA50EC81
Haut-Uele,Aba,Kamiru,,Centre de Santé,Kamiru,Acasus_6A652A3DC9
Haut-Uele,Aba,Kamiru,,Poste de Santé,Sinyawa,DSNIS_89DDBC6AC0
Haut-Uele,Aba,Kitambala,,Poste de Santé,Abhana,DSNIS_930C326340
Haut-Uele,Aba,Kitambala,,Site Soin Communautaire,Andiri,DSNIS_D90778BF9E
Haut-Uele,Aba,Kitambala,,Site Soin Communautaire,Ape,DSNIS_64BC4C4BEB
Haut-Uele,Aba,Kitambala,,Centre de Santé de Référence,Kitambala,Acasus_A231FBAB80
Haut-Uele,Aba,Kitambala,,Site Soin Communautaire,Lumery,DSNIS_6FEB609737
Haut-Uele,Aba,Kitambala,,Site Soin Communautaire,S Upipi,DSNIS_0000725C46
Haut-Uele,Aba,Kurukwata,,Centre de Santé,Kurukwata,Acasus_328D8DD460
Haut-Uele,Aba,Lagabe,,Centre de Santé,Lagabe,Acasus_E17992AB0D
Haut-Uele,Aba,Lagabe,,Site Soin Communautaire,Massabe,DSNIS_42616A6C3E
Haut-Uele,Aba,Lipara,,Site Soin Communautaire,Kozoba,DSNIS_A7D9F80A02
Haut-Uele,Aba,Lipara,,Poste de Santé,Lipara,DSNIS_43D4787420
Haut-Uele,Aba,Lipara,,Centre de Santé,Lipara,Acasus_755D390934
Haut-Uele,Aba,Lipara,,Site Soin Communautaire,Lugubi,DSNIS_F5EFC14BB7
Haut-Uele,Aba,Massabe,,Poste de Santé,Adrau,DSNIS_54A72439AB
Haut-Uele,Aba,Massabe,,Centre de Santé,Dudu,DSNIS_C26EE4B95D
Haut-Uele,Aba,Massabe,,Site Soin Communautaire,Marche Abhanva,DSNIS_E08BAEC7B1
Haut-Uele,Aba,Massabe,,Centre de Santé,Massabe,Acasus_555DA97ACB
Haut-Uele,Aba,Massabe,,Site Soin Communautaire,Route Aru,DSNIS_8ECCF0C2F9
Haut-Uele,Aba,Nyalanya,,Bureau Central de la Zone de Santé,Aba,DSNIS_6A39BD4292
Haut-Uele,Aba,Nyalanya,,Centre de Santé,Nyalanya,Acasus_013A347F2E
Haut-Uele,Aba,Nyari,,Centre de Santé,Nyari,Acasus_0D380B6D2C
Haut-Uele,Aba,Tayo,,Site Soin Communautaire,Liwadhi,DSNIS_60CB3CB3D8
Haut-Uele,Aba,Tayo,,Site Soin Communautaire,Sagu,DSNIS_6B3B0C9AF5
Haut-Uele,Aba,Tayo,,Site Soin Communautaire,Tayo,DSNIS_34E2DCC683
Haut-Uele,Aba,Tayo,,Centre de Santé,Tayo,Acasus_52C2EE99E8
Haut-Uele,Aba,Todro,,Centre de Santé de Référence,Piri,DSNIS_47BAC376B6
Haut-Uele,Aba,Todro,,Site Soin Communautaire,Tayo 2,DSNIS_40DA1AB8A0
Haut-Uele,Aba,Todro,,Centre de Santé,Todro,Acasus_F5944A9307
Haut-Uele,Aba,Todro,,Site Soin Communautaire,Upipi,DSNIS_7A313018C0
Haut-Uele,Boma Mangbetu,Adedo,,Hôpital,Adedo,Acasus_D3A4615F45
Haut-Uele,Boma Mangbetu,Adedo,,Poste de Santé,Juhudi,DSNIS_F526532E39
Haut-Uele,Boma Mangbetu,Adedo,,Centre de Santé,Mandele,Acasus_A17902BABD
Haut-Uele,Boma Mangbetu,Adjangwe,,Centre de Santé,Adjandwe,Acasus_EEAE493EAB
Haut-Uele,Boma Mangbetu,Adjangwe,,Site Soin Communautaire,Babodo,DSNIS_5D3A334572
Haut-Uele,Boma Mangbetu,Adjangwe,,Poste de Santé,Badebugo,DSNIS_513069BCA3
Haut-Uele,Boma Mangbetu,Adjangwe,,Site Soin Communautaire,Gongo,DSNIS_4611AF440F
Haut-Uele,Boma Mangbetu,Adjangwe,,Poste de Santé,Masanga,DSNIS_F71F55C647
Haut-Uele,Boma Mangbetu,Badamoni,,Centre de Santé,Badamoni,Acasus_E29925FDEA
Haut-Uele,Boma Mangbetu,Badamoni,,Poste de Santé,Bakana,DSNIS_7727F17BF2
Haut-Uele,Boma Mangbetu,Badamoni,,Poste de Santé,Bakapele,DHIS2_D25552C1A5
Haut-Uele,Boma Mangbetu,Badamoni,,Poste de Santé,Bakese,DSNIS_46D9321B3D
Haut-Uele,Boma Mangbetu,Badamoni,,Poste de Santé,Basakawa,DHIS2_331A617823
Haut-Uele,Boma Mangbetu,Badamoni,,Poste de Santé,Bawoya,DHIS2_36E12F45CC
Haut-Uele,Boma Mangbetu,Badamoni,,Poste de Santé,Bayabo,DSNIS_FF2F36D3A0
Haut-Uele,Boma Mangbetu,Badamoni,,Site Soin Communautaire,Masongwe,DSNIS_87B27593E5
Haut-Uele,Boma Mangbetu,Badamoni,,Poste de Santé,Ngbondo,DSNIS_BED4BDDA7B
Haut-Uele,Boma Mangbetu,Bafwabaka,,Poste de Santé,Amange,DHIS2_E7621A40EE
Haut-Uele,Boma Mangbetu,Bafwabaka,,Centre de Santé,Bafabaka,DSNIS_6B6627D378
Haut-Uele,Boma Mangbetu,Bafwabaka,,Centre de Santé de Référence,Bafwabaka,DHIS2_5EE95E62EB
Haut-Uele,Boma Mangbetu,Bafwabaka,,Poste de Santé,Bavadangba,DSNIS_88659450D4
Haut-Uele,Boma Mangbetu,Bafwabaka,,Site Soin Communautaire,Bavagbango,DSNIS_A3CEE3FFC5
Haut-Uele,Boma Mangbetu,Bafwabaka,,Poste de Santé,Bavapibu,DSNIS_033E5445F4
Haut-Uele,Boma Mangbetu,Bafwabaka,,Site Soin Communautaire,Bovongilangwe,DSNIS_6B2C6BCAD3
Haut-Uele,Boma Mangbetu,Bakangi,,Centre de Santé,Bakangi,Acasus_5BC8462FBB
Haut-Uele,Boma Mangbetu,Bakangi,,Site Soin Communautaire,Bakwanza,DSNIS_50113D2C1C
Haut-Uele,Boma Mangbetu,Bakangi,,Site Soin Communautaire,Bangima,DSNIS_7E208F1930
Haut-Uele,Boma Mangbetu,Bakangi,,Poste de Santé,Bangululu,DSNIS_79175DDC51
Haut-Uele,Boma Mangbetu,Bakangi,,Poste de Santé,Budu,DHIS2_9B2CF18723
Haut-Uele,Boma Mangbetu,Bakangi,,Poste de Santé,Makangangwe,DSNIS_52F6EF8BCF
Haut-Uele,Boma Mangbetu,Bakangi,,Poste de Santé,Makelele,DSNIS_E460B61C00
Haut-Uele,Boma Mangbetu,Bavamasia,,Centre de Santé,Bavamasia,Acasus_B3E0F342C4
Haut-Uele,Boma Mangbetu,Bavamasia,,Poste de Santé,Bavanasane,DSNIS_C2F769F7C0
Haut-Uele,Boma Mangbetu,Bavamasia,,Poste de Santé,Beveguku,DSNIS_417AE13064
Haut-Uele,Boma Mangbetu,Bavamasia,,Poste de Santé,Bovoputoningwe,DSNIS_99F1AB1560
Haut-Uele,Boma Mangbetu,Bavamasia,,Poste de Santé,Gbae Gbae,DHIS2_C94BA11D9D
Haut-Uele,Boma Mangbetu,Bevesieni,,Poste de Santé,Alima,DSNIS_8DBDF93290
Haut-Uele,Boma Mangbetu,Bevesieni,,Site Soin Communautaire,Bahati,DSNIS_06DCA2CA1C
Haut-Uele,Boma Mangbetu,Bevesieni,,Site Soin Communautaire,Bakpee,DSNIS_FFAA7FA578
Haut-Uele,Boma Mangbetu,Bevesieni,,Centre de Santé,Bevesieni,Acasus_707392A347
Haut-Uele,Boma Mangbetu,Bevesieni,,Poste de Santé,Maika,DSNIS_F4EE7D50EE
Haut-Uele,Boma Mangbetu,Boma Mangbetu,,Poste de Santé,Bapalay,DHIS2_B456AC464B
Haut-Uele,Boma Mangbetu,Boma Mangbetu,,Site Soin Communautaire,Basakuma,DSNIS_6A82A50852
Haut-Uele,Boma Mangbetu,Boma Mangbetu,,Site Soin Communautaire,Basatu,DSNIS_D387E82C08
Haut-Uele,Boma Mangbetu,Boma Mangbetu,,Centre de Santé,Boma Mangbetu,Acasus_F61B747C8C
Haut-Uele,Boma Mangbetu,Boma Mangbetu,,Hôpital Général de Référence,Boma Mangbetu,DHIS2_C6716DCCDE
Haut-Uele,Boma Mangbetu,Boma Mangbetu,,Poste de Santé,Ibiatoku,DHIS2_0B41A7337E
Haut-Uele,Boma Mangbetu,Boma Mangbetu,,Poste de Santé,Monzambe,DSNIS_9C8D270E65
Haut-Uele,Boma Mangbetu,Gombe,,Centre Hopitalier,Abetane Nangaa,DSNIS_795B4E3BD3
Haut-Uele,Boma Mangbetu,Gombe,,Poste de Santé,Bagomba,DSNIS_53F6DEC7DA
Haut-Uele,Boma Mangbetu,Gombe,,Poste de Santé,Banyama,DSNIS_C4B99127E2
Haut-Uele,Boma Mangbetu,Gombe,,Poste de Santé,Faradja,DSNIS_A655E9D9A8
Haut-Uele,Boma Mangbetu,Gombe,,Centre de Santé,Gombe,Acasus_87E4B2E87A
Haut-Uele,Boma Mangbetu,Gombe,,Site Soin Communautaire,Igbende,DSNIS_7020B14A4A
Haut-Uele,Boma Mangbetu,Legu,,Poste de Santé,Baboe E Sanga,DSNIS_33C5744209
Haut-Uele,Boma Mangbetu,Legu,,Poste de Santé,Bianaka,Acasus_0681BCAB3F
Haut-Uele,Boma Mangbetu,Legu,,Centre de Santé,Legu,Acasus_3950770462
Haut-Uele,Boma Mangbetu,Mataku,,Site Soin Communautaire,Bafewaka,DSNIS_05202BD9AD
Haut-Uele,Boma Mangbetu,Mataku,,Site Soin Communautaire,Bangbuka,DSNIS_B9E4CF5DDD
Haut-Uele,Boma Mangbetu,Mataku,,Poste de Santé,Kezo,DSNIS_8251BC37B5
Haut-Uele,Boma Mangbetu,Mataku,,Centre de Santé,Mataku,Acasus_8F763146B2
Haut-Uele,Boma Mangbetu,Mataku,,Poste de Santé,Petit Poisson,DSNIS_EC4A751A37
Haut-Uele,Boma Mangbetu,Nambose,,Poste de Santé,Agri Kondangwe,DHIS2_59A372EF6E
Haut-Uele,Boma Mangbetu,Nambose,,Site Soin Communautaire,Babunza,DSNIS_C5428A4F2D
Haut-Uele,Boma Mangbetu,Nambose,,Poste de Santé,Bamudo,DSNIS_EF3182EEF2
Haut-Uele,Boma Mangbetu,Nambose,,Poste de Santé,Bengyee,DHIS2_39BD5F9BBB
Haut-Uele,Boma Mangbetu,Nambose,,Centre de Santé,Nambose,Acasus_4BFED9888C
Haut-Uele,Boma Mangbetu,Obongoni,,Poste de Santé,Asengi,DHIS2_450AE91E8B
Haut-Uele,Boma Mangbetu,Obongoni,,Poste de Santé,Badimba,DSNIS_176587C07A
Haut-Uele,Boma Mangbetu,Obongoni,,Site Soin Communautaire,Batindia,DSNIS_84B26BDB23
Haut-Uele,Boma Mangbetu,Obongoni,,Poste de Santé,Bovodupo,DSNIS_C664449E01
Haut-Uele,Boma Mangbetu,Obongoni,,Site Soin Communautaire,Gbagaa,DSNIS_382C268A97
Haut-Uele,Boma Mangbetu,Obongoni,,Poste de Santé,Nepoko,DSNIS_C53584039D
Haut-Uele,Boma Mangbetu,Obongoni,,Centre de Santé,Obongoni,Acasus_2DA4E5FA88
Haut-Uele,Boma Mangbetu,Yamo,,Site Soin Communautaire,Bafigbadu,DSNIS_1F3DE23625
Haut-Uele,Boma Mangbetu,Yamo,,Poste de Santé,Bangome,DSNIS_0D3D225088
Haut-Uele,Boma Mangbetu,Yamo,,Site Soin Communautaire,Basisono,DSNIS_AE4B6F164E
Haut-Uele,Boma Mangbetu,Yamo,,Poste de Santé,Kokoo,Acasus_B046CE9558
Haut-Uele,Boma Mangbetu,Yamo,,Poste de Santé,Legbo,DHIS2_D2445A08C1
Haut-Uele,Boma Mangbetu,Yamo,,Centre de Santé,Yamo,Acasus_29C34513B1
Haut-Uele,Doruma,Bangadi,,Poste de Santé,Badolo,DHIS2_485BB5CD1D
Haut-Uele,Doruma,Bangadi,,Centre de Santé de Référence,Bangadi,Acasus_B39E5083A1
Haut-Uele,Doruma,Diagbe,,Centre de Santé,Diagbe,DHIS2_D070542B7A
Haut-Uele,Doruma,Diagbe,,Site Soin Communautaire,Makungulu,DSNIS_12BC9CB40E
Haut-Uele,Doruma,Diagbe,,Poste de Santé,Makungulu,DSNIS_BB9031A032
Haut-Uele,Doruma,Diagbe,,Poste de Santé,Zikilingi,DSNIS_64A29A5BEC
Haut-Uele,Doruma,Diebio,,Centre de Santé,Diebio,Acasus_4FC796F201
Haut-Uele,Doruma,Diebio,,Site Soin Communautaire,Milagbe,DSNIS_89822E7D5B
Haut-Uele,Doruma,Doruma,,Centre de Santé,Doruma,Acasus_024BBE5BB7
Haut-Uele,Doruma,Doruma,,Hôpital Général de Référence,Doruma,DHIS2_7CC75A207D
Haut-Uele,Doruma,Doruma,,Poste de Santé,Gurba,DSNIS_93115D9E23
Haut-Uele,Doruma,Doruma,,Poste de Santé,Nambili,Acasus_30A3116C21
Haut-Uele,Doruma,Gangala,,Poste de Santé,Bakudangba,DHIS2_51FEA88AF3
Haut-Uele,Doruma,Gangala,,Centre de Santé,Gangala,Acasus_E552DC6199
Haut-Uele,Doruma,Gangala,,Site Soin Communautaire,Kposi,DSNIS_7E88D18FF4
Haut-Uele,Doruma,Kana,,Centre de Santé,Kana,Acasus_A701E800F7
Haut-Uele,Doruma,Kapili,,Centre de Santé,Kapili,Acasus_D897F9946A
Haut-Uele,Doruma,Masombo,,Centre de Santé,Masombo,Acasus_B0B53618D1
Haut-Uele,Doruma,Masombo,,Site Soin Communautaire,Sugba,DSNIS_4B3C50E9A3
Haut-Uele,Doruma,Naparka,,Site Soin Communautaire,Bambangana,DSNIS_F0635DDBB3
Haut-Uele,Doruma,Naparka,,Centre de Santé,Naparka,Acasus_0B7F1A5BA4
Haut-Uele,Doruma,Napopo,,Poste de Santé,Napopo Aire De,Acasus_5098EDAF5F
Haut-Uele,Doruma,Ngilima,,Centre de Santé,Durukpasi,Acasus_004104FCEF
Haut-Uele,Doruma,Ngilima,,Centre de Santé de Référence,Ngilima,Acasus_5BC11732E0
Haut-Uele,Doruma,Weneki,,Centre de Santé,Weneki,Acasus_F803F0DCEB
Haut-Uele,Dungu,Afu,,Centre de Santé,Afu,Acasus_034EC32AD9
Haut-Uele,Dungu,Afu,,Site Soin Communautaire,Agroupi,DSNIS_8488A46608
Haut-Uele,Dungu,Afu,,Poste de Santé,Manzia,DSNIS_16BEA8BED5
Haut-Uele,Dungu,Bakote,,Poste de Santé,Ararat,DSNIS_160A177813
Haut-Uele,Dungu,Bakote,,Centre de Santé,Bakote,Acasus_2F8B3AA371
Haut-Uele,Dungu,Bakote,,Poste de Santé,Dungu Ville,DSNIS_0B5A581F8C
Haut-Uele,Dungu,Bakote,,Clinique,Ique Sainte Trinite,DSNIS_6D82999F73
Haut-Uele,Dungu,Bakote,,Clinique,Louis Segond,DSNIS_BA94DE7D6E
Haut-Uele,Dungu,Bakote,,Poste de Santé,Nangwaka,DSNIS_658ACA0407
Haut-Uele,Dungu,Bamokandi,,Clinique,Bamokandi,DSNIS_6B8DFAE145
Haut-Uele,Dungu,Bamokandi,,Poste de Santé,Bamokandi,DSNIS_67644C2D91
Haut-Uele,Dungu,Bamokandi,,Clinique,Ique Undahe,DSNIS_A214EDAEBC
Haut-Uele,Dungu,Bamokandi,,Centre de Santé,Namboli,Acasus_A3E11188D5
Haut-Uele,Dungu,Biodi,,Centre de Santé,Biodi,Acasus_8CB5BC94F4
Haut-Uele,Dungu,Biodi,,Poste de Santé,Birima,DSNIS_E5E0F43AB5
Haut-Uele,Dungu,Biodi,,Poste de Santé,Zioto,DSNIS_C4011C2B7A
Haut-Uele,Dungu,Bitima,,Centre de Santé,Bitima,Acasus_F5CAAFB754
Haut-Uele,Dungu,Dungu May,,Centre de Santé,Dungu May,Acasus_1DA1FA52BE
Haut-Uele,Dungu,Dungu May,,Site Soin Communautaire,Kakalika,DSNIS_EFD532D6BB
Haut-Uele,Dungu,Dungu May,,Poste de Santé,Nakofo,DSNIS_BB6313321E
Haut-Uele,Dungu,Dungu Uye,,Poste de Santé,Boboto,Acasus_B1315CCA40
Haut-Uele,Dungu,Dungu Uye,,Centre de Santé,Dungu Uye,Acasus_C795883ACA
Haut-Uele,Dungu,Dungu Uye,,Poste de Santé,Mazolodi,DSNIS_9B35136A82
Haut-Uele,Dungu,Dungu Uye,,Site Soin Communautaire,Nanzali,DSNIS_D1204DA6E9
Haut-Uele,Dungu,Dungu Uye,,Site Soin Communautaire,Nanzawa,DSNIS_0402C183B4
Haut-Uele,Dungu,Duru,,Centre de Santé,Duru,Acasus_540EC59431
Haut-Uele,Dungu,Duru,,Poste de Santé,Kpaika,DSNIS_BD624BEFC0
Haut-Uele,Dungu,Duru,,Poste de Santé,Nakale,DSNIS_3E909AA66E
Haut-Uele,Dungu,Duru,,Site Soin Communautaire,Pont Solow,DSNIS_CDC3174CEA
Haut-Uele,Dungu,Kiliwa,,Centre de Santé,Kiliwa,Acasus_A183B8A200
Haut-Uele,Dungu,Kiliwa,,Site Soin Communautaire,Kumbolongo,DSNIS_020132F7A1
Haut-Uele,Dungu,Kiliwa,,Poste de Santé,Li May,DHIS2_6D39794C65
Haut-Uele,Dungu,Kosa,,Site Soin Communautaire,Bagulupa,DSNIS_AFD7689567
Haut-Uele,Dungu,Kosa,,Poste de Santé,Gangala,DSNIS_0C5C4ABB52
Haut-Uele,Dungu,Kosa,,Centre de Santé,Kosa,Acasus_D8778106A8
Haut-Uele,Dungu,Kosa,,Centre Hopitalier,Nagero,DHIS2_A1F48D4981
Haut-Uele,Dungu,Kosa,,Site Soin Communautaire,Nakubu,DSNIS_2DD8B7BB9A
Haut-Uele,Dungu,Kosa,,Poste de Santé,Zambaleke,DSNIS_0BC7F0C766
Haut-Uele,Dungu,Kpekpere,,Centre de Santé,Kpekpere,Acasus_DFDF075F01
Haut-Uele,Dungu,Kpekpere,,Poste de Santé,Li Lungbu,DSNIS_84ED50E924
Haut-Uele,Dungu,Li Pay,,Poste de Santé,Ako,DSNIS_8AA42192D5
Haut-Uele,Dungu,Li Pay,,Poste de Santé,Bungu,DSNIS_D28EB5AF35
Haut-Uele,Dungu,Li Pay,,Poste de Santé,Li Kpezu,DSNIS_61DA69C4B5
Haut-Uele,Dungu,Li Pay,,Centre de Santé,Li Pay,Acasus_B4C7FBA7C7
Haut-Uele,Dungu,Li Pay,,Site Soin Communautaire,Motobi,DSNIS_3F372EF14C
Haut-Uele,Dungu,Li Pay,,Poste de Santé,Napedi,DSNIS_B26DAEF59C
Haut-Uele,Dungu,Li Uye,,Poste de Santé,Biti,DSNIS_C8BB3F3CAA
Haut-Uele,Dungu,Li Uye,,Poste de Santé,Gakopay,DSNIS_74D92FCADA
Haut-Uele,Dungu,Li Uye,,Centre de Santé,Li Uye,Acasus_E1A3D23A8F
Haut-Uele,Dungu,Li Uye,,Poste de Santé,Malindo,DSNIS_C619F3C02E
Haut-Uele,Dungu,Li Uye,,Site Soin Communautaire,Mbelenange,DSNIS_22DF336E86
Haut-Uele,Dungu,Li Uye,,Poste de Santé,Nadu,DSNIS_02821C26B2
Haut-Uele,Dungu,Li Uye,,Poste de Santé,Nambia,DSNIS_71AD7A5120
Haut-Uele,Dungu,Li Uye,,Poste de Santé,Nyebate,DSNIS_32BC7FE563
Haut-Uele,Dungu,Mangese,,Poste de Santé,La Guerrison,DSNIS_BD7BE04FFD
Haut-Uele,Dungu,Mangese,,Centre de Santé,Mangese,Acasus_205585AD64
Haut-Uele,Dungu,Mangese,,Poste de Santé,Paradox,DSNIS_C4EBC46393
Haut-Uele,Dungu,Mangese,,Poste de Santé,Siera Echo,DSNIS_3EAAF14621
Haut-Uele,Dungu,Mangese,,Poste de Santé,Tulizeni,DSNIS_9F04D40C04
Haut-Uele,Dungu,Mbadainga,,Centre de Santé,Mbadainga,Acasus_6409F9B44B
Haut-Uele,Dungu,Mbadainga,,Poste de Santé,Nadi,DSNIS_CFCC3DF413
Haut-Uele,Dungu,Mbadainga,,Poste de Santé,Yangi,DSNIS_9CC9551C3D
Haut-Uele,Dungu,Musa,,Clinique,Comboni,DSNIS_60EFCCAA86
Haut-Uele,Dungu,Musa,,Hôpital Général de Référence,Dungu,DSNIS_308BF07B04
Haut-Uele,Dungu,Musa,,Clinique,Iyadogo,DSNIS_57185D78F6
Haut-Uele,Dungu,Musa,,Poste de Santé,La Gloire,DSNIS_45BFD6C874
Haut-Uele,Dungu,Musa,,Poste de Santé,La Grace,DSNIS_035E333A28
Haut-Uele,Dungu,Musa,,Centre de Santé,Musa,Acasus_35CCAA15A1
Haut-Uele,Dungu,Nango,,Centre de Santé,Kaka,Acasus_EB01F7430A
Haut-Uele,Dungu,Nango,,Site Soin Communautaire,Li Ka,DSNIS_2A4AA8E860
Haut-Uele,Dungu,Nango,,Poste de Santé,Nango,DSNIS_4F36D2E373
Haut-Uele,Dungu,Ndedu,,Poste de Santé,Bondi,DSNIS_22670CB318
Haut-Uele,Dungu,Ndedu,,Poste de Santé,Dakpa,DSNIS_E44B603B8D
Haut-Uele,Dungu,Ndedu,,Site Soin Communautaire,Giango,DSNIS_01266EABD5
Haut-Uele,Dungu,Ndedu,,Poste de Santé,Litobo,DSNIS_8D474521C4
Haut-Uele,Dungu,Ndedu,,Poste de Santé,Mayau,DSNIS_5B8429A102
Haut-Uele,Dungu,Ndedu,,Centre Hopitalier,Ndedu,DHIS2_76C6E9793F
Haut-Uele,Dungu,Ndedu,,Centre de Santé,Ndedu,Acasus_DFDD40FB75
Haut-Uele,Dungu,Ndedu,,Centre de Santé,Vsmer,DSNIS_A776565B53
Haut-Uele,Dungu,Ndedu,,Poste de Santé,Wando,DSNIS_00FB2E80BF
Haut-Uele,Dungu,Sambia,,Poste de Santé,Boboto,DSNIS_94BD3CBB60
Haut-Uele,Dungu,Sambia,,Centre de Santé,Comboni,Acasus_08847FA293
Haut-Uele,Dungu,Sambia,,Poste de Santé,Dieu Qui Guerrit,DSNIS_38BED89563
Haut-Uele,Dungu,Sambia,,Poste de Santé,Divine,DSNIS_A27608F558
Haut-Uele,Dungu,Sambia,,Poste de Santé,Jardin Du Peuple,DSNIS_04D77C98EB
Haut-Uele,Dungu,Sambia,,Poste de Santé,La Gloire,DSNIS_5F4E2C9652
Haut-Uele,Dungu,Sambia,,Poste de Santé,Nzorop,DSNIS_7E0ED36646
Haut-Uele,Dungu,Sambia,,Poste de Santé,Police Nationale Congolaise,DSNIS_2F41730784
Haut-Uele,Dungu,Sambia,,Centre de Santé de Référence,Sambia,Acasus_3A6C6C842A
Haut-Uele,Dungu,Wandote,,Poste de Santé,Anuarite,DSNIS_C2E024BFC1
Haut-Uele,Dungu,Wandote,,Poste de Santé,Arama,DSNIS_6F0570B9BB
Haut-Uele,Dungu,Wandote,,Poste de Santé,Ariwara Moke,DSNIS_4317AFFEDC
Haut-Uele,Dungu,Wandote,,Poste de Santé,Dispguerrison,DSNIS_C663B9B1A6
Haut-Uele,Dungu,Wandote,,Poste de Santé,Don De Dieu,DSNIS_582C16147C
Haut-Uele,Dungu,Wandote,,Site Soin Communautaire,Ibu,DSNIS_72A31B4BA3
Haut-Uele,Dungu,Wandote,,Poste de Santé,Lini,DSNIS_B0E213E6BA
Haut-Uele,Dungu,Wandote,,Poste de Santé,Nugadi,DSNIS_9E42DA0FA7
Haut-Uele,Dungu,Wandote,,Centre Hopitalier,Wandote,Acasus_A946DEC8BB
Haut-Uele,Faradje,Akua,,Centre de Santé,Akuwa,Acasus_D9072CE815
Haut-Uele,Faradje,Ceca 20 Faradje,,Centre de Santé,Ceca 20 Faradje,Acasus_0E9E2B7785
Haut-Uele,Faradje,Ceca 20 Faradje,,Poste de Santé,Paradiso,Acasus_C827DB678F
Haut-Uele,Faradje,Ceca 20 Tadu,,Centre de Santé,Ceca 20 Tadu,Acasus_DC0C2DE4FE
Haut-Uele,Faradje,Djabir,,Centre de Santé,Djabir,Acasus_89BA0ABE33
Haut-Uele,Faradje,Djabir,,Site Soin Communautaire,Kiridiwa,DSNIS_0A5B6A98E4
Haut-Uele,Faradje,Djabir,,Site Soin Communautaire,Mala,DSNIS_D293533CAB
Haut-Uele,Faradje,Djabir,,Site Soin Communautaire,Moniatu,DSNIS_8C94FA8F5E
Haut-Uele,Faradje,Doya,,Centre de Santé,Doya,Acasus_B49FFE0DFA
Haut-Uele,Faradje,Doya,,Site Soin Communautaire,Surubasia,DSNIS_4F3EB7F18F
Haut-Uele,Faradje,Doya,,Site Soin Communautaire,Watu,DSNIS_0E10308441
Haut-Uele,Faradje,Faradje,,Site Soin Communautaire,Bhagale,DSNIS_5E23D42617
Haut-Uele,Faradje,Faradje,,Centre de Santé,Faradje,Acasus_8C5CC631EB
Haut-Uele,Faradje,Faradje,,Site Soin Communautaire,Manviaba,DSNIS_6156A2852A
Haut-Uele,Faradje,Faradje,,Site Soin Communautaire,Mogoyi,DSNIS_29B1C7EE98
Haut-Uele,Faradje,Faradje,,Poste de Santé,Rond Point Asosao,DSNIS_C8560CD83C
Haut-Uele,Faradje,Katanga,,Centre de Santé,Katanga,Acasus_A6ADC53417
Haut-Uele,Faradje,Kirima,,Centre de Santé de Référence,D'Obi,DSNIS_80614164B8
Haut-Uele,Faradje,Kirima,,Centre de Santé,Kirima,Acasus_BBF3076EF4
Haut-Uele,Faradje,Koreri,,Centre de Santé,Koreri,Acasus_7F6E4BCD0A
Haut-Uele,Faradje,Kpodo,,Poste de Santé,Bethel,DSNIS_5C60DBE553
Haut-Uele,Faradje,Kpodo,,Centre Médical,Bondeko,DSNIS_38A34C5372
Haut-Uele,Faradje,Kpodo,,Poste de Santé,Bora Uzima,DSNIS_C22C77240A
Haut-Uele,Faradje,Kpodo,,Poste de Santé,Comboni,DSNIS_3A2E61D608
Haut-Uele,Faradje,Kpodo,,Centre de Santé,Kpodo,Acasus_A91AB81067
Haut-Uele,Faradje,Kpodo,,Centre Médical,Makoleru,DSNIS_2CCE5791DD
Haut-Uele,Faradje,Kpodo,,Poste de Santé,Paradizo,DSNIS_AC9CCCA973
Haut-Uele,Faradje,Kpodo,,Site Soin Communautaire,Zoro,DSNIS_3588550D9C
Haut-Uele,Faradje,Kurukwata,,Centre de Santé,Kurukwata,Acasus_323508B4B5
Haut-Uele,Faradje,Nzopi,,Poste de Santé,Bethel,DHIS2_82BBBF4EA6
Haut-Uele,Faradje,Nzopi,,Site Soin Communautaire,Ceca 20 Faradje,DSNIS_EFE665DFF6
Haut-Uele,Faradje,Nzopi,,Bureau Central de la Zone de Santé,Faradje,DSNIS_D17965F9CE
Haut-Uele,Faradje,Nzopi,,Site Soin Communautaire,La Grace,DSNIS_CA9D861B02
Haut-Uele,Faradje,Nzopi,,Centre de Santé,Nzopi,Acasus_B1B42CDD26
Haut-Uele,Faradje,Obi,,Centre de Santé,Obi,Acasus_7B1FB389A9
Haut-Uele,Faradje,Sabuni,,Centre de Santé,Sabuni,Acasus_E756230A1C
Haut-Uele,Faradje,Sesenge,,Poste de Santé,Forage,DSNIS_CE01F4CC55
Haut-Uele,Faradje,Sesenge,,Site Soin Communautaire,Marche Djabir,DSNIS_C3C69E7B9C
Haut-Uele,Faradje,Sesenge,,Centre de Santé,Sesenge,Acasus_ACFF36BCFB
Haut-Uele,Faradje,Sesenge,,Poste de Santé,Zoro,Acasus_B75F1ED2E7
Haut-Uele,Faradje,Tadu,,Centre de Santé de Référence,Bakhita,Acasus_8BDAB8B13E
Haut-Uele,Faradje,Tadu,,Poste de Santé,Epe S Makedoniya,DSNIS_DB6DDA22C5
Haut-Uele,Faradje,Tadu,,Centre de Santé de Référence,Tadu,DHIS2_F446161F81
Haut-Uele,Faradje,Tadu,,Poste de Santé,Tomaka,DSNIS_5BB1C69359
Haut-Uele,Faradje,Tadu,,Site Soin Communautaire,Zabokele Nzopi,DSNIS_6FA259E176
Haut-Uele,Faradje,Tandro,,Centre Hopitalier,Bhungi,DHIS2_BE68C14BD1
Haut-Uele,Faradje,Tandro,,Centre Hopitalier,Bngi,Acasus_2625BBB014
Haut-Uele,Faradje,Tandro,,Poste de Santé,Ceca 20 Kayenzema,DHIS2_D0AF11FB94
Haut-Uele,Faradje,Tandro,,Centre de Santé,Tandro,Acasus_5FC115B7AA
Haut-Uele,Faradje,Tomati,,Centre de Santé,Tomati,Acasus_AC4630ED22
Haut-Uele,Gombari,Abakudu,,Centre de Santé,Abakudu,DHIS2_3E241643ED
Haut-Uele,Gombari,Abakudu,,Poste de Santé,Maduya,DHIS2_32A6385982
Haut-Uele,Gombari,Akpandau,,Centre Hopitalier,Akpandau,Acasus_273E55D9D2
Haut-Uele,Gombari,Apodo,,Poste de Santé,Andudu,DHIS2_FE6FEB20BB
Haut-Uele,Gombari,Apodo,,Centre de Santé,Apodo,Acasus_8886E56F57
Haut-Uele,Gombari,Baitebi,,Centre de Santé,Baitebi,Acasus_92AF063196
Haut-Uele,Gombari,Bakiri,,Centre de Santé de Référence,Akpandau,DSNIS_9B10534A80
Haut-Uele,Gombari,Bakiri,,Centre de Santé,Bakiri,Acasus_D8C4FBFC24
Haut-Uele,Gombari,Bakiri,,Poste de Santé,Diforo,DHIS2_64178193B1
Haut-Uele,Gombari,Gombari,,Hôpital Général de Référence,Gombari,Acasus_74EF03E291
Haut-Uele,Gombari,Goria,,Centre de Santé,Goria,Acasus_9CEC0D01E4
Haut-Uele,Gombari,Kossia,,Centre de Santé,Kossia,Acasus_05D327F899
Haut-Uele,Gombari,Madja,,Centre de Santé,Madja,Acasus_1A956C8854
Haut-Uele,Gombari,Nepoko,,Poste de Santé,Dingbo,DHIS2_CF0AE62BDB
Haut-Uele,Gombari,Nepoko,,Centre de Santé,Nepoko,Acasus_28175FF823
Haut-Uele,Gombari,Ngazizi,,Centre de Santé,Ngazizi,Acasus_70029B707B
Haut-Uele,Gombari,Tangi,,Centre de Santé,Tangi,Acasus_E11DD1B3ED
Haut-Uele,Gombari,Tibodri,,Centre de Santé,Tibodri,Acasus_FA8ED6C97B
Haut-Uele,Gombari,Tora,,Centre de Santé de Référence,Tora,Acasus_1206C7A8B6
Haut-Uele,Gombari,Wanga,,Poste de Santé,Obo,DHIS2_6753C8C4BF
Haut-Uele,Gombari,Wanga,,Centre de Santé,Wanga,Acasus_35D2CED345
Haut-Uele,Isiro,Arindru,,Centre de Santé,Arindru,Acasus_FD0C6DAA31
Haut-Uele,Isiro,Arindru,,Poste de Santé,Dandina,DSNIS_45B5327855
Haut-Uele,Isiro,Arindru,,Poste de Santé,Eridy,DSNIS_36A1CF669A
Haut-Uele,Isiro,Arindru,,Poste de Santé,Mbene,DSNIS_092979FF6C
Haut-Uele,Isiro,Arindru,,Poste de Santé,Motobhay,DSNIS_03E070848A
Haut-Uele,Isiro,Arindru,,Poste de Santé,Noomo,DSNIS_389B055000
Haut-Uele,Isiro,Bunie,,Poste de Santé,Bogoyo,DSNIS_50E89F721A
Haut-Uele,Isiro,Bunie,,Centre de Santé,Bunie,Acasus_912D630FD0
Haut-Uele,Isiro,Bunie,,Poste de Santé,Dimale Makpakpayi,DSNIS_53114A1595
Haut-Uele,Isiro,Bunie,,Site Soin Communautaire,Mavatagba 1,DSNIS_AA8A7C0E6C
Haut-Uele,Isiro,Bunie,,Poste de Santé,Meika Odjoyi,DSNIS_1634AA3C10
Haut-Uele,Isiro,Djombe,,Centre de Santé,Djombe,Acasus_77DEEDA274
Haut-Uele,Isiro,Egbunda,,Poste de Santé,Bon Samaritain,DSNIS_C6EB55D9F7
Haut-Uele,Isiro,Egbunda,,Site Soin Communautaire,Comuele,DSNIS_0A971784F4
Haut-Uele,Isiro,Egbunda,,Centre de Santé,Egbunda,Acasus_C96E321F43
Haut-Uele,Isiro,Egbunda,,Poste de Santé,Madumbe,DSNIS_9D36E09650
Haut-Uele,Isiro,Gamba,,Poste de Santé,Asile De Misericorde,DHIS2_A28568B815
Haut-Uele,Isiro,Gamba,,Poste de Santé,Bakanza,DSNIS_116D355D37
Haut-Uele,Isiro,Gamba,,Centre de Santé de Référence,Donda,DSNIS_92484F3D6E
Haut-Uele,Isiro,Gamba,,Centre de Santé,Gajen,DSNIS_80631E68C1
Haut-Uele,Isiro,Gamba,,Centre Hopitalier,Gamba,DHIS2_1F5EE5D421
Haut-Uele,Isiro,Gossamu,,Poste de Santé,Batissons,Acasus_710386868E
Haut-Uele,Isiro,Gossamu,,Centre de Santé,Gossamu,Acasus_6E4D7828EB
Haut-Uele,Isiro,Gossamu,,Poste de Santé,Isiro Moke,DSNIS_D44366AFCE
Haut-Uele,Isiro,Gossamu,,Poste de Santé,Magambe,DSNIS_A382FA0C89
Haut-Uele,Isiro,Makpulu,,Poste de Santé,Gumbe,DSNIS_02756A9DA8
Haut-Uele,Isiro,Makpulu,,Centre de Santé,Makpulu,Acasus_0C5B9BAC64
Haut-Uele,Isiro,Makpulu,,Poste de Santé,Nava,DSNIS_4E54644CA3
Haut-Uele,Isiro,Makpulu,,Site Soin Communautaire,Ngurubuyi,DSNIS_8F836DEE82
Haut-Uele,Isiro,Mayogo,,Poste de Santé,Bazanga,DSNIS_D48CDF28CD
Haut-Uele,Isiro,Mayogo,,Poste de Santé,Beatitude,DSNIS_46D6637B62
Haut-Uele,Isiro,Mayogo,,Poste de Santé,Bonheur,DSNIS_1DFD3865B9
Haut-Uele,Isiro,Mayogo,,Poste de Santé,Dieu,DSNIS_DF47BA52B2
Haut-Uele,Isiro,Mayogo,,Poste de Santé,La Fraternite,DSNIS_B99ABE8A43
Haut-Uele,Isiro,Mayogo,,Centre Hopitalier,Mayogo,Acasus_5F04D4A2BF
Haut-Uele,Isiro,Mayogo,,Centre Médical,Mendambo,DSNIS_6684E703CF
Haut-Uele,Isiro,Mayogo,,Poste de Santé,Vdo,DSNIS_1A3B206DA8
Haut-Uele,Isiro,Mbene,,Site Soin Communautaire,Gbongoyi,DSNIS_ECF0846C45
Haut-Uele,Isiro,Mbene,,Centre de Santé,Mbene,Acasus_6E4EA83954
Haut-Uele,Isiro,Mbene,,Poste de Santé,Nagogwame,DSNIS_B3CDACC370
Haut-Uele,Isiro,Mbene,,Site Soin Communautaire,Ngbenemi,DSNIS_9CDBC4157B
Haut-Uele,Isiro,Medje,,Poste de Santé,Batela Nzoto,DSNIS_C482D7CB11
Haut-Uele,Isiro,Medje,,Poste de Santé,Comico Medje,DSNIS_1DA23A8E42
Haut-Uele,Isiro,Medje,,Poste de Santé,Mabia 2,DSNIS_7CA4CFDC74
Haut-Uele,Isiro,Medje,,Centre de Santé de Référence,Medje,DSNIS_EEF0A33EC7
Haut-Uele,Isiro,Medje,,Centre Hopitalier,Medje,DHIS2_14EE0324BB
Haut-Uele,Isiro,Medje,,Centre de Santé,Medje,Acasus_741083C568
Haut-Uele,Isiro,Medje,,Poste de Santé,Paroisse,DSNIS_5281EBC2FF
Haut-Uele,Isiro,N'Sele,,Clinique,Bethesda,DSNIS_91A467E2A1
Haut-Uele,Isiro,N'Sele,,Poste de Santé,Bethesda,DSNIS_02DF615013
Haut-Uele,Isiro,N'Sele,,Clinique,Cfu,DSNIS_C6FE02A9A4
Haut-Uele,Isiro,N'Sele,,Clinique,De L'Est,DHIS2_F46FC77EA1
Haut-Uele,Isiro,N'Sele,,Centre de Santé,Gabriel Ange,DSNIS_DE3DD14688
Haut-Uele,Isiro,N'Sele,,Poste de Santé,La Beatitude,DSNIS_A680A68351
Haut-Uele,Isiro,N'Sele,,Centre de Santé,N'Sele,Acasus_6AA51F6B03
Haut-Uele,Isiro,N'Sele,,Clinique,Pinpester,DSNIS_C7F75E2344
Haut-Uele,Isiro,Nagwa,,Poste de Santé,Comico Bhongo,DSNIS_066EB07862
Haut-Uele,Isiro,Nagwa,,Poste de Santé,Makekeda,DSNIS_B4DC7805A9
Haut-Uele,Isiro,Nagwa,,Centre de Santé,Nagwa,Acasus_B0D37113F2
Haut-Uele,Isiro,Nagwa,,Poste de Santé,Zebuyi,DSNIS_9D3FED2FFA
Haut-Uele,Isiro,Nangosira,,Poste de Santé,Mabili 1,DSNIS_7BBA7B402A
Haut-Uele,Isiro,Nangosira,,Poste de Santé,Mbangi Zebuadra,DSNIS_D339586FC1
Haut-Uele,Isiro,Nangosira,,Centre de Santé,Nangosira,Acasus_14B8634C5B
Haut-Uele,Isiro,Nangosira,,Site Soin Communautaire,Nembenda,DSNIS_79FD0B5C50
Haut-Uele,Isiro,Nduka,,Poste de Santé,Mambunga,DSNIS_A6FC49A5B2
Haut-Uele,Isiro,Nduka,,Centre de Santé,Nduka,Acasus_F16017BC43
Haut-Uele,Isiro,Neisu,,Poste de Santé,Ekula,DSNIS_0C0A65BB8E
Haut-Uele,Isiro,Neisu,,Poste de Santé,Kube,DSNIS_7E6DAE342A
Haut-Uele,Isiro,Neisu,,Site Soin Communautaire,Nabula,DSNIS_9A419A5126
Haut-Uele,Isiro,Neisu,,Poste de Santé,Nagwapongo,DSNIS_9E81C86A45
Haut-Uele,Isiro,Neisu,,Poste de Santé,Nebogo,DSNIS_BD762B8635
Haut-Uele,Isiro,Neisu,,Centre de Santé,Neisu,Acasus_A5F5D7F555
Haut-Uele,Isiro,Neisu,,Poste de Santé,Nengara,DSNIS_10E2BC99FD
Haut-Uele,Isiro,Neisu,,Poste de Santé,Noopi,DSNIS_1900B3343A
Haut-Uele,Isiro,Neisu,,Hôpital,Notre Dame Consolata Neisu,DSNIS_EAD0C64402
Haut-Uele,Isiro,Neisu,,Poste de Santé,Pere Oscar,DSNIS_B433D31057
Haut-Uele,Isiro,Nembombi,,Site Soin Communautaire,Boboto,DSNIS_C99559CE6A
Haut-Uele,Isiro,Nembombi,,Poste de Santé,Mozaba,DSNIS_1F3A5DE365
Haut-Uele,Isiro,Nembombi,,Poste de Santé,Mudriaba,DSNIS_4B0FFB5BD7
Haut-Uele,Isiro,Nembombi,,Centre de Santé,Nembombi,Acasus_D0A1FCAE07
Haut-Uele,Isiro,Nolua,,Poste de Santé,Agbayo,DSNIS_7DF22F95D0
Haut-Uele,Isiro,Nolua,,Centre de Santé,Nolua,Acasus_2FAD021B51
Haut-Uele,Isiro,Nolua,,Poste de Santé,Saki,DSNIS_F31B301060
Haut-Uele,Isiro,Telalingbi,,Centre de Santé,Telaligbi,DSNIS_505BE56423
Haut-Uele,Isiro,Telalingbi,,Centre de Santé,Telalingbi,Acasus_95FA1B440F
Haut-Uele,Isiro,Tely,,Poste de Santé,Bedhe,DSNIS_9B1E1C7923
Haut-Uele,Isiro,Tely,,Clinique,I Universitaires De L'Uele,DSNIS_D1F0FE6689
Haut-Uele,Isiro,Tely,,Centre Hopitalier,Isiro,DHIS2_91809D30D5
Haut-Uele,Isiro,Tely,,Hôpital Général de Référence,Isiro,DHIS2_3A3450181D
Haut-Uele,Isiro,Tely,,Dispensaire,Kamanga,Acasus_A950C53284
Haut-Uele,Isiro,Tely,,Poste de Santé,Mac,DSNIS_6838DD031A
Haut-Uele,Isiro,Tely,,Poste de Santé,Matari,DSNIS_F20EF5038A
Haut-Uele,Isiro,Tely,,Poste de Santé,Misericordieux,DSNIS_6BD268EAC9
Haut-Uele,Isiro,Tely,,Poste de Santé,Nabukongu,DSNIS_655548C244
Haut-Uele,Isiro,Tely,,Poste de Santé,Pambu,DSNIS_3A5EBF0301
Haut-Uele,Isiro,Tely,,Centre de Santé,Tely,Acasus_761C2CE5BF
Haut-Uele,Isiro,Tely,,Poste de Santé,Tsf,DSNIS_F48C7FE4F7
Haut-Uele,Isiro,Tuluba,,Poste de Santé,Emeraude,DSNIS_E87EFFFA4C
Haut-Uele,Isiro,Tuluba,,Poste de Santé,Kolu,Acasus_04823965E0
Haut-Uele,Isiro,Tuluba,,Poste de Santé,Mokobo,DSNIS_A167038A21
Haut-Uele,Isiro,Tuluba,,Centre de Santé,Tuluba,Acasus_BB26D833C5
Haut-Uele,Makoro,Abimva,,Centre de Santé,Abimva,Acasus_02BF08FAEF
Haut-Uele,Makoro,Abimva,,Poste de Santé,Dieu Te Voit,Acasus_73F931C183
Haut-Uele,Makoro,Abimva,,Site Soin Communautaire,Dramoni,DSNIS_F210636D5B
Haut-Uele,Makoro,Abimva,,Clinique,Jerusalem,Acasus_36149C0117
Haut-Uele,Makoro,Abimva,,Poste de Santé,La Guerison,Acasus_B70C495E97
Haut-Uele,Makoro,Abimva,,Centre de Santé,Mere Thethe,DSNIS_E79A1C4DEF
Haut-Uele,Makoro,Abimva,,Site Soin Communautaire,Ngadhuma,DSNIS_612D34429C
Haut-Uele,Makoro,Ambarau,,Centre Hopitalier,Ambarau,Acasus_5C20237E2F
Haut-Uele,Makoro,Ambarau,,Clinique,Croire A La Vie,Acasus_13DDE75AAD
Haut-Uele,Makoro,Ambarau,,Poste de Santé,Drikilingbi,DSNIS_BD0A9B395A
Haut-Uele,Makoro,Ambarau,,Centre de Santé de Référence,Gagia,DSNIS_0C91CE8430
Haut-Uele,Makoro,Ambarau,,Site Soin Communautaire,Gawa,DSNIS_ED9C28FBDB
Haut-Uele,Makoro,Ambarau,,Poste de Santé,Marabi,Acasus_3249F69C9F
Haut-Uele,Makoro,Ambarau,,Centre de Santé,Marabi,Acasus_DFADAAD7C6
Haut-Uele,Makoro,Ambarau,,Site Soin Communautaire,Mariandro,DSNIS_8E2E94BA12
Haut-Uele,Makoro,Bhamo,,Poste de Santé,Adouzina,DSNIS_175CA9C296
Haut-Uele,Makoro,Bhamo,,Centre de Santé,Bhamo,Acasus_88CA930DC5
Haut-Uele,Makoro,Bhamo,,Site Soin Communautaire,Tiritika,DSNIS_5EE81E52BF
Haut-Uele,Makoro,Bovi,,Poste de Santé,Bakanza,Acasus_6D162C7AE3
Haut-Uele,Makoro,Bovi,,Poste de Santé,Bon Samaritain,Acasus_DD48A5CFA7
Haut-Uele,Makoro,Bovi,,Centre de Santé,Bovi,Acasus_F9C906F9C6
Haut-Uele,Makoro,Bovi,,Poste de Santé,Kiasi,Acasus_77CAE8ED0B
Haut-Uele,Makoro,Bovi,,Poste de Santé,La Volonte,Acasus_9E828A10D4
Haut-Uele,Makoro,Bovi,,Poste de Santé,Mukaba,DSNIS_AF8ED4DAC1
Haut-Uele,Makoro,Bovi,,Poste de Santé,Saint Raphael,DSNIS_0F81C22936
Haut-Uele,Makoro,Bovi,,Site Soin Communautaire,Sirigi Zamba,DSNIS_27F65F8E48
Haut-Uele,Makoro,Kamiro,,Site Soin Communautaire,Gburu,DSNIS_6AE73AD3ED
Haut-Uele,Makoro,Kamiro,,Centre de Santé,Kamiro,Acasus_DD6B326CB1
Haut-Uele,Makoro,Kamiro,,Poste de Santé,Tando,DSNIS_92DDF8C0C9
Haut-Uele,Makoro,Kana,,Site Soin Communautaire,Bhadjube,DSNIS_24309884DC
Haut-Uele,Makoro,Kana,,Poste de Santé,Buthima,Acasus_EDEDCA11F4
Haut-Uele,Makoro,Kana,,Centre de Santé,Kana,Acasus_E25CB26081
Haut-Uele,Makoro,Kana,,Poste de Santé,Kutshuma,DSNIS_1DBFA8D24C
Haut-Uele,Makoro,Kilima,,Centre de Santé,Kilima,Acasus_F9D717665F
Haut-Uele,Makoro,Kiraka,,Site Soin Communautaire,Adhimi,DSNIS_36C8BF5807
Haut-Uele,Makoro,Kiraka,,Poste de Santé,Asira,DSNIS_396BD4065C
Haut-Uele,Makoro,Kiraka,,Poste de Santé,Bethsaida,DSNIS_88ED93DA11
Haut-Uele,Makoro,Kiraka,,Poste de Santé,Dibumri,DSNIS_FFB0CD49F7
Haut-Uele,Makoro,Kiraka,,Poste de Santé,Kayi,DSNIS_0A088E6014
Haut-Uele,Makoro,Kiraka,,Centre de Santé,Kirara,DSNIS_0CE1DDE87D
Haut-Uele,Makoro,Kiraka,,Site Soin Communautaire,Kodrata,DSNIS_30D98A832D
Haut-Uele,Makoro,Kiraka,,Poste de Santé,La Grace De Dieu,DSNIS_9DBDD2C6BD
Haut-Uele,Makoro,Lanza,,Centre de Santé,Lanza,Acasus_43393B549A
Haut-Uele,Makoro,Lanza,,Poste de Santé,Lanza Ceca 20,DSNIS_2A5AA39EB1
Haut-Uele,Makoro,Lanza,,Poste de Santé,Mehy,DSNIS_865402F041
Haut-Uele,Makoro,Makoro,,Poste de Santé,Batazangu,DSNIS_8ACD15668A
Haut-Uele,Makoro,Makoro,,Site Soin Communautaire,Berkongo,DSNIS_5584C645A9
Haut-Uele,Makoro,Makoro,,Poste de Santé,Don De Dieu,Acasus_12A54FE9BE
Haut-Uele,Makoro,Makoro,,Centre de Santé,Makoro,Acasus_3EA9583EE6
Haut-Uele,Makoro,Makoro,,Hôpital Général de Référence,Makoro,Acasus_1C15EE387F
Haut-Uele,Makoro,Makoro,,Site Soin Communautaire,Mayika,DSNIS_3C78DEE285
Haut-Uele,Makoro,Mariaba,,Site Soin Communautaire,Angwa,DSNIS_DD966CA0B4
Haut-Uele,Makoro,Mariaba,,Poste de Santé,Makiama,DSNIS_562915F278
Haut-Uele,Makoro,Mariaba,,Centre de Santé de Référence,Mariaba,Acasus_A513246477
Haut-Uele,Makoro,Mariaba,,Poste de Santé,Maruzia,DSNIS_EB2F12DDE5
Haut-Uele,Makoro,Mariaba,,Poste de Santé,Tabaa,DSNIS_36AF413C29
Haut-Uele,Makoro,Mariaba,,Poste de Santé,Tabha,Acasus_53C678AC43
Haut-Uele,Makoro,Mariaba,,Site Soin Communautaire,Urudjako,DSNIS_8EC50E9A3B
Haut-Uele,Makoro,Maulo,,Centre Hopitalier,Maulo,Acasus_1DE16A9775
Haut-Uele,Makoro,Maulo,,Poste de Santé,Maulo 2,Acasus_F2856922B0
Haut-Uele,Makoro,Maulo,,Centre de Santé,Tadingi,Acasus_C230E3A913
Haut-Uele,Makoro,Ndolomo,,Site Soin Communautaire,Dungayi,DSNIS_D872E593DE
Haut-Uele,Makoro,Ndolomo,,Poste de Santé,Kiri,Acasus_53B2E7C350
Haut-Uele,Makoro,Ndolomo,,Site Soin Communautaire,Kudhua,DSNIS_1AFDBF3E2C
Haut-Uele,Makoro,Ndolomo,,Centre de Santé,Ndolomo,DSNIS_16371051E0
Haut-Uele,Makoro,Ndolomo,,Centre Hopitalier,Ndolomo,Acasus_3F9BD6EAFD
Haut-Uele,Makoro,Ngili,,Centre de Santé,Ngili,Acasus_79C079FBF9
Haut-Uele,Makoro,Rangu,,Poste de Santé,Kovo,DSNIS_6BA40623A4
Haut-Uele,Makoro,Rangu,,Site Soin Communautaire,Loboko,DSNIS_B9377F7E43
Haut-Uele,Makoro,Rangu,,Centre de Santé,Rangu,Acasus_B65CC4CC2C
Haut-Uele,Makoro,Rangu,,Site Soin Communautaire,Tafumi,DSNIS_3AA2F06D9B
Haut-Uele,Niangara,Arikazi,,Centre de Santé,Arikazi,Acasus_BA77AF526F
Haut-Uele,Niangara,Arikazi,,Poste de Santé,Gada,DSNIS_5C1973CE7B
Haut-Uele,Niangara,Arikazi,,Poste de Santé,Gbaka,DSNIS_DED14B8EE9
Haut-Uele,Niangara,Arikazi,,Poste de Santé,Mambetu,DSNIS_E125F2CF72
Haut-Uele,Niangara,Babagu,,Centre de Santé,Babagu,Acasus_9ED7AC694F
Haut-Uele,Niangara,Babagu,,Site Soin Communautaire,Goya,DSNIS_AC39A598FE
Haut-Uele,Niangara,Babagu,,Poste de Santé,Lobiko,DSNIS_A2DAB1208D
Haut-Uele,Niangara,Babagu,,Poste de Santé,Longbo,DSNIS_B68B3BEC07
Haut-Uele,Niangara,Babagu,,Site Soin Communautaire,Makobo,DSNIS_017C55F0CC
Haut-Uele,Niangara,Babagu,,Poste de Santé,Tiro,DSNIS_0FD0E5A356
Haut-Uele,Niangara,Babagu,,Poste de Santé,Tulugu,Acasus_CA38BDB81A
Haut-Uele,Niangara,Ekibondo,,Poste de Santé,Arati,DSNIS_5006CE016D
Haut-Uele,Niangara,Ekibondo,,Poste de Santé,Dispmungere,DSNIS_E99EE0179C
Haut-Uele,Niangara,Ekibondo,,Poste de Santé,Ekibondo,DSNIS_F21E160D48
Haut-Uele,Niangara,Ekibondo,,Centre de Santé,Mbengu,Acasus_99ACC56177
Haut-Uele,Niangara,Ekibondo,,Site Soin Communautaire,Ndenge,DSNIS_3DDC4A11A6
Haut-Uele,Niangara,Galagala,,Site Soin Communautaire,Beleguma,DSNIS_835D6A5420
Haut-Uele,Niangara,Galagala,,Site Soin Communautaire,Dete,DSNIS_FDF56752EC
Haut-Uele,Niangara,Galagala,,Centre de Santé,Galagala,Acasus_6CB2459D2D
Haut-Uele,Niangara,Galagala,,Poste de Santé,Meka,DSNIS_E1E84F074A
Haut-Uele,Niangara,Galagala,,Poste de Santé,Somada,DSNIS_FC8815F571
Haut-Uele,Niangara,Ganga,,Centre de Santé,Ganga,Acasus_614758BE1F
Haut-Uele,Niangara,Ganga,,Site Soin Communautaire,Matsinga,DSNIS_FBD124FA8F
Haut-Uele,Niangara,Ganga,,Site Soin Communautaire,Ngbangolo,DSNIS_C066C14296
Haut-Uele,Niangara,Ligunza,,Poste de Santé,Cecca 20 Niangara,DSNIS_2DAFBFD862
Haut-Uele,Niangara,Ligunza,,Site Soin Communautaire,Deli,DSNIS_5297086999
Haut-Uele,Niangara,Ligunza,,Poste de Santé,Esobe,DSNIS_BEFF9CD54A
Haut-Uele,Niangara,Ligunza,,Centre de Santé,Ligunza,Acasus_F70B4081D1
Haut-Uele,Niangara,Lipombo,,Centre de Santé,Lipombo,Acasus_AFCEACB693
Haut-Uele,Niangara,Lipombo,,Site Soin Communautaire,Mabidangwe,DSNIS_BF9F8A6EB3
Haut-Uele,Niangara,Lipombo,,Site Soin Communautaire,Makpolu,DSNIS_3DE78CD2C8
Haut-Uele,Niangara,Lipombo,,Poste de Santé,Mangeka,Acasus_E10E57AC0D
Haut-Uele,Niangara,Lipombo,,Poste de Santé,Mbaraza,DSNIS_D170D763EA
Haut-Uele,Niangara,Lipombo,,Hôpital Général de Référence,Niangara,DHIS2_CEFAE39497
Haut-Uele,Niangara,Makilingbo,,Site Soin Communautaire,Galileya,DSNIS_A1F8164FB5
Haut-Uele,Niangara,Makilingbo,,Poste de Santé,Gbaga,DSNIS_62A6028628
Haut-Uele,Niangara,Makilingbo,,Centre de Santé,Makilingbo,Acasus_272620DCA4
Haut-Uele,Niangara,Makilingbo,,Poste de Santé,Mbelekeu,DSNIS_D245EEE225
Haut-Uele,Niangara,Mangada,,Site Soin Communautaire,Dulu,DSNIS_7B2CFE6E8F
Haut-Uele,Niangara,Mangada,,Centre de Santé,Mangada,Acasus_65C8C08F2E
Haut-Uele,Niangara,Mangalu,,Site Soin Communautaire,Mabogoma,DSNIS_5C65570D9F
Haut-Uele,Niangara,Mangalu,,Centre de Santé,Mangalu,Acasus_67D110ABA4
Haut-Uele,Niangara,Mangalu,,Poste de Santé,Mbana,DSNIS_4E14CD65AE
Haut-Uele,Niangara,Mangalu,,Site Soin Communautaire,Nebotoloda,DSNIS_5CEE83C593
Haut-Uele,Niangara,Mangalu,,Poste de Santé,Pukalu,DSNIS_98EF179B1E
Haut-Uele,Niangara,Nambia,,Poste de Santé,Bamunga,DSNIS_2A5681EFC3
Haut-Uele,Niangara,Nambia,,Centre de Santé,Nambia,Acasus_7BA3EB10BB
Haut-Uele,Niangara,Nangbama,,Poste de Santé,Kpambele,DSNIS_6608A99050
Haut-Uele,Niangara,Nangbama,,Poste de Santé,Mandukula,DSNIS_319D94E190
Haut-Uele,Niangara,Nangbama,,Poste de Santé,Mbita,Acasus_BC2EE18188
Haut-Uele,Niangara,Nangbama,,Centre de Santé,Nangbama,Acasus_BBEAA729EE
Haut-Uele,Niangara,Nangbama,,Site Soin Communautaire,Sovula,DSNIS_EE9928DFB8
Haut-Uele,Niangara,Ndingba,,Poste de Santé,Bobo,DSNIS_4B7854F6DD
Haut-Uele,Niangara,Ndingba,,Site Soin Communautaire,Manga,DSNIS_8C55941A9B
Haut-Uele,Niangara,Ndingba,,Poste de Santé,Mangbanga,DSNIS_7AA39BC876
Haut-Uele,Niangara,Ndingba,,Centre de Santé,Ndingba,Acasus_0D1FA8D6FC
Haut-Uele,Niangara,Ndingba,,Poste de Santé,Tongoda,DSNIS_AB907E5AD2
Haut-Uele,Niangara,Tapili,,Site Soin Communautaire,Gbanzi,DSNIS_80B82C1C83
Haut-Uele,Niangara,Tapili,,Site Soin Communautaire,Kiliwa,DSNIS_3291A7AC8B
Haut-Uele,Niangara,Tapili,,Poste de Santé,Maraka,DSNIS_CD3D82DED4
Haut-Uele,Niangara,Tapili,,Poste de Santé,Ngbiribi,DSNIS_8BF83C8333
Haut-Uele,Niangara,Tapili,,Poste de Santé,Saint Paul,DSNIS_C57B1625DC
Haut-Uele,Niangara,Tapili,,Centre de Santé,Tapili,Acasus_37A8D7EC4D
Haut-Uele,Niangara,Wamba Moke,,Poste de Santé,Buluga,DSNIS_AE80EF8068
Haut-Uele,Niangara,Wamba Moke,,Poste de Santé,Denzo,DSNIS_73C96FCD5F
Haut-Uele,Niangara,Wamba Moke,,Poste de Santé,Gbadi,DSNIS_D39098F0BB
Haut-Uele,Niangara,Wamba Moke,,Poste de Santé,Gbita 2,DSNIS_8AD92D0C31
Haut-Uele,Niangara,Wamba Moke,,Poste de Santé,Kpale,DSNIS_8B3A57340D
Haut-Uele,Niangara,Wamba Moke,,Centre de Santé,Wamba Moke,Acasus_155E90B6D5
Haut-Uele,Niangara,Wawe,,Poste de Santé,Kapili,DSNIS_2274B864EC
Haut-Uele,Niangara,Wawe,,Poste de Santé,Nabere,DSNIS_FB020FD23F
Haut-Uele,Niangara,Wawe,,Centre de Santé,Wawe,Acasus_86A8692E58
Haut-Uele,Pawa,Abiangama,,Centre de Santé,Abiangama,Acasus_B11F738197
Haut-Uele,Pawa,Abiangama,,Site Soin Communautaire,Abindi,DSNIS_B6F67B6B71
Haut-Uele,Pawa,Abiangama,,Site Soin Communautaire,Banandea,DSNIS_46150E9ACB
Haut-Uele,Pawa,Abiangama,,Poste de Santé,Baseane,DSNIS_C661E79F7D
Haut-Uele,Pawa,Abiangama,,Site Soin Communautaire,Tukugbane,DSNIS_9FB5AB4FC5
Haut-Uele,Pawa,Babia,,Centre de Santé,Babia,Acasus_8D6B829F01
Haut-Uele,Pawa,Babia,,Site Soin Communautaire,Bavasiame 2,DSNIS_A853AAB801
Haut-Uele,Pawa,Babia,,Site Soin Communautaire,Bovotubu,DSNIS_D58A237A58
Haut-Uele,Pawa,Babia,,Poste de Santé,Kekenda,DHIS2_8CE62B58A5
Haut-Uele,Pawa,Babia,,Poste de Santé,Mutibangu,DHIS2_E0CB37E0D7
Haut-Uele,Pawa,Babonde,,Centre de Santé,Babonde,DSNIS_14E0D02ECD
Haut-Uele,Pawa,Babonde,,Poste de Santé,Bavakpokya,DSNIS_287B2BEA5A
Haut-Uele,Pawa,Babonde,,Poste de Santé,Gbongbito,DHIS2_2661EAB3F2
Haut-Uele,Pawa,Bachenze,,Site Soin Communautaire,Adungula,DSNIS_706DA5DF64
Haut-Uele,Pawa,Bachenze,,Site Soin Communautaire,Babia,DSNIS_AABDB4B2E6
Haut-Uele,Pawa,Bachenze,,Centre de Santé,Batshenze,Acasus_F17B8B4071
Haut-Uele,Pawa,Bachenze,,Poste de Santé,Batuba,DHIS2_DE6BB0DBAB
Haut-Uele,Pawa,Bachenze,,Poste de Santé,Croix Rouge Bachenze,DSNIS_4B244E3F06
Haut-Uele,Pawa,Bachenze,,Poste de Santé,Ndokajuu,Acasus_6633CE600B
Haut-Uele,Pawa,Bamoka,,Centre de Santé,Bamoka,Acasus_2BF04BE08C
Haut-Uele,Pawa,Bamoka,,Poste de Santé,Bavazolea,DSNIS_D001E6485B
Haut-Uele,Pawa,Bamoka,,Site Soin Communautaire,Bavazolea,DSNIS_A556B845BF
Haut-Uele,Pawa,Bamoka,,Site Soin Communautaire,Bindi,DSNIS_25D1238E04
Haut-Uele,Pawa,Bamoka,,Poste de Santé,Bodumo,DSNIS_3913148598
Haut-Uele,Pawa,Bamoka,,Poste de Santé,Bovobondoni,DHIS2_BE9EDA5A47
Haut-Uele,Pawa,Bamoka,,Poste de Santé,Mukando,DHIS2_7B28474C22
Haut-Uele,Pawa,Bavamabutu,,Centre de Santé,Bavamabutu,Acasus_ADE2A8E41F
Haut-Uele,Pawa,Bavamabutu,,Site Soin Communautaire,Bovokondiko,DSNIS_750CEF8EC5
Haut-Uele,Pawa,Bavamabutu,,Site Soin Communautaire,Maletangwe,DSNIS_A2BFB85C43
Haut-Uele,Pawa,Budubudu,,Poste de Santé,Balelea,Acasus_21BEEEA360
Haut-Uele,Pawa,Budubudu,,Poste de Santé,Banangaa,DSNIS_35DB1043B8
Haut-Uele,Pawa,Budubudu,,Site Soin Communautaire,Basaonza,DSNIS_B44C669320
Haut-Uele,Pawa,Budubudu,,Centre de Santé,Budubudu,Acasus_BF96B07736
Haut-Uele,Pawa,Budubudu,,Poste de Santé,Gito,DSNIS_D0FEA3DCA1
Haut-Uele,Pawa,Budubudu,,Site Soin Communautaire,Masakpolo,DSNIS_64C15369C3
Haut-Uele,Pawa,Digi,,Poste de Santé,Bagbay,DHIS2_F81530C416
Haut-Uele,Pawa,Digi,,Site Soin Communautaire,Batitia,DSNIS_E8ACFBECC9
Haut-Uele,Pawa,Digi,,Poste de Santé,Bolaki,Acasus_7D0914D806
Haut-Uele,Pawa,Digi,,Centre de Santé,Digi,Acasus_FE45B5D759
Haut-Uele,Pawa,Digi,,Site Soin Communautaire,Ekpondokpondo,DSNIS_E75546DD7B
Haut-Uele,Pawa,Etakamukongo,,Site Soin Communautaire,Batongono,DSNIS_9B86A134FF
Haut-Uele,Pawa,Etakamukongo,,Poste de Santé,Dududu,DSNIS_8C3B0C3561
Haut-Uele,Pawa,Etakamukongo,,Site Soin Communautaire,Dududu,DSNIS_25E33C8F0F
Haut-Uele,Pawa,Etakamukongo,,Centre de Santé,Etakamokongo,Acasus_9AB52B759D
Haut-Uele,Pawa,Etakamukongo,,Poste de Santé,Iyala,DSNIS_EBF9C34B55
Haut-Uele,Pawa,Etakamukongo,,Poste de Santé,Mayanga,DHIS2_B830189E7F
Haut-Uele,Pawa,Fungula,,Site Soin Communautaire,Bavagbengu,DSNIS_3D5B981B55
Haut-Uele,Pawa,Fungula,,Site Soin Communautaire,Bovombili,DSNIS_66CDB95FB7
Haut-Uele,Pawa,Fungula,,Poste de Santé,Bovotukusiangwe,DHIS2_9ADD008B55
Haut-Uele,Pawa,Fungula,,Poste de Santé,Duane,Acasus_9D46563124
Haut-Uele,Pawa,Fungula,,Centre de Santé,Fungula,Acasus_073A8625A6
Haut-Uele,Pawa,Fungula,,Site Soin Communautaire,Mbese,DSNIS_C62C1872D0
Haut-Uele,Pawa,Fungula,,Poste de Santé,Zatua,DHIS2_ECE5C80CE4
Haut-Uele,Pawa,Gatoa,,Site Soin Communautaire,Bovobikame,DSNIS_E98224ACAA
Haut-Uele,Pawa,Gatoa,,Centre de Santé,Gatoa,Acasus_69D314784C
Haut-Uele,Pawa,Gatoa,,Poste de Santé,Yambenda,Acasus_3802C97F0E
Haut-Uele,Pawa,Gbonzunzu,,Poste de Santé,Akoko,DHIS2_CE27D4B974
Haut-Uele,Pawa,Gbonzunzu,,Site Soin Communautaire,Bavagboko,DSNIS_FB9D989273
Haut-Uele,Pawa,Gbonzunzu,,Site Soin Communautaire,Bovobolu,DSNIS_365454929E
Haut-Uele,Pawa,Gbonzunzu,,Poste de Santé,Croix Rouge,DSNIS_02B1CA55BD
Haut-Uele,Pawa,Gbonzunzu,,Centre de Santé,Gbonzunzu,Acasus_E018E17AA1
Haut-Uele,Pawa,Ibambi Cecca 16,,Site Soin Communautaire,Andeso,DSNIS_1035CB4D69
Haut-Uele,Pawa,Ibambi Cecca 16,,Site Soin Communautaire,Batanabo,DSNIS_BBE45FCFE3
Haut-Uele,Pawa,Ibambi Cecca 16,,Centre de Santé,Ibambi Cecca 16,Acasus_3555700180
Haut-Uele,Pawa,Ibambi Cecca 16,,Poste de Santé,Maneke,DHIS2_F84CCCA180
Haut-Uele,Pawa,Ibambi Etat,,Site Soin Communautaire,Bagbatu,DSNIS_586529A02F
Haut-Uele,Pawa,Ibambi Etat,,Centre de Santé,Ibambi Etat,Acasus_83F51836BA
Haut-Uele,Pawa,Ibambi Etat,,Centre Hopitalier,Sainte Anne,DSNIS_727FD88BC5
Haut-Uele,Pawa,Likasi,,Site Soin Communautaire,Bavamungaya,DSNIS_C6D935C0B5
Haut-Uele,Pawa,Likasi,,Centre de Santé,Likasi,Acasus_BB3A17B41B
Haut-Uele,Pawa,Likasi,,Poste de Santé,Mbongo,DSNIS_5C5A2CD216
Haut-Uele,Pawa,Likasi,,Poste de Santé,Ngumba,DHIS2_33E7F6D9C1
Haut-Uele,Pawa,Matibika,,Site Soin Communautaire,Babaina,DSNIS_DFCCB8F2C6
Haut-Uele,Pawa,Matibika,,Poste de Santé,Baki,DHIS2_244831D3BA
Haut-Uele,Pawa,Matibika,,Poste de Santé,Bangama,DSNIS_22056099C6
Haut-Uele,Pawa,Matibika,,Poste de Santé,Belobato,DSNIS_F9AD427B54
Haut-Uele,Pawa,Matibika,,Site Soin Communautaire,Kubabaki,DSNIS_45F5A13C50
Haut-Uele,Pawa,Matibika,,Centre de Santé,Matibika,DHIS2_75EA705A96
Haut-Uele,Pawa,Matibika,,Site Soin Communautaire,Ngbasala,DSNIS_F2B5F87E36
Haut-Uele,Pawa,Nebobongo,,Site Soin Communautaire,Babengwa,DSNIS_5D65A2E2FA
Haut-Uele,Pawa,Nebobongo,,Site Soin Communautaire,Baluka,DSNIS_B309A2CF9F
Haut-Uele,Pawa,Nebobongo,,Poste de Santé,Batuko,DHIS2_A97E9CBCC6
Haut-Uele,Pawa,Nebobongo,,Site Soin Communautaire,Bayenga,DSNIS_306C914963
Haut-Uele,Pawa,Nebobongo,,Site Soin Communautaire,Bekyoma,DSNIS_2AD3EB9DE7
Haut-Uele,Pawa,Nebobongo,,Hôpital,Nebobongo,DHIS2_42D0B70C8F
Haut-Uele,Pawa,Nebobongo,,Centre de Santé,Nebobongo,Acasus_C49EEF05A4
Haut-Uele,Pawa,Pawa,,Site Soin Communautaire,Bakomoku,DSNIS_74B9F79D58
Haut-Uele,Pawa,Pawa,,Site Soin Communautaire,Bakpoya,DSNIS_A71FA16C22
Haut-Uele,Pawa,Pawa,,Poste de Santé,Basobuo,DSNIS_BD183547FC
Haut-Uele,Pawa,Pawa,,Poste de Santé,Manzala,Acasus_46B0A768BF
Haut-Uele,Pawa,Pawa,,Centre de Santé,Pawa,Acasus_695C2D6052
Haut-Uele,Pawa,Pawa,,Hôpital Général de Référence,Pawa,Acasus_F0EBABE775
Haut-Uele,Rungu,Badolo,,Centre de Santé,Badolo,Acasus_3EDD5D5A8B
Haut-Uele,Rungu,Bala,,Centre de Santé,Bala,Acasus_EC7A9A27AD
Haut-Uele,Rungu,Bodjo,,Centre de Santé,Bodjo,Acasus_C6254AF332
Haut-Uele,Rungu,Bodjo,,Poste de Santé,Mapendo 2,Acasus_8E51077824
Haut-Uele,Rungu,Kabome,,Poste de Santé,Kabome,DHIS2_931A110FE6
Haut-Uele,Rungu,Kabome,,Centre de Santé,Madigbala,Acasus_5E6C1E8327
Haut-Uele,Rungu,Kabome,,Poste de Santé,Magogole,DSNIS_0F9AFEC21B
Haut-Uele,Rungu,Kabome,,Poste de Santé,Nekutoro,DSNIS_73358D1444
Haut-Uele,Rungu,Kabome,,Poste de Santé,Nengbo,DSNIS_B790B85309
Haut-Uele,Rungu,Kpetele,,Poste de Santé,Beli,Acasus_E7F02F1297
Haut-Uele,Rungu,Kpetele,,Centre de Santé,Kpetele,Acasus_8442FE354A
Haut-Uele,Rungu,Mambunga,,Centre de Santé,Mambunga,Acasus_D496050957
Haut-Uele,Rungu,Nala,,Poste de Santé,Mangilima,DSNIS_9D6717A26B
Haut-Uele,Rungu,Nala,,Centre de Santé,Nala,Acasus_526EFC2CB6
Haut-Uele,Rungu,Nala,,Poste de Santé,Nala 12,Acasus_4D8291EF18
Haut-Uele,Rungu,Nangazizi,,Centre de Santé,Lipasu,DHIS2_635CD62905
Haut-Uele,Rungu,Nangazizi,,Poste de Santé,Mambugi,DSNIS_7E2C6E8D03
Haut-Uele,Rungu,Nangazizi,,Centre de Santé de Référence,Nangazizi,DSNIS_046679E983
Haut-Uele,Rungu,Nangazizi,,Centre de Santé,Nangazizi,Acasus_0DCA502E2D
Haut-Uele,Rungu,Nangazizi,,Centre Hopitalier,Nangazizi,DHIS2_FD08589F4C
Haut-Uele,Rungu,Nangazizi,,Poste de Santé,Ngendilama,DSNIS_EBA70B0151
Haut-Uele,Rungu,Nekalagba,,Poste de Santé,Ndubala,DHIS2_71F3385847
Haut-Uele,Rungu,Nekalagba,,Centre de Santé,Nekalagba,Acasus_2DE77E2C41
Haut-Uele,Rungu,Nepomeda,,Centre de Santé,Nepomeda,Acasus_B66A8EA6B3
Haut-Uele,Rungu,Nesira,,Centre de Santé,Nesira,Acasus_5469F0BC13
Haut-Uele,Rungu,Ngabi,,Centre de Santé,Ngabi,Acasus_BC98059F79
Haut-Uele,Rungu,Ngabi,,Poste de Santé,Tay,DHIS2_B89A63EB03
Haut-Uele,Rungu,Ngabi,,Poste de Santé,Yangala,Acasus_B8389C65AB
Haut-Uele,Rungu,Rungu,,Poste de Santé,Namunza,DHIS2_FC1C0A97A5
Haut-Uele,Rungu,Rungu,,Hôpital Général de Référence,Rungu,Acasus_733D3021FC
Haut-Uele,Rungu,Rungu,,Centre de Santé,Rungu,Acasus_13D9563224
Haut-Uele,Rungu,Vube,,Centre de Santé,Kpamanda,Acasus_C2A86045AE
Haut-Uele,Rungu,Vube,,Centre Hopitalier,Vube,Acasus_486097FBBE
Haut-Uele,Wamba,Abanagomu,,Centre de Santé,Abanagomu,Acasus_09771528C1
Haut-Uele,Wamba,Abanagomu,,Site Soin Communautaire,Asanyaa,DSNIS_1053EE3C63
Haut-Uele,Wamba,Abanagomu,,Site Soin Communautaire,Atine,DSNIS_D5C18DEBF5
Haut-Uele,Wamba,Abanagomu,,Clinique,Ique De Wamba,DSNIS_75BFAC8AF9
Haut-Uele,Wamba,Abanagomu,,Site Soin Communautaire,Opea,DSNIS_80EE2DC03E
Haut-Uele,Wamba,Abiba,,Centre de Santé,Abiba,Acasus_43B14D998A
Haut-Uele,Wamba,Abiba,,Site Soin Communautaire,Agbagba,DSNIS_68F896354A
Haut-Uele,Wamba,Abiba,,Site Soin Communautaire,Babamu,DSNIS_F60CA412E5
Haut-Uele,Wamba,Abiba,,Site Soin Communautaire,Babeso,DSNIS_884548B7B5
Haut-Uele,Wamba,Abiba,,Poste de Santé,Bafagbase,DSNIS_66C3197276
Haut-Uele,Wamba,Abiba,,Poste de Santé,Itii,DHIS2_93DA328EC7
Haut-Uele,Wamba,Abiba,,Site Soin Communautaire,Kati Anoalite,DSNIS_AE55328605
Haut-Uele,Wamba,Abiba,,Poste de Santé,Tibi,DSNIS_6859920AD2
Haut-Uele,Wamba,Abiba,,Poste de Santé,Tibii,Acasus_3C0AA283B1
Haut-Uele,Wamba,Agbau,,Centre de Santé,Agbau,Acasus_30CB7C27C4
Haut-Uele,Wamba,Agbau,,Site Soin Communautaire,Bavabingi,DSNIS_8A01C3E808
Haut-Uele,Wamba,Agbau,,Poste de Santé,Baza,DSNIS_DE47AD1A64
Haut-Uele,Wamba,Agbau,,Site Soin Communautaire,Machinga,DSNIS_9E5F4EC0A9
Haut-Uele,Wamba,Agbau,,Site Soin Communautaire,Mboma,DSNIS_B2754B048C
Haut-Uele,Wamba,Agbau,,Poste de Santé,Sondo,DSNIS_7E45C939FC
Haut-Uele,Wamba,Asamboa,,Poste de Santé,Adigiso,DSNIS_E2F83415FF
Haut-Uele,Wamba,Asamboa,,Centre de Santé,Asamboa,Acasus_946E56F746
Haut-Uele,Wamba,Asamboa,,Site Soin Communautaire,Bagyemane,DSNIS_DF29FAADCA
Haut-Uele,Wamba,Asamboa,,Poste de Santé,Tobora,DHIS2_503DA30101
Haut-Uele,Wamba,Bakandja,,Poste de Santé,Asese,DHIS2_0BA91272C5
Haut-Uele,Wamba,Bakandja,,Centre de Santé,Bakanja,Acasus_D10B4E7C13
Haut-Uele,Wamba,Bakandja,,Poste de Santé,Beanaka,DSNIS_ABCA031AD7
Haut-Uele,Wamba,Bakandja,,Poste de Santé,Bon Samaritain,DSNIS_BB5A8E1828
Haut-Uele,Wamba,Bakandja,,Clinique,Ique De Matete,DSNIS_1210743346
Haut-Uele,Wamba,Bakandja,,Poste de Santé,La Guerrison,DSNIS_AF12FEA444
Haut-Uele,Wamba,Bakandja,,Poste de Santé,Matete,DSNIS_ABB4E6CEE9
Haut-Uele,Wamba,Bakandja,,Site Soin Communautaire,Ngayo,DSNIS_EABB10311F
Haut-Uele,Wamba,Bakandja,,Poste de Santé,Tabitha,DSNIS_D249329C76
Haut-Uele,Wamba,Bakhita,,Poste de Santé,Apula,DSNIS_61629CA8A5
Haut-Uele,Wamba,Bakhita,,Centre de Santé,Bakhita,Acasus_9A76C72F19
Haut-Uele,Wamba,Bakhita,,Site Soin Communautaire,Bizaboy,DSNIS_036BD3DFA9
Haut-Uele,Wamba,Bavemo,,Poste de Santé,Adjakandii,DSNIS_EBEEA0C5FB
Haut-Uele,Wamba,Bavemo,,Poste de Santé,Agbanga,DSNIS_B056C13DAF
Haut-Uele,Wamba,Bavemo,,Site Soin Communautaire,Alingimboka,DSNIS_5A64C17655
Haut-Uele,Wamba,Bavemo,,Poste de Santé,Babangenge,DSNIS_8FFB157B0F
Haut-Uele,Wamba,Bavemo,,Centre de Santé,Bavemo,Acasus_39AE9848B6
Haut-Uele,Wamba,Bayenga,,Poste de Santé,Alikupe,DSNIS_12164E2377
Haut-Uele,Wamba,Bayenga,,Centre Hopitalier,Bayenga,DHIS2_B751ADABD2
Haut-Uele,Wamba,Bayenga,,Centre de Santé de Référence,Bayenga,Acasus_A326AE9D62
Haut-Uele,Wamba,Bayenga,,Centre de Santé,Bingo,Acasus_F075102D52
Haut-Uele,Wamba,Bayenga,,Poste de Santé,Mangote,DSNIS_07B8670A8F
Haut-Uele,Wamba,Bayenga,,Site Soin Communautaire,Mbangana,DSNIS_893A508C22
Haut-Uele,Wamba,Betongwe,,Centre de Santé,Betongwe,Acasus_40944D2485
Haut-Uele,Wamba,Betongwe,,Poste de Santé,Betongwe Aog,DHIS2_6F5EA447FB
Haut-Uele,Wamba,Betongwe,,Poste de Santé,Ekango,DSNIS_145453E788
Haut-Uele,Wamba,Betongwe,,Poste de Santé,Esey,DSNIS_F0F0F7579E
Haut-Uele,Wamba,Betongwe,,Poste de Santé,Isulu,DHIS2_9F45DD0523
Haut-Uele,Wamba,Betongwe,,Poste de Santé,Kelea,DSNIS_E7EC4142A9
Haut-Uele,Wamba,Betongwe,,Site Soin Communautaire,Lagu,DSNIS_47C93EFF45
Haut-Uele,Wamba,Bindani Bagoya,,Site Soin Communautaire,Babeso,DSNIS_4773287C36
Haut-Uele,Wamba,Bindani Bagoya,,Centre de Santé,Bagoya,Acasus_E6B841FC5E
Haut-Uele,Wamba,Bindani Bagoya,,Poste de Santé,Bindani,DSNIS_CCAAA2A2C6
Haut-Uele,Wamba,Bindani Bagoya,,Site Soin Communautaire,Mambikpala,DSNIS_351A1898AE
Haut-Uele,Wamba,Bolebole,,Centre de Santé,Bole Bole,DSNIS_5B17E32C2C
Haut-Uele,Wamba,Bolebole,,Centre de Santé de Référence,Bolebole,Acasus_D962C5E9F4
Haut-Uele,Wamba,Bolebole,,Poste de Santé,Grace A Dieu,DSNIS_3A9DD5C8E4
Haut-Uele,Wamba,Bolebole,,Poste de Santé,Kasuku,Acasus_EC58EE969C
Haut-Uele,Wamba,Bolebole,,Poste de Santé,La Trompette,DSNIS_C9C3F33CC6
Haut-Uele,Wamba,Bomana,,Poste de Santé,Bakondabee,DSNIS_73451AEB0F
Haut-Uele,Wamba,Bomana,,Site Soin Communautaire,Bamonyake,DSNIS_6DB07C4C70
Haut-Uele,Wamba,Bomana,,Centre de Santé,Bomana,Acasus_9435204710
Haut-Uele,Wamba,Bomana,,Poste de Santé,Gobee,DSNIS_78710F8043
Haut-Uele,Wamba,Bomana,,Poste de Santé,Ingbunga,DSNIS_35ABB9B0EB
Haut-Uele,Wamba,Bomana,,Site Soin Communautaire,Ngufu,DSNIS_109B587AA1
Haut-Uele,Wamba,Cecca 16,,Poste de Santé,Agoy,DSNIS_BA0828B6DA
Haut-Uele,Wamba,Cecca 16,,Site Soin Communautaire,Malekesa,DSNIS_9B43A76B17
Haut-Uele,Wamba,Cecca 16,,Centre de Santé,Wamba Cecca 16,Acasus_2C0615DDCF
Haut-Uele,Wamba,Maboma,,Poste de Santé,Isima,DSNIS_F24769239F
Haut-Uele,Wamba,Maboma,,Centre de Santé,Maboma,Acasus_BA4D046D30
Haut-Uele,Wamba,Maman Kayenga,,Centre de Santé,Maman Kahenga,Acasus_966828CC08
Haut-Uele,Wamba,Maman Kayenga,,Centre de Santé,Maman Kayenga,Acasus_35BE653CCE
Haut-Uele,Wamba,Maman Kayenga,,Hôpital Général de Référence,Wamba,DHIS2_E00A5AC175
Haut-Uele,Wamba,Mambati,,Poste de Santé,Ashifaa,DSNIS_B4B2E75B7E
Haut-Uele,Wamba,Mambati,,Site Soin Communautaire,Bakpau,DSNIS_F6EB7DF1D6
Haut-Uele,Wamba,Mambati,,Poste de Santé,La Guerrison,DSNIS_14635D01BD
Haut-Uele,Wamba,Mambati,,Centre de Santé,Mambati,Acasus_20E50123B4
Haut-Uele,Wamba,Mambati,,Poste de Santé,Songa Mbele,DSNIS_6E85C86254
Haut-Uele,Wamba,Mambati,,Poste de Santé,Zawadi,DSNIS_A3B1ABDC0C
Haut-Uele,Wamba,Tshaka Tshaka,,Site Soin Communautaire,Bafandoni,DSNIS_1B7F8ADEF2
Haut-Uele,Wamba,Tshaka Tshaka,,Poste de Santé,Bombombi,DSNIS_99FAE8B926
Haut-Uele,Wamba,Tshaka Tshaka,,Site Soin Communautaire,Mondeka,DSNIS_1BEB43433E
Haut-Uele,Wamba,Tshaka Tshaka,,Centre de Santé,Tshaka Tshaka,Acasus_B6E7E165DA
Haut-Uele,Watsa,Arumbi,,Site Soin Communautaire,Andingba,DSNIS_D773573FD5
Haut-Uele,Watsa,Arumbi,,Centre de Santé,Arumbi,Acasus_1FEA8627E0
Haut-Uele,Watsa,Arumbi,,Poste de Santé,Baku,DSNIS_466B6AE5E4
Haut-Uele,Watsa,Arumbi,,Site Soin Communautaire,Kosikagba,DSNIS_80BC6BFDBE
Haut-Uele,Watsa,Arumbi,,Poste de Santé,Kubhi,DSNIS_C3F4F86404
Haut-Uele,Watsa,Arumbi,,Poste de Santé,Mambakadhi,DSNIS_96FD3645CC
Haut-Uele,Watsa,Bethanie,,Centre de Santé,Bethanie,Acasus_F0E8970035
Haut-Uele,Watsa,Bethanie,,Centre Médical,Salem,DSNIS_6B433A6D56
Haut-Uele,Watsa,Dilolo,,Poste de Santé,Dembu,Acasus_0A46320B42
Haut-Uele,Watsa,Dilolo,,Centre de Santé,Dilolo,Acasus_E84EA40BC7
Haut-Uele,Watsa,Dilolo,,Poste de Santé,Makuruza,DSNIS_648318CFBA
Haut-Uele,Watsa,Dilolo,,Poste de Santé,Tokotsako,DSNIS_C10B50EA46
Haut-Uele,Watsa,Dilolo,,Poste de Santé,Zambula,DSNIS_42125F8A45
Haut-Uele,Watsa,Doko,,Poste de Santé,Bon Samaritain,DSNIS_5F9913EA0B
Haut-Uele,Watsa,Doko,,Poste de Santé,Catherine Mission,DSNIS_BF261008A2
Haut-Uele,Watsa,Doko,,Centre de Santé,Doko,Acasus_238EB15284
Haut-Uele,Watsa,Doko,,Clinique,Ique Herbert,DSNIS_F8E059A336
Haut-Uele,Watsa,Doko,,Site Soin Communautaire,Kokolo,DSNIS_CE4D9D6D50
Haut-Uele,Watsa,Doko,,Site Soin Communautaire,Nganzi Kasia,DSNIS_7A07889687
Haut-Uele,Watsa,Doko,,Poste de Santé,Ruth,DSNIS_542F20793D
Haut-Uele,Watsa,Doko,,Poste de Santé,Sokimo,DSNIS_ED1024845E
Haut-Uele,Watsa,Doko,,Poste de Santé,Tout Est Grace,DSNIS_9E6863A6FA
Haut-Uele,Watsa,Dubele,,Poste de Santé,Beverendi,DSNIS_B4FAEA9BB5
Haut-Uele,Watsa,Dubele,,Centre Hopitalier,Dubele,DHIS2_D14A65A7CD
Haut-Uele,Watsa,Dubele,,Centre de Santé,Dubele,Acasus_B4F38A111D
Haut-Uele,Watsa,Dubele,,Site Soin Communautaire,Idhikai,DSNIS_24C3A665BE
Haut-Uele,Watsa,Dubele,,Poste de Santé,La Promesse De Dieu,DHIS2_E9410D9F56
Haut-Uele,Watsa,Durba,,Poste de Santé,Bethaida,DSNIS_3F6E2A4DB1
Haut-Uele,Watsa,Durba,,Centre de Santé de Référence,Chirurgical Durba,DSNIS_94DD8A15FB
Haut-Uele,Watsa,Durba,,Centre Hopitalier,Durba,DHIS2_6C98DA2131
Haut-Uele,Watsa,Durba,,Centre de Santé de Référence,Durba,Acasus_3BF737CD5B
Haut-Uele,Watsa,Durba,,Centre Médical,Horeb,DSNIS_2E9D195ED7
Haut-Uele,Watsa,Durba,,Clinique,Ique La Providence,DSNIS_B8CA41C991
Haut-Uele,Watsa,Durba,,Clinique,Ique Paradoxe,DSNIS_2DFBBFF73A
Haut-Uele,Watsa,Durba,,Poste de Santé,Kongi,DSNIS_5E6575CA49
Haut-Uele,Watsa,Gambela,,Centre de Santé de Référence,Gambela,Acasus_FBB53739BD
Haut-Uele,Watsa,Gambela,,Clinique,Ique Regina,DSNIS_94CF9E0E21
Haut-Uele,Watsa,Ganoza,,Centre Médical,Dondi,Acasus_7306E7C122
Haut-Uele,Watsa,Ganoza,,Centre de Santé,Ganoza,Acasus_53FB693939
Haut-Uele,Watsa,Ganoza,,Poste de Santé,Korekore,DSNIS_DA8C059303
Haut-Uele,Watsa,Ganoza,,Poste de Santé,Malanga,DSNIS_A28288052A
Haut-Uele,Watsa,Ganoza,,Poste de Santé,Tengbedheko,DSNIS_12837A12A4
Haut-Uele,Watsa,Ganoza,,Site Soin Communautaire,Zinao,DSNIS_59ADAB29EB
Haut-Uele,Watsa,Gatanga,,Centre de Santé,Gatanga,Acasus_9877DF3DA0
Haut-Uele,Watsa,Gatanga,,Centre de Santé,Kotamalembe,DSNIS_2DF0C9AA81
Haut-Uele,Watsa,Kibali,,Centre de Santé,Kibali,Acasus_85CC20470B
Haut-Uele,Watsa,Kibali,,Hôpital,Sokimo,Acasus_9EF2E75327
Haut-Uele,Watsa,Kokoro,,Poste de Santé,Gima,DSNIS_EC6FF380F5
Haut-Uele,Watsa,Kokoro,,Centre de Santé,Kokoro,Acasus_EF13EEF5FC
Haut-Uele,Watsa,Maba,,Poste de Santé,Maba,DSNIS_4C9B4B8892
Haut-Uele,Watsa,Maba,,Centre de Santé,Maba,Acasus_53F0FDB344
Haut-Uele,Watsa,Maitulu,,Poste de Santé,Karoso,DSNIS_5E19619618
Haut-Uele,Watsa,Maitulu,,Centre de Santé de Référence,Maitulu,Acasus_79F4C18385
Haut-Uele,Watsa,Maitulu,,Poste de Santé,Ngevea,DSNIS_B9E6512021
Haut-Uele,Watsa,Moku,,Poste de Santé,Bhabarau,DSNIS_0BF8989BA7
Haut-Uele,Watsa,Moku,,Centre Hopitalier,Esperance,DSNIS_D0B14EB665
Haut-Uele,Watsa,Moku,,Site Soin Communautaire,Mission Moto,DSNIS_1AC260A465
Haut-Uele,Watsa,Moku,,Centre de Santé de Référence,Moku,Acasus_3EF25AF983
Haut-Uele,Watsa,Moku,,Centre Hopitalier,Saint Luc,DSNIS_D89E543B24
Haut-Uele,Watsa,Moku,,Poste de Santé,Toli,DSNIS_CD1EEFB303
Haut-Uele,Watsa,Monama,,Poste de Santé,Angato,DSNIS_B7A137146F
Haut-Uele,Watsa,Monama,,Centre de Santé,Monama,Acasus_13690250B3
Haut-Uele,Watsa,Monya,,Centre de Santé,Monya,Acasus_7DF66F5175
Haut-Uele,Watsa,Monya,,Poste de Santé,Nzoro,DHIS2_58548BCE0A
Haut-Uele,Watsa,Monya,,Centre Hopitalier,Surur,DSNIS_0B595C9065
Haut-Uele,Watsa,Ngangazo,,Centre de Santé,Ngangazo,Acasus_765362080B
Haut-Uele,Watsa,Toyota,,Centre Hopitalier,Kibali,DHIS2_C22249AC13
Haut-Uele,Watsa,Toyota,,Site Soin Communautaire,Mege,DSNIS_76ED8C5BFE
Haut-Uele,Watsa,Toyota,,Centre de Santé,Toyota,Acasus_6190E500E1
Haut-Uele,Watsa,Toyota,,Centre Médical,Universel Plus,DSNIS_F520755044
Ituri,Adi,Adi,Pizala,Bureau Central de la Zone de Santé,Adi,hltfac_A2C773CE6F
Ituri,Adi,Adi,,Centre de Santé,Adi,hltfac_84BE11D6EF
Ituri,Adi,Adi,,Hôpital Général de Référence,Adi,hltfac_EB455997AE
Ituri,Adi,Adi,,Clinique,Maison Medical,hltfac_43078D8122
Ituri,Adi,Agura,,Centre de Santé,Agura,hltfac_8F786C2BE6
Ituri,Adi,Agura,,Site Soin Communautaire,Nyori,hltfac_E0A27BD920
Ituri,Adi,Agura,,Site Soin Communautaire,Sundriri,hltfac_2F284A8136
Ituri,Adi,Azu,,Site Soin Communautaire,Agoroba,hltfac_0B664FBED0
Ituri,Adi,Azu,,Centre de Santé,Azu,hltfac_740F04E17B
Ituri,Adi,Azu,,Site Soin Communautaire,Kendrio,hltfac_C43867DE51
Ituri,Adi,Azu,,Site Soin Communautaire,Ranyaka,hltfac_724871CA12
Ituri,Adi,Drobukolo,,Site Soin Communautaire,Anyapio,hltfac_A75F1A63DA
Ituri,Adi,Drobukolo,,Centre de Santé,Drobukolo,hltfac_1AEFA984B6
Ituri,Adi,Etukaliri,,Centre de Santé,Etukaliri,hltfac_A7DE03844F
Ituri,Adi,Etukaliri,,Site Soin Communautaire,Nyori Kalogo,hltfac_CDD18B562D
Ituri,Adi,Etukaliri,,Site Soin Communautaire,Roondra,hltfac_51726304BC
Ituri,Adi,Etukaliri,,Site Soin Communautaire,Turupa,hltfac_34A0C0D521
Ituri,Adi,Gaki,,Centre de Santé,Gaki,hltfac_5A72881912
Ituri,Adi,Gaki,,Site Soin Communautaire,Godria Odhumoni,hltfac_BF39D86817
Ituri,Adi,Gaki,,Site Soin Communautaire,Ranzu,hltfac_2B9FCEFB39
Ituri,Adi,Gbondoko,,Site Soin Communautaire,Alumape,hltfac_722CBCC32E
Ituri,Adi,Gbondoko,,Centre de Santé,Gbondoko,hltfac_3BEFBA9BC6
Ituri,Adi,Gbondoko,,Site Soin Communautaire,Ituliri,hltfac_4D9DF5B32C
Ituri,Adi,Ingbokolo,,Site Soin Communautaire,Bokorizo,hltfac_A80E7B3A9F
Ituri,Adi,Ingbokolo,,Centre de Santé,Ingbokolo,hltfac_DF1CE4E90D
Ituri,Adi,Ingbokolo,,Clinique,Mungu Jakisa,hltfac_E879EE8929
Ituri,Adi,Iri,,Site Soin Communautaire,Aga,hltfac_EF9C7D40F1
Ituri,Adi,Iri,,Centre de Santé de Référence,Iri,hltfac_8462713443
Ituri,Adi,Iri,,Site Soin Communautaire,Karagba,hltfac_B67409577B
Ituri,Adi,Iri,,Site Soin Communautaire,Karanyanya,hltfac_41FC722829
Ituri,Adi,Iri,,Poste de Santé,Kongoroko,hltfac_8AC1EB248E
Ituri,Adi,Iri,,Site Soin Communautaire,Kongoroko,hltfac_63D0A2F3E1
Ituri,Adi,Iri,,Poste de Santé,Ngbula,hltfac_AE5FB77EF7
Ituri,Adi,Iri,,Site Soin Communautaire,Ubuguze,hltfac_2968C017A2
Ituri,Adi,Kanda,,Site Soin Communautaire,Dronyi Miridri,hltfac_66BB283D48
Ituri,Adi,Kanda,,Centre de Santé,Kanda,hltfac_D7D3F3340F
Ituri,Adi,Koloa,,Centre de Santé,Koloa,hltfac_BA14682280
Ituri,Adi,Koloa,,Site Soin Communautaire,Kuzoki,hltfac_7B8FE5EDEB
Ituri,Adi,Koloa,,Site Soin Communautaire,Mege,hltfac_676609F09C
Ituri,Adi,Kumuru,,Centre de Santé,Kumuru,hltfac_4996A1C763
Ituri,Adi,Kumuru,,Site Soin Communautaire,Wodu,hltfac_31D0C0C48B
Ituri,Adi,Liku,,Site Soin Communautaire,Drimu Indrikwa,hltfac_E0FC96CF85
Ituri,Adi,Liku,,Centre de Santé,Liku,hltfac_A1C185DBC4
Ituri,Adi,Liku,,Site Soin Communautaire,Pamuna,hltfac_63D2836BEC
Ituri,Adi,Loliga,,Site Soin Communautaire,Bhekenye,hltfac_F3DB4CF13F
Ituri,Adi,Loliga,,Site Soin Communautaire,Bhiyo,hltfac_15C8C205D7
Ituri,Adi,Loliga,,Centre de Santé,Loliga Ubago,hltfac_673DCA8274
Ituri,Adi,Midhu,,Site Soin Communautaire,Drora,hltfac_12ABCE0D5A
Ituri,Adi,Midhu,,Site Soin Communautaire,Matru,hltfac_3E3C7D2730
Ituri,Adi,Midhu,,Centre de Santé,Midhu,hltfac_DA46E75487
Ituri,Adi,Rikazu,,Site Soin Communautaire,Amuko,hltfac_39746A0F78
Ituri,Adi,Rikazu,,Site Soin Communautaire,Gombe,hltfac_DB04B042CA
Ituri,Adi,Rikazu,,Site Soin Communautaire,Modru,hltfac_C1D8FE0F3F
Ituri,Adi,Rikazu,,Site Soin Communautaire,Rendra,hltfac_C98911952B
Ituri,Adi,Rikazu,,Centre de Santé,Rikazu,hltfac_92F93C731C
Ituri,Adi,Rodo,,Poste de Santé,Duku,hltfac_03F168A0D6
Ituri,Adi,Rodo,,Site Soin Communautaire,Duku,hltfac_B3F43BD16B
Ituri,Adi,Rodo,,Site Soin Communautaire,Olengako,hltfac_D23F5FCB8B
Ituri,Adi,Rodo,,Centre de Santé,Rodo,hltfac_50D2451CAA
Ituri,Adi,Rumu,,Site Soin Communautaire,Dregibha,hltfac_F6B2D14FA1
Ituri,Adi,Rumu,,Site Soin Communautaire,Mile,hltfac_CE9C5EDD1D
Ituri,Adi,Rumu,,Centre de Santé,Rumu,hltfac_D43D51E185
Ituri,Adi,Utru,,Poste de Santé,Don Beni,hltfac_71ADED5648
Ituri,Adi,Utru,,Site Soin Communautaire,Keriyo,hltfac_081875E9F7
Ituri,Adi,Utru,,Site Soin Communautaire,Mingoro,hltfac_A6F5B7D767
Ituri,Adi,Utru,,Site Soin Communautaire,Minye,hltfac_4B35D2F922
Ituri,Adi,Utru,,Centre de Santé,Utru,hltfac_A31802370E
Ituri,Adja,Abhava,,Centre de Santé,Abhava,hltfac_0817D7ADBB
Ituri,Adja,Abhava,,Site Soin Communautaire,Biva,hltfac_07B45E801A
Ituri,Adja,Abhava,,Poste de Santé,Mopaka,hltfac_BEE42D6241
Ituri,Adja,Abhava,,Poste de Santé,Nyagira,hltfac_4686C9D316
Ituri,Adja,Abhava,,Site Soin Communautaire,Roka,hltfac_44E88E1878
Ituri,Adja,Abuguru,,Centre de Santé,Abuguru,hltfac_3224A8A8B6
Ituri,Adja,Abuguru,,Site Soin Communautaire,Djimara,hltfac_13CD19394F
Ituri,Adja,Adobea,,Centre de Santé,Adobea,hltfac_632A2DDDC8
Ituri,Adja,Adobea,,Site Soin Communautaire,Alibha Kizito,hltfac_798058E349
Ituri,Adja,Adobea,,Site Soin Communautaire,Ongo Alibha,hltfac_1A142198DA
Ituri,Adja,Adua,,Centre de Santé,Adua,hltfac_E041A202F8
Ituri,Adja,Adua,,Site Soin Communautaire,Envei,hltfac_7F422F1BB7
Ituri,Adja,Adua,,Site Soin Communautaire,Kogi,hltfac_B327C5546D
Ituri,Adja,Adua,,Site Soin Communautaire,Olivu,hltfac_9EE67EA5FF
Ituri,Adja,Angonda,,Centre de Santé,Angonda,hltfac_F9E73D578E
Ituri,Adja,Angonda,,Site Soin Communautaire,Ayida,hltfac_26F96AA19A
Ituri,Adja,Angonda,,Site Soin Communautaire,Pena,hltfac_0F97F42A38
Ituri,Adja,Apinaka,,Site Soin Communautaire,Alivu,hltfac_B3DE17C107
Ituri,Adja,Apinaka,,Centre de Santé,Apinaka,hltfac_EAD2183A62
Ituri,Adja,Atsinia,,Centre de Santé de Référence,Atsinia,hltfac_B60DCD7DCA
Ituri,Adja,Atsinia,,Site Soin Communautaire,Kula Arua,hltfac_DA793A0A4B
Ituri,Adja,Atsinia,,Site Soin Communautaire,Munyele Bura,hltfac_756EC0D29B
Ituri,Adja,Kayi,Mission,Bureau Central de la Zone de Santé,Adja,hltfac_4A2EE0C442
Ituri,Adja,Kayi,,Hôpital Général de Référence,Adja,hltfac_4B4F1FED7D
Ituri,Adja,Kayi,,Centre de Santé,Kayi,hltfac_A979262F74
Ituri,Adja,Laro,,Poste de Santé,Enveva,hltfac_7BF5C19A60
Ituri,Adja,Laro,,Poste de Santé,Kaliriga,hltfac_07759BEBE0
Ituri,Adja,Laro,,Site Soin Communautaire,Kolombo,hltfac_FB5ED39952
Ituri,Adja,Laro,,Site Soin Communautaire,Korobhe,hltfac_21DEE26B94
Ituri,Adja,Laro,,Centre de Santé,Laro,hltfac_F1F8F32B60
Ituri,Adja,Nono,,Poste de Santé,Kawua,hltfac_A29F9DDB42
Ituri,Adja,Nono,,Site Soin Communautaire,Kawua,hltfac_23C671B7A0
Ituri,Adja,Nono,,Centre de Santé,Nono,hltfac_C272721D6A
Ituri,Adja,Odroaze,,Centre de Santé,Odroaze,hltfac_ED9FA270C2
Ituri,Adja,Odroaze,,Site Soin Communautaire,Ofurabha,hltfac_7211678E4D
Ituri,Adja,Ombatale,,Site Soin Communautaire,Awuko,hltfac_2DB5FF5B0C
Ituri,Adja,Ombatale,,Centre de Santé,Ombatale,hltfac_253320A232
Ituri,Adja,Orivoa,,Site Soin Communautaire,Dirinva 2,hltfac_48B74A6964
Ituri,Adja,Orivoa,,Centre de Santé,Orivoa,hltfac_428A1AFD15
Ituri,Adja,Poni,,Site Soin Communautaire,Liko,hltfac_74F0513536
Ituri,Adja,Poni,,Centre de Santé,Poni,hltfac_16AB89725D
Ituri,Adja,Rau,,Site Soin Communautaire,Angbara,hltfac_33DFD85234
Ituri,Adja,Rau,,Centre de Santé,Rau,hltfac_80B268EB62
Ituri,Adja,Yekia,,Site Soin Communautaire,Andru,hltfac_DB1B85A8FB
Ituri,Adja,Yekia,,Centre de Santé,Yekia,hltfac_F523C3D596
Ituri,Adja,Yetsu,,Site Soin Communautaire,Onibha,hltfac_E5D2DB6F28
Ituri,Adja,Yetsu,,Centre de Santé,Yetsu,hltfac_69B40FE4E6
Ituri,Adja,Yira,,Site Soin Communautaire,Oluko,hltfac_8C6FFB7E27
Ituri,Adja,Yira,,Poste de Santé,Oluko,hltfac_712988C40F
Ituri,Adja,Yira,,Centre de Santé,Yira,hltfac_3CCC5BF9EF
Ituri,Angumu,Abia,,Centre de Santé,Abia,hltfac_46DACE879E
Ituri,Angumu,Abia,,Hôpital Général de Référence,Angumu,hltfac_5102B39FA2
Ituri,Angumu,Abia,Jupulobo,Site Soin Communautaire,Jupulobo,hltfac_F8D55822FF
Ituri,Angumu,Abia,,Poste de Santé,Umoja,hltfac_CD98A4D754
Ituri,Angumu,Anzika,,Centre de Santé,Anzika,hltfac_B2F4654923
Ituri,Angumu,Anzika,Anzika,Site Soin Communautaire,Anzika,hltfac_A2C2258423
Ituri,Angumu,Apala,,Centre de Santé de Référence,Apala Etat,hltfac_3F0E19BAA9
Ituri,Angumu,Apala,Njuda,Site Soin Communautaire,Njuda,hltfac_E85FA71E94
Ituri,Angumu,Ara,,Centre de Santé,Ara,hltfac_0B6A0961A6
Ituri,Angumu,Ara,Labu,Site Soin Communautaire,Labu,hltfac_33F93F40D8
Ituri,Angumu,Aree,,Centre de Santé,Aree,hltfac_F64095AE4B
Ituri,Angumu,Aree,Jupanyameli,Site Soin Communautaire,Jupanyameli,hltfac_B8F30C85B8
Ituri,Angumu,Awasi Luga,,Centre de Santé,Awasi Luga,hltfac_7721B9EC51
Ituri,Angumu,Awasi Luga,,Poste de Santé,Ayagu,hltfac_4A7A11E342
Ituri,Angumu,Awasi Luga,Jupajang'Ay,Site Soin Communautaire,Jupajang'Ay,hltfac_14200F474C
Ituri,Angumu,Awasi Luga,Thada Luli,Site Soin Communautaire,Thada Luli,hltfac_68203E565D
Ituri,Angumu,Bessi,,Centre de Santé,Bessi,hltfac_4A494641CB
Ituri,Angumu,Bessi,Paluka,Site Soin Communautaire,Paluka,hltfac_C75A769DAE
Ituri,Angumu,Cawa,Ramogi Centre,Bureau Central de la Zone de Santé,Angumu,hltfac_3660997704
Ituri,Angumu,Cawa,,Poste de Santé,Ayiyo,hltfac_79575C3786
Ituri,Angumu,Cawa,,Centre de Santé,Cawa Anju,hltfac_F99A6EF828
Ituri,Angumu,Cawa,Karombo,Site Soin Communautaire,Karombo,hltfac_9347161543
Ituri,Angumu,Cawa,,Poste de Santé,Nyamuloka,hltfac_3D88C547A9
Ituri,Angumu,Cawa,,Poste de Santé,Ukondowinyo,hltfac_1F88C76013
Ituri,Angumu,Cawa,,Poste de Santé,Ushindi,hltfac_F042698599
Ituri,Angumu,Dabu,,Centre de Santé,Dabu,hltfac_188DFDCB9C
Ituri,Angumu,Dabu,Tar,Site Soin Communautaire,Tar,hltfac_BBA8AE173D
Ituri,Angumu,Gengere,,Centre de Santé,Gengere,hltfac_F629213386
Ituri,Angumu,Gengere,Pamoth,Site Soin Communautaire,Pamoth,hltfac_C7B22473DF
Ituri,Angumu,Jupakamu,Bogo,Site Soin Communautaire,Bogo,hltfac_39CE9A6F0A
Ituri,Angumu,Jupakamu,,Centre de Santé,Jupakamu,hltfac_A0718491A8
Ituri,Angumu,Kudieweka,,Centre de Santé,Kudieweka,hltfac_FA641F3C31
Ituri,Angumu,Kudieweka,,Site Soin Communautaire,SSC,hltfac_28B43FFF89
Ituri,Angumu,Langa,,Centre de Santé,Langa,hltfac_DB6C0DD981
Ituri,Angumu,Langa,Wiluu,Site Soin Communautaire,Wiluu,hltfac_F8203CA43D
Ituri,Angumu,Lanyi,,Centre de Santé,Lanyi,hltfac_D079C67C4D
Ituri,Angumu,Lanyi,Ulikingi,Site Soin Communautaire,Ulikingi,hltfac_C1F266F392
Ituri,Angumu,Linga,,Centre de Santé,Linga,hltfac_2C575CBDF5
Ituri,Angumu,Linga,Ulek,Site Soin Communautaire,Ulek,hltfac_242E9C8233
Ituri,Angumu,Musongwa,,Poste de Santé,Mukashi,hltfac_D8153F7735
Ituri,Angumu,Musongwa,,Centre de Santé,Musongwa,hltfac_B6F059C793
Ituri,Angumu,Musongwa,,Site Soin Communautaire,SSC,hltfac_4D4AB78910
Ituri,Angumu,Ndaru Muswa,,Poste de Santé,Juparinge,hltfac_6914BEBC37
Ituri,Angumu,Ndaru Muswa,Muguma,Site Soin Communautaire,Muguma,hltfac_1B692350A0
Ituri,Angumu,Ndaru Muswa,,Centre de Santé,Ndaru Muswa,hltfac_EC8CE7788B
Ituri,Angumu,Ndaru Muswa,,Poste de Santé,Nyalebbe,hltfac_B45C586331
Ituri,Angumu,Pakala,Jupajatho,Site Soin Communautaire,Jupajatho,hltfac_435C571CD2
Ituri,Angumu,Pakala,,Centre de Santé,Pakala,hltfac_0EEEF7BEA4
Ituri,Angumu,Pakala,,Poste de Santé,Udrua,hltfac_71D58E9BA4
Ituri,Angumu,Panyadong,,Poste de Santé,Djaki,hltfac_BEE2A170F6
Ituri,Angumu,Panyadong,,Centre de Santé,Panyadong,hltfac_F59C81C52F
Ituri,Angumu,Udongo Abira,,Poste de Santé,Arii,hltfac_0E9720A754
Ituri,Angumu,Udongo Abira,,Poste de Santé,Tilo,hltfac_D10D35E784
Ituri,Angumu,Udongo Abira,,Centre de Santé de Référence,Udongo Abira,hltfac_97B6A06933
Ituri,Angumu,Udongo Abira,Wifungu,Site Soin Communautaire,Wifungu,hltfac_A3CD52094E
Ituri,Angumu,Ugudo Zii,Sora 1,Site Soin Communautaire,Sora 1,hltfac_0FB49FBDF0
Ituri,Angumu,Ugudo Zii,,Autre,Tabu,hltfac_BCADE415C1
Ituri,Angumu,Ugudo Zii,,Centre de Santé,Ugudozii,hltfac_5A8B279FB7
Ituri,Angumu,Ugudo Zii,,Poste de Santé,Zelo,hltfac_8036991F20
Ituri,Angumu,Uyandu,Jupagoli,Site Soin Communautaire,Jupagoli,hltfac_F6CB4A8F80
Ituri,Angumu,Uyandu,,Centre de Santé,Uyandu,hltfac_3B1D1E6BC0
Ituri,Ariwara,Abedju,,Centre de Santé de Référence,Abedju,hltfac_02DC43234A
Ituri,Ariwara,Abedju,Adupi,Site Soin Communautaire,Adupi,hltfac_CE6051EB5A
Ituri,Ariwara,Abedju,Edipi,Site Soin Communautaire,Edipi,hltfac_2C1670707A
Ituri,Ariwara,Angiria,,Centre de Santé,Angiria,hltfac_F77E519B07
Ituri,Ariwara,Angiria,Tseko,Site Soin Communautaire,Tseko,hltfac_5E87107A0D
Ituri,Ariwara,Apaa,,Centre de Santé,Apaa,hltfac_468AFF9DC3
Ituri,Ariwara,Apaa,Kamaka,Site Soin Communautaire,Kamaka,hltfac_7C61B90221
Ituri,Ariwara,Apaa,,Poste de Santé,Onibha,hltfac_7C6FB6092B
Ituri,Ariwara,Ariwara,,Poste de Santé,Alpha Maternite,hltfac_642E1BB09D
Ituri,Ariwara,Ariwara,Quartier Ayiko,Bureau Central de la Zone de Santé,Ariwara,hltfac_E0DA6AE7BA
Ituri,Ariwara,Ariwara,,Hôpital Général de Référence,Ariwara,hltfac_0A309CDFDD
Ituri,Ariwara,Ariwara,,Centre de Santé,Ariwara Etat,hltfac_079960875E
Ituri,Ariwara,Ariwara,,Clinique,Bon Samaritain,hltfac_8CE181ECF8
Ituri,Ariwara,Ariwara,,Clinique,Don de Dieu,hltfac_092389C09C
Ituri,Ariwara,Ariwara,,Clinique,Jehova Rapha,hltfac_E885522E4C
Ituri,Ariwara,Ariwara,,Dispensaire,La Grace Dieu,hltfac_43C7ACDF36
Ituri,Ariwara,Ariwara,,Dispensaire,Tulizeni,hltfac_BF1BF7B3CA
Ituri,Ariwara,Ayiforo,,Poste de Santé,Ati,hltfac_9BA9CA238C
Ituri,Ariwara,Ayiforo,,Centre de Santé,Ayiforo,hltfac_A46913ED53
Ituri,Ariwara,Ayiforo,Padruku,Site Soin Communautaire,Padruku,hltfac_8A1D45D5B0
Ituri,Ariwara,Ayiforo,,Autre,Shalom Amania,hltfac_F97F2F5BFE
Ituri,Ariwara,Dema,,Poste de Santé,Alpha,hltfac_0F65951083
Ituri,Ariwara,Dema,,Clinique,Alpha Sadco,hltfac_886BFA02AE
Ituri,Ariwara,Dema,,Centre de Santé,Dema,hltfac_299ACC1D85
Ituri,Ariwara,Dema,,Poste de Santé,Santé pour tous,hltfac_42291026FA
Ituri,Ariwara,Dema,,Dispensaire,Vieux Boboto,hltfac_B9B135401B
Ituri,Ariwara,Donzu,,Poste de Santé,Avi,hltfac_BCF878EE10
Ituri,Ariwara,Donzu,,Centre de Santé,Donzu,hltfac_5FADB3CA57
Ituri,Ariwara,Donzu,Koropi,Site Soin Communautaire,Koropi,hltfac_664EC58D2A
Ituri,Ariwara,Donzu,Ombokoro,Site Soin Communautaire,Ombokoro,hltfac_97A130EA8F
Ituri,Ariwara,Edipi,,Poste de Santé,Amanipi,hltfac_FCEB85E44C
Ituri,Ariwara,Edipi,,Centre de Santé,Edipi,hltfac_51F4A0A3F5
Ituri,Ariwara,Edipi,Lamila,Site Soin Communautaire,Lamila,hltfac_2B595ACBC6
Ituri,Ariwara,Edipi,,Site Soin Communautaire,SSC,hltfac_38A611868B
Ituri,Ariwara,Essoko,,Centre de Santé,Essoko,hltfac_068C137F5D
Ituri,Ariwara,Essoko,Katanga,Site Soin Communautaire,Katanga,hltfac_F194ADF86B
Ituri,Ariwara,Gobiri,,Centre de Santé,Gobiri,hltfac_EB35A09BA0
Ituri,Ariwara,Gobiri,,Site Soin Communautaire,SSC,hltfac_4C9AE196E0
Ituri,Ariwara,Kikia,,Poste de Santé,Angarakini,hltfac_8E1D0D0276
Ituri,Ariwara,Kikia,Bori,Site Soin Communautaire,Bori,hltfac_20B9A8A9F2
Ituri,Ariwara,Kikia,,Centre de Santé,Kikia,hltfac_BA66228E25
Ituri,Ariwara,Kikia,Odhunye,Site Soin Communautaire,Odhunye,hltfac_5F1784D4E3
Ituri,Ariwara,Kuku,Anyara Onveka,Site Soin Communautaire,Anyara Onveka,hltfac_6B74117AB5
Ituri,Ariwara,Kuku,,Centre de Santé,Kuku,hltfac_E216498166
Ituri,Ariwara,Lea,Adjuango,Site Soin Communautaire,Adjuango,hltfac_854CE94D20
Ituri,Ariwara,Lea,,Centre de Santé,Lea,hltfac_B8D8C07120
Ituri,Ariwara,Lea,Moro,Site Soin Communautaire,Moro,hltfac_12DA3004A4
Ituri,Ariwara,Nderi,Ovisoni,Poste de Santé,Adrarua,hltfac_1502675938
Ituri,Ariwara,Nderi,,Centre de Santé,Nderi,hltfac_BE9474BFB4
Ituri,Ariwara,Nderi,Nono,Site Soin Communautaire,Nono,hltfac_820D92217B
Ituri,Ariwara,Ombayi,,Poste de Santé,Djambara,hltfac_F413A82A8D
Ituri,Ariwara,Ombayi,,Poste de Santé,Lolo,hltfac_4E09D3709C
Ituri,Ariwara,Ombayi,Lolo 1,Site Soin Communautaire,Lolo 1,hltfac_1FCEE25EFD
Ituri,Ariwara,Ombayi,,Centre de Santé de Référence,Ombayi,hltfac_3951748861
Ituri,Ariwara,Omundatsi,Danya,Site Soin Communautaire,Danya,hltfac_48BCFF0EB6
Ituri,Ariwara,Omundatsi,Odruma,Site Soin Communautaire,Odruma,hltfac_EC571678DB
Ituri,Ariwara,Omundatsi,,Centre de Santé,Omundatsi,hltfac_66C03717B3
Ituri,Ariwara,Ovoa,,Poste de Santé,Etu Ali,hltfac_553D339F9A
Ituri,Ariwara,Ovoa,,Poste de Santé,Etuali,hltfac_1074F37381
Ituri,Ariwara,Ovoa,Olidri,Site Soin Communautaire,Olidri,hltfac_83DDCFE175
Ituri,Ariwara,Ovoa,,Centre de Santé,Ovoa,hltfac_1F60D02BF8
Ituri,Ariwara,Ovoa,,Site Soin Communautaire,SSC,hltfac_C8915D0AED
Ituri,Ariwara,Ovutsiri,,Clinique,Croire À La Vie,hltfac_B06B47B430
Ituri,Ariwara,Ovutsiri,,Clinique,Divin Amour,hltfac_F92C7BC71E
Ituri,Ariwara,Ovutsiri,,Centre de Santé,Ovutsiri,hltfac_1B970356C2
Ituri,Ariwara,Pabiri,Ariko Anyufura,Site Soin Communautaire,Ariko Anyufura,hltfac_E08219C3BF
Ituri,Ariwara,Pabiri,Ayiko,Poste de Santé,Ewafa,hltfac_DF8B530944
Ituri,Ariwara,Pabiri,,Centre de Santé,Pabiri,hltfac_8B74A4E115
Ituri,Ariwara,Rogale,Biongbo,Site Soin Communautaire,Biongbo,hltfac_62AE156C74
Ituri,Ariwara,Rogale,Dakatsu,Site Soin Communautaire,Dakatsu,hltfac_45C8E75271
Ituri,Ariwara,Rogale,,Poste de Santé,Ngbakini,hltfac_636098523B
Ituri,Ariwara,Rogale,,Centre de Santé,Rogale,hltfac_208CAF56B7
Ituri,Ariwara,Titi,Lamila Obi,Site Soin Communautaire,Lamila Obi,hltfac_2DD07EB567
Ituri,Ariwara,Titi,Orobgo,Site Soin Communautaire,Orobgo,hltfac_948A7399AF
Ituri,Ariwara,Titi,,Centre de Santé,Titi,hltfac_2B865184B6
Ituri,Ariwara,Witsiri,Oronzi,Site Soin Communautaire,Oronzi,hltfac_4D4F5AE9C8
Ituri,Ariwara,Witsiri,,Centre de Santé,Witsiri,hltfac_A21A67A745
Ituri,Aru,Abiridio,,Centre de Santé,Abiridio,hltfac_E93B717B8A
Ituri,Aru,Alibha,Adjupani,Site Soin Communautaire,Adjupani,hltfac_DCEE7C59A5
Ituri,Aru,Alibha,,Centre de Santé,Alibha,hltfac_25C9379C44
Ituri,Aru,Alibha,Ezoo,Site Soin Communautaire,Ezoo,hltfac_260BD91C24
Ituri,Aru,Alivu Vumba,,Centre de Santé,Alivu Vumba,hltfac_DF45E0D88A
Ituri,Aru,Ameri,,Centre de Santé,Ameri,hltfac_932074AABA
Ituri,Aru,Ameri,Ayira,Site Soin Communautaire,Ayira,hltfac_F167CD08E4
Ituri,Aru,Ameri,Lubi,Poste de Santé,Lubi,hltfac_7590E57D0A
Ituri,Aru,Ania,,Centre de Santé de Référence,Ania,hltfac_D02C7EE4A4
Ituri,Aru,Araba,,Centre de Santé,Araba,hltfac_3FDBC17DC2
Ituri,Aru,Aru Cité,,Centre de Santé de Référence,Aru Cité,hltfac_F84EC68C74
Ituri,Aru,Ayiko,,Centre de Santé,Ayiko,hltfac_881154CBDC
Ituri,Aru,Bakhita,Essefe/Zua Idee,Bureau Central de la Zone de Santé,Aru,hltfac_318DB3A120
Ituri,Aru,Bakhita,,Hôpital Général de Référence,Aru,hltfac_E3D9A9935E
Ituri,Aru,Bakhita,,Centre de Santé,Bakhita,hltfac_E3A8C45C40
Ituri,Aru,Bakhita,Bakhita,Clinique,ESMA,hltfac_69675EC4C3
Ituri,Aru,Bakhita,Bakhita,Clinique,PNC,hltfac_B4D60529E7
Ituri,Aru,Buta,,Centre de Santé,Buta,hltfac_F51C9C9995
Ituri,Aru,Ekanga,,Centre de Santé,Ekanga,hltfac_2159D0FDCA
Ituri,Aru,Eru Yofenyiri,Etseku,Centre de Santé,Eru Yofenyiri,hltfac_64963A5C7C
Ituri,Aru,Eru Yofenyiri,Laritala,Site Soin Communautaire,Laritala,hltfac_CA8044BFC0
Ituri,Aru,Essebi,,Centre de Santé de Référence,Essebi,hltfac_327E884916
Ituri,Aru,Essebi,,Poste de Santé,Ongua,hltfac_BC4DEAC633
Ituri,Aru,Katanga,Essissia,Clinique,Bethesaida,hltfac_D12820FDBF
Ituri,Aru,Katanga,,Centre de Santé,Katanga,hltfac_8C4A2B127F
Ituri,Aru,Kumudhu,,Centre de Santé,Kumudhu,hltfac_134450C5E9
Ituri,Aru,Kumudhu,,Poste de Santé,Yamba 2,hltfac_28A9CDC9AD
Ituri,Aru,Leri,,Centre de Santé,Leri,hltfac_D81FC6A527
Ituri,Aru,Leri,,Poste de Santé,Ondere,hltfac_4D86E3CD49
Ituri,Aru,Malinga,Kerukele,Site Soin Communautaire,Kerukele,hltfac_6CE7A5EC54
Ituri,Aru,Malinga,Tuli,Centre de Santé,Malinga,hltfac_FE9CB365B0
Ituri,Aru,Odranyi,,Centre de Santé,Odranyi,hltfac_227E8D49B9
Ituri,Aru,Ondolea,Awuruta,Site Soin Communautaire,Awuruta,hltfac_3E41EED3C1
Ituri,Aru,Ondolea,Ondolea,Centre de Santé de Référence,Ondolea,hltfac_19741F83A1
Ituri,Aru,Ondolea,Rotsia,Site Soin Communautaire,Rotsia,hltfac_AFCD3C33E4
Ituri,Aru,Ongoyi,Nyirivu 1,Site Soin Communautaire,Nyirivu 1,hltfac_16470AC0B3
Ituri,Aru,Ongoyi,Ongoyi,Centre de Santé,Ongoyi,hltfac_CC02E701AA
Ituri,Aru,Oronzi,Buranga 1,Site Soin Communautaire,Buranga 1,hltfac_972090153E
Ituri,Aru,Oronzi,Anzu,Centre de Santé,Oronzi,hltfac_F4942A48F3
Ituri,Aru,Rodo,Ombetiri,Centre de Santé,Rodo,hltfac_F5393F8B47
Ituri,Aru,Rodo,Rodo,Site Soin Communautaire,Rodo,hltfac_7A55DD7223
Ituri,Aru,Yaba,,Poste de Santé,Rau,hltfac_2DC5930D5B
Ituri,Aru,Yaba,,Centre de Santé,Yaba,hltfac_6699719920
Ituri,Aru,Yebifu,Nyatsa odru,Poste de Santé,Nyatsa,hltfac_255246D21E
Ituri,Aru,Yebifu,okolo,Centre de Santé,Yebifu,hltfac_2E792F33C5
Ituri,Aru,Yuku,Adronga,Site Soin Communautaire,Adronga,hltfac_3A66E539B9
Ituri,Aru,Yuku,,Centre de Santé de Référence,Yuku,hltfac_9022F52443
Ituri,Aungba,Ahologo,,Centre de Santé,Ahologo 1,hltfac_5B849926D7
Ituri,Aungba,Ahologo,Aungba 1,Bureau Central de la Zone de Santé,Aungba,hltfac_C9D658B7BA
Ituri,Aungba,Ahologo,,Hôpital Général de Référence,Aungba,hltfac_86139BE0CE
Ituri,Aungba,Ahologo,,Poste de Santé,Kunukezi,hltfac_698E1C09AD
Ituri,Aungba,Ahologo,,Site Soin Communautaire,SSC,hltfac_971C889038
Ituri,Aungba,AllaTukpa,,Centre de Santé,Alla Tukpa,hltfac_F9BDBC08E6
Ituri,Aungba,AllaTukpa,,Poste de Santé,Awu,hltfac_80578FB511
Ituri,Aungba,AllaTukpa,,Site Soin Communautaire,SSC,hltfac_620453491A
Ituri,Aungba,Alotho,,Centre de Santé,Alotho,hltfac_3584AE50B9
Ituri,Aungba,Alotho,Pacua,Site Soin Communautaire,Pacua,hltfac_F61E82B2F7
Ituri,Aungba,Alotho,,Poste de Santé,Ukurokwodo,hltfac_40A56C6D92
Ituri,Aungba,Ameri,,Centre de Santé,Ameri,hltfac_B400D890D1
Ituri,Aungba,Anyara,,Poste de Santé,Alingongo,hltfac_4401EC5E7B
Ituri,Aungba,Anyara,,Centre de Santé,Anyara,hltfac_06A2B58B6D
Ituri,Aungba,Anyara,Ngbazu,Site Soin Communautaire,Ngbazu,hltfac_3BA2BB85FB
Ituri,Aungba,Anyara,,Poste de Santé,Uree,hltfac_D56016CA44
Ituri,Aungba,Aringo,,Centre de Santé,Aringo,hltfac_8ED96BA308
Ituri,Aungba,Aringo,,Poste de Santé,Jupadrogo,hltfac_85EB77305C
Ituri,Aungba,Aringo,,Site Soin Communautaire,SSC,hltfac_0730B84381
Ituri,Aungba,Aterlembe,Aseri,Site Soin Communautaire,Aseri,hltfac_7945563528
Ituri,Aungba,Aterlembe,,Centre de Santé,Aterlembe,hltfac_8B6C7DDEDB
Ituri,Aungba,Aterlembe,,Poste de Santé,Kpese,hltfac_921E790E10
Ituri,Aungba,Audha,,Centre de Santé,Audha,hltfac_B4D998C68F
Ituri,Aungba,Audha,Zamanda,Site Soin Communautaire,Zamanda,hltfac_0079875E5E
Ituri,Aungba,Aupa,,Centre de Santé,Aupa,hltfac_F2A1A9461E
Ituri,Aungba,Aupa,Munguromo,Site Soin Communautaire,Munguromo,hltfac_7F25A60FFB
Ituri,Aungba,Avari,Angar,Site Soin Communautaire,Angar,hltfac_783A41F380
Ituri,Aungba,Avari,,Centre de Santé,Avari,hltfac_A2E034592A
Ituri,Aungba,Avari,,Poste de Santé,Avari,hltfac_E5E0811EDC
Ituri,Aungba,Djalasiga,,Centre de Santé,Djalasiga,hltfac_5FCB39965A
Ituri,Aungba,Djalasiga,Koc Lala,Site Soin Communautaire,Koc Lala,hltfac_EBF97AC337
Ituri,Aungba,Djalasiga,,Poste de Santé,Mbaku,hltfac_0015DA1A16
Ituri,Aungba,Kepira,,Centre de Santé,Kepira,hltfac_64756FA7BF
Ituri,Aungba,Kusu,,Centre de Santé,Kusu,hltfac_B312AB6B87
Ituri,Aungba,Kusu,,Poste de Santé,Mosikoro,hltfac_F27360DD11
Ituri,Aungba,Luma,,Poste de Santé,Alingi,hltfac_7851614A9C
Ituri,Aungba,Luma,,Centre de Santé de Référence,Luma,hltfac_BEEED6D331
Ituri,Aungba,Luma,,Poste de Santé,Menzi Kopo,hltfac_22E5A40A4A
Ituri,Aungba,Luma,,Poste de Santé,Pk 3,hltfac_DC7DD2E3AA
Ituri,Aungba,Mont Zeu,,Poste de Santé,Aguda,hltfac_204B78BD20
Ituri,Aungba,Mont Zeu,Gau,Site Soin Communautaire,Gau,hltfac_B27B5B7DCC
Ituri,Aungba,Mont Zeu,,Centre de Santé,Mont Zeu,hltfac_EE6DC86B7D
Ituri,Aungba,Ndama,Agolu,Site Soin Communautaire,Agolu,hltfac_C8D4699CDB
Ituri,Aungba,Ndama,,Poste de Santé,Ambisi,hltfac_5AB24BE437
Ituri,Aungba,Ndama,,Centre de Santé de Référence,Ndama,hltfac_F050CDB747
Ituri,Aungba,Ngbiki,,Centre de Santé de Référence,Ngbiki,hltfac_8CF88439EE
Ituri,Aungba,Ngbiki,,Poste de Santé,Rwe,hltfac_014850FE26
Ituri,Aungba,Ngbiki,Ugutho,Site Soin Communautaire,Ugutho,hltfac_C1EC692B93
Ituri,Aungba,Tali Tali,,Centre de Santé,Tali Tali,hltfac_B97F322F06
Ituri,Aungba,Tali Tali,Village 57,Site Soin Communautaire,Village 57,hltfac_1889BBA063
Ituri,Aungba,Wadaka,,Poste de Santé,Amagi,hltfac_3A5976E7D1
Ituri,Aungba,Wadaka,Angudhu,Site Soin Communautaire,Angudhu,hltfac_EC8DD43115
Ituri,Aungba,Wadaka,,Poste de Santé,Ayamba,hltfac_F53C582027
Ituri,Aungba,Wadaka,,Centre de Santé,Wadaka,hltfac_BC00806E54
Ituri,Aungba,Yilo,,Centre de Santé,Yilo,hltfac_E464CA56DB
Ituri,Aungba,Zani,,Poste de Santé,Sunda,hltfac_2F1B5637DF
Ituri,Aungba,Zani,Sunda 1,Site Soin Communautaire,Sunda 1,hltfac_78DB987FCE
Ituri,Aungba,Zani,,Centre de Santé,Zani,hltfac_8F8A4C9560
Ituri,Bambu,Bambu,Nyakoremi,Bureau Central de la Zone de Santé,Bambu,hltfac_D02DCC9CF7
Ituri,Bambu,Bambu,,Hôpital Général de Référence,Bambu,hltfac_EF5C5E87E9
Ituri,Bambu,Bambu,,Centre de Santé,Bambu,hltfac_8FB9CC51C3
Ituri,Bambu,Bambu,,Site Soin Communautaire,Boku,hltfac_0E31CBED25
Ituri,Bambu,Banana,,Centre de Santé,Banana,hltfac_350B327C7B
Ituri,Bambu,Banana,,Poste de Santé,Banana,hltfac_91A2438F3C
Ituri,Bambu,Banana,,Poste de Santé,Grace à Dieu,hltfac_1B14D257B2
Ituri,Bambu,Banana,,Site Soin Communautaire,Poringange,hltfac_7730A2862B
Ituri,Bambu,Dala,,Poste de Santé,Bora Uzima,hltfac_27073D1938
Ituri,Bambu,Dala,,Poste de Santé,Croix-Rouge,hltfac_F87964CD86
Ituri,Bambu,Dala,,Centre de Santé de Référence,Dala,hltfac_46EAB86B23
Ituri,Bambu,Dala,,Site Soin Communautaire,Ngakpa,hltfac_B805000D97
Ituri,Bambu,Dala,,Site Soin Communautaire,Tule,hltfac_5626BD5877
Ituri,Bambu,Dhungo,,Centre de Santé,Dhungo,hltfac_5D8B31A9DD
Ituri,Bambu,Dhungo,,Poste de Santé,Lambi,hltfac_2EDCC591E5
Ituri,Bambu,Dhungo,,Site Soin Communautaire,Lambi,hltfac_1F084FD499
Ituri,Bambu,Kobu,,Centre de Santé,Kobu,hltfac_4A65798662
Ituri,Bambu,Kobu,,Poste de Santé,Lisso,hltfac_8D164CFD31
Ituri,Bambu,Lalo,,Poste de Santé,Abini,hltfac_C48E15C6EE
Ituri,Bambu,Lalo,,Centre de Santé,Lalo,hltfac_BC925CA4B0
Ituri,Bambu,Mangambo,,Site Soin Communautaire,Diro,hltfac_FABCD8A5D7
Ituri,Bambu,Mangambo,,Centre de Santé,Mangambo,hltfac_EBEBED8641
Ituri,Bambu,Mangambo,,Site Soin Communautaire,UBK,hltfac_4F1A4E73E4
Ituri,Bambu,Ngabulo,,Site Soin Communautaire,Baudjo Vao,hltfac_3247C5DA7C
Ituri,Bambu,Ngabulo,,Site Soin Communautaire,Dhelo Mindju,hltfac_E716818482
Ituri,Bambu,Ngabulo,,Poste de Santé,Kalitchondjo,hltfac_7E8691BA2E
Ituri,Bambu,Ngabulo,,Centre de Santé,Ngabulo,hltfac_0B099B3979
Ituri,Bambu,Nyangaray,,Site Soin Communautaire,Drikpa,hltfac_F5A424C497
Ituri,Bambu,Nyangaray,,Site Soin Communautaire,Lombu,hltfac_CA502279E2
Ituri,Bambu,Nyangaray,,Centre de Santé de Référence,Nyangaray,hltfac_498947AA05
Ituri,Bambu,Nyangaray,,Poste de Santé,Ogopa Mungu,hltfac_63A1D053BD
Ituri,Bambu,Nyarada,,Site Soin Communautaire,Drolo,hltfac_2D438F1B8F
Ituri,Bambu,Nyarada,,Poste de Santé,Katho,hltfac_3E3F6DA992
Ituri,Bambu,Nyarada,,Centre de Santé,Nyarada,hltfac_DC8188F122
Ituri,Bambu,Petsi,,Site Soin Communautaire,Mbaligo,hltfac_9A5153DE16
Ituri,Bambu,Petsi,,Centre de Santé,Petsi,hltfac_EFC61E7F51
Ituri,Bambu,Petsi,,Site Soin Communautaire,Wadda,hltfac_85CE76DA8C
Ituri,Bambu,Tchudja,,Poste de Santé,Atute,hltfac_36B621D6F8
Ituri,Bambu,Tchudja,,Site Soin Communautaire,Metcho,hltfac_2B50052F61
Ituri,Bambu,Tchudja,,Site Soin Communautaire,Ngbondi,hltfac_3290820C50
Ituri,Bambu,Tchudja,,Centre de Santé,Tchudja,hltfac_7EE0877526
Ituri,Bambu,Tchudja,,Site Soin Communautaire,Tchudja,hltfac_EF514A638D
Ituri,Bambu,Tsili,,Site Soin Communautaire,Bunde,hltfac_A0A44B0C0C
Ituri,Bambu,Tsili,,Site Soin Communautaire,Mbidjo,hltfac_5A200C35F9
Ituri,Bambu,Tsili,,Poste de Santé,R'tsi,hltfac_C3E6628E59
Ituri,Bambu,Tsili,,Centre de Santé,Tsili,hltfac_94177DA2E4
Ituri,Bambu,Zengo,,Site Soin Communautaire,Ngusu,hltfac_FA7F980ED9
Ituri,Bambu,Zengo,,Poste de Santé,Tshunga,hltfac_C18F288657
Ituri,Bambu,Zengo,,Site Soin Communautaire,Ucoun Njau,hltfac_A70DAB8FB1
Ituri,Bambu,Zengo,,Site Soin Communautaire,Ukumu Yombe,hltfac_0C4D0DD53C
Ituri,Bambu,Zengo,,Centre de Santé de Référence,Zengo,hltfac_417E516161
Ituri,Biringi,Adranga,,Poste de Santé,Adalango,hltfac_A7714B4E24
Ituri,Biringi,Adranga,,Centre de Santé de Référence,Adranga,hltfac_DAC4E7158C
Ituri,Biringi,Adranga,,Clinique,Horebe,hltfac_16FAB1DCA3
Ituri,Biringi,Adranga,,Poste de Santé,Manyibhako,hltfac_A6CD43BF7B
Ituri,Biringi,Adranga,,Poste de Santé,Oli Olia,hltfac_C853E92E0B
Ituri,Biringi,Assada,,Centre de Santé,Assada,hltfac_972DA0594F
Ituri,Biringi,Assada,Singa,Site Soin Communautaire,Singa,hltfac_291FFEF7DA
Ituri,Biringi,Azumba,,Centre de Santé,Azumba,hltfac_B9C4FF1BC8
Ituri,Biringi,Azumba,Domari,Site Soin Communautaire,Domari,hltfac_B87EFFBAFE
Ituri,Biringi,Azumba,,Poste de Santé,Mungu Etsoni,hltfac_DBC40DF338
Ituri,Biringi,Azumba,Ree,Site Soin Communautaire,Ree,hltfac_C7A9A92C54
Ituri,Biringi,Azumba,,Poste de Santé,Rinyi,hltfac_0BF3051CB4
Ituri,Biringi,Bholi,,Centre de Santé,Bholi,hltfac_313CDBC5B1
Ituri,Biringi,Bholi,,Clinique,Croire a Dieu,hltfac_699C796FD9
Ituri,Biringi,Bholi,,Poste de Santé,Kiago,hltfac_75A5018FDF
Ituri,Biringi,Bholi,,Poste de Santé,Leka,hltfac_871A4C308F
Ituri,Biringi,Bholi,,Site Soin Communautaire,SSC,hltfac_5995E255DE
Ituri,Biringi,Biringi,Biringi 1,Bureau Central de la Zone de Santé,Biringi,hltfac_36F76BA3AC
Ituri,Biringi,Biringi,,Centre de Santé,Biringi,hltfac_C565AB6DEC
Ituri,Biringi,Biringi,,Hôpital Général de Référence,Biringi,hltfac_3C9C6B51F3
Ituri,Biringi,Biringi,,Poste de Santé,Egesi,hltfac_A795E006DD
Ituri,Biringi,Biringi,Monoko Mibale,Site Soin Communautaire,Monoko Mibale,hltfac_1B29CE06FD
Ituri,Biringi,Dhuadhua,Andruvu,Site Soin Communautaire,Andruvu,hltfac_D3DA11E997
Ituri,Biringi,Dhuadhua,,Centre de Santé,Dhuadhua,hltfac_32601F9393
Ituri,Biringi,Dhuadhua,Ndu Onika,Site Soin Communautaire,Ndu Onika,hltfac_EE9339D3AD
Ituri,Biringi,Kandoy,,Poste de Santé,Dieu Merci,hltfac_E2889A8F25
Ituri,Biringi,Kandoy,,Centre de Santé de Référence,Kandoy,hltfac_3E76A8A9C1
Ituri,Biringi,Kandoy,,Poste de Santé,Ngile,hltfac_F745638C55
Ituri,Biringi,Kandoy,,Site Soin Communautaire,SSC,hltfac_AB7C82B620
Ituri,Biringi,Kandoy,,Poste de Santé,Sayo,hltfac_C945DDE4E7
Ituri,Biringi,Kerekere,Anikani,Site Soin Communautaire,Anikani,hltfac_6CEC567CA6
Ituri,Biringi,Kerekere,,Centre de Santé,Kerekere,hltfac_FB7434CD98
Ituri,Biringi,Kumbuku,,Poste de Santé,Gamba,hltfac_E67490AC9E
Ituri,Biringi,Kumbuku,,Centre de Santé,Kumbuku,hltfac_76EC91C668
Ituri,Biringi,Kumbuku,Laribha,Site Soin Communautaire,Laribha,hltfac_EEC6BF370D
Ituri,Biringi,Kumbuku,Onibha,Site Soin Communautaire,Onibha,hltfac_FCEABF3D94
Ituri,Biringi,Mont Meyo,,Poste de Santé,Kamba,hltfac_75D1797C4B
Ituri,Biringi,Mont Meyo,,Poste de Santé,Mavenzo,hltfac_5BC1CCB8FF
Ituri,Biringi,Mont Meyo,,Centre de Santé,Mont Meyo,hltfac_F32565AF72
Ituri,Biringi,Mont Meyo,Onu,Site Soin Communautaire,Onu,hltfac_FFCAD2CFD5
Ituri,Biringi,Mont Meyo,,Site Soin Communautaire,SSC,hltfac_1B58C19DF5
Ituri,Biringi,Ngbeku,,Centre de Santé de Référence,Ngbeku,hltfac_A3BE2F4972
Ituri,Biringi,Ngbeku,,Poste de Santé,Tofu 1,hltfac_0F5CA01027
Ituri,Biringi,Ngbeku,,Poste de Santé,Tofu 2,hltfac_83086F970E
Ituri,Biringi,Ngbeku,Yapi,Site Soin Communautaire,Yapi,hltfac_8EB3505C42
Ituri,Biringi,Ngeria,Ege,Site Soin Communautaire,Ege,hltfac_76F77BD352
Ituri,Biringi,Ngeria,,Centre de Santé,Ngeria,hltfac_D0B55363EE
Ituri,Biringi,Ngeria,,Site Soin Communautaire,SSC,hltfac_664B8E7669
Ituri,Biringi,Obitabo,,Centre de Santé,Obitabo,hltfac_D27695EAC1
Ituri,Biringi,Obitabo,Tangoteri,Site Soin Communautaire,Tangoteri,hltfac_3DCE67A169
Ituri,Biringi,Ovisoni,,Poste de Santé,Edyonga,hltfac_486E68C085
Ituri,Biringi,Ovisoni,,Centre de Santé,Ovisoni,hltfac_4E1A58AE6B
Ituri,Biringi,Ovisoni,,Site Soin Communautaire,SSC,hltfac_3B94DD9BA0
Ituri,Biringi,Rungu,Adubha,Site Soin Communautaire,Adubha,hltfac_B34D903FAE
Ituri,Biringi,Rungu,,Poste de Santé,Mboto,hltfac_CCF328679C
Ituri,Biringi,Rungu,,Poste de Santé,Rokosi,hltfac_1C645096B1
Ituri,Biringi,Rungu,,Centre de Santé,Rungu,hltfac_C33530B5BE
Ituri,Biringi,Rungu,Yassa,Site Soin Communautaire,Yassa,hltfac_0652014DDF
Ituri,Biringi,Sarara,Nyatsu Anyui,Site Soin Communautaire,Nyatsu Anyui,hltfac_A897D05F93
Ituri,Biringi,Sarara,,Poste de Santé,Olengavari,hltfac_B182706DC7
Ituri,Biringi,Sarara,,Poste de Santé,Ossonga 2,hltfac_C4454FB929
Ituri,Biringi,Sarara,,Centre de Santé,Sarasara,hltfac_76BB99983C
Ituri,Biringi,Turumu,,Poste de Santé,Erekey,hltfac_06749BFF8A
Ituri,Biringi,Turumu,Kefu,Site Soin Communautaire,Kefu,hltfac_A44196CA35
Ituri,Biringi,Turumu,,Poste de Santé,Muubi,hltfac_47D08733FD
Ituri,Biringi,Turumu,,Centre de Santé,Turumu,hltfac_A8C6C8E14C
Ituri,Boga,Bikima,Katoma,Centre de Santé,Bikima,hltfac_7925A98251
Ituri,Boga,Bikima,Malibongo,Site Soin Communautaire,SSC Malibongo,hltfac_7D828E7C87
Ituri,Boga,Bikima,Mitego,Site Soin Communautaire,SSC Mitego,hltfac_D5ABCC104C
Ituri,Boga,Boga,Boga Mission,Bureau Central de la Zone de Santé,Boga,hltfac_5D4BCDF2CF
Ituri,Boga,Boga,,Hôpital Général de Référence,Boga,hltfac_37C9A788AF
Ituri,Boga,Boga,,Centre de Santé,Boga,hltfac_8111FA38D0
Ituri,Boga,Boga,Buley,Site Soin Communautaire,SSC Buley,hltfac_4BD22C9F6F
Ituri,Boga,Boga,Ntoroko,Site Soin Communautaire,SSC Ntoroko,hltfac_F07C9C273F
Ituri,Boga,Burasi,,Centre de Santé,Burasi,hltfac_FE9594B6F8
Ituri,Boga,Burasi,Kayera,Site Soin Communautaire,SSC Kayera,hltfac_A35DBAA09F
Ituri,Boga,Burasi,Kikoga,Site Soin Communautaire,SSC Kikoga,hltfac_891C46ED9E
Ituri,Boga,Bwakadi,,Centre de Santé,Bwakadi,hltfac_F1A23A6CAF
Ituri,Boga,Bwakadi,Belu,Site Soin Communautaire,SSC Belu,hltfac_818A8272DD
Ituri,Boga,Bwakadi,Vukaka,Site Soin Communautaire,SSC Vukaka,hltfac_574EA4274F
Ituri,Boga,Kyabwohe,,Centre de Santé,Kyabwohe,hltfac_14AEF61BA8
Ituri,Boga,Kyabwohe,Kitonzi,Site Soin Communautaire,SSC Kitonzi,hltfac_B8862D55C1
Ituri,Boga,Kyabwohe,Masongolya,Site Soin Communautaire,SSC Masongolya,hltfac_595DBB9728
Ituri,Boga,Mungwanga,Kabugeja,Poste de Santé,Kabugeja,hltfac_9B3DC90ABA
Ituri,Boga,Mungwanga,,Centre de Santé,Mungwanga,hltfac_4CA91F0721
Ituri,Boga,Mungwanga,Buliria,Site Soin Communautaire,SSC Buliria,hltfac_782C59B48C
Ituri,Boga,Mungwanga,Mitengo,Site Soin Communautaire,SSC Mitengo,hltfac_D99D141E74
Ituri,Boga,Rubingo,,Centre de Santé,Rubingo,hltfac_549A336583
Ituri,Boga,Rubingo,Kaitango,Site Soin Communautaire,SSC Kaitango,hltfac_CB50D507F0
Ituri,Boga,Tchabi,Katanga,Site Soin Communautaire,SSC Katanga,hltfac_1861A24C77
Ituri,Boga,Tchabi,Kyamata,Site Soin Communautaire,SSC Kyamata,hltfac_40056CBB38
Ituri,Boga,Tchabi,,Centre de Santé,Tchabi,hltfac_8F021133B7
Ituri,Boga,Tondoli,Batonga,Site Soin Communautaire,SSC Batonga,hltfac_DA541D36EF
Ituri,Boga,Tondoli,,Centre de Santé,Tondoli,hltfac_99050A35EC
Ituri,Boga,Zunguluka,Mapipa,Site Soin Communautaire,SSC Makanga,hltfac_250EB8F08C
Ituri,Boga,Zunguluka,Mapipa,Site Soin Communautaire,SSC Mapipa,hltfac_285ED7832C
Ituri,Boga,Zunguluka,,Centre de Santé,Zunguluka,hltfac_7918C81F85
Ituri,Bunia,Adventiste,,Centre de Santé,Adventiste,hltfac_FCFA35216E
Ituri,Bunia,Adventiste,,Clinique,Benedict,hltfac_27C365E82B
Ituri,Bunia,Adventiste,Kasavubu,Clinique,Bethsaida,hltfac_9105824461
Ituri,Bunia,Adventiste,Mungbwalu,Autre,Jibule,hltfac_3FAA2FA7C8
Ituri,Bunia,Adventiste,Maniema 2,Clinique,Karibuni,hltfac_EE4163D53F
Ituri,Bunia,Adventiste,,Clinique,Marie Claire,hltfac_55D3AA1256
Ituri,Bunia,Adventiste,Shari2,Clinique,Meno nzuri,hltfac_312F2DA308
Ituri,Bunia,Adventiste,Logo 2,Clinique,Mont Horeb,hltfac_B4496393C5
Ituri,Bunia,Adventiste,Maniema 2,Clinique,Synergie Simama,hltfac_4CF2065894
Ituri,Bunia,Adventiste,,Clinique,Top,hltfac_EAF3B4B858
Ituri,Bunia,Adventiste,,Poste de Santé,Unibu,hltfac_79EDD0C863
Ituri,Bunia,Adventiste,,Centre Hopitalier,Usb,hltfac_B99D0BD3E3
Ituri,Bunia,Aero,,Centre de Santé,Aero,hltfac_B070FF2A2D
Ituri,Bunia,Aero,,Poste de Santé,Croix Rouge,hltfac_96EFF54581
Ituri,Bunia,Aero,Logo 3,Centre Hopitalier,Elikya,hltfac_543CF975A0
Ituri,Bunia,Aero,,Clinique,Karibunibwa Mama,hltfac_702A7EF6F9
Ituri,Bunia,Aero,Mputu2,Poste de Santé,Mungu Ponya,hltfac_4CB7BFFAC1
Ituri,Bunia,Aero,Concasseur,Poste de Santé,UAC,hltfac_55C82A0EE6
Ituri,Bunia,Bankoko,,Centre de Santé,Bankoko,hltfac_BC59A5F1F7
Ituri,Bunia,Bankoko,Mbunya,Dispensaire,Bolingo,hltfac_48C15B8C27
Ituri,Bunia,Bankoko,,Centre Hopitalier,Ch Prison,hltfac_8B54F3E862
Ituri,Bunia,Bankoko,Zelanga na Pokua 2,Clinique,Clinique Monusco,hltfac_68DC395671
Ituri,Bunia,Bankoko,Maniema1,Clinique,Karibuni,hltfac_DF6EEC8788
Ituri,Bunia,Bankoko,Zelanga na pokua 2,Clinique,La Providence,hltfac_7F69081D1B
Ituri,Bunia,Bankoko,,Centre Hopitalier,La grace divine,hltfac_27A5AFE8EC
Ituri,Bunia,Bankoko,Luguara,Dispensaire,Opas,hltfac_84FF25C9D8
Ituri,Bunia,Bankoko,,Clinique,Oui Pour La,hltfac_4BC54409F3
Ituri,Bunia,Bankoko,,Clinique,Shalom,hltfac_9964C4778C
Ituri,Bunia,Bankoko,,Centre Médical,Siloe,hltfac_8645E1E17F
Ituri,Bunia,Bankoko,,Poste de Santé,Umoja,hltfac_3A76E17772
Ituri,Bunia,Bankoko,Kakwa 2,Clinique,Yashifa,hltfac_C6CC96AF66
Ituri,Bunia,Bigo,Hopital,Poste de Santé,Amani,hltfac_8DCE569FCA
Ituri,Bunia,Bigo,,Centre de Santé,Bigo,hltfac_05388A9572
Ituri,Bunia,Bigo,Avenue Plateau Medical Labo,Bureau Central de la Zone de Santé,Bunia,hltfac_5E54548E31
Ituri,Bunia,Bigo,,Hôpital Général de Référence,Bunia,hltfac_FAA7EA2506
Ituri,Bunia,Bigo,Candip2,Poste de Santé,Christ Sauve,hltfac_BA983AD1B4
Ituri,Bunia,Bigo,Site des deplacer ISP,Poste de Santé,De déplaces ISP,hltfac_C81022D637
Ituri,Bunia,Bigo,Nyabura,Poste de Santé,Emmanuel,hltfac_F90D28E9E4
Ituri,Bunia,Bigo,Kolomani Bakey,Poste de Santé,Evangile,hltfac_E6A358F088
Ituri,Bunia,Bigo,Koromodjo 2,Dispensaire,Heritage,hltfac_C2423E47FA
Ituri,Bunia,Bigo,Sele 2,Poste de Santé,Jesus Sauve et Gueri,hltfac_0A70893D55
Ituri,Bunia,Bigo,Candip1,Poste de Santé,Sauvetage,hltfac_A6F8442D4B
Ituri,Bunia,Bigo,Koromodjo 1,Poste de Santé,Tujenge,hltfac_FFB8969E55
Ituri,Bunia,Bigo,,Centre Médical,Usaidizi,hltfac_EA4D7732F0
Ituri,Bunia,Bora Uzima,,Centre de Santé,Bora Uzima,hltfac_7506A6D6E9
Ituri,Bunia,Bora Uzima,,Centre de Santé,Cesop,hltfac_A8C3E847B4
Ituri,Bunia,Bora Uzima,,Poste de Santé,Imac,hltfac_8B67B003C2
Ituri,Bunia,Bora Uzima,,Centre Médical,Ituri,hltfac_9F13054345
Ituri,Bunia,Bora Uzima,Kivu,Poste de Santé,La gloire,hltfac_37F6E6415A
Ituri,Bunia,Bora Uzima,,Clinique,Universelle,hltfac_B474FD8858
Ituri,Bunia,Bunia Cité,,Centre Hopitalier,Bunia Cité,hltfac_7B0A643BB2
Ituri,Bunia,Bunia Cité,,Centre de Santé,Bunia Cité,hltfac_67A729DECA
Ituri,Bunia,Bunia Cité,,Poste de Santé,La Gloire,hltfac_DFDB205797
Ituri,Bunia,Bunia Cité,Balendu,Poste de Santé,La grace,hltfac_0B64ACCB57
Ituri,Bunia,Central,Central,Poste de Santé,Ave maria,hltfac_C1091C6682
Ituri,Bunia,Central,,Centre de Santé,Central,hltfac_88ECC904E2
Ituri,Bunia,Central,Central,Poste de Santé,La Charité,hltfac_85206EBDB4
Ituri,Bunia,Central,Miala,Poste de Santé,La grace,hltfac_927D2F5DD5
Ituri,Bunia,Cnca Saio,Tshopo,Poste de Santé,CPM,hltfac_61E7F8FAA0
Ituri,Bunia,Cnca Saio,,Centre de Santé,Cnca Saio,hltfac_15E06E80DA
Ituri,Bunia,Cnca Saio,,Poste de Santé,Jesus Sauveur,hltfac_A6D2BC35E7
Ituri,Bunia,Cnca Saio,,Poste de Santé,Les M Δrites,hltfac_9CEF6D6ED7
Ituri,Bunia,Cnca Saio,,Centre Médical,Rehema,hltfac_8DD77E4CFA
Ituri,Bunia,Cnca Saio,,Centre Médical,Sauve Moi,hltfac_3528C26982
Ituri,Bunia,Kindia,,Poste de Santé,Activites La Croix Rouge,hltfac_1821008B67
Ituri,Bunia,Kindia,Mamba,Clinique,Bethel,hltfac_89CF548925
Ituri,Bunia,Kindia,,Dispensaire,Eben Ezer,hltfac_E3D1377D21
Ituri,Bunia,Kindia,,Poste de Santé,Gloria,hltfac_8E5EA64651
Ituri,Bunia,Kindia,,Centre de Santé,Kindia,hltfac_67C6946CF6
Ituri,Bunia,Kindia,,Poste de Santé,La Creche,hltfac_4529F0E084
Ituri,Bunia,Kindia,Nyamaragi 1,Centre Médical,La Guerison,hltfac_1ECF81D59B
Ituri,Bunia,Kindia,,Dispensaire,La Sagesse,hltfac_E5AC29111C
Ituri,Bunia,Kindia,Sagara,Clinique,La Victoire,hltfac_AE2D993EF4
Ituri,Bunia,Kindia,,Poste de Santé,La guerison,hltfac_877C2BB543
Ituri,Bunia,Kindia,,Dispensaire,Lwanzo,hltfac_CC31C6B016
Ituri,Bunia,Kindia,Mulumbe,Poste de Santé,Maranatha,hltfac_8B1BC3BB33
Ituri,Bunia,Kindia,,Centre de Santé,Mentale Lobiko,hltfac_6286E65D4B
Ituri,Bunia,Kindia,,Poste de Santé,Minepona,hltfac_EE55918FFC
Ituri,Bunia,Kindia,Nyamaragi 1,Centre Médical,Saint Raphael,hltfac_9D45AB23B6
Ituri,Bunia,Kindia,,Poste de Santé,Santé Pour Tous,hltfac_40DD60E6CC
Ituri,Bunia,Kindia,,Poste de Santé,Siloe,hltfac_58B95F88A0
Ituri,Bunia,Lembabo,Kimya,Poste de Santé,La guerison,hltfac_F4D56571C5
Ituri,Bunia,Lembabo,,Centre de Santé,Lembabo,hltfac_FDDEDB8BC1
Ituri,Bunia,Lembabo,Muzzi,Centre Hopitalier,Lembabo,hltfac_528131BB10
Ituri,Bunia,Lembabo,Nyargimba2,Poste de Santé,Lomper,hltfac_286B867208
Ituri,Bunia,Lembabo,aba,Poste de Santé,Philadelphie,hltfac_8BC43BF67E
Ituri,Bunia,Lembabo,,Poste de Santé,Umoja,hltfac_A1F291FE4B
Ituri,Bunia,Mudzi Maria,Rwaùbogo,Poste de Santé,Afia Bora,hltfac_99CCDEB449
Ituri,Bunia,Mudzi Maria,,Poste de Santé,Bwana Ni Mchungaji,hltfac_A040164222
Ituri,Bunia,Mudzi Maria,,Centre Hopitalier,Ch Mudzi Maria,hltfac_2892A91C07
Ituri,Bunia,Mudzi Maria,,Poste de Santé,Elohim,hltfac_53AD3C9CBE
Ituri,Bunia,Mudzi Maria,,Poste de Santé,Emmanuel,hltfac_8C52A3B28F
Ituri,Bunia,Mudzi Maria,Site de deplacés,Poste de Santé,Kigonze,hltfac_4384221123
Ituri,Bunia,Mudzi Maria,Grand Seminaire,Poste de Santé,La grace,hltfac_00D4493EBC
Ituri,Bunia,Mudzi Maria,,Centre de Santé,Mudzi Maria,hltfac_01FAEBC265
Ituri,Bunia,Mudzi Maria,Vahnoef,Poste de Santé,Nouvel Horizon,hltfac_DA5046FDD9
Ituri,Bunia,Mudzi Maria,Kolomani,Poste de Santé,Seule la foi sauve,hltfac_AF87FE98AD
Ituri,Bunia,Mudzi Maria,Centre 1,Poste de Santé,Yesu ni Munganga,hltfac_123C882C1E
Ituri,Bunia,Muhito,,Centre de Santé,Muhito,hltfac_51AFA7F07A
Ituri,Bunia,Muhito,Muhito,Poste de Santé,Telega,hltfac_049B861E12
Ituri,Bunia,Muhito,Telega 1,Site Soin Communautaire,Telega 1,hltfac_BEE748ADAC
Ituri,Bunia,Muhito,Mboga,Site Soin Communautaire,Telega 2,hltfac_91B6C1F642
Ituri,Bunia,Ndibakodu,Wamara 2,Centre Médical,Archi de Noé,hltfac_FB1C77B66B
Ituri,Bunia,Ndibakodu,Pentecote,Poste de Santé,Baraka,hltfac_F22D853E46
Ituri,Bunia,Ndibakodu,Mahagi 2,Poste de Santé,Bien-être,hltfac_17D1C0697D
Ituri,Bunia,Ndibakodu,Jerusalem 1,Poste de Santé,Biri,hltfac_66125F468C
Ituri,Bunia,Ndibakodu,Ndibakodu,Poste de Santé,Elshadai,hltfac_14622AABCF
Ituri,Bunia,Ndibakodu,,Centre Médical,Gr Θce Divine,hltfac_F516E71374
Ituri,Bunia,Ndibakodu,Pentecote,Centre Médical,Joseph,hltfac_E91F7888B4
Ituri,Bunia,Ndibakodu,Senga Nzambe 2,Centre Médical,Kisaambali,hltfac_EEEEBF3CCF
Ituri,Bunia,Ndibakodu,Jerusalem 2,Centre Médical,La fontaine,hltfac_BD035EBAB1
Ituri,Bunia,Ndibakodu,Ngoy,Centre Médical,Mashariki,hltfac_E0E9F6FAC0
Ituri,Bunia,Ndibakodu,Jerusalem 1,Poste de Santé,Masiki,hltfac_E419D3BFB9
Ituri,Bunia,Ndibakodu,Wamara1,Centre Médical,Mont Fleri,hltfac_B9A474DF7F
Ituri,Bunia,Ndibakodu,,Centre de Santé,Ndibakodu,hltfac_EB392F7466
Ituri,Bunia,Ndibakodu,Mahagi1,Poste de Santé,Polepole,hltfac_C5D56C20FD
Ituri,Bunia,Ndibakodu,Kisangani,Poste de Santé,Yesu ni jibu,hltfac_A37D564B20
Ituri,Bunia,Ngezi,,Dispensaire,Anuarite,hltfac_DEFA5FD445
Ituri,Bunia,Ngezi,,Poste de Santé,Benjamine,hltfac_9C6C05DC63
Ituri,Bunia,Ngezi,Brazza,Clinique,CMAM,hltfac_5F75E33719
Ituri,Bunia,Ngezi,Kitambola,Centre Hopitalier,Eben Ezer,hltfac_828E352F57
Ituri,Bunia,Ngezi,,Poste de Santé,Faraja,hltfac_C393EBF2A6
Ituri,Bunia,Ngezi,,Centre de Santé,Ngezi,hltfac_3EE8EA5BED
Ituri,Bunia,Ngezi,,Poste de Santé,Panvitalisme,hltfac_4245199986
Ituri,Bunia,Ngezi,,Centre Médical,Pediatrique St Pierre,hltfac_51E7010DB8
Ituri,Bunia,Ngezi,,Centre Hopitalier,Pnc,hltfac_153F90AD6E
Ituri,Bunia,Ngezi,Kamanyola,Clinique,Sokimo,hltfac_E368C9E8D9
Ituri,Bunia,Nyakasanza,,Centre Médical,Croix Verte,hltfac_393089EEF7
Ituri,Bunia,Nyakasanza,Bakolingi Baga,Poste de Santé,Lisanga,hltfac_1D9C26EB6D
Ituri,Bunia,Nyakasanza,,Autre,Menamo,hltfac_D69A115C25
Ituri,Bunia,Nyakasanza,,Clinique,Mont Bleu,hltfac_71BD04BE8A
Ituri,Bunia,Nyakasanza,,Centre de Santé,Nyakasanza,hltfac_583A254FCF
Ituri,Bunia,Nzere,Nzere1,Poste de Santé,Baraka,hltfac_72EA12D703
Ituri,Bunia,Nzere,,Poste de Santé,Benediction,hltfac_D11641B977
Ituri,Bunia,Nzere,,Centre de Santé,Betokomba,hltfac_7F353825E6
Ituri,Bunia,Nzere,Nyonzi,Clinique,Bon Berger,hltfac_E89D4F2A53
Ituri,Bunia,Nzere,Nzere Centre,Poste de Santé,Dieu Merci,hltfac_AE8218D2FA
Ituri,Bunia,Nzere,Katirogo,Poste de Santé,Katirogo,hltfac_41CFA31D0B
Ituri,Bunia,Nzere,Nzere Centre,Poste de Santé,La grace,hltfac_32FF9266AC
Ituri,Bunia,Nzere,Nyonzi,Poste de Santé,La vision,hltfac_8D71D4341A
Ituri,Bunia,Nzere,,Centre de Santé,Nzere,hltfac_AB015B4F24
Ituri,Bunia,Nzere,Nzere Centre,Poste de Santé,Saint Luc,hltfac_DA520C8E1F
Ituri,Bunia,Nzere,Nzere Centre,Poste de Santé,Yesu Ni Jibu,hltfac_F72CFCB905
Ituri,Bunia,Opas,,Centre de Santé,Opas,hltfac_2A29009E80
Ituri,Bunia,Opas,,Centre Hopitalier,Regional Militaire,hltfac_8B12DC88E8
Ituri,Bunia,Rwambuzi,Kazunga,Poste de Santé,Croix Rouge,hltfac_270377D9F5
Ituri,Bunia,Rwambuzi,Aketi,Poste de Santé,Dieu est Grand,hltfac_A66AA1FF2E
Ituri,Bunia,Rwambuzi,Vida,Dispensaire,Dispensaire de la Paix,hltfac_92588B7D68
Ituri,Bunia,Rwambuzi,Kimbangu,Poste de Santé,Hewa Bora,hltfac_EC5D24B713
Ituri,Bunia,Rwambuzi,Songolo,Poste de Santé,Mont Bleu,hltfac_DCBE19CA09
Ituri,Bunia,Rwambuzi,,Centre de Santé,Rwambuzi,hltfac_75145B676A
Ituri,Bunia,Rwambuzi,,Centre Hopitalier,Rwankole,hltfac_11D46E0FE0
Ituri,Bunia,Rwambuzi,,Poste de Santé,St Rapha ∩L,hltfac_69DB4988B5
Ituri,Bunia,Simbiliabo,,Clinique,Angaika,hltfac_461BDA95E9
Ituri,Bunia,Simbiliabo,,Poste de Santé,Bethsaida,hltfac_AB3CB7CCE3
Ituri,Bunia,Simbiliabo,,Poste de Santé,Croix Rouge,hltfac_95399B5407
Ituri,Bunia,Simbiliabo,,Poste de Santé,Kimbanguiste,hltfac_AA55408C6A
Ituri,Bunia,Simbiliabo,,Centre de Santé,Simbiliabo,hltfac_520479A993
Ituri,Bunia,Simbiliabo,,Site Soin Communautaire,Totoba,hltfac_42D901B53E
Ituri,Bunia,Soleniama,,Centre de Santé,Soleniama,hltfac_E92DECC150
Ituri,Damas,Akwe,,Centre de Santé de Référence,Akwe,hltfac_EA3CBB2921
Ituri,Damas,Akwe,Ngozo,Bureau Central de la Zone de Santé,Damas,hltfac_BC894C8140
Ituri,Damas,Akwe,Dhedi,Site Soin Communautaire,Dhedi SSC,hltfac_1B07344AB5
Ituri,Damas,Akwe,Dhedya 1,Site Soin Communautaire,Dhedya1,hltfac_6B75C8AFEC
Ituri,Damas,Akwe,Telembu,Site Soin Communautaire,Telembu,hltfac_B7302C5CA3
Ituri,Damas,Berunda,,Centre de Santé,Berunda,hltfac_94B0B3072A
Ituri,Damas,Berunda,Seke,Poste de Santé,Bubenga,hltfac_D8A1875266
Ituri,Damas,Berunda,Dzili,Site Soin Communautaire,Dzili SSC,hltfac_85C2C28683
Ituri,Damas,Berunda,Gay,Site Soin Communautaire,Gay,hltfac_64DB8E0579
Ituri,Damas,Berunda,Bura,Poste de Santé,La Guerison,hltfac_E47B926497
Ituri,Damas,Berunda,Sara,Site Soin Communautaire,Sara SSC,hltfac_B0C17850FD
Ituri,Damas,Damas,BongoBongo,Site Soin Communautaire,BongoBongo,hltfac_4706E1E546
Ituri,Damas,Damas,,Centre de Santé,Damas,hltfac_0571843967
Ituri,Damas,Damas,Lodda,Site Soin Communautaire,Lodda,hltfac_DDA07F6010
Ituri,Damas,Dhego,,Centre de Santé,Dhego,hltfac_B4E17A7E0F
Ituri,Damas,Dhego,Kabokana,Site Soin Communautaire,Kabokana,hltfac_C97B7BE1FE
Ituri,Damas,Dhego,Obiba,Site Soin Communautaire,Obiba,hltfac_E0F380E073
Ituri,Damas,Dhego,Tchutchumbu,Site Soin Communautaire,Tchutchumbu SSC,hltfac_C159BBE33C
Ituri,Damas,Drugesi,Blokpa,Site Soin Communautaire,Blokpa SSC,hltfac_B21BF918D0
Ituri,Damas,Drugesi,,Centre de Santé,Drugesi,hltfac_6063BE4175
Ituri,Damas,Drugesi,Kobo,Site Soin Communautaire,Kobo SSC,hltfac_162C607CA8
Ituri,Damas,Drugesi,Ndjaza,Site Soin Communautaire,Ndjaza SSC,hltfac_81E67BAD5F
Ituri,Damas,Drugesi,Thopi,Site Soin Communautaire,Thopi SSC,hltfac_867A73F905
Ituri,Damas,Kaduma,,Centre de Santé,Kaduma,hltfac_28311A337E
Ituri,Damas,Kaduma,Oke,Site Soin Communautaire,Oke,hltfac_0429D1050B
Ituri,Damas,Kaduma,Pilipili,Site Soin Communautaire,Pilipili,hltfac_7C62211EC8
Ituri,Damas,Kaduma,Mbura,Poste de Santé,Salama,hltfac_AB627A7AF2
Ituri,Damas,Masikini,Budza,Site Soin Communautaire,Budza,hltfac_42FEEF1383
Ituri,Damas,Masikini,Dhetchu,Site Soin Communautaire,Dhetchu,hltfac_224F83A64A
Ituri,Damas,Masikini,KOKO,Site Soin Communautaire,Koko SSC,hltfac_7988F06DB1
Ituri,Damas,Masikini,,Centre de Santé,Masikini,hltfac_36189F456B
Ituri,Damas,Masikini,Tsokpa,Site Soin Communautaire,Tsokpa SSC,hltfac_853D59710D
Ituri,Damas,Mbidjo,Kpadyasi,Site Soin Communautaire,Kpadyasi,hltfac_4F11F9F02C
Ituri,Damas,Mbidjo,Kutembi,Site Soin Communautaire,Kutembi,hltfac_6B350B8076
Ituri,Damas,Mbidjo,Loki,Site Soin Communautaire,Loki,hltfac_714BADA00C
Ituri,Damas,Mbidjo,,Centre de Santé,Mbidjo,hltfac_F40E9F0CFC
Ituri,Damas,Ngazba,Kpango,Site Soin Communautaire,Kpango,hltfac_6FBF65E327
Ituri,Damas,Ngazba,Mapera 2,Site Soin Communautaire,Mapera 2,hltfac_B491CB72BF
Ituri,Damas,Ngazba,,Centre de Santé,Ngazba,hltfac_BFA202D080
Ituri,Damas,Ngazba,Ngbadhego,Site Soin Communautaire,Ngbadhego,hltfac_27535AA271
Ituri,Damas,Okere,Essia,Site Soin Communautaire,Essia,hltfac_CA18A6DDE2
Ituri,Damas,Okere,Kpara,Site Soin Communautaire,Kpara,hltfac_F6790B2C4E
Ituri,Damas,Okere,Limbiti,Site Soin Communautaire,Limbiti,hltfac_BF129C28B4
Ituri,Damas,Okere,,Centre de Santé,Okere,hltfac_C6A8FFDB2C
Ituri,Drodro,Blukwa Etat,,Centre de Santé,Blukwa Etat,hltfac_8CBA8DA2D9
Ituri,Drodro,Blukwa Etat,,Poste de Santé,Loko,hltfac_A229840941
Ituri,Drodro,Blukwa Etat,Tchunga,Site Soin Communautaire,Tchunga,hltfac_8F9650D86E
Ituri,Drodro,Blukwa Etat,Tchussa,Site Soin Communautaire,Tchussa,hltfac_50D75C2AB8
Ituri,Drodro,Blukwa Mbi,,Centre de Santé,Blukwa Mbi,hltfac_65A00DA155
Ituri,Drodro,Blukwa Mbi,Ndjala,Site Soin Communautaire,Ndjala,hltfac_F62EA733DC
Ituri,Drodro,Blukwa Mbi,Nyolo,Site Soin Communautaire,Nyolo,hltfac_7FB507A4FF
Ituri,Drodro,Dhedja,Batsi,Poste de Santé,Batsi,hltfac_0374025D4A
Ituri,Drodro,Dhedja,,Centre de Santé,Dhedja,hltfac_582F49FE14
Ituri,Drodro,Dhedja,Koto,Site Soin Communautaire,Koto,hltfac_3684E4DC06
Ituri,Drodro,Dhedja,Njaudha,Poste de Santé,Njaudha,hltfac_1980BC557B
Ituri,Drodro,Drodro,Buki,Site Soin Communautaire,Buki,hltfac_A32EA63888
Ituri,Drodro,Drodro,Duma,Bureau Central de la Zone de Santé,Drodro,hltfac_EC18B047F4
Ituri,Drodro,Drodro,,Centre de Santé,Drodro,hltfac_E2644FF0AE
Ituri,Drodro,Drodro,,Centre de Santé,Drodro,hltfac_2343A1643A
Ituri,Drodro,Drodro,,Hôpital Général de Référence,Drodro,hltfac_745B2AB205
Ituri,Drodro,Drodro,Jissa,Poste de Santé,Jissa,hltfac_C854C3A957
Ituri,Drodro,Drodro,Mengo,Site Soin Communautaire,Mengo,hltfac_6E36ED3E7B
Ituri,Drodro,Drodro,Ngona,Site Soin Communautaire,Ngona,hltfac_AD89260221
Ituri,Drodro,Kpalo,Dhechu,Poste de Santé,Kawa,hltfac_0FCE38A33D
Ituri,Drodro,Kpalo,Dhechu,Site Soin Communautaire,Kawa,hltfac_06B7333AAE
Ituri,Drodro,Kpalo,,Centre de Santé,Kpalo,hltfac_FD51031811
Ituri,Drodro,Kpalo,,Poste de Santé,Zatchoni,hltfac_6F6FF95583
Ituri,Drodro,Kpanga,Jilo,Site Soin Communautaire,Jilo,hltfac_AFC31090E6
Ituri,Drodro,Kpanga,Kpanga,Centre de Santé,Kpanga,hltfac_BF376D4ED3
Ituri,Drodro,Logotakpa,Dhenyimblu,Site Soin Communautaire,Dhenyimblu,hltfac_435AC98262
Ituri,Drodro,Logotakpa,Line 1,Site Soin Communautaire,Line 1,hltfac_23771F89CA
Ituri,Drodro,Logotakpa,,Centre de Santé,Logotakpa,hltfac_522E4A19E3
Ituri,Drodro,Lomi,Butso,Site Soin Communautaire,Butso,hltfac_915AA62AF4
Ituri,Drodro,Lomi,Leddi,Site Soin Communautaire,Leddi,hltfac_8C45D646E7
Ituri,Drodro,Lomi,,Centre de Santé,Lomi,hltfac_193BCC6414
Ituri,Drodro,Masumbuko,,Poste de Santé,Gobi,hltfac_84144CB833
Ituri,Drodro,Masumbuko,Golo,Site Soin Communautaire,Gobi Golo,hltfac_2FAC1D1114
Ituri,Drodro,Masumbuko,,Centre de Santé,Masumbuko,hltfac_03C0F08EDF
Ituri,Drodro,Masumbuko,Wadda,Poste de Santé,Wada,hltfac_B5807B7C16
Ituri,Drodro,Masumbuko,Wadda,Site Soin Communautaire,Wada,hltfac_C9C5A4A750
Ituri,Drodro,Maze,,Centre de Santé,Maze,hltfac_271D47EE1B
Ituri,Drodro,Maze,Njachulu,Poste de Santé,Njachulu,hltfac_0051E40694
Ituri,Drodro,Maze,Tsuki,Site Soin Communautaire,Tsuki,hltfac_F24C8E7E16
Ituri,Drodro,Mulinga,,Centre de Santé,Mulinga,hltfac_66D0C36186
Ituri,Drodro,Mulinga,Tongo,Site Soin Communautaire,Tongo 1,hltfac_3227CBA15F
Ituri,Drodro,Mulinga,Tongo,Site Soin Communautaire,Tongo 2,hltfac_81A0351F73
Ituri,Drodro,Nyaudii,Kalisha,Poste de Santé,Kalisha,hltfac_B6A59B2CAD
Ituri,Drodro,Nyaudii,Lovi,Site Soin Communautaire,Lovi,hltfac_E740FE2FF3
Ituri,Drodro,Nyaudii,Kanya,Centre de Santé,Nyau dii,hltfac_4DC1C56AAA
Ituri,Drodro,Retso,Bilo,Site Soin Communautaire,Bilo,hltfac_1DC7C0FEC9
Ituri,Drodro,Retso,Saliboko,Centre de Santé,Retso,hltfac_86E367A651
Ituri,Drodro,Retso,Tchey,Poste de Santé,Tchey,hltfac_53262685BE
Ituri,Drodro,Saliboko,Lidyo,Poste de Santé,Dudu,hltfac_7F4F966AA1
Ituri,Drodro,Saliboko,Lidyo,Site Soin Communautaire,Dudu,hltfac_9FE7429CF3
Ituri,Drodro,Saliboko,Kelo,Site Soin Communautaire,Kelo,hltfac_61F9D99E2B
Ituri,Drodro,Saliboko,,Centre de Santé de Référence,Saliboko,hltfac_C3D864F76A
Ituri,Drodro,Tchatsikpa,Beliba,Site Soin Communautaire,Beliba,hltfac_BBC8B59BB4
Ituri,Drodro,Tchatsikpa,Lombu,Site Soin Communautaire,Lombu,hltfac_1D1B12FB43
Ituri,Drodro,Tchatsikpa,Lalo,Centre de Santé,Tchatsikpa,hltfac_3D16FC58DC
Ituri,Drodro,Utcha,Buy,Site Soin Communautaire,Buy,hltfac_BFF0468CB1
Ituri,Drodro,Utcha,Sunu,Poste de Santé,Sunu,hltfac_99BDF97E5B
Ituri,Drodro,Utcha,Tsoro,Poste de Santé,Tsoro,hltfac_269B2057F2
Ituri,Drodro,Utcha,Litho,Centre de Santé,Utcha,hltfac_08376B11C4
Ituri,Drodro,Utcha,Utcha,Poste de Santé,Utcha,hltfac_97656BCB44
Ituri,Fataki,Bukachele,,Centre de Santé,Bukachele,hltfac_C3B09E7F66
Ituri,Fataki,Bukachele,,Poste de Santé,Gbombu,hltfac_940F121F42
Ituri,Fataki,Bule,,Centre de Santé de Référence,Bule,hltfac_A980EEF1DA
Ituri,Fataki,Bule,Diro,Site Soin Communautaire,Diro,hltfac_7148CDBFD0
Ituri,Fataki,Bule,,Poste de Santé,Dudu,hltfac_79DE1E18A8
Ituri,Fataki,Bule,,Poste de Santé,Lodinga,hltfac_F61A408612
Ituri,Fataki,Bule,Nzika,Site Soin Communautaire,Nzika,hltfac_02B0F3CACF
Ituri,Fataki,Bule,,Poste de Santé,Sauvetage,hltfac_8E686D0FD9
Ituri,Fataki,Bule,Tsukpa,Site Soin Communautaire,Tsukpa,hltfac_33C792485B
Ituri,Fataki,Dhendro,,Centre de Santé,Dhendro,hltfac_34A03F9ABB
Ituri,Fataki,Djugu,,Poste de Santé,Dhendru,hltfac_D4CF5E2E0B
Ituri,Fataki,Djugu,,Centre de Santé,Djugu,hltfac_38CA3DEA71
Ituri,Fataki,Djugu,,Poste de Santé,Mbikpa,hltfac_BE48E9AEB4
Ituri,Fataki,Duvire,Djudza Lambama,Site Soin Communautaire,Djudza Lambama,hltfac_27C04BBCDB
Ituri,Fataki,Duvire,,Centre de Santé,Duvire,hltfac_A3DD46C59A
Ituri,Fataki,Duvire,,Poste de Santé,Loda,hltfac_DD789D293F
Ituri,Fataki,Fataki,Calvaire,Bureau Central de la Zone de Santé,Fataki,hltfac_1FE573E67D
Ituri,Fataki,Fataki,,Centre de Santé,Fataki,hltfac_73CE6165D1
Ituri,Fataki,Fataki,Fataki,Site Soin Communautaire,Fataki,hltfac_4447C0E6E5
Ituri,Fataki,Fataki,,Hôpital Général de Référence,Fataki,hltfac_D4CCC72F2D
Ituri,Fataki,Fataki,,Poste de Santé,La grace,hltfac_75A6F8363C
Ituri,Fataki,Jidda,,Centre de Santé,Jidda,hltfac_F8AEF44495
Ituri,Fataki,Jina,,Centre de Santé de Référence,Jina,hltfac_DB4D5D987E
Ituri,Fataki,Jina,,Poste de Santé,La grace,hltfac_BC841C5FB8
Ituri,Fataki,Jina,Lossa,Site Soin Communautaire,Lossa,hltfac_F42A8BA012
Ituri,Fataki,Lenga,Dongu,Site Soin Communautaire,Dongu,hltfac_DE75447943
Ituri,Fataki,Lenga,,Centre de Santé,Lenga,hltfac_B7AA50196B
Ituri,Fataki,Lenga,,Poste de Santé,Senge,hltfac_5D82DAC41A
Ituri,Fataki,Ndjala,Buko,Site Soin Communautaire,Buko,hltfac_7ED68351DC
Ituri,Fataki,Ndjala,,Centre de Santé,Ndjala,hltfac_A20EEDBEF3
Ituri,Fataki,Ndjala,Tsunde,Site Soin Communautaire,Tsunde,hltfac_6BF9EA5E8D
Ituri,Fataki,Ngolo,,Centre de Santé,Ngolo,hltfac_707408A59D
Ituri,Fataki,Pimbo,,Centre de Santé,Pimbo,hltfac_E1954A93D0
Ituri,Fataki,Salama,,Centre de Santé,Salama,hltfac_FC84425D91
Ituri,Fataki,Salama,,Poste de Santé,Salama,hltfac_69CE650B50
Ituri,Fataki,Sombuso,,Centre de Santé,Sombuso,hltfac_52B4ADC5BE
Ituri,Gety,Aveba,,Centre de Santé de Référence,Aveba,hltfac_DDCBD4B08B
Ituri,Gety,Aveba,Ngongi B,Site Soin Communautaire,Ngongi B,hltfac_7529EE604F
Ituri,Gety,Aveba,Ruzinga,Site Soin Communautaire,Ruzinga,hltfac_4840403FB1
Ituri,Gety,Bilima,,Centre de Santé,Bilima,hltfac_FE31766652
Ituri,Gety,Bilima,Koho,Site Soin Communautaire,Koho,hltfac_5DCFBC8CF5
Ituri,Gety,Bilima,Mbisse,Site Soin Communautaire,Mbisse,hltfac_5C120ABFFF
Ituri,Gety,Bilima,Mukato,Site Soin Communautaire,Mukato,hltfac_619B338E2D
Ituri,Gety,Bukiringi,,Centre de Santé,Bkiringi,hltfac_BDC19E01DE
Ituri,Gety,Bukiringi,,Centre de Santé de Référence,Bukiringi,hltfac_33C3F36F4F
Ituri,Gety,Bukiringi,Kanyama Garo,Poste de Santé,Kanyama Garo,hltfac_2F14B0034F
Ituri,Gety,Bukiringi,,Poste de Santé,Sodhoro 2,hltfac_D8CEFE6FE7
Ituri,Gety,Chyekele,Aveghi,Site Soin Communautaire,Aveghi,hltfac_AC4367141D
Ituri,Gety,Chyekele,Bhali,Site Soin Communautaire,Bhali,hltfac_FA4F7A2BA6
Ituri,Gety,Chyekele,Bhunga,Poste de Santé,Bhunga,hltfac_5EDD6111E6
Ituri,Gety,Chyekele,,Centre de Santé de Référence,Chyekele,hltfac_2F011AFE1D
Ituri,Gety,Chyekele,Kanyoro,Poste de Santé,Kanyoro,hltfac_64E4EE1956
Ituri,Gety,Chyekele,Kanyoro,Site Soin Communautaire,Kanyoro,hltfac_B6E9F0F400
Ituri,Gety,Chyekele,Sorodho 1,Poste de Santé,Sorodho 1,hltfac_E51C48A7CF
Ituri,Gety,Chyekele,,Centre de Santé,Tchekele,hltfac_F553960289
Ituri,Gety,Gety,Nzigo,Bureau Central de la Zone de Santé,Gety,hltfac_696A6EC088
Ituri,Gety,Gety,,Hôpital Général de Référence,Gety,hltfac_39C1BD8A2C
Ituri,Gety,Gety,,Centre de Santé,Gety Etat,hltfac_7855983223
Ituri,Gety,Isura,Buguma,Poste de Santé,Buguma,hltfac_60E60FF52E
Ituri,Gety,Isura,,Centre de Santé,Isura,hltfac_60DF52BBA9
Ituri,Gety,Isura,,Centre de Santé,Isura,hltfac_FAB7304B39
Ituri,Gety,Isura,Muhani,Site Soin Communautaire,Muhani,hltfac_4979FB3599
Ituri,Gety,Kagaba,,Centre de Santé,Kagaba,hltfac_DAF3ED63AC
Ituri,Gety,Kagaba,,Poste de Santé,Kaguma,hltfac_EC3337ED17
Ituri,Gety,Kagoro,,Centre de Santé,Kagoro,hltfac_F038063074
Ituri,Gety,Kagoro,,Poste de Santé,Koga,hltfac_9C805A0C47
Ituri,Gety,Kagoro,Matete,Site Soin Communautaire,Matete,hltfac_DA7B6251AF
Ituri,Gety,Kazana,Dyalo,Site Soin Communautaire,Dyalo,hltfac_797128FBC4
Ituri,Gety,Kazana,,Centre de Santé,Kazana,hltfac_C0E743695D
Ituri,Gety,Kazana,Nyasumbi,Site Soin Communautaire,Nyasumbi,hltfac_554AC4D6C6
Ituri,Gety,Kinyomubaya,,Centre de Santé,Kinyomubaya,hltfac_D0710F60DC
Ituri,Gety,Maga,,Poste de Santé,Kabona,hltfac_45164F3844
Ituri,Gety,Maga,,Centre de Santé,Kabona,hltfac_D21C9C1686
Ituri,Gety,Maga,Katorogo,Site Soin Communautaire,Katorogo,hltfac_01ADEA4AE7
Ituri,Gety,Maga,Kisodjo,Site Soin Communautaire,Kisodjo,hltfac_26387D8EDC
Ituri,Gety,Maga,,Centre de Santé,Maga,hltfac_FAED97BD1C
Ituri,Gety,Maga,Matafu,Poste de Santé,Matafu,hltfac_2FC2C7A2FE
Ituri,Gety,Mukasamba,Muhigi,Site Soin Communautaire,Muhigi,hltfac_9ACA78D556
Ituri,Gety,Mukasamba,,Centre de Santé,Mukasamba,hltfac_CA459090D2
Ituri,Gety,Mukasamba,Nyarara,Site Soin Communautaire,Nyarara,hltfac_7E0D8D1AD6
Ituri,Gety,Nombe,,Poste de Santé,Lakpa,hltfac_9922BF82CB
Ituri,Gety,Nombe,Loko,Site Soin Communautaire,Loko,hltfac_EC4A016117
Ituri,Gety,Nombe,,Centre de Santé,Nombe,hltfac_156AACDA76
Ituri,Gety,Olongba,,Poste de Santé,Avenyuma,hltfac_AE70EB7A02
Ituri,Gety,Olongba,Bahura,Poste de Santé,Bahura,hltfac_96E16DB67B
Ituri,Gety,Olongba,Kelenge,Site Soin Communautaire,Kelenge,hltfac_90325F84EB
Ituri,Gety,Olongba,,Centre de Santé de Référence,Olongba,hltfac_589B307D01
Ituri,Gety,Olongba,Olongba,Centre de Santé,Olongba,hltfac_0C09DFC360
Ituri,Gety,Olongba,Sasa,Site Soin Communautaire,Sasa,hltfac_CFCE380379
Ituri,Gety,Singo,,Centre de Santé,Singo,hltfac_FB2761017F
Ituri,Gety,Singo,Sodhu,Poste de Santé,Sodhu,hltfac_2E7BE15E4B
Ituri,Gety,Singo,Tradhadhi,Site Soin Communautaire,Tradhadhi,hltfac_868421FCFB
Ituri,Gety,Soke,,Poste de Santé,Medhu,hltfac_B64EF56D9E
Ituri,Gety,Soke,Medhu,Site Soin Communautaire,Medhu,hltfac_D457083986
Ituri,Gety,Soke,,Centre de Santé,Soke,hltfac_5F8E165CFC
Ituri,Gety,Soke,Sukpa,Poste de Santé,Sukpa,hltfac_74CD5CBB88
Ituri,Gety,Soke,Tsukele,Site Soin Communautaire,Tsukele,hltfac_1A20DA4777
Ituri,Gety,Songolo,Androzo,Poste de Santé,Androzo,hltfac_5E37857D80
Ituri,Gety,Songolo,Nyamabho,Site Soin Communautaire,Nyamabho,hltfac_0CAC81121C
Ituri,Gety,Songolo,Nyamabho,Poste de Santé,Nyamabho,hltfac_4233BA0358
Ituri,Gety,Songolo,Pinga,Site Soin Communautaire,Pinga,hltfac_33ADD70C44
Ituri,Gety,Songolo,,Centre de Santé,Songolo,hltfac_DDD8C05065
Ituri,Gety,Zitono,Bangarido B,Site Soin Communautaire,Bangarido B,hltfac_0AFBFD809F
Ituri,Gety,Zitono,,Centre de Santé,Zitono,hltfac_2C75D49F2B
Ituri,Gety,Zitono,,Centre de Santé,Zitono,hltfac_B3F5905BF1
Ituri,Jiba,Bassani,,Centre de Santé,Bassani,hltfac_9545A5EAD5
Ituri,Jiba,Bassani,,Site Soin Communautaire,Libba,hltfac_ED786FF312
Ituri,Jiba,Bassani,,Site Soin Communautaire,Peikpa,hltfac_82C041573C
Ituri,Jiba,Dadaru,,Centre de Santé,Dadaru,hltfac_F6E8C8AB52
Ituri,Jiba,Dadaru,,Site Soin Communautaire,Dhenovi,hltfac_6A334BB68B
Ituri,Jiba,Dadaru,,Site Soin Communautaire,Kambise,hltfac_7A477A02C4
Ituri,Jiba,Dhendo,,Centre de Santé,Dhendo,hltfac_3E370C1E4D
Ituri,Jiba,Dhendo,,Site Soin Communautaire,Dhendo,hltfac_69AE27E26A
Ituri,Jiba,Djokaba,,Centre de Santé,Djokaba,hltfac_31F9411FDD
Ituri,Jiba,Djokaba,,Site Soin Communautaire,Dukpa,hltfac_0B614DFDF2
Ituri,Jiba,Gobunji,,Centre de Santé,Gobunji,hltfac_809260CEEC
Ituri,Jiba,Gobunji,,Site Soin Communautaire,Kakakpa,hltfac_18198A6C4C
Ituri,Jiba,Gobunji,,Site Soin Communautaire,Songa 2,hltfac_04AA9D4728
Ituri,Jiba,Gobunji,,Site Soin Communautaire,Tara,hltfac_C01DA55E45
Ituri,Jiba,Gokpa 2,,Centre de Santé,Gokpa 2,hltfac_875A44DBDE
Ituri,Jiba,Gokpa 2,,Site Soin Communautaire,Kango,hltfac_F96A88C3BD
Ituri,Jiba,Gokpa 2,,Site Soin Communautaire,Ngbapenyi,hltfac_747890A3C9
Ituri,Jiba,Gokpa 2,,Site Soin Communautaire,Sombolo,hltfac_33D34B25F2
Ituri,Jiba,Jiba,Gopa Paroisse,Bureau Central de la Zone de Santé,Jiba,hltfac_124382CC0A
Ituri,Jiba,Jiba,,Hôpital Général de Référence,Jiba,hltfac_6D1B18F473
Ituri,Jiba,Jiba,,Centre de Santé,Jiba,hltfac_CD4A25A2B9
Ituri,Jiba,Jiba,,Poste de Santé,Jibe,hltfac_A3CFF9A0EF
Ituri,Jiba,Jiba,,Site Soin Communautaire,Talikpa,hltfac_CE3B79A2F1
Ituri,Jiba,Krido,Djaro,Site Soin Communautaire,Djaro,hltfac_A6A1C370E4
Ituri,Jiba,Krido,,Centre de Santé,Krido,hltfac_52BD1B696F
Ituri,Jiba,Ladyi,Bbulo,Site Soin Communautaire,Bbulo,hltfac_BE9C78E69D
Ituri,Jiba,Ladyi,Godda,Poste de Santé,Godda,hltfac_43F1471BA6
Ituri,Jiba,Ladyi,,Centre de Santé,Ladyi,hltfac_BDDA39151A
Ituri,Jiba,Laudjo,Budyo,Site Soin Communautaire,Budyo,hltfac_B9BBE8F64A
Ituri,Jiba,Laudjo,Djiri,Site Soin Communautaire,Djiri,hltfac_61DEA2FC0A
Ituri,Jiba,Laudjo,Gobba,Poste de Santé,Gobba,hltfac_AD9D9561B0
Ituri,Jiba,Laudjo,Ngakpa,Centre de Santé,Laudjo,hltfac_1DE7B02A83
Ituri,Jiba,Laudjo,Levi,Site Soin Communautaire,Levi,hltfac_69B2E24F0C
Ituri,Jiba,Laudjo,Ndjaji,Site Soin Communautaire,Ndjaji,hltfac_838054A4D8
Ituri,Jiba,Laudjo,Tsokpa,Site Soin Communautaire,Tsokpa,hltfac_2D08967A07
Ituri,Jiba,Malo,Boba,Poste de Santé,Boba,hltfac_FA8F7283FB
Ituri,Jiba,Malo,Yodja,Poste de Santé,Boba,hltfac_EFEC01B261
Ituri,Jiba,Malo,Dheno,Site Soin Communautaire,Dheno,hltfac_4C9EB78055
Ituri,Jiba,Malo,Ndrodza,Site Soin Communautaire,Kapokoya,hltfac_4FB1138CDF
Ituri,Jiba,Malo,,Centre de Santé,Malo,hltfac_BED39DE90A
Ituri,Jiba,Ngadjoka,Jilots,Poste de Santé,Kidda,hltfac_1853B9F663
Ituri,Jiba,Ngadjoka,Ndjalo,Site Soin Communautaire,Ndjalo,hltfac_3200D87D9C
Ituri,Jiba,Ngadjoka,,Centre de Santé,Ngadjoka,hltfac_F876F0DFA2
Ituri,Jiba,Ngadjoka,Pimbi,Site Soin Communautaire,Pimbi,hltfac_BE9D5D97FB
Ituri,Jiba,Okareba,Drabo,Site Soin Communautaire,Drabo,hltfac_A759A3C293
Ituri,Jiba,Okareba,,Centre de Santé,Okareba,hltfac_10DF14E335
Ituri,Jiba,Petro,Laleni,Site Soin Communautaire,Laleni,hltfac_E0A67CE128
Ituri,Jiba,Petro,Loe,Poste de Santé,Loe,hltfac_10B0305C62
Ituri,Jiba,Petro,,Centre de Santé,Petro,hltfac_65BA1FD7A1
Ituri,Kambala,Berunda,,Centre de Santé,Berunda,hltfac_96AFAA71B2
Ituri,Kambala,Berunda,Djupabi,Site Soin Communautaire,Djupabi,hltfac_C190D6054F
Ituri,Kambala,Gulu,Dhina,Site Soin Communautaire,Dhina,hltfac_8CBD4EA67E
Ituri,Kambala,Gulu,,Centre de Santé,Gulu,hltfac_5FBA2D5166
Ituri,Kambala,Kambala,Dji,Site Soin Communautaire,Dji,hltfac_0DF882C618
Ituri,Kambala,Kambala,Juu,Site Soin Communautaire,Juu,hltfac_4FE8418956
Ituri,Kambala,Kambala,Kambala  1,Bureau Central de la Zone de Santé,Kambala,hltfac_1262EE2EDF
Ituri,Kambala,Kambala,,Hôpital Général de Référence,Kambala,hltfac_E8B419B61D
Ituri,Kambala,Kambala,,Centre de Santé,Kambala,hltfac_79EA945CB6
Ituri,Kambala,Katanga,Aleza,Site Soin Communautaire,Aleza,hltfac_B439E73C24
Ituri,Kambala,Katanga,,Centre de Santé,Katanga,hltfac_402DA6CCD3
Ituri,Kambala,Katanga,Majanga,Site Soin Communautaire,Majanga,hltfac_0FD71887A8
Ituri,Kambala,Kotho,Agada,Site Soin Communautaire,Agada,hltfac_DDF36A4E4F
Ituri,Kambala,Kotho,,Centre de Santé,Kotho,hltfac_03BA7F9606
Ituri,Kambala,Lengbatsi,,Centre de Santé,Lengbatsi,hltfac_DBC8A58041
Ituri,Kambala,Lengbatsi,,Site Soin Communautaire,SSC,hltfac_2D22DE82A9
Ituri,Kambala,Lengbatsi,,Site Soin Communautaire,SSC,hltfac_F27A6D6A35
Ituri,Kambala,Ndefu,Banisti,Site Soin Communautaire,Banisti,hltfac_E80C5E8702
Ituri,Kambala,Ndefu,,Centre de Santé,Ndefu,hltfac_564C6B22D4
Ituri,Kambala,Ndefu,Ndefu 2,Site Soin Communautaire,Ndefu 2,hltfac_EB11F72A0E
Ituri,Kambala,Ng'bur,Ndrusini,Site Soin Communautaire,Ndrusini,hltfac_F0F7F8EF1A
Ituri,Kambala,Ng'bur,,Centre de Santé,Ng'Bur,hltfac_0D71CEE337
Ituri,Kambala,Nioka,,Poste de Santé,Avituri,hltfac_FA53ED9F7F
Ituri,Kambala,Nioka,,Poste de Santé,Lamuka,hltfac_4F424E448A
Ituri,Kambala,Nioka,,Centre de Santé de Référence,Nioka Blena,hltfac_7E7DA91D43
Ituri,Kambala,Nioka,,Site Soin Communautaire,SSC,hltfac_0218A7CC50
Ituri,Kambala,Nioka,,Site Soin Communautaire,SSC,hltfac_BBF57F4378
Ituri,Kambala,Nyaleka,Gbalia,Site Soin Communautaire,Gbalia,hltfac_69884FCED1
Ituri,Kambala,Nyaleka,Lossa,Site Soin Communautaire,Lossa,hltfac_A314174F38
Ituri,Kambala,Nyaleka,,Centre de Santé,Nyaleka,hltfac_DE1680C7AD
Ituri,Kambala,Rabu,Ambe,Site Soin Communautaire,Ambe,hltfac_C85B6C738D
Ituri,Kambala,Rabu,,Centre de Santé,Rabu,hltfac_93AD86FFAE
Ituri,Kambala,Rona,,Centre de Santé,Rona,hltfac_CF986B8F98
Ituri,Kambala,Rona,Rona Centre,Site Soin Communautaire,Rona Centre,hltfac_93FABDAEB9
Ituri,Kambala,Simbi,Jupacida,Site Soin Communautaire,Jupacida,hltfac_A79CB2D7A5
Ituri,Kambala,Simbi,,Autre,Leoticia,hltfac_7742DB45CE
Ituri,Kambala,Simbi,,Centre de Santé,Simbi,hltfac_B693B58A89
Ituri,Kambala,Udju,Ndimalo,Site Soin Communautaire,Ndimalo,hltfac_73AA8E0E3D
Ituri,Kambala,Udju,,Centre de Santé,Udju,hltfac_C5926EA97A
Ituri,Kambala,Yagu,,Centre de Santé,Yagu,hltfac_018B87AA99
Ituri,Kambala,Yagu,Zanzibar,Site Soin Communautaire,Zanzibar,hltfac_A9D13075FA
Ituri,Kilo,Amema,,Centre de Santé,Amema,hltfac_511888F960
Ituri,Kilo,Amema,,Site Soin Communautaire,Camp Chine,hltfac_DCADADFB0B
Ituri,Kilo,Amema,,Site Soin Communautaire,Tchulu,hltfac_C90C47ECB7
Ituri,Kilo,Bakonde,,Centre de Santé,Bakonde,hltfac_7B0BB2F9B4
Ituri,Kilo,Buengwe,,Site Soin Communautaire,Babala Kidogo,hltfac_66BEF1593F
Ituri,Kilo,Buengwe,,Centre de Santé,Buengwe,hltfac_55B11F0CDD
Ituri,Kilo,Buengwe,,Poste de Santé,Mahoko,hltfac_CAC22BB703
Ituri,Kilo,Buengwe,,Site Soin Communautaire,Matongo,hltfac_1E11FFCAB3
Ituri,Kilo,Buengwe,,Poste de Santé,Mbuchu,hltfac_7911441591
Ituri,Kilo,Bunzenzele,,Centre de Santé,Bunzenzele,hltfac_6103CEF9FC
Ituri,Kilo,Bunzenzele,,Site Soin Communautaire,Djenga,hltfac_F2E08D71BA
Ituri,Kilo,Bunzenzele,,Site Soin Communautaire,Ndani,hltfac_70FB72EB2B
Ituri,Kilo,Bunzenzele,,Site Soin Communautaire,Wikpa,hltfac_59369B2897
Ituri,Kilo,Itendey,,Site Soin Communautaire,Donato,hltfac_532C73EDE1
Ituri,Kilo,Itendey,,Site Soin Communautaire,Gbado carrière,hltfac_9695E5345F
Ituri,Kilo,Itendey,,Centre de Santé,Itendey,hltfac_E5508DDC22
Ituri,Kilo,Itendey,Itendey Mission,Bureau Central de la Zone de Santé,Kilo,hltfac_FA422329C1
Ituri,Kilo,Itendey,,Hôpital Général de Référence,Kilo,hltfac_DD4A109842
Ituri,Kilo,Kabakaba,,Site Soin Communautaire,Alimasi,hltfac_C797DA7F72
Ituri,Kilo,Kabakaba,,Centre de Santé,Kabakaba,hltfac_18008E717A
Ituri,Kilo,Kabakaba,,Site Soin Communautaire,Lisau,hltfac_AB0C98F562
Ituri,Kilo,Kabakaba,,Site Soin Communautaire,Mobali,hltfac_DE20CAABC7
Ituri,Kilo,Kabakaba,,Poste de Santé,Ngoto,hltfac_3C2769A7B3
Ituri,Kilo,Kilo Etat,,Site Soin Communautaire,Agonzi,hltfac_D3D5AB4A85
Ituri,Kilo,Kilo Etat,,Site Soin Communautaire,Ayao,hltfac_F202D2E00D
Ituri,Kilo,Kilo Etat,,Poste de Santé,Bandebusi,hltfac_C98DF80029
Ituri,Kilo,Kilo Etat,,Centre de Santé de Référence,Kilo Etat,hltfac_6819B76B5D
Ituri,Kilo,Kilo Mission,,Site Soin Communautaire,Besse,hltfac_E84092D0E6
Ituri,Kilo,Kilo Mission,,Site Soin Communautaire,Jambisi,hltfac_772ED070B3
Ituri,Kilo,Kilo Mission,,Centre de Santé,Kilo,hltfac_AEF7134103
Ituri,Kilo,Kilo Mission,,Site Soin Communautaire,Mangbedu,hltfac_CCE4A1DEB9
Ituri,Kilo,Lisey,,Site Soin Communautaire,Andasia,hltfac_885F64A2C5
Ituri,Kilo,Lisey,,Centre de Santé,Lisey,hltfac_AA09CABC1E
Ituri,Kilo,Lisey,,Site Soin Communautaire,Sakoko,hltfac_D68B9BC823
Ituri,Kilo,Tchangana,,Site Soin Communautaire,Bakoko 1,hltfac_6583551A78
Ituri,Kilo,Tchangana,,Site Soin Communautaire,Kupe,hltfac_9A5EC83B15
Ituri,Kilo,Tchangana,,Centre de Santé,Tchangana,hltfac_A2575FB964
Ituri,Komanda,Bamande,Apawanza,Poste de Santé,Affia Ni Mali,hltfac_1F49E8E3F8
Ituri,Komanda,Bamande,Hollande,Site Soin Communautaire,Alotu,hltfac_26FFE760C6
Ituri,Komanda,Bamande,,Centre de Santé,Bamande,hltfac_C76AAC10EA
Ituri,Komanda,Bamande,,Poste de Santé,Baraka,hltfac_E880C3BFA8
Ituri,Komanda,Bamande,Bamungamba,Clinique,Diangenda,hltfac_E7A8C0FE23
Ituri,Komanda,Bamande,,Site Soin Communautaire,Gbutumani,hltfac_A12B97D941
Ituri,Komanda,Bamande,Karatuma,Poste de Santé,Karatuma,hltfac_8BF930F182
Ituri,Komanda,Bamande,Bamungamba,Clinique,La guerison,hltfac_8F2E84CB94
Ituri,Komanda,Bamande,Bapiya,Poste de Santé,Les Aiglos,hltfac_E9C6F73501
Ituri,Komanda,Bamande,,Poste de Santé,Mungamba,hltfac_D7018020BB
Ituri,Komanda,Bamande,,Poste de Santé,Mungu Ni Muponyaji,hltfac_58E59FDFA8
Ituri,Komanda,Bamande,Bamungamba,Clinique,Paradox,hltfac_B1ABA59DC6
Ituri,Komanda,Bamande,,Poste de Santé,Takumanza,hltfac_5EBE999103
Ituri,Komanda,Bamande,,Clinique,Tulizieni,hltfac_773901BF82
Ituri,Komanda,Bamande,Bamungamba,Poste de Santé,Yeneka,hltfac_C2FF1B07BC
Ituri,Komanda,Bandiboli,,Centre de Santé,Bandiboli,hltfac_1E02956BC3
Ituri,Komanda,Bandiboli,,Poste de Santé,Baraka,hltfac_21809E3DB3
Ituri,Komanda,Bandiboli,Banduboli 2,Poste de Santé,Jibuletu,hltfac_1F89B41BCE
Ituri,Komanda,Bandiboli,,Poste de Santé,Kandoy,hltfac_C3DE952B68
Ituri,Komanda,Bandiboli,Mukasila,Poste de Santé,La guerison,hltfac_0E42D43FA0
Ituri,Komanda,Bandiboli,Masinda,Site Soin Communautaire,Masinda,hltfac_7EA7F657ED
Ituri,Komanda,Bandiboli,,Poste de Santé,Mukasila,hltfac_151B8FA5F0
Ituri,Komanda,Bandiboli,Mukasila,Site Soin Communautaire,Mukasila,hltfac_AE51EECB35
Ituri,Komanda,Bandiboli,,Poste de Santé,Peniel,hltfac_4B5A9422E7
Ituri,Komanda,Bandiboli,Mukasila,Poste de Santé,Rapha,hltfac_0C7C63A2E3
Ituri,Komanda,Bandiboli,Samate,Poste de Santé,Samate,hltfac_953B974ACD
Ituri,Komanda,Beyi,,Poste de Santé,Avo,hltfac_8375D99CDD
Ituri,Komanda,Beyi,,Poste de Santé,Avo Jibu,hltfac_C272E67ACA
Ituri,Komanda,Beyi,,Centre de Santé,Beyi,hltfac_6A01E3FB1D
Ituri,Komanda,Beyi,Bolombo,Site Soin Communautaire,Bolombo,hltfac_074DF228E5
Ituri,Komanda,Beyi,Quartier Base,Bureau Central de la Zone de Santé,Komanda,hltfac_5A007E76E3
Ituri,Komanda,Beyi,,Hôpital Général de Référence,Komanda,hltfac_7A70A5C38A
Ituri,Komanda,Beyi,Matete,Site Soin Communautaire,Matete SSC,hltfac_13BA3F5A85
Ituri,Komanda,Beyi,,Poste de Santé,Ngombeyama 1,hltfac_D1F52A1F9B
Ituri,Komanda,Beyi,,Poste de Santé,Ngombeyama 2,hltfac_9D37100A62
Ituri,Komanda,Beyi,,Poste de Santé,Shauri Moya,hltfac_84DC3CD861
Ituri,Komanda,Bwanasura,,Poste de Santé,Ahombo 2,hltfac_A265F076A7
Ituri,Komanda,Bwanasura,,Poste de Santé,Ahombo 3,hltfac_035859BB3F
Ituri,Komanda,Bwanasura,Apakolu,Poste de Santé,Apakolu,hltfac_56BFDE4D10
Ituri,Komanda,Bwanasura,Apamayaya,Site Soin Communautaire,Apamayaya,hltfac_2474EDE248
Ituri,Komanda,Bwanasura,Bayeyi,Site Soin Communautaire,Bayeyi,hltfac_D3A604A3E2
Ituri,Komanda,Bwanasura,,Centre de Santé de Référence,Bwanasura,hltfac_D28720311C
Ituri,Komanda,Bwanasura,,Centre de Santé,Bwanasura Caritas,hltfac_D8482D894A
Ituri,Komanda,Bwanasura,,Poste de Santé,Doduanze,hltfac_40C4988D54
Ituri,Komanda,Bwanasura,,Poste de Santé,Malweka,hltfac_D4AF46DC8B
Ituri,Komanda,Bwanasura,Malweka,Site Soin Communautaire,Malweka,hltfac_2F3E43B7A2
Ituri,Komanda,Idou,,Poste de Santé,Anuarite,hltfac_2FB02DA560
Ituri,Komanda,Idou,,Centre Hopitalier,Codemuco Idohu,hltfac_DFC0D1640D
Ituri,Komanda,Idou,,Centre de Santé,Idou,hltfac_D8BC908264
Ituri,Komanda,Idou,,Poste de Santé,Jean,hltfac_F25C7E5C1F
Ituri,Komanda,Idou,,Dispensaire,Kivukiro,hltfac_74F3E5CBBD
Ituri,Komanda,Idou,,Poste de Santé,La Lumiere,hltfac_9C5CF8024A
Ituri,Komanda,Idou,Lolueba,Site Soin Communautaire,Lolueba,hltfac_B913CEBD3A
Ituri,Komanda,Idou,,Poste de Santé,Mahala,hltfac_6D946769AE
Ituri,Komanda,Idou,Mungi,Site Soin Communautaire,Mungi,hltfac_945A018FBC
Ituri,Komanda,Idou,Manzobe,Site Soin Communautaire,Mungi,hltfac_AB09306612
Ituri,Komanda,Idou,,Poste de Santé,Rohi,hltfac_42CF0CCBB5
Ituri,Komanda,Idou,,Poste de Santé,Rwenzuri,hltfac_55A02F4CBA
Ituri,Komanda,Idou,,Poste de Santé,Yehova Rapha,hltfac_661FD035BC
Ituri,Komanda,Kasoko,Bekembela,Site Soin Communautaire,Bekembela,hltfac_FCF0E09E14
Ituri,Komanda,Kasoko,Kasoko,Poste de Santé,Kasoko,hltfac_0C6EC866BC
Ituri,Komanda,Kasoko,,Poste de Santé,Kotoakola,hltfac_55D8EEF4A3
Ituri,Komanda,Kasoko,Mai munde,Site Soin Communautaire,Mai Munde,hltfac_8D239DA510
Ituri,Komanda,Kasoko,,Poste de Santé,Mambelenga 2 Mbote,hltfac_037B82D8A4
Ituri,Komanda,Kasoko,Mambelenga 1,Centre de Santé,Mambelenga Kasoko,hltfac_16AF986B06
Ituri,Komanda,Kasoko,,Poste de Santé,Mangina,hltfac_4EBBE595F7
Ituri,Komanda,Kasoko,,Poste de Santé,Ndamanga,hltfac_C6660A83FB
Ituri,Komanda,Kasoko,,Poste de Santé,Pour Tous,hltfac_05CC9D048F
Ituri,Komanda,Kasoko,,Poste de Santé,Tumaini Letu Mayalibu,hltfac_109C10F19F
Ituri,Komanda,Kasoko,,Poste de Santé,Uwesa,hltfac_CE5BD2F15B
Ituri,Komanda,Kasoko,,Poste de Santé,Vuvaliro,hltfac_CC97358435
Ituri,Komanda,Kasoko,Zua Idée,Site Soin Communautaire,Zua Idée,hltfac_AD11831AE8
Ituri,Komanda,Katabey,,Centre de Santé,Katabey,hltfac_6586A6CD89
Ituri,Komanda,Katabey,Lindumbe,Poste de Santé,Lindumbe,hltfac_65B598E59C
Ituri,Komanda,Katabey,Onglase,Site Soin Communautaire,Onglase,hltfac_4A7FCB4363
Ituri,Komanda,Komanda,,Centre Médical,Bethel,hltfac_5A15D7AFB5
Ituri,Komanda,Komanda,,Poste de Santé,Chombe,hltfac_9D0A489232
Ituri,Komanda,Komanda,,Dispensaire,Don Beni,hltfac_DDFEEAD6AF
Ituri,Komanda,Komanda,,Centre de Santé,Komanda,hltfac_E2DB465DD7
Ituri,Komanda,Komanda,,Poste de Santé,Kyondo 2,hltfac_4CC3715147
Ituri,Komanda,Komanda,,Clinique,La Grace,hltfac_53D39AEC4D
Ituri,Komanda,Komanda,,Poste de Santé,La Guerison,hltfac_9508A6D245
Ituri,Komanda,Komanda,Lumumba,Poste de Santé,Leve toi et Marche,hltfac_B6E849EB95
Ituri,Komanda,Komanda,,Poste de Santé,Maranatha,hltfac_ED1E39F2BC
Ituri,Komanda,Komanda,,Poste de Santé,Nguvu Dawakungfu,hltfac_87F5FB3CC8
Ituri,Komanda,Komanda,Lumumba,Poste de Santé,Parellele,hltfac_F6370DA96C
Ituri,Komanda,Komanda,Base 2,Poste de Santé,Uchindi,hltfac_D427B8D57A
Ituri,Komanda,Luna,,Centre de Santé,Luna,hltfac_AAD7F9F8AB
Ituri,Komanda,Luna,Luna CPS,Site Soin Communautaire,Luna Cps,hltfac_B9870C86E7
Ituri,Komanda,Luna,Mutu Eyi,Site Soin Communautaire,Mutu Eyi,hltfac_290E13D253
Ituri,Komanda,Luna,Luna Etat,Poste de Santé,Umoja,hltfac_A1F25E415E
Ituri,Komanda,Makayanga,Kpalamuta,Site Soin Communautaire,Kpalamuta,hltfac_A6DBB65A30
Ituri,Komanda,Makayanga,,Centre de Santé,Makayanga,hltfac_B040BF9579
Ituri,Komanda,Makayanga,Masome,Site Soin Communautaire,Masome,hltfac_EC9104F810
Ituri,Komanda,Makayanga,,Poste de Santé,Salama 1,hltfac_829A581966
Ituri,Komanda,Makayanga,,Dispensaire,St Augustin,hltfac_68EAE9B8AC
Ituri,Komanda,Mandibe,Apihinzi 1,Site Soin Communautaire,Apihinzi 1,hltfac_4B064BA9F8
Ituri,Komanda,Mandibe,Apihinzi 3,Site Soin Communautaire,Apihinzi 3,hltfac_EC66C574E7
Ituri,Komanda,Mandibe,Hero,Poste de Santé,Hero,hltfac_32C97017E3
Ituri,Komanda,Mandibe,Mambedu,Poste de Santé,Mambedu,hltfac_C8456AE76A
Ituri,Komanda,Mandibe,,Centre de Santé,Mandibe,hltfac_2B9E892D9F
Ituri,Komanda,Mangiva,Balingina,Site Soin Communautaire,Balingina,hltfac_30B6FB38A5
Ituri,Komanda,Mangiva,Hema Kibonge,Site Soin Communautaire,Hema Kibonge,hltfac_FA2ABAFAF1
Ituri,Komanda,Mangiva,Mandongo,Site Soin Communautaire,Mandongo,hltfac_509F17DEC8
Ituri,Komanda,Mangiva,,Centre de Santé,Mangiva,hltfac_58C699CABF
Ituri,Komanda,Mangiva,,Poste de Santé,Salama 2,hltfac_1046D8DB14
Ituri,Komanda,Mangiva,,Poste de Santé,Tindo,hltfac_ECEA9CFD2B
Ituri,Komanda,Mangiva,Tindo,Site Soin Communautaire,Tindo,hltfac_D58352E27F
Ituri,Komanda,Mangusu,,Poste de Santé,Imanzi,hltfac_C73B789F05
Ituri,Komanda,Mangusu,,Poste de Santé,Kimaza,hltfac_90EA1C5B8C
Ituri,Komanda,Mangusu,,Centre de Santé,Mangusu,hltfac_5B262AC159
Ituri,Komanda,Mangusu,Nanga,Site Soin Communautaire,Nanga,hltfac_7DD52DB86F
Ituri,Komanda,Mangusu,,Poste de Santé,Tulizeni Baiti,hltfac_3803AB35E6
Ituri,Komanda,Mangusu,,Poste de Santé,Tulizieni,hltfac_074D6E4B3F
Ituri,Komanda,Mangusu,Wamba,Site Soin Communautaire,Wamba,hltfac_7E89CFC399
Ituri,Komanda,Ndalya,Babaota,Site Soin Communautaire,Babaota,hltfac_7DDFE12E45
Ituri,Komanda,Ndalya,,Poste de Santé,Bethesaida,hltfac_FFAFA650B9
Ituri,Komanda,Ndalya,Kipilricha,Site Soin Communautaire,Kipiricha,hltfac_9F70CDDBB4
Ituri,Komanda,Ndalya,,Centre de Santé,Ndalya,hltfac_210B45197B
Ituri,Komanda,Ndalya,,Centre de Santé,Sur Place,hltfac_4583E77E0D
Ituri,Komanda,Ndalya,Ndalya 3,Poste de Santé,Uzima Bora,hltfac_5062EE7CEC
Ituri,Komanda,Ndalya,Vuala Pantalon,Site Soin Communautaire,Vuala Pantalon,hltfac_2197524CC2
Ituri,Komanda,Ofay,,Poste de Santé,Bora Uzima A Mafifi,hltfac_D6A52E5FB8
Ituri,Komanda,Ofay,,Poste de Santé,La Joie,hltfac_778241828C
Ituri,Komanda,Ofay,Mabenzela,Site Soin Communautaire,Mabenzela,hltfac_BA2054F503
Ituri,Komanda,Ofay,Sesa,Site Soin Communautaire,Mabenzela,hltfac_143FA3AC80
Ituri,Komanda,Ofay,,Centre de Santé,Ofay,hltfac_4D013B6386
Ituri,Komanda,Ofay,,Poste de Santé,Salama,hltfac_AB41B71CFE
Ituri,Komanda,Ofay,,Poste de Santé,Tulizeni,hltfac_86EAF5AACD
Ituri,Komanda,Pinzili,Bavesaa,Site Soin Communautaire,Bavesa,hltfac_824AE55A39
Ituri,Komanda,Pinzili,Matete,Site Soin Communautaire,Matete,hltfac_BB49D10648
Ituri,Komanda,Pinzili,,Centre de Santé,Pinzili,hltfac_87553D9B23
Ituri,Komanda,Pinzili,Pinzili 2,Site Soin Communautaire,Pinzili 2,hltfac_2EA849FDF8
Ituri,Komanda,Samboko,Ichelemba,Poste de Santé,Ichelemba,hltfac_CD8C1FABE7
Ituri,Komanda,Samboko,Katwa Kasoya,Site Soin Communautaire,Katwa Kasoya,hltfac_CDAD95B8AE
Ituri,Komanda,Samboko,,Poste de Santé,Mabuho,hltfac_0E7D327893
Ituri,Komanda,Samboko,,Centre de Santé,Mambau,hltfac_0DEE8FA7E3
Ituri,Komanda,Samboko,,Poste de Santé,Mangazi,hltfac_F289E9EA3F
Ituri,Komanda,Samboko,Mapasana,Site Soin Communautaire,Mapasana,hltfac_1ECA9E8927
Ituri,Komanda,Samboko,Masekude,Poste de Santé,Masekude,hltfac_D934B7AA4B
Ituri,Komanda,Samboko,Masekude,Site Soin Communautaire,Masekude,hltfac_AD88498B17
Ituri,Komanda,Samboko,,Poste de Santé,Matekelami,hltfac_065798CDFD
Ituri,Komanda,Samboko,,Poste de Santé,Mbingi,hltfac_BEEB7052A1
Ituri,Komanda,Samboko,,Centre de Santé,Samboko,hltfac_53726D2C86
Ituri,Komanda,Samboko,Tibomakpi,Poste de Santé,Tibomakpi,hltfac_E7C7B99FB7
Ituri,Laybo,Aloga,,Centre de Santé,Aloga,hltfac_E1F4A9039A
Ituri,Laybo,Aloga,,Site Soin Communautaire,Lami,hltfac_84F49ECB25
Ituri,Laybo,Aloga,,Site Soin Communautaire,Ombalaka,hltfac_B4A5212DA7
Ituri,Laybo,Amati,,Centre de Santé,Amati,hltfac_A10CB4E5B2
Ituri,Laybo,Amati,,Site Soin Communautaire,Walla,hltfac_603E0A6A64
Ituri,Laybo,Ambimaro,,Centre de Santé,Ambimaro,hltfac_745632DDFA
Ituri,Laybo,Ambimaro,,Site Soin Communautaire,Anyange,hltfac_1093D7A4E7
Ituri,Laybo,Ambimaro,,Poste de Santé,Esuma,hltfac_14AEF683DB
Ituri,Laybo,Angako,,Poste de Santé,Abega,hltfac_CAB3CC7E89
Ituri,Laybo,Angako,,Centre de Santé,Angako,hltfac_F00D69383B
Ituri,Laybo,Angako,,Site Soin Communautaire,Ekuma,hltfac_70F8B4E12E
Ituri,Laybo,Angako,,Site Soin Communautaire,Kaloro,hltfac_3B50BE926A
Ituri,Laybo,Angako,,Poste de Santé,Maguma,hltfac_3709C9E44B
Ituri,Laybo,Apari,,Centre de Santé,Apari,hltfac_9B5068D841
Ituri,Laybo,Apari,,Site Soin Communautaire,Djerika,hltfac_D717D2A2FC
Ituri,Laybo,Apari,,Poste de Santé,La Grace,hltfac_6BED63E7E1
Ituri,Laybo,Atso,,Centre de Santé,Atso,hltfac_56793F7713
Ituri,Laybo,Atso,,Site Soin Communautaire,Nyale,hltfac_99AEBC6EF2
Ituri,Laybo,Aubha,,Centre de Santé,Aubha,hltfac_B81612D9F4
Ituri,Laybo,Aubha,,Poste de Santé,Bon Samaritain,hltfac_20C8903BE0
Ituri,Laybo,Aubha,,Site Soin Communautaire,Kodhara,hltfac_EC8F977539
Ituri,Laybo,Aubha,,Site Soin Communautaire,Olini,hltfac_1F31176E31
Ituri,Laybo,Azigi,,Centre de Santé,Azigi,hltfac_87CF3F2DDC
Ituri,Laybo,Azigi,,Site Soin Communautaire,Kodra,hltfac_251FDC3A2D
Ituri,Laybo,Didi,,Site Soin Communautaire,Ariwara Moke,hltfac_CE4A8C9A57
Ituri,Laybo,Didi,,Centre de Santé de Référence,Didi,hltfac_4926429930
Ituri,Laybo,Didi,,Site Soin Communautaire,Katsa,hltfac_F2D1A66250
Ituri,Laybo,Didi,,Poste de Santé,Lowate,hltfac_CA4AE26FEF
Ituri,Laybo,Didi,,Site Soin Communautaire,Mbumbu,hltfac_6F0372749D
Ituri,Laybo,Didi,,Poste de Santé,Yingi,hltfac_13C9F260F2
Ituri,Laybo,Konga,,Centre de Santé,Konga,hltfac_0749399058
Ituri,Laybo,Konga,,Site Soin Communautaire,Lopa,hltfac_3849C52931
Ituri,Laybo,Konga,,Poste de Santé,Mbanya,hltfac_CA78D3C609
Ituri,Laybo,Langa,,Poste de Santé,Emmanuel,hltfac_AE1974033E
Ituri,Laybo,Langa,,Site Soin Communautaire,Inzi,hltfac_86F07F0B83
Ituri,Laybo,Langa,,Centre de Santé,Langa,hltfac_8889F2E4BB
Ituri,Laybo,Langa,,Site Soin Communautaire,Loli,hltfac_8A4E894FD3
Ituri,Laybo,Langa,,Poste de Santé,Lopayi,hltfac_445C4CC32D
Ituri,Laybo,Langa,,Poste de Santé,Siraze,hltfac_C4B2C7B42E
Ituri,Laybo,Laybo,,Site Soin Communautaire,Bora,hltfac_6DD6BEEF20
Ituri,Laybo,Laybo,Quartier Route Aba,Bureau Central de la Zone de Santé,Laybo,hltfac_B0E9550A90
Ituri,Laybo,Laybo,,Hôpital Général de Référence,Laybo,hltfac_BC8F48D9AC
Ituri,Laybo,Laybo,,Centre de Santé,Laybo,hltfac_521BD8F579
Ituri,Laybo,Laybo,,Site Soin Communautaire,Vaa,hltfac_4E49A3C333
Ituri,Laybo,Mado,,Poste de Santé,Agasidhe,hltfac_12191E8FDD
Ituri,Laybo,Mado,,Centre de Santé,Mado,hltfac_0CC5E50E89
Ituri,Laybo,Mado,,Site Soin Communautaire,Mangoyo,hltfac_32341E6169
Ituri,Laybo,Mado,,Site Soin Communautaire,Ombatsi,hltfac_3F1BE67405
Ituri,Laybo,Nzumbi,,Site Soin Communautaire,Aliva,hltfac_0B5D34C804
Ituri,Laybo,Nzumbi,,Centre de Santé,Nzumbi,hltfac_380D573311
Ituri,Laybo,Onzari,,Site Soin Communautaire,Likpu,hltfac_0009088028
Ituri,Laybo,Onzari,,Site Soin Communautaire,Mirinva,hltfac_2040599930
Ituri,Laybo,Onzari,,Centre de Santé,Onzari,hltfac_21C9EE827A
Ituri,Laybo,Tadiri,,Site Soin Communautaire,Ingbu,hltfac_4D7C6A3A6C
Ituri,Laybo,Tadiri,,Poste de Santé,Iri,hltfac_AB8AA6CB41
Ituri,Laybo,Tadiri,,Site Soin Communautaire,Iri,hltfac_612E8D69EC
Ituri,Laybo,Tadiri,,Centre de Santé,Tadiri,hltfac_40A23293E6
Ituri,Laybo,Tsinzi,,Site Soin Communautaire,Bangilo,hltfac_3D35EB8719
Ituri,Laybo,Tsinzi,,Site Soin Communautaire,Ombatsi,hltfac_66CD51D3E6
Ituri,Laybo,Tsinzi,,Centre de Santé,Tsinzi,hltfac_47324E5818
Ituri,Laybo,Yangambi,,Centre de Santé,Yangambi,hltfac_FC4B09C40C
Ituri,Laybo,Yangambi,,Site Soin Communautaire,Zetri,hltfac_76AB77B18D
Ituri,Linga,Buba,Londje Centre,Centre de Santé,Buba,hltfac_6B4DAA1672
Ituri,Linga,Buba,Londje 2,Site Soin Communautaire,SSC Londje 2,hltfac_CFF4EE271A
Ituri,Linga,Buba,Vidza,Site Soin Communautaire,SSC Vidza Nyatini,hltfac_49B032BCDF
Ituri,Linga,Dhebu,Dhebu,Centre de Santé,Dhebu,hltfac_29223807F8
Ituri,Linga,Dhebu,Lingama,Site Soin Communautaire,Lingama Bangi,hltfac_AC199A2C7B
Ituri,Linga,Dhebu,Loenga,Poste de Santé,Loenga PS,hltfac_8A21CDEBD6
Ituri,Linga,Dhebu,Longekpa,Site Soin Communautaire,SSC Longekpa,hltfac_9517601C21
Ituri,Linga,Dhekpaba,Dhekpaba,Centre de Santé,Dekpaba,hltfac_BE3D0EB839
Ituri,Linga,Dhekpaba,Imbi,Site Soin Communautaire,Imbi SSC,hltfac_A3D264B0F8
Ituri,Linga,Dheyoluts,,Centre de Santé,Dheyoluts,hltfac_22548FB17B
Ituri,Linga,Dheyoluts,Mondrokpa,Site Soin Communautaire,Mondrokpa SSC,hltfac_4FC18496A9
Ituri,Linga,Dheyoluts,Nzerku,Site Soin Communautaire,Nzerku,hltfac_19C1913A82
Ituri,Linga,Dissa,,Centre de Santé,Dissa,hltfac_8C1D6867B9
Ituri,Linga,Dissa,Dissa,Site Soin Communautaire,Dissa SSC,hltfac_B584E71A61
Ituri,Linga,Dissa,Kotchuvi 1,Site Soin Communautaire,Kutchuvi 1 SSC,hltfac_759952E626
Ituri,Linga,DzOo,,Centre de Santé,Dzoo,hltfac_19CF266362
Ituri,Linga,DzOo,Ndokpa,Site Soin Communautaire,Ndokpa SSC,hltfac_DDBBAFBB15
Ituri,Linga,DzOo,Peikpa,Site Soin Communautaire,Peikpa SSC,hltfac_2062049CA8
Ituri,Linga,DzOo,Womano,Poste de Santé,Womano,hltfac_B57F1C1248
Ituri,Linga,DzOo,Ndokpa,Site Soin Communautaire,kAskpa SSC,hltfac_F0A757963D
Ituri,Linga,Godjoka,Dheyokpalits,Site Soin Communautaire,Dheyokpalits SSC,hltfac_1890F87E46
Ituri,Linga,Godjoka,,Centre de Santé,Godjoka,hltfac_43ACD1D9C3
Ituri,Linga,Keli,Dheyo,Site Soin Communautaire,Dheyo Ludda,hltfac_4E878435D2
Ituri,Linga,Keli,Jili,Site Soin Communautaire,Jili SSC,hltfac_64E1DBE471
Ituri,Linga,Keli,,Centre de Santé,Keli,hltfac_DC51FC701A
Ituri,Linga,Keli,Muganga,Site Soin Communautaire,Muganga SSC,hltfac_A50107989E
Ituri,Linga,Linga,Linga Mission,Bureau Central de la Zone de Santé,Linga,hltfac_43FA82CDB8
Ituri,Linga,Linga,Linga,Centre de Santé,Linga,hltfac_211C396AD7
Ituri,Linga,Linga,,Hôpital Général de Référence,Linga,hltfac_0EAB5C0D46
Ituri,Linga,Linga,Lodo,Site Soin Communautaire,Lodo SSC,hltfac_2A4E724F92
Ituri,Linga,Linga,Wala,Site Soin Communautaire,Wala SSC,hltfac_06A3120010
Ituri,Linga,Lodjo,,Centre de Santé,Lodjo,hltfac_EC6E562B84
Ituri,Linga,Lodjo,Kotchuvi 2,Site Soin Communautaire,SSC Kotchuvi 2,hltfac_F9B0C6900B
Ituri,Linga,Lokema,,Centre de Santé,Lokema,hltfac_5CBAB92DF8
Ituri,Linga,Lokema,Lokema,Site Soin Communautaire,Lokema SSC,hltfac_EC74E65BA8
Ituri,Linga,Lokema,Mokpa,Site Soin Communautaire,Mokpa SSC,hltfac_1460CE917D
Ituri,Linga,Lokema,Utchukpa,Site Soin Communautaire,SSC Utchukpa,hltfac_8163CE4B19
Ituri,Linga,Ndalo,,Centre de Santé,Ndalo,hltfac_5A5C56DBCF
Ituri,Linga,Ndalo,Djangwa,Site Soin Communautaire,SSC Djangwa,hltfac_46571C6145
Ituri,Linga,Noga,,Centre de Santé,Noga,hltfac_424CF911F4
Ituri,Linga,Noga,Nyali,Site Soin Communautaire,Nyali SSC,hltfac_9E1A7D6223
Ituri,Linga,Sanduku,,Centre de Santé,Sanduku,hltfac_96AD9AE25D
Ituri,Linga,Sanduku,Sanduku,Site Soin Communautaire,Sanduku SSC,hltfac_28F24A7D50
Ituri,Linga,Sanduku,Tseka,Site Soin Communautaire,Tseka SSC,hltfac_DA36FFA3A0
Ituri,Linga,Sanduku,Sanduku,Poste de Santé,Umoja,hltfac_2F8C2CA498
Ituri,Linga,Tchulu,Ngakpa,Site Soin Communautaire,Ngakpa SSC,hltfac_BED2404AB7
Ituri,Linga,Tchulu,Ngodya,Centre de Santé,Tchulu,hltfac_227FF105DE
Ituri,Linga,Uma,NdrLli,Site Soin Communautaire,NdrLli SSC,hltfac_1366434441
Ituri,Linga,Uma,Uma,Centre de Santé,Uma,hltfac_BAB3B4C235
Ituri,Lita,Bahwere,,Centre de Santé,Bahwere,hltfac_85D7CD868D
Ituri,Lita,Bahwere,,Centre de Santé de Référence,Bahwere,hltfac_82A63CD09B
Ituri,Lita,Bahwere,Bahwere,Bureau Central de la Zone de Santé,Lita,hltfac_265D881A6C
Ituri,Lita,D'idjo,,Centre de Santé,D'Idjo,hltfac_2BB9A5C721
Ituri,Lita,D'idjo,,Poste de Santé,Totoba,hltfac_3A5C681A81
Ituri,Lita,Ezekere,,Poste de Santé,Amani,hltfac_B8745A15B6
Ituri,Lita,Ezekere,,Centre de Santé,Ezekere,hltfac_C6679D2D0E
Ituri,Lita,Ezekere,,Poste de Santé,Kanana,hltfac_30B00B3019
Ituri,Lita,Ezekere,,Poste de Santé,Kasongo,hltfac_BD742F4180
Ituri,Lita,Katoto,,Centre de Santé,Katoto,hltfac_21D47ACE8E
Ituri,Lita,Katoto,,Poste de Santé,Tsunde,hltfac_DE21D4B254
Ituri,Lita,Kparnganza,,Centre de Santé,Kparnganza,hltfac_EEDAD0890E
Ituri,Lita,Kparnganza,,Centre de Santé de Référence,Kparnganza,hltfac_FC76833389
Ituri,Lita,Lita,,Poste de Santé,Dzingu,hltfac_47053C787F
Ituri,Lita,Lita,,Centre de Santé,Lita,hltfac_B797C3E6E1
Ituri,Lita,Lita,,Hôpital Général de Référence,Lita,hltfac_A3B98147EC
Ituri,Lita,Loga,,Centre de Santé,Loga,hltfac_6FA0819521
Ituri,Lita,Lonyo,,Centre de Santé,Lonyo,hltfac_851D69846D
Ituri,Lita,Lonyo,,Poste de Santé,Lonyo,hltfac_F931AEF20A
Ituri,Lita,Mandro,,Centre de Santé,Mandro,hltfac_7D47D252D1
Ituri,Lita,Mandro,,Poste de Santé,Salama,hltfac_B841682A4E
Ituri,Lita,Mutumbi,,Centre de Santé,Mutumbi,hltfac_45CCDBBAEB
Ituri,Lita,Ndungbe,,Centre de Santé,Ndungbe,hltfac_7D9B3263A6
Ituri,Lita,Penyi,,Poste de Santé,Dhendro,hltfac_41508D7CB1
Ituri,Lita,Penyi,,Centre de Santé,Penyi,hltfac_A09F242E48
Ituri,Lita,Vilo,,Centre de Santé,Vilo,hltfac_F143016E90
Ituri,Lita,Zumbe,,Centre de Santé,Zumbe,hltfac_29E9FD4A64
Ituri,Logo,Ajagi,,Centre de Santé,Ajagi,hltfac_7F25DAAFA7
Ituri,Logo,Ajagi,,Site Soin Communautaire,Thesii,hltfac_56BB69349F
Ituri,Logo,Alagi,,Centre de Santé,Alagi,hltfac_72661C05D4
Ituri,Logo,Alagi,,Site Soin Communautaire,Jupanyalengi Thegoth,hltfac_2DC3B3388D
Ituri,Logo,Alagi,,Site Soin Communautaire,Ndombi,hltfac_040783E2E9
Ituri,Logo,Alagi,,Poste de Santé,Tala Gira,hltfac_4D1599C715
Ituri,Logo,Alagi,,Poste de Santé,Tala Mission,hltfac_7BB3577B21
Ituri,Logo,Alla Wi Mo,,Centre de Santé,Alla Wi Mo,hltfac_BC3AFCB438
Ituri,Logo,Alla Wi Mo,,Site Soin Communautaire,Gosi Zina,hltfac_ED079C7DCD
Ituri,Logo,Alla Wi Mo,,Poste de Santé,Gotcana,hltfac_63AD3DFE21
Ituri,Logo,Ambere,,Centre de Santé,Ambere,hltfac_F772600487
Ituri,Logo,Ambere,,Poste de Santé,Djupukelo Centre,hltfac_722E279380
Ituri,Logo,Beju,,Centre de Santé,Beju,hltfac_A182D790CB
Ituri,Logo,Beju,,Site Soin Communautaire,Jupabook Afoto,hltfac_C81442686C
Ituri,Logo,Beju,,Site Soin Communautaire,Jupalimaswa,hltfac_6E18EC5388
Ituri,Logo,Beju,,Poste de Santé,Mboo,hltfac_BBBE8ADF38
Ituri,Logo,Bika,,Centre de Santé,Bika,hltfac_63C9F6B993
Ituri,Logo,Bika,,Site Soin Communautaire,Mulokoli,hltfac_00E8E9C8EE
Ituri,Logo,Bika,,Poste de Santé,Mulokoli,hltfac_50C33F5004
Ituri,Logo,Buu,,Centre de Santé,Buu,hltfac_1922C5505A
Ituri,Logo,Buu,,Site Soin Communautaire,Jupalowa,hltfac_71714FE292
Ituri,Logo,Buu,,Poste de Santé,Lenju,hltfac_22C15BC895
Ituri,Logo,Djuru,,Centre de Santé,Juru,hltfac_D70B81759A
Ituri,Logo,Djuru,,Site Soin Communautaire,Pakenge Ndena,hltfac_0CFD5DCC9D
Ituri,Logo,Draju,,Poste de Santé,Anyiko,hltfac_A67ED594EB
Ituri,Logo,Draju,,Centre de Santé,Draju,hltfac_A7DFC4C82D
Ituri,Logo,Draju,,Site Soin Communautaire,Ngbungbu,hltfac_870E3E0556
Ituri,Logo,Draju,,Site Soin Communautaire,Nzuru,hltfac_169FC00EBA
Ituri,Logo,Gisigi,,Centre de Santé,Gisigi,hltfac_C36C24EEE8
Ituri,Logo,Gisigi,,Poste de Santé,Jupawino,hltfac_4D9271813F
Ituri,Logo,Gisigi,,Poste de Santé,Laku,hltfac_A3A1D1DD82
Ituri,Logo,Jalusene,,Centre de Santé,Jalusene,hltfac_7C45B15B03
Ituri,Logo,Jalusene,,Site Soin Communautaire,Nuu,hltfac_E290430700
Ituri,Logo,Jupahoy,,Centre de Santé,Jupahoy,hltfac_1AEE55458A
Ituri,Logo,Kanga,,Site Soin Communautaire,Jabi,hltfac_6FFA21DBFC
Ituri,Logo,Kanga,,Centre de Santé,Kanga,hltfac_98B2482BE4
Ituri,Logo,Kpana,,Site Soin Communautaire,Jupanyarumosi,hltfac_07CADD84B0
Ituri,Logo,Kpana,,Centre de Santé,Kpana Korasi,hltfac_9E01E13A88
Ituri,Logo,Lenge,,Site Soin Communautaire,Jupanyinge,hltfac_1A8B3604CB
Ituri,Logo,Lenge,,Centre de Santé,Lenge,hltfac_1EBFCB0392
Ituri,Logo,Mere Apoline,,Centre de Santé,Mere Apoline,hltfac_815DB111DC
Ituri,Logo,Ndrele,,Poste de Santé,Amani,hltfac_46D983BCDF
Ituri,Logo,Ndrele,,Centre de Santé,Ndrele,hltfac_12AD3CDDDD
Ituri,Logo,Nyaa,,Centre de Santé,Nyaa,hltfac_3A1772DAE5
Ituri,Logo,Otha,,Centre de Santé,Otha,hltfac_9E187D8216
Ituri,Logo,Otha,,Site Soin Communautaire,Palara Lul,hltfac_A39AAC5B7A
Ituri,Logo,Rigo,,Site Soin Communautaire,Pathole Atang'u,hltfac_A71109A569
Ituri,Logo,Rigo,,Centre de Santé,Rigo,hltfac_A09AAFCFBE
Ituri,Logo,Thedeja,,Poste de Santé,Dray,hltfac_97331807BF
Ituri,Logo,Thedeja,,Centre de Santé,Thedeja,hltfac_86B06CB149
Ituri,Logo,Thedeja,,Site Soin Communautaire,Uryang,hltfac_A55D9D3316
Ituri,Logo,Ukebu Ngali,Logo,Bureau Central de la Zone de Santé,Logo,hltfac_F59632BFE2
Ituri,Logo,Ukebu Ngali,,Hôpital Général de Référence,Logo,hltfac_789B36BDE2
Ituri,Logo,Ukebu Ngali,,Poste de Santé,Ugonjo,hltfac_8E00AE2903
Ituri,Logo,Ukebu Ngali,,Centre de Santé,Ukebu Ngali,hltfac_4B013A923B
Ituri,Logo,Ulyeko,,Site Soin Communautaire,Kor Juu,hltfac_DBB78F6863
Ituri,Logo,Ulyeko,,Centre de Santé,Ulyeko,hltfac_8598E83D0A
Ituri,Logo,Walla,,Poste de Santé,Bugo,hltfac_CC0A7B0713
Ituri,Logo,Walla,,Site Soin Communautaire,Gomandri,hltfac_C2C28051C6
Ituri,Logo,Walla,,Centre de Santé,Walla,hltfac_901B7776E9
Ituri,Logo,Wighi,,Site Soin Communautaire,Ngir,hltfac_7EB9EEE10C
Ituri,Logo,Wighi,,Centre de Santé,Wighi,hltfac_D95B102C07
Ituri,Logo,Wighi,,Poste de Santé,Yima,hltfac_446462D5CE
Ituri,Logo,Wilii,,Site Soin Communautaire,Udingo,hltfac_D7E17E22F7
Ituri,Logo,Wilii,,Centre de Santé,Wilii,hltfac_FB53D1D193
Ituri,Lolwa,Bahaha,Babofi 1,Site Soin Communautaire,Babofi 1,hltfac_856BD8BBB2
Ituri,Lolwa,Bahaha,Baboyo,Site Soin Communautaire,Baboyo,hltfac_FA4CFC1D90
Ituri,Lolwa,Bahaha,,Poste de Santé,Babungbe,hltfac_964A6FA9BE
Ituri,Lolwa,Bahaha,,Centre de Santé,Bahaha,hltfac_CED281622F
Ituri,Lolwa,Bahaha,Kazana,Poste de Santé,Kazana,hltfac_1E2BED0E61
Ituri,Lolwa,Bahaha,Babusome,Poste de Santé,Kisenso,hltfac_4DA87596A1
Ituri,Lolwa,Bahaha,,Poste de Santé,La Grace,hltfac_A1F00A76D0
Ituri,Lolwa,Bahaha,Yeluka,Site Soin Communautaire,Yeluka,hltfac_60B78402BD
Ituri,Lolwa,Bandibwame,Kisanga,Poste de Santé,Allah Akubar,hltfac_6A0395AFED
Ituri,Lolwa,Bandibwame,,Centre de Santé,Bandibwame,hltfac_C18E6B0BB6
Ituri,Lolwa,Bandibwame,Banzo Banzo,Site Soin Communautaire,Banzo Banzo,hltfac_1191376067
Ituri,Lolwa,Bandibwame,Kilimangombe 1,Site Soin Communautaire,Kilimangombe,hltfac_6456DD317E
Ituri,Lolwa,Bandibwame,Lumalisa,Poste de Santé,Lumalisa,hltfac_6588761919
Ituri,Lolwa,Bandibwame,Bandiwame,Poste de Santé,PK32,hltfac_196201DC8A
Ituri,Lolwa,Elake,Apatineko,Poste de Santé,Apatineko,hltfac_CE3186CD9F
Ituri,Lolwa,Elake,Dinda,Site Soin Communautaire,Dinda,hltfac_79AB619850
Ituri,Lolwa,Elake,Elake,Centre de Santé,Elake,hltfac_8500FDE0DF
Ituri,Lolwa,Elake,Letacredi,Poste de Santé,Letacredi,hltfac_9883273D44
Ituri,Lolwa,Elake,Makoukou,Site Soin Communautaire,Makoukou,hltfac_2FD9741F4D
Ituri,Lolwa,Elake,Maliembu,Site Soin Communautaire,Maliembu,hltfac_7AB5BC9ADA
Ituri,Lolwa,Elake,Methodiste,Poste de Santé,Methodiste,hltfac_8F71651861
Ituri,Lolwa,Elake,Elake,Poste de Santé,Tumaini Letu,hltfac_4E8E760E33
Ituri,Lolwa,Lolwa,Andilongona,Poste de Santé,Furaha,hltfac_D750C7521F
Ituri,Lolwa,Lolwa,Andindulu 2,Poste de Santé,Kanda te,hltfac_F98B47CC99
Ituri,Lolwa,Lolwa,KwedeKwede,Poste de Santé,Kwedekwede,hltfac_2F370A58AC
Ituri,Lolwa,Lolwa,,Hôpital Général de Référence,Lolwa,hltfac_021A7CB254
Ituri,Lolwa,Lolwa,,Centre de Santé,Lolwa,hltfac_EA9F31CA75
Ituri,Lolwa,Lolwa,Mabasey,Poste de Santé,Mabasey,hltfac_02B5842F95
Ituri,Lolwa,Lolwa,Mabasu,Poste de Santé,Mabasu,hltfac_EE8E76143E
Ituri,Lolwa,Lolwa,Makusiki,Site Soin Communautaire,Makusiki,hltfac_6AA9B32556
Ituri,Lolwa,Lolwa,Masita 1,Poste de Santé,Masita,hltfac_6DB649497B
Ituri,Lolwa,Lolwa,Maviringo,Site Soin Communautaire,Maviringo,hltfac_AB902C59C7
Ituri,Lolwa,Lolwa,Mekanya,Poste de Santé,Mekanya,hltfac_BE1BA10B4A
Ituri,Lolwa,Lolwa,Ndeisa,Site Soin Communautaire,Ndeisa,hltfac_1B3234F375
Ituri,Lolwa,Lolwa,Ngene 1,Site Soin Communautaire,Ngene 1,hltfac_744BC54D31
Ituri,Lolwa,Lolwa,,Site Soin Communautaire,Paradiso,hltfac_F9B529D6DF
Ituri,Lolwa,Lolwa,Andindulu,Bureau Central de la Zone de Santé,lolwa,hltfac_86BA6E6076
Ituri,Lolwa,Mabangifo,Etumu,Site Soin Communautaire,Etumu,hltfac_AA715E374C
Ituri,Lolwa,Mabangifo,,Centre de Santé,Mabangifo,hltfac_8AE7F85A2C
Ituri,Lolwa,Mabangifo,Maria,Site Soin Communautaire,Maria,hltfac_EFDD9FC763
Ituri,Lolwa,Mabangifo,Pedau,Site Soin Communautaire,Pedau,hltfac_82349E66E1
Ituri,Lolwa,Mabangifo,Titimey,Site Soin Communautaire,Titimey,hltfac_1711B6E834
Ituri,Lolwa,Mabukulu,Andisuba,Site Soin Communautaire,Andisuba,hltfac_16674DF8CB
Ituri,Lolwa,Mabukulu,,Poste de Santé,Bengasoli,hltfac_187D5C15BA
Ituri,Lolwa,Mabukulu,,Centre de Santé,Mabukulu,hltfac_A19B3BEDDF
Ituri,Lolwa,Mabukulu,Makoko,Site Soin Communautaire,Makoko,hltfac_421B96C784
Ituri,Lolwa,Mabukulu,,Poste de Santé,Masiliko,hltfac_D52BD91670
Ituri,Lolwa,Manya,Andikwakwa,Site Soin Communautaire,Andikwakwa,hltfac_D141F4215F
Ituri,Lolwa,Manya,Muchanga 1,Poste de Santé,Bora Uzima,hltfac_E8EB7C914D
Ituri,Lolwa,Manya,,Centre de Santé,Mabitane,hltfac_8A0280565C
Ituri,Lolwa,Manya,Mabujulu,Site Soin Communautaire,Mabukulu 2,hltfac_52A4307F61
Ituri,Lolwa,Manya,,Centre de Santé,Manya,hltfac_8F8FA5E95D
Ituri,Lolwa,Manya,Masongo,Poste de Santé,Masongo,hltfac_D6CD0A23F7
Ituri,Lolwa,Manya,Kulue,Poste de Santé,Methodiste,hltfac_9C99A1AC0F
Ituri,Lolwa,Manya,Mutufey,Site Soin Communautaire,Mutufey,hltfac_3E666D2AD7
Ituri,Lolwa,Manya,Tokoleko 1,Site Soin Communautaire,Tokoleko 1,hltfac_1844C0FD56
Ituri,Lolwa,Pekele,,Poste de Santé,Epulu Mayi,hltfac_6AC0AD81F6
Ituri,Lolwa,Pekele,Kalitafu,Site Soin Communautaire,Kalitafu,hltfac_C3DF5F9D18
Ituri,Lolwa,Pekele,Muchanga 2,Site Soin Communautaire,Kalitafu,hltfac_4573DE28A1
Ituri,Lolwa,Pekele,Mabanga 2,Poste de Santé,Kpelya,hltfac_6490F28375
Ituri,Lolwa,Pekele,,Centre de Santé,Pekele,hltfac_9607D58746
Ituri,Lolwa,Toly Toly,Babumakisi,Site Soin Communautaire,Babumakisi,hltfac_9FC95419C9
Ituri,Lolwa,Toly Toly,,Poste de Santé,Makwangi,hltfac_3DF613EA16
Ituri,Lolwa,Toly Toly,Matete,Site Soin Communautaire,Matete,hltfac_4F3EB8E754
Ituri,Lolwa,Toly Toly,,Centre de Santé,Toly Toly,hltfac_CD7F14917B
Ituri,Mahagi,Alego,,Site Soin Communautaire,Aissi,hltfac_59003273D8
Ituri,Mahagi,Alego,,Centre de Santé,Alego,hltfac_5F250BC713
Ituri,Mahagi,Alego,,Poste de Santé,Jupavuka,hltfac_008EB79C68
Ituri,Mahagi,Ankojkani,,Centre de Santé de Référence,Akonjkani,hltfac_436E6DEFA0
Ituri,Mahagi,Ankojkani,,Poste de Santé,Djagi,hltfac_C8CC94266A
Ituri,Mahagi,Ankojkani,,Site Soin Communautaire,Uyaru,hltfac_CE8456E3C8
Ituri,Mahagi,Ankojkani,,Poste de Santé,Uyaru,hltfac_0AFE3A08DE
Ituri,Mahagi,Avere,,Poste de Santé,Abu,hltfac_8329D6983F
Ituri,Mahagi,Avere,,Site Soin Communautaire,Apodrowa,hltfac_29BC68C35B
Ituri,Mahagi,Avere,,Poste de Santé,Apodrowa,hltfac_5EC9D667B2
Ituri,Mahagi,Avere,,Centre de Santé,Avere,hltfac_EA79959C75
Ituri,Mahagi,Avere,,Poste de Santé,Zaa,hltfac_26C8B29C93
Ituri,Mahagi,Jupawisa,,Site Soin Communautaire,Jupaley,hltfac_417CF53A9F
Ituri,Mahagi,Jupawisa,,Centre de Santé,Jupawisa,hltfac_450A03A1AD
Ituri,Mahagi,Jupudera,,Centre de Santé,Jupudera,hltfac_574A2D7C51
Ituri,Mahagi,Jupudera,,Site Soin Communautaire,Jupukengo,hltfac_05B506CFBE
Ituri,Mahagi,Jupudera,,Poste de Santé,Kudikoka,hltfac_DB0178D869
Ituri,Mahagi,Kabasa,,Poste de Santé,Juparyeza,hltfac_8FD53520CA
Ituri,Mahagi,Kabasa,,Centre de Santé,Kabasa,hltfac_7EB18F05D7
Ituri,Mahagi,Kabasa,,Poste de Santé,Pamitu,hltfac_084BF73EB7
Ituri,Mahagi,Mahagi Anglican,,Poste de Santé,Ayabu,hltfac_32B32C816F
Ituri,Mahagi,Mahagi Anglican,,Poste de Santé,Gamba,hltfac_D27D8D6103
Ituri,Mahagi,Mahagi Anglican,"Quartier Njura, avenue Anglican",Bureau Central de la Zone de Santé,Mahagi,hltfac_24C9A5DAD7
Ituri,Mahagi,Mahagi Anglican,,Hôpital Général de Référence,Mahagi,hltfac_8DCB062D2D
Ituri,Mahagi,Mahagi Anglican,,Centre de Santé,Mahagi Anglican,hltfac_3005CF6FCB
Ituri,Mahagi,Mahagi Anglican,,Site Soin Communautaire,Ridha 2,hltfac_9545B463A7
Ituri,Mahagi,Mahagi Anglican,,Poste de Santé,Saint-Joseph,hltfac_19834AC19C
Ituri,Mahagi,Mahagi Anglican,,Poste de Santé,Sepadi,hltfac_5550A57B5B
Ituri,Mahagi,Mahagi Douane,,Site Soin Communautaire,Anzida,hltfac_4CF38D293A
Ituri,Mahagi,Mahagi Douane,,Poste de Santé,Ceca,hltfac_E6E970BF79
Ituri,Mahagi,Mahagi Douane,,Site Soin Communautaire,Jupatido,hltfac_F6B152A975
Ituri,Mahagi,Mahagi Douane,,Centre de Santé,Mahagi Douane,hltfac_5DCD7C8C64
Ituri,Mahagi,Mahagi Etat,,Poste de Santé,AIC Adu,hltfac_367AEBFCBB
Ituri,Mahagi,Mahagi Etat,,Poste de Santé,Agwel,hltfac_02551098C5
Ituri,Mahagi,Mahagi Etat,,Site Soin Communautaire,Agwel,hltfac_D05C83C17F
Ituri,Mahagi,Mahagi Etat,,Poste de Santé,Jumba,hltfac_A908644863
Ituri,Mahagi,Mahagi Etat,,Centre de Santé de Référence,Mahagi Etat,hltfac_CF3CC9A61B
Ituri,Mahagi,Mahagi Etat,,Poste de Santé,Shalom,hltfac_910E5E14D7
Ituri,Mahagi,Mahagi Mission,,Poste de Santé,Adu,hltfac_63F2485BA8
Ituri,Mahagi,Mahagi Mission,,Poste de Santé,Magurugu,hltfac_0FD5897124
Ituri,Mahagi,Mahagi Mission,,Centre de Santé de Référence,Mahagi,hltfac_0FCEFF4CC7
Ituri,Mahagi,Mahagi Mission,,Site Soin Communautaire,Nyipir,hltfac_F6867296B6
Ituri,Mahagi,Mahagi Mission,,Site Soin Communautaire,Zale,hltfac_6D22C0FEE9
Ituri,Mahagi,Mungere,,Poste de Santé,Ladju,hltfac_93A4CF5D14
Ituri,Mahagi,Mungere,,Centre de Santé,Mungere,hltfac_4E634AB04B
Ituri,Mahagi,Mungere,,Site Soin Communautaire,Pamenya,hltfac_D4E117AD21
Ituri,Mahagi,Mungere,,Poste de Santé,Togo 1,hltfac_5FEBD0DA63
Ituri,Mahagi,Mungere,,Poste de Santé,Togo 2,hltfac_0751D05F7D
Ituri,Mahagi,Mungere,,Poste de Santé,Uriwo 1,hltfac_CD1180A2DB
Ituri,Mahagi,Mungere,,Poste de Santé,Uriwo 2,hltfac_153DE08083
Ituri,Mahagi,Paicing Keno,,Poste de Santé,Jubandi,hltfac_1C72BA03E2
Ituri,Mahagi,Paicing Keno,,Site Soin Communautaire,Keresi,hltfac_BA3EBB6568
Ituri,Mahagi,Paicing Keno,,Centre de Santé,Paicing Keno,hltfac_CECE5931C2
Ituri,Mahagi,Paicing Keno,,Site Soin Communautaire,Udyek,hltfac_35A418DBED
Ituri,Mahagi,Parombo,,Site Soin Communautaire,Guna,hltfac_4CC2D3D917
Ituri,Mahagi,Parombo,,Poste de Santé,Jupatombu,hltfac_B8FE0B981B
Ituri,Mahagi,Parombo,,Centre de Santé,Parombo,hltfac_7C997E9C50
Ituri,Mahagi,Pono,,Poste de Santé,Angolyero,hltfac_3FB48AD50F
Ituri,Mahagi,Pono,,Centre de Santé,Pono,hltfac_FB6A359F4D
Ituri,Mahagi,Pono,,Poste de Santé,Pono,hltfac_E4A6112976
Ituri,Mahagi,Pono,,Poste de Santé,Schanza,hltfac_3B88F54C01
Ituri,Mahagi,Pono,,Site Soin Communautaire,Terabira,hltfac_F1B09450B2
Ituri,Mahagi,Tilal,,Poste de Santé,Athuma,hltfac_7DCB7A7E60
Ituri,Mahagi,Tilal,,Centre de Santé,Tilal,hltfac_8DB3B2A1F3
Ituri,Mahagi,Tilal,,Site Soin Communautaire,Ting'Kori,hltfac_CEECA9802D
Ituri,Mahagi,Ulyeko,,Poste de Santé,Afoyo,hltfac_00DFB2D652
Ituri,Mahagi,Ulyeko,,Site Soin Communautaire,Kudugena,hltfac_E5499499DA
Ituri,Mahagi,Ulyeko,,Centre de Santé,Ulyeko,hltfac_25238B67E4
Ituri,Mahagi,Wi Rii,,Site Soin Communautaire,Djagi,hltfac_64D53E4555
Ituri,Mahagi,Wi Rii,,Poste de Santé,Goloni,hltfac_79DA64F127
Ituri,Mahagi,Wi Rii,,Poste de Santé,Jupanyanduru,hltfac_F6D6A7D72D
Ituri,Mahagi,Wi Rii,,Poste de Santé,Paingi,hltfac_FFD586D29D
Ituri,Mahagi,Wi Rii,,Centre de Santé,Wi Rii,hltfac_4F4EE3BF4B
Ituri,Mambasa,Akokora,,Centre de Santé,Akokora,hltfac_97E38747D5
Ituri,Mambasa,Akokora,Bakoko,Site Soin Communautaire,Bakoko,hltfac_8E67FF9487
Ituri,Mambasa,Akokora,Bandisoli,Site Soin Communautaire,Bandisoli,hltfac_56F9A54F1F
Ituri,Mambasa,Banana,,Centre de Santé,Banana,hltfac_F0BF0032FA
Ituri,Mambasa,Banana,Melebwe,Site Soin Communautaire,Malebwe,hltfac_C032CB268A
Ituri,Mambasa,Banana,,Poste de Santé,Parana,hltfac_59DAF2B2AA
Ituri,Mambasa,Banana,Parana,Site Soin Communautaire,Parana,hltfac_B74CE5D597
Ituri,Mambasa,Banana,Seti Bandikambwa,Site Soin Communautaire,Seti Bandikambwa,hltfac_D478781BA6
Ituri,Mambasa,Bandisende,Babama,Site Soin Communautaire,Babama,hltfac_B3C1936155
Ituri,Mambasa,Bandisende,,Centre de Santé,Bandisende,hltfac_C217B48EAB
Ituri,Mambasa,Bandisende,Teseka,Site Soin Communautaire,Teseka,hltfac_078D6417C1
Ituri,Mambasa,Binase,,Centre de Santé,Binase,hltfac_4744BA476B
Ituri,Mambasa,Binase,Butama 1,Site Soin Communautaire,Butama 1,hltfac_CF0AD18EE9
Ituri,Mambasa,Binase,Butama 2,Site Soin Communautaire,Butama 2,hltfac_4B444355CE
Ituri,Mambasa,Binase,,Poste de Santé,Butiaba,hltfac_7D11248C40
Ituri,Mambasa,Binase,,Poste de Santé,Jehovah Shama,hltfac_28CF095AFD
Ituri,Mambasa,Binase,Kandate,Site Soin Communautaire,Kandate,hltfac_9E1AB412D2
Ituri,Mambasa,Binase,,Poste de Santé,La Providence,hltfac_16B28208BE
Ituri,Mambasa,Binase,,Poste de Santé,Marie,hltfac_9BE33A028B
Ituri,Mambasa,Binase,,Poste de Santé,Mufariji Brazza,hltfac_A7C1CCAC56
Ituri,Mambasa,Binase,,Poste de Santé,Tumaini,hltfac_D1FC333395
Ituri,Mambasa,Bongwupanda,Alambi,Poste de Santé,Alambi,hltfac_81CD755227
Ituri,Mambasa,Bongwupanda,Bongupanda,Centre de Santé,Bongupanda,hltfac_F53B88846D
Ituri,Mambasa,Bongwupanda,Kusamba,Site Soin Communautaire,Kusamba,hltfac_9925CD610E
Ituri,Mambasa,Bukulani,,Centre de Santé,Bukulani,hltfac_78FB179368
Ituri,Mambasa,Bukulani,,Site Soin Communautaire,Daini,hltfac_6F7E518487
Ituri,Mambasa,Bukulani,,Site Soin Communautaire,Mandombe,hltfac_C41B08A1A8
Ituri,Mambasa,Epulu,Bapukeli,Site Soin Communautaire,Bapukeli,hltfac_528FB929C6
Ituri,Mambasa,Epulu,,Centre de Santé,Epulu,hltfac_619932C6EF
Ituri,Mambasa,Epulu,Mamopi,Site Soin Communautaire,Mamopi,hltfac_1A93A5ED2A
Ituri,Mambasa,Epulu,,Dispensaire,Okapi,hltfac_A4A01F3486
Ituri,Mambasa,Makoko 2,Ekulungu,Site Soin Communautaire,Ekulungu,hltfac_F542BE00D3
Ituri,Mambasa,Makoko 2,Ekwe,Site Soin Communautaire,Ekwe,hltfac_501000A8B6
Ituri,Mambasa,Makoko 2,,Centre de Santé,Makoko 2,hltfac_59A4081EAD
Ituri,Mambasa,Makoko 2,Pucha,Site Soin Communautaire,Pucha,hltfac_0EAE6DE217
Ituri,Mambasa,Malembi,Dingbo,Site Soin Communautaire,Dingbo,hltfac_BB5C04A37D
Ituri,Mambasa,Malembi,,Centre de Santé,Malembi,hltfac_2A146C4175
Ituri,Mambasa,Mambasa,Pacifique,Poste de Santé,EL'Rapha,hltfac_99B744616A
Ituri,Mambasa,Mambasa,Mputu,Poste de Santé,Esperence,hltfac_177E630EA7
Ituri,Mambasa,Mambasa,,Poste de Santé,Horizon,hltfac_BE27BE4BEE
Ituri,Mambasa,Mambasa,,Poste de Santé,La Benediction,hltfac_CDE3A6D050
Ituri,Mambasa,Mambasa,,Centre Médical,La Famille,hltfac_9B5E0840E1
Ituri,Mambasa,Mambasa,,Poste de Santé,Madjaliwa,hltfac_7936211D35
Ituri,Mambasa,Mambasa,,Centre Hopitalier,Mama Wa Yesu,hltfac_FF2BCA13E9
Ituri,Mambasa,Mambasa,"Quartier Platau Medical, avenue Mendela",Bureau Central de la Zone de Santé,Mambasa,hltfac_B8008D9D34
Ituri,Mambasa,Mambasa,,Hôpital Général de Référence,Mambasa,hltfac_43BD132F08
Ituri,Mambasa,Mambasa,,Centre de Santé,Mambasa,hltfac_C78DCAA1D7
Ituri,Mambasa,Mambasa,,Poste de Santé,Umoja,hltfac_9A331C83F1
Ituri,Mambasa,Molokay,,Site Soin Communautaire,Babika,hltfac_B0689A1364
Ituri,Mambasa,Molokay,,Centre de Santé,Molokay,hltfac_7266D24BB5
Ituri,Mambasa,Mputu,Mputu,Centre Médical,Agape,hltfac_D6D71C492E
Ituri,Mambasa,Mputu,,Poste de Santé,Bora Uzima,hltfac_57F6291D35
Ituri,Mambasa,Mputu,,Poste de Santé,La Colombe,hltfac_FE9782E1BE
Ituri,Mambasa,Mputu,Mputu,Poste de Santé,La Guerison,hltfac_00A77B1BF1
Ituri,Mambasa,Mputu,,Poste de Santé,La Victoire,hltfac_D14E46B9F2
Ituri,Mambasa,Mputu,Mputu,Centre de Santé,Mputu,hltfac_F0037F45B0
Ituri,Mambasa,Mputu,Congo Ya Sika,Centre Médical,PNC,hltfac_4D0D3A8BBF
Ituri,Mambasa,Mputu,Congo Ya Sika,Dispensaire,Prison Centrale,hltfac_A679A90872
Ituri,Mambasa,Nduye,,Site Soin Communautaire,Andili,hltfac_6C1F75E3CD
Ituri,Mambasa,Nduye,Biasa,Site Soin Communautaire,Biasa,hltfac_9F563CD6C4
Ituri,Mambasa,Nduye,,Poste de Santé,Kaungato,hltfac_17CE519BD9
Ituri,Mambasa,Nduye,,Centre de Santé,Nduye,hltfac_F0284B0225
Ituri,Mambasa,Pede,,Site Soin Communautaire,Kanzambu,hltfac_DAE20537B9
Ituri,Mambasa,Pede,,Site Soin Communautaire,Mandalu,hltfac_898C1A0CC9
Ituri,Mambasa,Pede,,Centre de Santé,Pede,hltfac_6A02E64D49
Ituri,Mambasa,Salama,,Poste de Santé,Cbca,hltfac_A2A9E7EA22
Ituri,Mambasa,Salama,,Dispensaire,Cmo Fardc,hltfac_EDEF89DF7F
Ituri,Mambasa,Salama,,Poste de Santé,Mazingira Afia,hltfac_CA0152ADA2
Ituri,Mambasa,Salama,,Poste de Santé,Mema,hltfac_4514F4EFEA
Ituri,Mambasa,Salama,,Centre Médical,Pierre,hltfac_E19B3A52D7
Ituri,Mambasa,Salama,,Centre de Santé,Salama,hltfac_39E15A8109
Ituri,Mambasa,Salate,Ebiane,Site Soin Communautaire,Ebiane,hltfac_265EB07B9B
Ituri,Mambasa,Salate,,Centre de Santé,Salate,hltfac_4FA2DA5893
Ituri,Mambasa,Tobola,Betanana,Site Soin Communautaire,Betanana,hltfac_1CC8E36DA9
Ituri,Mambasa,Tobola,Kilonge,Site Soin Communautaire,Kilonge,hltfac_FB5377F85A
Ituri,Mambasa,Tobola,,Centre de Santé,Tobola,hltfac_BED4A93883
Ituri,Mandima,Alima,,Centre de Santé,Alima,hltfac_F6188511E5
Ituri,Mandima,Alima,,Poste de Santé,Bora Uzima,hltfac_34C6B2CB04
Ituri,Mandima,Alima,Buma Heure,Site Soin Communautaire,Buma Heure,hltfac_061B3F7CA2
Ituri,Mandima,Alima,,Poste de Santé,Cbca Alima,hltfac_C2A632DC35
Ituri,Mandima,Alima,Lelesi,Site Soin Communautaire,Lelesi,hltfac_615A524D98
Ituri,Mandima,Alima,,Poste de Santé,Manyama,hltfac_D247F7FFCB
Ituri,Mandima,Alima,Nduma,Site Soin Communautaire,Nduma,hltfac_4C21126B9E
Ituri,Mandima,Alima,,Poste de Santé,Pelupelu,hltfac_96EE1C23F5
Ituri,Mandima,Alima,Plakosi,Site Soin Communautaire,Plackosi,hltfac_D09E5EDC4A
Ituri,Mandima,Alima,,Poste de Santé,Shalom 2 Lelesi Alima,hltfac_DE3918C4A1
Ituri,Mandima,Alima,,Poste de Santé,Umoja Ni Afia,hltfac_9244589A50
Ituri,Mandima,Babombi,,Centre Hopitalier,Bismillah,hltfac_D2927F45E9
Ituri,Mandima,Babombi,,Poste de Santé,Bora Maisha (Mupanda),hltfac_0CFEFADD37
Ituri,Mandima,Babombi,,Centre de Santé,CS Babombi,hltfac_2F12AC51E3
Ituri,Mandima,Babombi,,Centre Hopitalier,Codemuco Laliya,hltfac_95DA595CC1
Ituri,Mandima,Babombi,,Poste de Santé,La Benediction 1,hltfac_DE482B1BA4
Ituri,Mandima,Babombi,,Dispensaire,La Grace 1,hltfac_06473B9B7B
Ituri,Mandima,Babombi,,Poste de Santé,La Joie,hltfac_B059340F7A
Ituri,Mandima,Babombi,Makangalo,Site Soin Communautaire,Makangalo,hltfac_01E6127D50
Ituri,Mandima,Babombi,,Poste de Santé,Maman Siska,hltfac_DD0770EB99
Ituri,Mandima,Babombi,,Bureau Central de la Zone de Santé,Mandima,hltfac_1079A2369A
Ituri,Mandima,Babombi,,Poste de Santé,Ngandilama,hltfac_74645783B9
Ituri,Mandima,Babombi,,Poste de Santé,Safina,hltfac_F23ACC7D84
Ituri,Mandima,Babombi,,Dispensaire,Tumaini,hltfac_D1F69F7BE8
Ituri,Mandima,Babombi,,Dispensaire,Ushindi,hltfac_9D092673F2
Ituri,Mandima,Baiti,,Centre de Santé,Baiti,hltfac_E175F9C9AC
Ituri,Mandima,Baiti,Quarante Sept,Site Soin Communautaire,Mbowa,hltfac_F6DA977762
Ituri,Mandima,Baiti,Quarante Sept,Poste de Santé,Quarante Sept,hltfac_FC3A6073B5
Ituri,Mandima,Baiti,Vuhimba,Site Soin Communautaire,Vuhimba,hltfac_F2C591CB5E
Ituri,Mandima,Bakaeku Kenya,,Centre de Santé,Bakayeko Kenya,hltfac_F667C2F995
Ituri,Mandima,Bella,,Centre de Santé,Bella,hltfac_CA48C7522E
Ituri,Mandima,Bella,Manzia,Site Soin Communautaire,Ebieno,hltfac_0F56D6318A
Ituri,Mandima,Bella,Manzia,Site Soin Communautaire,Gogodi,hltfac_2E420A9ACA
Ituri,Mandima,Bella,,Dispensaire,Maendeleo,hltfac_2B5ACD00CF
Ituri,Mandima,Bella,Makusa,Site Soin Communautaire,Makusa,hltfac_0950821913
Ituri,Mandima,Bella,Manzia,Site Soin Communautaire,Manzia,hltfac_7D76D6356E
Ituri,Mandima,Bella,,Dispensaire,Sifa,hltfac_A3EA0CD7FB
Ituri,Mandima,Bella,,Poste de Santé,Siloe,hltfac_AF94750A8D
Ituri,Mandima,Bella,,Dispensaire,Umoja,hltfac_8D0CC5D258
Ituri,Mandima,Bella,,Centre Hopitalier,Village Orange Bella,hltfac_ECD086049C
Ituri,Mandima,Biakato May,,Centre de Santé,Biakato May,hltfac_EC25CA6BFC
Ituri,Mandima,Biakato May,Kasoko,Site Soin Communautaire,Kasoko,hltfac_6AF4E5E7AC
Ituri,Mandima,Biakato May,,Poste de Santé,La Victoire Bango 1,hltfac_7E3B5E9E21
Ituri,Mandima,Biakato May,Luhindi,Site Soin Communautaire,Luhindi,hltfac_BCD8847BC6
Ituri,Mandima,Biakato May,Matondo,Site Soin Communautaire,Matondo,hltfac_5C55299361
Ituri,Mandima,Biakato May,Mutume,Poste de Santé,Mitomya,hltfac_0D241EB5A8
Ituri,Mandima,Biakato May,,Poste de Santé,Mungu Ni,hltfac_9BBFAA6011
Ituri,Mandima,Biakato May,,Poste de Santé,Mungu Ni Jibu,hltfac_ACF954A927
Ituri,Mandima,Biakato May,,Poste de Santé,Mutongula,hltfac_44794813CB
Ituri,Mandima,Biakato May,,Poste de Santé,Tumaini,hltfac_872F38DCA8
Ituri,Mandima,Biakato May,,Poste de Santé,Umoja Bella(Vukange),hltfac_80FF740756
Ituri,Mandima,Biakato May,Wamba,Site Soin Communautaire,Wamba,hltfac_B35E36DBE0
Ituri,Mandima,Biakato May,,Poste de Santé,Yesu Ni Bwana,hltfac_00F58E6B77
Ituri,Mandima,Biakato Mines,,Centre de Santé de Référence,Biakato Mines,hltfac_EE1EFCE7D4
Ituri,Mandima,Biakato Mines,,Poste de Santé,Bon Samaritain,hltfac_F816FFBED2
Ituri,Mandima,Biakato Mines,,Dispensaire,Bora Uzima,hltfac_277B17D863
Ituri,Mandima,Biakato Mines,,Poste de Santé,Croix Rouge Biakato Mines,hltfac_05BB4A3028
Ituri,Mandima,Biakato Mines,Kotakoli,Site Soin Communautaire,Kotakoli,hltfac_A9DC675352
Ituri,Mandima,Biakato Mines,,Poste de Santé,La Benediction,hltfac_6332988C38
Ituri,Mandima,Biakato Mines,,Centre Médical,La Guerison,hltfac_2F22672314
Ituri,Mandima,Biakato Mines,Ndombilo,Site Soin Communautaire,Ndombilo,hltfac_AEC8D5BFB2
Ituri,Mandima,Biakato Mines,Kanzanza,Poste de Santé,Tumaini Dawa Bora,hltfac_4C55A7D84C
Ituri,Mandima,Katanga,,Poste de Santé,Bora Uzima,hltfac_3411E8427A
Ituri,Mandima,Katanga,,Poste de Santé,Bunyuka,hltfac_585EB1A64A
Ituri,Mandima,Katanga,,Centre de Santé,Katanga,hltfac_CD325EF5A6
Ituri,Mandima,Katanga,,Poste de Santé,La Volonte,hltfac_64A5030503
Ituri,Mandima,Katanga,,Poste de Santé,Lwanzo,hltfac_742C916419
Ituri,Mandima,Katanga,Makele,Site Soin Communautaire,Makele,hltfac_978B52D283
Ituri,Mandima,Katanga,,Centre Médical,Masange Cabinet Para Medical,hltfac_5C658C978B
Ituri,Mandima,Katanga,,Poste de Santé,Ngandilama,hltfac_CD72803AD0
Ituri,Mandima,Katanga,,Poste de Santé,Ngemu,hltfac_F81D32B579
Ituri,Mandima,Katanga,,Centre Médical,Shalom,hltfac_9808FCFCD2
Ituri,Mandima,Katanga,,Clinique,Tropical,hltfac_3B46BC5064
Ituri,Mandima,Katanga,,Poste de Santé,Umoja,hltfac_C7D69B995A
Ituri,Mandima,Lukaya,,Poste de Santé,Croix Rouge (Rehoboth Salvin Agape),hltfac_3937D1850A
Ituri,Mandima,Lukaya,,Poste de Santé,Kimbangiste,hltfac_6F8172FA2F
Ituri,Mandima,Lukaya,,Poste de Santé,Kundila Mapendo,hltfac_6C8EE6D67D
Ituri,Mandima,Lukaya,,Poste de Santé,La Grace Kimbanguste,hltfac_C714C5A3E8
Ituri,Mandima,Lukaya,,Poste de Santé,La Guerison,hltfac_7142B85A08
Ituri,Mandima,Lukaya,,Centre de Santé,Lukaya,hltfac_BDE2E8ABCB
Ituri,Mandima,Lukaya,,Poste de Santé,Lukayaii,hltfac_E6567B2B2D
Ituri,Mandima,Lukaya,Makumbise,Site Soin Communautaire,Makumbise,hltfac_B1E3A3AD20
Ituri,Mandima,Lukaya,Mandeite,Site Soin Communautaire,Mandeite,hltfac_E31E9FEFDE
Ituri,Mandima,Lukaya,Makumbo,Site Soin Communautaire,Mandeite,hltfac_DF57233F9A
Ituri,Mandima,Lwemba,,Centre Médical,Avo Lwemba,hltfac_2E57CDA3CD
Ituri,Mandima,Lwemba,,Poste de Santé,Kalengya Lwemba,hltfac_B0C7DC17B1
Ituri,Mandima,Lwemba,Kenya,Site Soin Communautaire,Kenya,hltfac_661FAB0A8A
Ituri,Mandima,Lwemba,,Clinique,La Sagesse,hltfac_402C9DA969
Ituri,Mandima,Lwemba,,Dispensaire,Labo A Dieu La Gloire,hltfac_66BC6322D9
Ituri,Mandima,Lwemba,,Centre de Santé de Référence,Lwemba,hltfac_FD5DD838D2
Ituri,Mandima,Lwemba,Mabuho,Site Soin Communautaire,Mabuho,hltfac_60C56A6F14
Ituri,Mandima,Lwemba,Makele,Site Soin Communautaire,Makele,hltfac_CFE9DCB3E0
Ituri,Mandima,Lwemba,,Poste de Santé,Malu,hltfac_F6E8FC8DA4
Ituri,Mandima,Lwemba,,Poste de Santé,Tout Est Grace,hltfac_6C5AB703B7
Ituri,Mandima,Machebe,Ilange,Site Soin Communautaire,Ilange,hltfac_18D715DD72
Ituri,Mandima,Machebe,Kandiasa,Site Soin Communautaire,Kandiasa,hltfac_28641D59CE
Ituri,Mandima,Machebe,,Poste de Santé,Keneombi,hltfac_209BDC82B4
Ituri,Mandima,Machebe,,Centre de Santé,Machebe,hltfac_726633A10E
Ituri,Mandima,Machebe,Makakwa,Site Soin Communautaire,Makakwa,hltfac_A98A96DCB3
Ituri,Mandima,Machebe,Makilidou,Site Soin Communautaire,Makilidou,hltfac_3DC74A8B22
Ituri,Mandima,Mahu,Elimba,Site Soin Communautaire,Elimba,hltfac_3F1E11DA05
Ituri,Mandima,Mahu,,Poste de Santé,Ilimba,hltfac_4FF4C5E9F9
Ituri,Mandima,Mahu,,Poste de Santé,Kalongo,hltfac_4A39A05AD3
Ituri,Mandima,Mahu,,Poste de Santé,Mahu,hltfac_CEA28B6380
Ituri,Mandima,Mahu,Mateka,Site Soin Communautaire,Mateka,hltfac_77FB303929
Ituri,Mandima,Makeke,,Poste de Santé,Katsoma,hltfac_A21F7CFEBE
Ituri,Mandima,Makeke,,Centre Hopitalier,Makeke,hltfac_57403156A1
Ituri,Mandima,Makeke,,Centre de Santé,Makeke,hltfac_E5BBC2A546
Ituri,Mandima,Makeke,,Site Soin Communautaire,Makeke Saio,hltfac_518539AA41
Ituri,Mandima,Makeke,,Poste de Santé,Maranatha,hltfac_B174CAA38F
Ituri,Mandima,Makeke,,Poste de Santé,Ngendilama,hltfac_243320FB64
Ituri,Mandima,Mandima,Mandima,Bureau Central de la Zone de Santé,Mandima,hltfac_2D3C81B010
Ituri,Mandima,Mandima,,Centre de Santé,Mandima,hltfac_8EB3E5B5A4
Ituri,Mandima,Mandima,,Hôpital Général de Référence,Mandima,hltfac_639669C274
Ituri,Mandima,Mandima,Mandima,Site Soin Communautaire,Mugeni SSC,hltfac_5E5BE21DFC
Ituri,Mandima,Mayuano,,Poste de Santé,Kisolokele Kibangu,hltfac_88D5B1E958
Ituri,Mandima,Mayuano,,Poste de Santé,L'Esperance,hltfac_4E2E393D89
Ituri,Mandima,Mayuano,,Clinique,La Victoire,hltfac_331DBB0FBA
Ituri,Mandima,Mayuano,MabaSimba,Site Soin Communautaire,Maba Simba,hltfac_9DBE44F4FE
Ituri,Mandima,Mayuano,,Centre de Santé,Mayuano,hltfac_2A8F3FDEA6
Ituri,Mandima,Ngubo,Mongali,Site Soin Communautaire,Mongali,hltfac_7318217471
Ituri,Mandima,Ngubo,Nakota,Site Soin Communautaire,Nakota,hltfac_A6745C7415
Ituri,Mandima,Ngubo,Ngubo,Centre de Santé,Ngubo,hltfac_F3B5C07E95
Ituri,Mandima,Ngubo,Pangolo,Site Soin Communautaire,Pangolo,hltfac_418E007BE3
Ituri,Mandima,Some,Bisisa,Site Soin Communautaire,Bisisa,hltfac_570A7FAF90
Ituri,Mandima,Some,,Poste de Santé,Case D'Ecoute,hltfac_0841A3D284
Ituri,Mandima,Some,,Poste de Santé,Catherine,hltfac_6A675635DF
Ituri,Mandima,Some,,Clinique,Codemuco,hltfac_7BF38254E1
Ituri,Mandima,Some,,Centre Médical,Gwado Bora Uzima,hltfac_1F9D38199F
Ituri,Mandima,Some,Mambopi,Site Soin Communautaire,Mambopi,hltfac_F87E0AF312
Ituri,Mandima,Some,,Poste de Santé,Mazingira Afia,hltfac_3979F38959
Ituri,Mandima,Some,,Centre Hopitalier,Msn Orange,hltfac_5E7FFC7684
Ituri,Mandima,Some,,Centre de Santé,Some,hltfac_B12E81E577
Ituri,Mandima,Some,Togo,Site Soin Communautaire,Togo,hltfac_A9E2B9B7E2
Ituri,Mandima,Some,,Poste de Santé,Union Fait La Force,hltfac_B446EA1CF4
Ituri,Mandima,Teturi,Kabungwe,Site Soin Communautaire,Kabungwe,hltfac_6D643BBD68
Ituri,Mandima,Teturi,,Poste de Santé,Kanyande,hltfac_D4D6605AC0
Ituri,Mandima,Teturi,Kabungwe,Site Soin Communautaire,Kiki,hltfac_014E1964CC
Ituri,Mandima,Teturi,,Poste de Santé,Munguiko Kunya Yote,hltfac_01496CFB9C
Ituri,Mandima,Teturi,,Centre de Santé de Référence,Teturi,hltfac_AF8208874D
Ituri,Mangala,Bbaya,,Centre de Santé,Bbaya,hltfac_BF1CBA0058
Ituri,Mangala,Budhu,,Centre de Santé,Budhu,hltfac_129C62D8A9
Ituri,Mangala,DzNa,Tsoda,Poste de Santé,Bakombe,hltfac_F5749F2A65
Ituri,Mangala,DzNa,,Centre de Santé,Dzna,hltfac_4029B0E407
Ituri,Mangala,Kpau,,Centre de Santé,Kpau,hltfac_20CED4B102
Ituri,Mangala,Kpau,Badzala,Poste de Santé,Kpau,hltfac_1802700EFB
Ituri,Mangala,Likopi,,Centre de Santé,Likopi,hltfac_9C1F0A9719
Ituri,Mangala,Mandje,Mabanga,Poste de Santé,Afya Kwanja,hltfac_F7FE8D82F2
Ituri,Mangala,Mandje,Mabanga,Poste de Santé,Afya Yetu,hltfac_4BCA61A4AA
Ituri,Mangala,Mandje,,Poste de Santé,Amour Prochain,hltfac_07BE660914
Ituri,Mangala,Mandje,Monga,Poste de Santé,Don Celeste,hltfac_4BD22A6FF5
Ituri,Mangala,Mandje,Mabanga,Poste de Santé,Fredom,hltfac_CD56194DC7
Ituri,Mangala,Mandje,Mabanga,Poste de Santé,La Fontaine,hltfac_D3CC24F4FF
Ituri,Mangala,Mandje,Ngbadhebu,Centre de Santé,Mandje,hltfac_C63885C10A
Ituri,Mangala,Masikini,Masikini,Centre de Santé,Masikini,hltfac_42D5B57711
Ituri,Mangala,Ndjubu,,Centre de Santé,Ndjubu,hltfac_AE2E46672D
Ituri,Mangala,Passion,Dallo,Poste de Santé,Afya Bora,hltfac_ACD9AC425F
Ituri,Mangala,Passion,Roy,Poste de Santé,Croix Rouge,hltfac_E4A86F7A1D
Ituri,Mangala,Passion,,Centre de Santé,Passion,hltfac_BFB04F2A24
Ituri,Mangala,Passion,Tchuda,Poste de Santé,Tujilinde,hltfac_C520683A31
Ituri,Mangala,Paty,Lalo,Poste de Santé,Grace Divine,hltfac_FEE3E50609
Ituri,Mangala,Paty,Lalo,Centre de Santé,Paty,hltfac_A3EFEB113F
Ituri,Mangala,Paty,Moro,Site Soin Communautaire,SSC Lalo,hltfac_22F9A8131F
Ituri,Mangala,Tchele,Tchele,Bureau Central de la Zone de Santé,Mangala,hltfac_26A39E4451
Ituri,Mangala,Tchele,Tchele,Hôpital Général de Référence,Mangala,hltfac_F25DA5EF78
Ituri,Mangala,Tchele,,Centre de Santé de Référence,Tchele,hltfac_60B681AD75
Ituri,Mongbwalu,Abelkozo,,Centre de Santé,Abelkozo,hltfac_0030F21EEE
Ituri,Mongbwalu,Abelkozo,Mambeu,Poste de Santé,Mambeu,hltfac_5A239C6409
Ituri,Mongbwalu,Abelkozo,Mambeu,Site Soin Communautaire,SSC Mambeu,hltfac_84E5B1C052
Ituri,Mongbwalu,Abelkozo,Matete,Site Soin Communautaire,SSC Matete,hltfac_05C9D9D925
Ituri,Mongbwalu,Abelkozo,Abombi,Poste de Santé,Sentinelle,hltfac_D38B40D913
Ituri,Mongbwalu,Andisa,Andissa,Centre de Santé de Référence,Andisa,hltfac_C98E7CE508
Ituri,Mongbwalu,Andisa,Matalala,Site Soin Communautaire,Matalala,hltfac_B3E447DE87
Ituri,Mongbwalu,Andisa,Panga,Site Soin Communautaire,Panga,hltfac_4345DDD15D
Ituri,Mongbwalu,CECA 20,,Centre de Santé,Ceca 20,hltfac_E1E6C39726
Ituri,Mongbwalu,CECA 20,Depot,Poste de Santé,De la Paix,hltfac_53371DBC94
Ituri,Mongbwalu,CECA 20,Golibo,Poste de Santé,Jehova Rapha,hltfac_1125E95B8A
Ituri,Mongbwalu,CECA 20,Depot,Poste de Santé,La bénédiction,hltfac_FAC1F2E1BA
Ituri,Mongbwalu,CECA 20,Djugu,Poste de Santé,La confiance,hltfac_94EBA30041
Ituri,Mongbwalu,CECA 20,Depot,Poste de Santé,La grace,hltfac_1F7638E101
Ituri,Mongbwalu,CECA 20,Djugu,Poste de Santé,La renaissance,hltfac_E384F0501A
Ituri,Mongbwalu,CECA 20,Panduru,Poste de Santé,Mont Saba,hltfac_9C6459157D
Ituri,Mongbwalu,CECA 20,Wazabo,Poste de Santé,Sauver la vie,hltfac_4BE6E31D09
Ituri,Mongbwalu,CECA 20,Wazabo,Site Soin Communautaire,Wazabo SSC,hltfac_62EB5780AC
Ituri,Mongbwalu,CECA 20,Zubula,Poste de Santé,Yesu aza bien,hltfac_2446875DD5
Ituri,Mongbwalu,Ituri,Ituri,Centre de Santé,Ituri,hltfac_78FC466C9C
Ituri,Mongbwalu,Ituri,Dungu,Site Soin Communautaire,SSC Dungu,hltfac_5B49FA1415
Ituri,Mongbwalu,Ituri,Irumu,Site Soin Communautaire,SSC Irumu,hltfac_EADC64F61C
Ituri,Mongbwalu,Lodjo,Biyanda,Site Soin Communautaire,Biyanda,hltfac_FEE16D7790
Ituri,Mongbwalu,Lodjo,Galay,Poste de Santé,Communautaire,hltfac_D89EE396C0
Ituri,Mongbwalu,Lodjo,Biyanda,Poste de Santé,La guerison,hltfac_6AE7C52E9D
Ituri,Mongbwalu,Lodjo,,Centre de Santé de Référence,Lodjo,hltfac_1F4B9CD41D
Ituri,Mongbwalu,Lodjo,Nyasi,Poste de Santé,Mayendeleo,hltfac_9CC682D4ED
Ituri,Mongbwalu,Lodjo,Dubele,Poste de Santé,Salama,hltfac_4614DE1028
Ituri,Mongbwalu,Lodjo,Nyasi,Poste de Santé,Tuliza,hltfac_6AE80111E7
Ituri,Mongbwalu,Lodjo,Dubele,Poste de Santé,Tulizeni,hltfac_BC1A84A84D
Ituri,Mongbwalu,Lodjo,Nyasi,Site Soin Communautaire,Tulizeni,hltfac_A082FAA0E1
Ituri,Mongbwalu,Lodjo,Dubele,Poste de Santé,Usaidizi,hltfac_E9041D13BD
Ituri,Mongbwalu,Mongbwalu,Gbado,Poste de Santé,Amani,hltfac_1C8366585E
Ituri,Mongbwalu,Mongbwalu,Ancien Marche,Clinique,Bomoyi,hltfac_FB34B5C04A
Ituri,Mongbwalu,Mongbwalu,Kanga Usine,Clinique,Des Anges,hltfac_EF055084A4
Ituri,Mongbwalu,Mongbwalu,Shun 1,Poste de Santé,Dieu vivant,hltfac_57FFE011D2
Ituri,Mongbwalu,Mongbwalu,Ancien Marche,Poste de Santé,Faraja,hltfac_486EF4A2B8
Ituri,Mongbwalu,Mongbwalu,Ancien Marche,Poste de Santé,Horison,hltfac_09B23FDFFB
Ituri,Mongbwalu,Mongbwalu,Shun 1,Poste de Santé,Imani ni dawa,hltfac_3C4272DE04
Ituri,Mongbwalu,Mongbwalu,Shun 1,Poste de Santé,Kiondo,hltfac_FA645C9F75
Ituri,Mongbwalu,Mongbwalu,Kadawasi,Poste de Santé,La grace divine,hltfac_E0C60C4BEC
Ituri,Mongbwalu,Mongbwalu,Ancien Marche,Poste de Santé,La gradie,hltfac_BED9751B36
Ituri,Mongbwalu,Mongbwalu,Shun 1,Poste de Santé,La vie plus,hltfac_781F47AF59
Ituri,Mongbwalu,Mongbwalu,Kadawasi,Poste de Santé,Laissez le temps au temps,hltfac_D1A862A5E5
Ituri,Mongbwalu,Mongbwalu,Ancien Marche,Poste de Santé,Magnifique,hltfac_29465BF587
Ituri,Mongbwalu,Mongbwalu,,Centre de Santé,Mongbwalu,hltfac_A8A7E472AB
Ituri,Mongbwalu,Mongbwalu,Ancien Marche,Poste de Santé,Mwenda Pole,hltfac_C884F156EB
Ituri,Mongbwalu,Mongbwalu,Ancien Marche,Poste de Santé,Salama1,hltfac_67E8756B52
Ituri,Mongbwalu,Mongbwalu,Shun 1,Poste de Santé,Salama2,hltfac_DC8D823910
Ituri,Mongbwalu,Mongbwalu,Kadawasi,Poste de Santé,Sauve moi,hltfac_8ED3802FC5
Ituri,Mongbwalu,Mongbwalu,Shun 1,Poste de Santé,Ste Thérese,hltfac_DFB68136EB
Ituri,Mongbwalu,NDCM,Baru,Poste de Santé,Baru,hltfac_1936176DD3
Ituri,Mongbwalu,NDCM,Gangala 2,Poste de Santé,Changez l'image,hltfac_65B0FE29BF
Ituri,Mongbwalu,NDCM,,Poste de Santé,Menamo,hltfac_A594C35AE1
Ituri,Mongbwalu,NDCM,,Hôpital Général de Référence,Mongbwalu,hltfac_E49ED15314
Ituri,Mongbwalu,NDCM,Quartier Baruwe,Bureau Central de la Zone de Santé,Mongwalu,hltfac_D1E8FFDE7D
Ituri,Mongbwalu,NDCM,,Centre de Santé,Ndcm,hltfac_70FFCBCFD8
Ituri,Mongbwalu,Ngamau,Andatizo,Poste de Santé,Afia Tele,hltfac_9925AA23A0
Ituri,Mongbwalu,Ngamau,Mutona,Site Soin Communautaire,Mutona,hltfac_FB5ACFD3DB
Ituri,Mongbwalu,Ngamau,,Centre de Santé,Ngamau,hltfac_188C0BD043
Ituri,Mongbwalu,Ngamau,Andatizo,Poste de Santé,Ngamau,hltfac_0B188BD2BE
Ituri,Mongbwalu,Pilipili,,Poste de Santé,Amani,hltfac_2765FC1030
Ituri,Mongbwalu,Pilipili,,Centre de Santé,La Pilipili,hltfac_557C08F0C8
Ituri,Mongbwalu,Pilipili,Kadawasi,Poste de Santé,Puissance Divine,hltfac_F31A647113
Ituri,Mongbwalu,Pilipili,Makadi,Poste de Santé,Salama,hltfac_EB61EE7F89
Ituri,Mongbwalu,Pilipili,Kubi,Site Soin Communautaire,Salama,hltfac_A38DCF3B2B
Ituri,Mongbwalu,Pluto,Yalala,Poste de Santé,Communautaire,hltfac_43DED035F0
Ituri,Mongbwalu,Pluto,,Centre de Santé,Pluto,hltfac_356F457803
Ituri,Mongbwalu,Pluto,Landa,Poste de Santé,Providence 1,hltfac_D890129903
Ituri,Mongbwalu,Pluto,Kpangba,Poste de Santé,Providence 2,hltfac_C860301BA3
Ituri,Mongbwalu,Pluto,Beba,Site Soin Communautaire,SSC Beba,hltfac_20476CE326
Ituri,Mongbwalu,Pluto,Luka Malembe,Site Soin Communautaire,SSC Luka Malembe,hltfac_0AB9FC85C3
Ituri,Mongbwalu,Pluto,Kpangba,Poste de Santé,Salama,hltfac_099780B231
Ituri,Mongbwalu,Pluto,Kpangba,Poste de Santé,Shalom,hltfac_E204F70EE5
Ituri,Mongbwalu,Saïo,Nzebi Village,Poste de Santé,Avenir,hltfac_CE121B8C3C
Ituri,Mongbwalu,Saïo,Nzebi Cité,Poste de Santé,Bethanie,hltfac_AB68BD8412
Ituri,Mongbwalu,Saïo,Nzebi Cité,Poste de Santé,Fontaine,hltfac_6FFBCD9484
Ituri,Mongbwalu,Saïo,Nzebi Village,Poste de Santé,Kanana,hltfac_2BC49FFC1A
Ituri,Mongbwalu,Saïo,Kodulu,Site Soin Communautaire,Kodulu SSC,hltfac_4559F7DFB8
Ituri,Mongbwalu,Saïo,Nzebi Cité,Poste de Santé,Mwenda Pole,hltfac_8618C732EF
Ituri,Mongbwalu,Saïo,,Centre de Santé,Saïo,hltfac_30A941470C
Ituri,Mongbwalu,Saïo,Nzebi Cité,Poste de Santé,Tout est grace,hltfac_12F68AF31E
Ituri,Mongbwalu,Saïo,Nzebi Mine,Poste de Santé,Ushindi 1,hltfac_2EA32995D0
Ituri,Mongbwalu,Saïo,Nzebi Mine,Poste de Santé,Ushindi 2,hltfac_D7BCFB8574
Ituri,Mongbwalu,Yedi,Debuna,Poste de Santé,Debuna,hltfac_2F99D99AEC
Ituri,Mongbwalu,Yedi,Debuna,Site Soin Communautaire,Debuna,hltfac_D3EA4FE8A0
Ituri,Mongbwalu,Yedi,Masete,Poste de Santé,La Foi Sauve,hltfac_ABA580E9E6
Ituri,Mongbwalu,Yedi,Lumbe,Poste de Santé,La guerison,hltfac_67E4178608
Ituri,Mongbwalu,Yedi,Masete,Site Soin Communautaire,Masete SSC,hltfac_5FB036C5E1
Ituri,Mongbwalu,Yedi,,Centre de Santé de Référence,Yedi,hltfac_C7327E223A
Ituri,Nia Nia,Afia Ya Wagonjwa,,Centre de Santé,Afia Ya Wagonjwa,hltfac_C2FB35C93A
Ituri,Nia Nia,Afia Ya Wagonjwa,Banguba,Site Soin Communautaire,Banguba,hltfac_4A8CD69AD8
Ituri,Nia Nia,Afia Ya Wagonjwa,Bavakini,Site Soin Communautaire,Bavakini,hltfac_4C704636CD
Ituri,Nia Nia,Afia Ya Wagonjwa,Babonde,Dispensaire,Dispensaire Communautaire,hltfac_20CBB9960B
Ituri,Nia Nia,Afia Ya Wagonjwa,Babonde,Dispensaire,Mon Bon Village,hltfac_B5881DA2B5
Ituri,Nia Nia,Afia Ya Wagonjwa,Babonde,Dispensaire,Richel,hltfac_95A52A1F63
Ituri,Nia Nia,Afia Ya Wagonjwa,Babonde,Centre Hopitalier,Top Congo,hltfac_29C561A76B
Ituri,Nia Nia,Afia Ya Wagonjwa,Babonde,Clinique,Tulizoletu,hltfac_32E22A5DAB
Ituri,Nia Nia,Afia Ya Wagonjwa,Babonde,Dispensaire,Victoire,hltfac_010B99F2FB
Ituri,Nia Nia,Alimasi,Babunda,Site Soin Communautaire,Babunda,hltfac_413AE7133D
Ituri,Nia Nia,Alimasi,Bavamazoa,Site Soin Communautaire,Bavamazoa,hltfac_7ED9902501
Ituri,Nia Nia,Alimasi,Bavatende,Site Soin Communautaire,Bavatende,hltfac_629CA5753B
Ituri,Nia Nia,Alimasi,Sadiki,Dispensaire,Bora Uzima,hltfac_7F84AA2871
Ituri,Nia Nia,Alimasi,Sadiki,Dispensaire,Croix Rouge,hltfac_98393CF1E3
Ituri,Nia Nia,Alimasi,,Centre de Santé,La Grace,hltfac_FF6A9BCCE6
Ituri,Nia Nia,Alimasi,Okapi,Dispensaire,Rapha,hltfac_3C68F5C33C
Ituri,Nia Nia,Alimasi,Sadiki,Dispensaire,Sadiki,hltfac_F8D174744A
Ituri,Nia Nia,Alimasi,Sadiki,Centre Hopitalier,Saint Jean,hltfac_EAAAD8CB84
Ituri,Nia Nia,Alimasi,Sadiki,Dispensaire,Saint luc,hltfac_D26FAFFD90
Ituri,Nia Nia,Alimasi,Okapi,Dispensaire,Tungane Mukono,hltfac_B3BB76D1E5
Ituri,Nia Nia,Badengaido,Cecca 16,Dispensaire,Amani,hltfac_E760F142C1
Ituri,Nia Nia,Badengaido,Babesua,Site Soin Communautaire,Babesua,hltfac_C0BD98A313
Ituri,Nia Nia,Badengaido,,Centre de Santé,Bedengaido,hltfac_380DA1C1DC
Ituri,Nia Nia,Badengaido,Cecca 16,Dispensaire,Bon Samaritain,hltfac_3E8574F7D5
Ituri,Nia Nia,Badengaido,Fepaco,Dispensaire,Espoir,hltfac_4A089DE38D
Ituri,Nia Nia,Badengaido,Okapi,Clinique,Ezechiel,hltfac_C6651CB9E3
Ituri,Nia Nia,Badengaido,Kulungu,Site Soin Communautaire,Kulungu,hltfac_62C1094D71
Ituri,Nia Nia,Badengaido,Cecca 16,Dispensaire,La Fontaine,hltfac_E4C902A935
Ituri,Nia Nia,Badengaido,Okapi,Dispensaire,La Gloire,hltfac_4026DE0E55
Ituri,Nia Nia,Badengaido,Okapi,Dispensaire,La Guerison,hltfac_BEED29BA86
Ituri,Nia Nia,Badengaido,Fepaco,Clinique,La Volonté Divine,hltfac_69260DB242
Ituri,Nia Nia,Badengaido,Mavuvu,Site Soin Communautaire,Mavuvu,hltfac_139DD37352
Ituri,Nia Nia,Badengaido,Mavuvu,Centre de Santé,Mavuvu,hltfac_4F35469255
Ituri,Nia Nia,Badengaido,Mavuvu,Dispensaire,Mongala,hltfac_059468FDF8
Ituri,Nia Nia,Badengaido,Mavuvu,Dispensaire,Tulizeni,hltfac_D9B11EAA6E
Ituri,Nia Nia,Badengaido,Cecca 16,Dispensaire,Tulizeni,hltfac_8F64AAD35F
Ituri,Nia Nia,Bafwabango,Abasina,Site Soin Communautaire,Abasina,hltfac_CA22638D9B
Ituri,Nia Nia,Bafwabango,Mebane,Dispensaire,Afia Bora,hltfac_2AE02305BC
Ituri,Nia Nia,Bafwabango,,Centre de Santé,Bafwabango,hltfac_295F21572B
Ituri,Nia Nia,Bafwabango,Abasina,Clinique,Bethesda,hltfac_03A184E5AD
Ituri,Nia Nia,Bafwabango,Mebane,Clinique,Bondeko,hltfac_90A6AEF9D0
Ituri,Nia Nia,Bafwabango,Pumzika,Clinique,Clinique 8mars,hltfac_553250462C
Ituri,Nia Nia,Bafwabango,Mebane,Dispensaire,Confiance,hltfac_6900AD077B
Ituri,Nia Nia,Bafwabango,Abasina,Dispensaire,De la Paix,hltfac_49C3A45257
Ituri,Nia Nia,Bafwabango,Manganga,Dispensaire,Fontaine,hltfac_A4539DBD4C
Ituri,Nia Nia,Bafwabango,Matutu,Dispensaire,Jehovah Jure,hltfac_0F2206DAAC
Ituri,Nia Nia,Bafwabango,Manganga,Clinique,Katwa,hltfac_DBAE49129E
Ituri,Nia Nia,Bafwabango,Abasina,Dispensaire,La Verité,hltfac_8BE26B3782
Ituri,Nia Nia,Bafwabango,Matutu,Clinique,Maman Mikala,hltfac_150E4710C7
Ituri,Nia Nia,Bafwabango,Pumzika,Clinique,Ngote,hltfac_8A362ADD83
Ituri,Nia Nia,Bafwakoa,Adusa,Site Soin Communautaire,Adusa,hltfac_A1250D1419
Ituri,Nia Nia,Bafwakoa,,Centre de Santé,Bafwakoa,hltfac_BC6F843153
Ituri,Nia Nia,Bafwakoa,Bafwangbezi,Site Soin Communautaire,Bafwangbezi,hltfac_0EDFB7A0CF
Ituri,Nia Nia,Bafwakoa,Bagbutambili,Site Soin Communautaire,Bagbutambili,hltfac_28FAD84DB4
Ituri,Nia Nia,Bafwakoa,Bebeke 2,Poste de Santé,Bbeke,hltfac_A8F78A2860
Ituri,Nia Nia,Bafwakoa,Talisa Lokele,Site Soin Communautaire,Talisa Lokele,hltfac_A059893223
Ituri,Nia Nia,Bafwambaya,Adombi,Dispensaire,Adombi,hltfac_87C51B1A64
Ituri,Nia Nia,Bafwambaya,Muzaboy,Clinique,Afiajema,hltfac_1B3FDFCEF0
Ituri,Nia Nia,Bafwambaya,,Centre de Santé,Bafwambaya,hltfac_C20AE49744
Ituri,Nia Nia,Bafwambaya,Bavamatape,Site Soin Communautaire,Bavamatape,hltfac_C18F2AF515
Ituri,Nia Nia,Bafwambaya,Muzaboy,Clinique,Bethesda,hltfac_E611C751B9
Ituri,Nia Nia,Bafwambaya,Dopi,Site Soin Communautaire,Dopi,hltfac_F1140A7D34
Ituri,Nia Nia,Bafwambaya,Esuyowapi,Site Soin Communautaire,Esuyowapi,hltfac_841313E1AE
Ituri,Nia Nia,Bafwambaya,Kengbe,Dispensaire,Iris,hltfac_7E42254E7F
Ituri,Nia Nia,Bafwambaya,Mbujimayi,Site Soin Communautaire,Mbuyimayi,hltfac_2657E9C080
Ituri,Nia Nia,Bafwambaya,Muzaboy,Dispensaire,Sainte Famille,hltfac_5D7830FCF8
Ituri,Nia Nia,Bafwambaya,Congo Ya Sika,Clinique,Salama,hltfac_388F7486E5
Ituri,Nia Nia,Bafwanekengele,,Centre de Santé,Bafwanekengele,hltfac_62EB883C7F
Ituri,Nia Nia,Bafwanekengele,Bavabena,Site Soin Communautaire,Bavabena,hltfac_AD464C64C5
Ituri,Nia Nia,Bafwanekengele,Basamoa,Site Soin Communautaire,Bavasamoa,hltfac_CD55CA2F7C
Ituri,Nia Nia,Bafwanekengele,Bavatungbo,Site Soin Communautaire,Bavatungbo,hltfac_77F75BC930
Ituri,Nia Nia,Bafwanekengele,Ngayo,Clinique,La Guerison,hltfac_DE632F1170
Ituri,Nia Nia,Bafwanekengele,Ngayo,Dispensaire,Madame Congo,hltfac_3431B48A93
Ituri,Nia Nia,Bafwanekengele,Ngayo Buch,Site Soin Communautaire,Ngayo Buch,hltfac_F656B8FC47
Ituri,Nia Nia,Bafwanekengele,Bavasamoa,Dispensaire,Sadiki,hltfac_3B4C96763A
Ituri,Nia Nia,Bafwanekengele,Ngayo,Dispensaire,Safina,hltfac_9389603BAB
Ituri,Nia Nia,Bafwanekengele,Ngayo,Dispensaire,Salama,hltfac_84D253DE25
Ituri,Nia Nia,Bafwanekengele,Sukisa,Site Soin Communautaire,Sukisa,hltfac_69B0272615
Ituri,Nia Nia,Bafwanekengele,,Clinique,Umoja,hltfac_8C6A767B59
Ituri,Nia Nia,CECCA 16,Bavaiyo,Site Soin Communautaire,Bavaiyo,hltfac_4B9B0CC31E
Ituri,Nia Nia,CECCA 16,Bavanangala,Site Soin Communautaire,Bavanangala,hltfac_D19ADD921B
Ituri,Nia Nia,CECCA 16,,Centre de Santé,Cecca 16,hltfac_5981764359
Ituri,Nia Nia,CECCA 16,Likppakungula,Clinique,De l'amitié,hltfac_DB33D32D32
Ituri,Nia Nia,CECCA 16,Kanana,Site Soin Communautaire,Kanana,hltfac_E779949FAF
Ituri,Nia Nia,CECCA 16,Mngenengene,Dispensaire,La Foi Sauve,hltfac_A7709839BA
Ituri,Nia Nia,CECCA 16,,Hôpital Général de Référence,Nia Nia,hltfac_7D914339D0
Ituri,Nia Nia,CECCA 16,Quartier Likpangula/Avenue DODO,Bureau Central de la Zone de Santé,Nia-Nia,hltfac_5408E78413
Ituri,Nia Nia,CECCA 16,Likppakungula,Centre de Santé,Niania,hltfac_34DD3ADA26
Ituri,Nia Nia,CECCA 16,Ituri,Dispensaire,Resiac,hltfac_AACB0689C5
Ituri,Nia Nia,CECCA 16,Ituri,Dispensaire,Trompete,hltfac_F215751318
Ituri,Nia Nia,Juhudi,Anuarité,Dispensaire,Amani,hltfac_D2D0CDF939
Ituri,Nia Nia,Juhudi,Okapi,Dispensaire,Banasongwa 1,hltfac_E4E419BA07
Ituri,Nia Nia,Juhudi,Kimbangu,Dispensaire,Banasongwa 2,hltfac_CB856E36D2
Ituri,Nia Nia,Juhudi,Sebene,Clinique,Bismillah,hltfac_5C7D60E2DD
Ituri,Nia Nia,Juhudi,Lunda,Dispensaire,Bon Berger,hltfac_12E929D569
Ituri,Nia Nia,Juhudi,,Centre de Santé de Référence,Juhudi,hltfac_1F7FC79C0F
Ituri,Nia Nia,Juhudi,Projet,Clinique,Maranatha,hltfac_57F7BF9960
Ituri,Nizi,Baimani,Bengi,Poste de Santé,Afya Yetu,hltfac_A425547831
Ituri,Nizi,Baimani,,Centre de Santé,Baimani,hltfac_D180C74AF1
Ituri,Nizi,Baimani,Bengi,Poste de Santé,Baimani,hltfac_2930C37AAB
Ituri,Nizi,Baimani,Village Baimani,Site Soin Communautaire,Baimani,hltfac_EFC2ECE4A8
Ituri,Nizi,Baimani,Dhembu,Site Soin Communautaire,Dhembu,hltfac_EB74300365
Ituri,Nizi,Baimani,Likida,Site Soin Communautaire,Likida,hltfac_3FD7E8ACA1
Ituri,Nizi,CE 39 Iga Barrière,,Centre de Santé,Ce 39,hltfac_14D1D1D0A9
Ituri,Nizi,CE 39 Iga Barrière,Alur 1,Poste de Santé,Heritage,hltfac_1B7B62916F
Ituri,Nizi,CE 39 Iga Barrière,Ikpa,Site Soin Communautaire,Ikpa,hltfac_56C68E5B30
Ituri,Nizi,CE 39 Iga Barrière,Koweit,Poste de Santé,La Foi Sauve,hltfac_9EEE78B24B
Ituri,Nizi,CE 39 Iga Barrière,Koweit,Poste de Santé,Salama,hltfac_C86089913E
Ituri,Nizi,CE 39 Iga Barrière,Koweit,Poste de Santé,Sauvetage,hltfac_9C66BB9BEA
Ituri,Nizi,CE 39 Iga Barrière,Vatican,Poste de Santé,Tujikinge,hltfac_B50F637DF2
Ituri,Nizi,CE 39 Iga Barrière,Alur 1,Poste de Santé,Ukarimu,hltfac_E1DE66C44C
Ituri,Nizi,Heritage,Bas Congo,Site Soin Communautaire,Bas Congo,hltfac_A6ABBF1B7E
Ituri,Nizi,Heritage,Ladile,Poste de Santé,Guerison,hltfac_FB515312BB
Ituri,Nizi,Heritage,Latin,Poste de Santé,Guerison Divine,hltfac_DB7679BDC1
Ituri,Nizi,Heritage,,Centre de Santé,Heritage,hltfac_956EAB79BB
Ituri,Nizi,Heritage,Kpangba 1,Poste de Santé,Mbudu Communautaire,hltfac_E8F1B6C940
Ituri,Nizi,Heritage,Ngatchukpa,Site Soin Communautaire,Ngatchukpa,hltfac_3768F98BD7
Ituri,Nizi,Heritage,Alur 2,Poste de Santé,Shalina,hltfac_B6363930C7
Ituri,Nizi,Heritage,Alur 2,Poste de Santé,Tukinge Afya,hltfac_F688CE2A5C
Ituri,Nizi,Heritage,Godo,Poste de Santé,Umoja,hltfac_EBA7177186
Ituri,Nizi,Kambe,Budjo,Site Soin Communautaire,Budjo,hltfac_A1E1546A3E
Ituri,Nizi,Kambe,DzKpa,Site Soin Communautaire,DzKpa,hltfac_A9D7931BE0
Ituri,Nizi,Kambe,,Centre de Santé,Kambe,hltfac_3B8335EA71
Ituri,Nizi,Kambe,Rara,Site Soin Communautaire,Rara,hltfac_9886AA03B7
Ituri,Nizi,Kambe,Vura,Site Soin Communautaire,Vura,hltfac_82CB5F4D59
Ituri,Nizi,Lingo,Landa,Site Soin Communautaire,Landa,hltfac_BB60CB6AA8
Ituri,Nizi,Lingo,Limani,Site Soin Communautaire,Limani,hltfac_B8D72408BB
Ituri,Nizi,Lingo,,Centre de Santé,Lingo,hltfac_431786B658
Ituri,Nizi,Lingo,Mastolo,Site Soin Communautaire,Mastolo,hltfac_CAC8E66D45
Ituri,Nizi,Lopa,Banga,Poste de Santé,Dumani,hltfac_46AA9EEA55
Ituri,Nizi,Lopa,Banga,Poste de Santé,Hekima,hltfac_CD15E5D536
Ituri,Nizi,Lopa,Lewe,Site Soin Communautaire,Lewe,hltfac_FA4FDF5770
Ituri,Nizi,Lopa,Limbu,Site Soin Communautaire,Limbu,hltfac_4618171841
Ituri,Nizi,Lopa,,Centre de Santé,Lopa,hltfac_0CD5C11824
Ituri,Nizi,Lopa,Ngadju,Site Soin Communautaire,Ngadju,hltfac_9DC7B12606
Ituri,Nizi,Lopa,Sombe 2,Poste de Santé,Proline,hltfac_63CFEEF65A
Ituri,Nizi,Lopa,Lopa,Poste de Santé,Simon,hltfac_FB5B05D08D
Ituri,Nizi,Lopa,Tsidabu,Site Soin Communautaire,Tsidabu,hltfac_F56F756DA8
Ituri,Nizi,Lopa,Sombe 2,Poste de Santé,Umoja,hltfac_41225FD6B2
Ituri,Nizi,Luchay,,Centre de Santé,Luchay,hltfac_7BFA383129
Ituri,Nizi,Luchay,Sawe,Site Soin Communautaire,Sawe,hltfac_C40A99C193
Ituri,Nizi,Luchay,Tundu,Site Soin Communautaire,Tundu,hltfac_6B5F0E4C78
Ituri,Nizi,Luchay,VIZA,Site Soin Communautaire,Viza,hltfac_8536F490B1
Ituri,Nizi,Ndjanga,Sesele,Poste de Santé,Communautaire,hltfac_818AC5AA49
Ituri,Nizi,Ndjanga,,Centre de Santé,Ndjanga,hltfac_B5FAE2B29E
Ituri,Nizi,Ndjanga,Sanga,Site Soin Communautaire,Sanga,hltfac_00C994E8F2
Ituri,Nizi,Ndjanga,Sesele,Site Soin Communautaire,Sesele,hltfac_E0D11B2D4E
Ituri,Nizi,Nizi,Nizi Centre,Poste de Santé,Afya Nimali,hltfac_67053C40ED
Ituri,Nizi,Nizi,Balabala,Site Soin Communautaire,Balabala,hltfac_645E3EAC66
Ituri,Nizi,Nizi,Balabala,Poste de Santé,Maendeleo,hltfac_2877E02E46
Ituri,Nizi,Nizi,Camps Agents SOKIMO,Bureau Central de la Zone de Santé,Nizi,hltfac_BC8E66F2B4
Ituri,Nizi,Nizi,,Centre de Santé,Nizi,hltfac_ECB1744703
Ituri,Nizi,Nizi,,Hôpital Général de Référence,Nizi Mines,hltfac_D4BE4239A1
Ituri,Nizi,Risasi,Dhengapi,Site Soin Communautaire,Dhengapi,hltfac_DC089A78BE
Ituri,Nizi,Risasi,Inzi Sabuni,Site Soin Communautaire,Inzi Sabuni,hltfac_50EAC4C7D5
Ituri,Nizi,Risasi,,Centre de Santé,Risasi,hltfac_FC11C2811C
Ituri,Nyankunde,Badiya,,Centre de Santé,Badiya,hltfac_FDCD2D8C23
Ituri,Nyankunde,Badiya,,Poste de Santé,Dieu Merci,hltfac_3C445D2C70
Ituri,Nyankunde,Badiya,,Site Soin Communautaire,Kuka,hltfac_211B10F5F4
Ituri,Nyankunde,Badiya,,Site Soin Communautaire,Sililo,hltfac_CC78ADB276
Ituri,Nyankunde,Basunu,,Site Soin Communautaire,Bakalaba,hltfac_7A446CDDBC
Ituri,Nyankunde,Basunu,,Poste de Santé,Bakalaba,hltfac_5CCCF4597B
Ituri,Nyankunde,Basunu,,Centre de Santé,Basunu,hltfac_6BF081D6AE
Ituri,Nyankunde,Basunu,,Site Soin Communautaire,Kela 1,hltfac_E1DB8944F8
Ituri,Nyankunde,Basunu,,Poste de Santé,Makokoy,hltfac_B3BF74CAF0
Ituri,Nyankunde,Basunu,,Site Soin Communautaire,Ngboloku,hltfac_97AEAACABB
Ituri,Nyankunde,Basunu,,Site Soin Communautaire,Singinini,hltfac_0E61F13A8D
Ituri,Nyankunde,Birinyama,,Centre de Santé,Birinyama,hltfac_F540BACC23
Ituri,Nyankunde,Birinyama,,Site Soin Communautaire,Kutu,hltfac_FE500975C1
Ituri,Nyankunde,Irumu,,Site Soin Communautaire,Holu 1,hltfac_62F71DF882
Ituri,Nyankunde,Irumu,,Centre de Santé,Irumu,hltfac_468AB3EF2D
Ituri,Nyankunde,Irumu,,Site Soin Communautaire,Kangakolo,hltfac_D2C70C7523
Ituri,Nyankunde,Kombokabo,,Centre de Santé,Kombokabo,hltfac_4F05FD204E
Ituri,Nyankunde,Kombokabo,,Site Soin Communautaire,Ngadju,hltfac_F3BA2C7BDF
Ituri,Nyankunde,Kombokabo,,Site Soin Communautaire,Nyamusenya,hltfac_370B4B96B0
Ituri,Nyankunde,Kombokabo,,Autre,Safina,hltfac_1B13D00E47
Ituri,Nyankunde,Marabo,,Site Soin Communautaire,Bajembe 2,hltfac_8A9B7B058C
Ituri,Nyankunde,Marabo,,Site Soin Communautaire,Bangaza,hltfac_2F555019E1
Ituri,Nyankunde,Marabo,,Site Soin Communautaire,Boya 2,hltfac_5D77BE0AED
Ituri,Nyankunde,Marabo,,Site Soin Communautaire,Kinyasenge,hltfac_775D53EFCE
Ituri,Nyankunde,Marabo,,Autre,Maison Bankoko,hltfac_A7083AB089
Ituri,Nyankunde,Marabo,,Centre de Santé,Marabo,hltfac_2461A9B51A
Ituri,Nyankunde,Marabo,,Dispensaire,Militaire,hltfac_FA52823485
Ituri,Nyankunde,Marabo,,Autre,Patience,hltfac_FE9662D4B2
Ituri,Nyankunde,Marabo,,Poste de Santé,Petro,hltfac_91D20D07C2
Ituri,Nyankunde,Marabo,,Poste de Santé,Secours Marabo,hltfac_A00B8CD500
Ituri,Nyankunde,Nyankunde,Nchweke,Bureau Central de la Zone de Santé,Nyankunde,hltfac_E79C1BE45B
Ituri,Nyankunde,Nyankunde,,Centre de Santé,Nyankunde,hltfac_D54F1F8D67
Ituri,Nyankunde,Nyankunde,,Hôpital Général de Référence,Nyankunde,hltfac_A0CBC1B26C
Ituri,Nyankunde,Nyankunde,,Poste de Santé,Tulabo,hltfac_B700E8AE4E
Ituri,Nyankunde,Nyankunde,,Site Soin Communautaire,Tulabo,hltfac_C271390C29
Ituri,Nyankunde,Sezabo,,Centre de Santé,Sezabo,hltfac_BE86FAAB35
Ituri,Nyankunde,Sota,,Site Soin Communautaire,Banembe,hltfac_F9A01395EA
Ituri,Nyankunde,Sota,,Centre de Santé,Sota,hltfac_29ACA2677F
Ituri,Nyankunde,Sota,,Poste de Santé,Sota,hltfac_55487587D8
Ituri,Nyankunde,Sota,,Site Soin Communautaire,Tetyba,hltfac_911EB664D3
Ituri,Nyankunde,Tekele,,Site Soin Communautaire,Buthu,hltfac_164743B780
Ituri,Nyankunde,Tekele,,Site Soin Communautaire,Gola,hltfac_3CD805CD7B
Ituri,Nyankunde,Tekele,,Site Soin Communautaire,Kinga,hltfac_C619D49671
Ituri,Nyankunde,Tekele,,Poste de Santé,Kinga,hltfac_AE25B56A9F
Ituri,Nyankunde,Tekele,,Site Soin Communautaire,Mazangina,hltfac_F01197E13D
Ituri,Nyankunde,Tekele,,Site Soin Communautaire,Mpunde 2,hltfac_56EFCCA3AE
Ituri,Nyankunde,Tekele,,Centre de Santé,Tekele,hltfac_E70086D1F6
Ituri,Nyankunde,Tumbiabo,,Site Soin Communautaire,Murugya,hltfac_3A7330B686
Ituri,Nyankunde,Tumbiabo,,Centre de Santé,Tumbiabo,hltfac_6F3D9F1A5A
Ituri,Nyarambe,Abira Areju,,Centre de Santé,Abira Areju,hltfac_866F7B7FF5
Ituri,Nyarambe,Abira Areju,,Poste de Santé,Agoro,hltfac_DF21D51350
Ituri,Nyarambe,Abira Areju,,Poste de Santé,Aranga,hltfac_7CA6488BA5
Ituri,Nyarambe,Abira Areju,Aranga,Site Soin Communautaire,Aranga,hltfac_A4FB13A06F
Ituri,Nyarambe,Abira Areju,,Poste de Santé,Loch,hltfac_360AC13B67
Ituri,Nyarambe,Abira Areju,,Site Soin Communautaire,SSC,hltfac_2044F1E21F
Ituri,Nyarambe,Abira Areju,,Poste de Santé,Ukemo,hltfac_94347CEDBF
Ituri,Nyarambe,Afoyo,,Centre de Santé,Afoyo,hltfac_DD5F5BFCAD
Ituri,Nyarambe,Afoyo,Jupagu,Site Soin Communautaire,Jupagu,hltfac_2C02335A4C
Ituri,Nyarambe,Afoyo,,Poste de Santé,Pajuma,hltfac_6EAFFC4463
Ituri,Nyarambe,Afoyo,Wizii,Site Soin Communautaire,Wizii,hltfac_19F82CC6A3
Ituri,Nyarambe,Agudi Usoke,,Centre de Santé,Agudi Usoke,hltfac_503ADD6D93
Ituri,Nyarambe,Agudi Usoke,Ajii,Site Soin Communautaire,Ajii,hltfac_C1C684176B
Ituri,Nyarambe,Agudi Usoke,Aruko,Site Soin Communautaire,Aruko,hltfac_97DC5659ED
Ituri,Nyarambe,Agudi Usoke,,Poste de Santé,Baspaka,hltfac_A50EB140BC
Ituri,Nyarambe,Agudi Usoke,,Poste de Santé,Tefungu,hltfac_604FBE9B17
Ituri,Nyarambe,Agudi Usoke,,Poste de Santé,Urodo,hltfac_4126FC9AFA
Ituri,Nyarambe,Alla CECA,,Centre de Santé,Alla Ceca,hltfac_4DA449D8FA
Ituri,Nyarambe,Alla CECA,,Poste de Santé,Ameri,hltfac_FCF3F8E8AD
Ituri,Nyarambe,Alla CECA,Jupadrogo,Site Soin Communautaire,Jupadrogo,hltfac_D96F4130A1
Ituri,Nyarambe,Alla CECA,,Poste de Santé,Musindi,hltfac_71E8606E21
Ituri,Nyarambe,Alla CECA,,Poste de Santé,Pabidi,hltfac_D10B242E88
Ituri,Nyarambe,Alla CECA,,Site Soin Communautaire,SSC,hltfac_783B55A376
Ituri,Nyarambe,Ambaki,,Centre de Santé de Référence,Ambaki,hltfac_A36C72463C
Ituri,Nyarambe,Ambaki,Jupudero,Site Soin Communautaire,Jupudero,hltfac_C0DADE8808
Ituri,Nyarambe,Ambaki,,Poste de Santé,Ugalo,hltfac_0A876F0130
Ituri,Nyarambe,Ang'Aba,,Centre de Santé,Ang'Aba,hltfac_04578EAFA3
Ituri,Nyarambe,Ang'Aba,,Poste de Santé,Gotar,hltfac_EA6F90862D
Ituri,Nyarambe,Ang'Aba,,Poste de Santé,Gotha,hltfac_E24A8451DE
Ituri,Nyarambe,Ang'Aba,,Poste de Santé,utadu,hltfac_B34139432B
Ituri,Nyarambe,Anyiko,,Centre de Santé,Anyiko,hltfac_2447D68254
Ituri,Nyarambe,Anyiko,Jupugulo Jupacebo,Site Soin Communautaire,Jupugulo Jupacebo,hltfac_07F86DD80B
Ituri,Nyarambe,Anyiko,Nyakir,Site Soin Communautaire,Nyakir,hltfac_816C76E0D7
Ituri,Nyarambe,Anyiko,,Poste de Santé,Ugengo 1,hltfac_E3980689F9
Ituri,Nyarambe,Anyiko,,Poste de Santé,Ugengo 2,hltfac_972BC6FC40
Ituri,Nyarambe,Anyiko,,Poste de Santé,Utheko,hltfac_E4DAED67BB
Ituri,Nyarambe,Djegu,,Clinique,53 Clinic,hltfac_D795BE0446
Ituri,Nyarambe,Djegu,,Centre de Santé,Djegu,hltfac_A93E2D53EC
Ituri,Nyarambe,Djegu,Panyadong 1,Site Soin Communautaire,Panyadong 1,hltfac_DADC5B0743
Ituri,Nyarambe,Jupadrogo,,Centre de Santé,Jupadrogo,hltfac_EE457D7168
Ituri,Nyarambe,Jupadrogo,Nyalwith,Site Soin Communautaire,Nyalwith,hltfac_89D00838EA
Ituri,Nyarambe,Jupadrogo,,Site Soin Communautaire,SSC,hltfac_7DD6BD96E5
Ituri,Nyarambe,Jupagweyi,,Poste de Santé,Apii,hltfac_7ED9F4F890
Ituri,Nyarambe,Jupagweyi,,Centre de Santé,Jupagweyi,hltfac_3F179E437A
Ituri,Nyarambe,Jupagweyi,,Poste de Santé,Jupiera,hltfac_27B318881D
Ituri,Nyarambe,Jupagweyi,Pakulo,Site Soin Communautaire,Pakulo,hltfac_76B7BED16B
Ituri,Nyarambe,Jupagweyi,,Poste de Santé,Ung'ala,hltfac_D3D2C9C5AC
Ituri,Nyarambe,Kasengu,,Centre de Santé de Référence,Kasengu,hltfac_9021E7B31C
Ituri,Nyarambe,Kasengu,,Poste de Santé,Leke,hltfac_B79F6EEE7F
Ituri,Nyarambe,Kasengu,,Poste de Santé,Ulia,hltfac_D386142D5C
Ituri,Nyarambe,Kasengu,,Poste de Santé,Wembe,hltfac_0393573487
Ituri,Nyarambe,Kasengu,,Poste de Santé,Wida,hltfac_5F222A386B
Ituri,Nyarambe,Kpanyi,Gbii,Site Soin Communautaire,Gbii,hltfac_6697B8E2F6
Ituri,Nyarambe,Kpanyi,,Centre de Santé,Kpanyi,hltfac_B7E570E8A7
Ituri,Nyarambe,Kpanyi,Pacung,Site Soin Communautaire,Pacung,hltfac_7B1D5CE4DA
Ituri,Nyarambe,Kpanyi,,Poste de Santé,Rwaru,hltfac_3BB25A67B3
Ituri,Nyarambe,Kpanyi,,Poste de Santé,Uvuruagada,hltfac_EB1214C941
Ituri,Nyarambe,Lelo,,Poste de Santé,Ginju,hltfac_D958E756E4
Ituri,Nyarambe,Lelo,,Poste de Santé,Jupaliech,hltfac_436713FABC
Ituri,Nyarambe,Lelo,,Poste de Santé,Jupulony,hltfac_7C67B52DFB
Ituri,Nyarambe,Lelo,,Centre de Santé,Lelo,hltfac_E5A6378C66
Ituri,Nyarambe,Lelo,Luru,Site Soin Communautaire,Luru,hltfac_859EDBCBD6
Ituri,Nyarambe,Lelo,Mbranze,Site Soin Communautaire,Mbranze,hltfac_1C4BD74F89
Ituri,Nyarambe,Lenju,,Poste de Santé,Dikiri leng,hltfac_454346D504
Ituri,Nyarambe,Lenju,,Centre de Santé,Lenju,hltfac_7AEE91E5F4
Ituri,Nyarambe,Lenju,,Poste de Santé,Ukey,hltfac_F3B720C8B8
Ituri,Nyarambe,Mahagi Port Cecca,,Centre de Santé,Mahagi Port Cecca,hltfac_606BD75053
Ituri,Nyarambe,Mahagi Port Cecca,,Poste de Santé,Saint Raphael,hltfac_270D9CD34B
Ituri,Nyarambe,Mahagi Port Etat,,Poste de Santé,Kolokoto,hltfac_9189DA261D
Ituri,Nyarambe,Mahagi Port Etat,,Centre de Santé de Référence,Mahagi Port Etat,hltfac_51846F7B89
Ituri,Nyarambe,Mahagi Port Etat,,Poste de Santé,Nvodu,hltfac_6BDC042B78
Ituri,Nyarambe,Mahagi Port Etat,Nvodu,Site Soin Communautaire,Nvodu,hltfac_068763EB64
Ituri,Nyarambe,Mahagi Port Etat,,Clinique,Shalomm,hltfac_DEE279F0E9
Ituri,Nyarambe,Nyalebbe,,Poste de Santé,Innocent,hltfac_87D6B493EE
Ituri,Nyarambe,Nyalebbe,,Centre de Santé,Nyalebbe,hltfac_4C4BDC6F34
Ituri,Nyarambe,Nyalebbe,,Poste de Santé,Tefoyo,hltfac_0AB0505267
Ituri,Nyarambe,Nyalebbe,,Poste de Santé,Teragba,hltfac_4E03E17E0D
Ituri,Nyarambe,Nyarambe Mission,Panyona Centre,Bureau Central de la Zone de Santé,Nyarambe,hltfac_A94D74E7A5
Ituri,Nyarambe,Nyarambe Mission,,Centre de Santé,Nyarambe,hltfac_6B5CCF5F4F
Ituri,Nyarambe,Nyarambe Mission,,Hôpital Général de Référence,Nyarambe,hltfac_5AA90D64B0
Ituri,Nyarambe,Nyarambe Mission,,Site Soin Communautaire,SSC,hltfac_1D05ACCA5B
Ituri,Nyarambe,Pajaw,,Centre de Santé,Pajawu,hltfac_68DD3EB3B6
Ituri,Nyarambe,Pajaw,,Site Soin Communautaire,SSC,hltfac_A4BD03364C
Ituri,Nyarambe,Pajaw,War,Site Soin Communautaire,War,hltfac_2136A5592F
Ituri,Nyarambe,Pajaw,,Poste de Santé,Wilango,hltfac_3C5E92ADAF
Ituri,Nyarambe,Pakulo Therango,,Poste de Santé,Adwong'o,hltfac_AEEA710AF9
Ituri,Nyarambe,Pakulo Therango,Pajulu,Site Soin Communautaire,Pajulu,hltfac_28544030AE
Ituri,Nyarambe,Pakulo Therango,,Centre de Santé,Pakulo Therango,hltfac_7B398B7E8B
Ituri,Nyarambe,Pakulo Therango,,Poste de Santé,Panyadong,hltfac_90470FD7AD
Ituri,Nyarambe,Pakulo Therango,,Poste de Santé,Thefungu,hltfac_DF7765F3A9
Ituri,Nyarambe,Pathole,,Poste de Santé,Aloke,hltfac_B7C57F4E03
Ituri,Nyarambe,Pathole,Djagi,Site Soin Communautaire,Djagi,hltfac_9A8FFD7397
Ituri,Nyarambe,Pathole,Paicing Juba,Site Soin Communautaire,Paicing Juba,hltfac_423CB2E23F
Ituri,Nyarambe,Pathole,,Centre de Santé,Pathole,hltfac_1D2F654D25
Ituri,Nyarambe,Pathole,,Poste de Santé,Uchibo,hltfac_BD401845B2
Ituri,Nyarambe,Pundiga,,Poste de Santé,Anduka,hltfac_39CBD832E1
Ituri,Nyarambe,Pundiga,,Poste de Santé,Awinjo,hltfac_8D744F4A7E
Ituri,Nyarambe,Pundiga,Pujok,Site Soin Communautaire,Pujok,hltfac_35098D052D
Ituri,Nyarambe,Pundiga,,Centre de Santé,Pundiga,hltfac_1D86BB6168
Ituri,Nyarambe,Ugwilo,Agudi,Site Soin Communautaire,Agudi,hltfac_F8BA73EC00
Ituri,Nyarambe,Ugwilo,,Poste de Santé,Merber,hltfac_F2E9E5998E
Ituri,Nyarambe,Ugwilo,,Centre de Santé,Ugwilo,hltfac_CC4113F252
Ituri,Nyarambe,Ugwilo,Ukebu,Site Soin Communautaire,Ukebu,hltfac_443DD1A7B9
Ituri,Nyarambe,Ugwilo,,Poste de Santé,Uribo,hltfac_E7523B594E
Ituri,Rethy,Aboro,,Centre de Santé,Aboro,hltfac_D757E4E337
Ituri,Rethy,Aboro,Azida,Site Soin Communautaire,Azida,hltfac_3B4274A9C9
Ituri,Rethy,Aboro,Gosenge Dyu,Site Soin Communautaire,Gosenge Dyu,hltfac_6C26E4D578
Ituri,Rethy,Aboro,Lingama Tsi,Site Soin Communautaire,Lingama Tsi,hltfac_2123D125E3
Ituri,Rethy,Bale,Babu,Site Soin Communautaire,Babu,hltfac_F59BB2EE33
Ituri,Rethy,Bale,,Centre de Santé,Bale,hltfac_A59719B88B
Ituri,Rethy,Bale,Labakpa,Poste de Santé,Labakpa,hltfac_897BEB79AF
Ituri,Rethy,Bale,Rete,Poste de Santé,Rete,hltfac_1A88FBD7CB
Ituri,Rethy,Bale,Waza,Site Soin Communautaire,Waza,hltfac_86322CF4BE
Ituri,Rethy,Budza,,Centre de Santé,Budza,hltfac_FA34141810
Ituri,Rethy,Budza,Dheba,Site Soin Communautaire,Dheba,hltfac_DCBF4C9409
Ituri,Rethy,Budza,Mokako,Site Soin Communautaire,Mokako,hltfac_DF72943081
Ituri,Rethy,Buke,,Centre de Santé,Buke,hltfac_37C0EB35A8
Ituri,Rethy,Buke,Wanyale,Poste de Santé,Wanyale,hltfac_AD37D082D9
Ituri,Rethy,Djubate,,Centre de Santé,Djubate,hltfac_F54F4592F1
Ituri,Rethy,Djubate,Jalsabu,Poste de Santé,Sasa,hltfac_650CDC2076
Ituri,Rethy,Djubate,Jalsabu,Site Soin Communautaire,Sasa,hltfac_08C0134BF3
Ituri,Rethy,Gudjo,,Centre de Santé,Gudjo,hltfac_63A3B48C46
Ituri,Rethy,Gudjo,Lotha Mukugwa,Site Soin Communautaire,Lotha Mukubwa,hltfac_DF65BD7704
Ituri,Rethy,Juru Kidogo,,Centre de Santé,Juru Kidogo,hltfac_BD87A1286B
Ituri,Rethy,Juru Kidogo,Lidha Kidogo,Site Soin Communautaire,Lidha Kidogo,hltfac_D14A59E6BC
Ituri,Rethy,Kokpa,,Centre de Santé,Kokpa,hltfac_F28D620279
Ituri,Rethy,Kpandroma,,Centre de Santé,Kpandroma,hltfac_7BEA24217B
Ituri,Rethy,Lailo,Bbula,Site Soin Communautaire,Bbula,hltfac_4FFAC36BD9
Ituri,Rethy,Lailo,,Centre de Santé,Lailo,hltfac_5344C6A0B7
Ituri,Rethy,Lalo,Kiloba1,Site Soin Communautaire,Kiloba 1,hltfac_F53786B88E
Ituri,Rethy,Lalo,,Centre de Santé,Lalo,hltfac_822888BA6F
Ituri,Rethy,Lalo,Lobu,Poste de Santé,Lobu,hltfac_8B0ED107C6
Ituri,Rethy,Libi,Katsu,Site Soin Communautaire,Katsu,hltfac_D9F4B408C5
Ituri,Rethy,Libi,,Centre de Santé de Référence,Libi,hltfac_A8EEAB7037
Ituri,Rethy,Libi,Loki,Site Soin Communautaire,Loki,hltfac_81E22810F4
Ituri,Rethy,Libi,Londoni,Poste de Santé,Londoni,hltfac_75BE75F33E
Ituri,Rethy,Libi,Tongo 2,Site Soin Communautaire,Tongo 2,hltfac_A3E217F373
Ituri,Rethy,Lokpa,Bete Adu,Poste de Santé,Bete Adu,hltfac_E1D4FFB5C4
Ituri,Rethy,Lokpa,,Centre de Santé,Lokpa,hltfac_74E7A90A35
Ituri,Rethy,Lokpa,Zambi,Site Soin Communautaire,Zambi,hltfac_D54B1DDC5C
Ituri,Rethy,Mbr'bu,,Centre de Santé,Mbr'Bu,hltfac_AEB73A71BB
Ituri,Rethy,Mbr'bu,Ngri 2,Site Soin Communautaire,Ngri 2,hltfac_FB08D5E709
Ituri,Rethy,Mbr'bu,Ukumu,Site Soin Communautaire,Ukumu,hltfac_1A5A8FF6A8
Ituri,Rethy,Mola,,Centre de Santé,Mola,hltfac_47326F0794
Ituri,Rethy,Mola,Rusa,Site Soin Communautaire,Rusa,hltfac_499F5CC77C
Ituri,Rethy,Mola,Tchungavi,Site Soin Communautaire,Tchungavi,hltfac_2FD046E679
Ituri,Rethy,Mola,Uzunga,Site Soin Communautaire,Uzunga,hltfac_D5BAF27472
Ituri,Rethy,Ngri Balo,Kpigi,Site Soin Communautaire,Kpigi,hltfac_7792E29185
Ituri,Rethy,Ngri Balo,,Centre de Santé,Ngri Balo,hltfac_8BCCB8DF09
Ituri,Rethy,Ngri Mandefu,Ngakpa 2,Site Soin Communautaire,Ngakpa 2,hltfac_5C7E95812A
Ituri,Rethy,Ngri Mandefu,,Centre de Santé,Ngrimandefu,hltfac_A363CCE9C0
Ituri,Rethy,Rassia,Conga Gogo,Site Soin Communautaire,Conga,hltfac_9252DCF125
Ituri,Rethy,Rassia,Kpagboma 2,Site Soin Communautaire,Kpagboma2,hltfac_CAC3FD5CB8
Ituri,Rethy,Rassia,,Centre de Santé,Rassia,hltfac_420C730C13
Ituri,Rethy,Rethy,Bwa Ngombu,Site Soin Communautaire,Bwa Ngombu,hltfac_944D767A5C
Ituri,Rethy,Rethy,Goikpa,Site Soin Communautaire,Goikpa,hltfac_A129234B40
Ituri,Rethy,Rethy,Masengi,Poste de Santé,Pugutha,hltfac_6BD488CA5B
Ituri,Rethy,Rethy,,Centre de Santé,Rethy,hltfac_5C75E0374D
Ituri,Rethy,Rethy,Rethy Mission,Hôpital Général de Référence,Rethy,hltfac_2911C98D10
Ituri,Rethy,Rethy,Rety Mission,Bureau Central de la Zone de Santé,Rety,hltfac_7DFE510421
Ituri,Rethy,Terali,Keu Pandeke,Site Soin Communautaire,Keu Pandeke,hltfac_CB0029B926
Ituri,Rethy,Terali,Ngenge,Poste de Santé,Ngenge,hltfac_8BCC21CA44
Ituri,Rethy,Terali,,Centre de Santé,Terali,hltfac_B0A15876EB
Ituri,Rethy,Uketha,Kidikpa,Site Soin Communautaire,Kidikpa,hltfac_50A61304F8
Ituri,Rethy,Uketha,Tembo,Site Soin Communautaire,Tembo,hltfac_86802B91E3
Ituri,Rethy,Uketha,,Centre de Santé,Uketha,hltfac_183DF0E64B
Ituri,Rethy,Zali,,Centre de Santé,Zali,hltfac_9C62CA0430
Ituri,Rimba,Adingi,,Centre de Santé,Adingi,hltfac_269514339C
Ituri,Rimba,Adingi,,Site Soin Communautaire,Jupandru,hltfac_76FAA3D17A
Ituri,Rimba,Adingi,,Poste de Santé,Yadha,hltfac_08DC473291
Ituri,Rimba,Aissi,,Centre de Santé,Aissi,hltfac_34D95038CC
Ituri,Rimba,Amee,,Centre de Santé de Référence,Amée,hltfac_4311605764
Ituri,Rimba,Amee,,Poste de Santé,Gyarube,hltfac_8C98B48720
Ituri,Rimba,Avu,,Centre de Santé,Avu,hltfac_1F118ECB49
Ituri,Rimba,Avu,,Site Soin Communautaire,Ugudo,hltfac_6A7B3E32B4
Ituri,Rimba,Awu,,Centre de Santé,Awu,hltfac_8F11BFD420
Ituri,Rimba,Awu,,Site Soin Communautaire,Awu,hltfac_99ECBDFC3E
Ituri,Rimba,Gamba,,Centre de Santé,Gamba,hltfac_3F582E4587
Ituri,Rimba,Gamba,,Poste de Santé,Pamone,hltfac_DE01140C05
Ituri,Rimba,Gamba,,Autre,Yangambi,hltfac_359790E0B2
Ituri,Rimba,Gwoknyeri,,Site Soin Communautaire,Agwel,hltfac_4EB6027AEC
Ituri,Rimba,Gwoknyeri,,Centre de Santé,Gwoknyeri,hltfac_0A2510FDDC
Ituri,Rimba,Liby Umbuzi,,Site Soin Communautaire,Auu,hltfac_03EC9622BC
Ituri,Rimba,Liby Umbuzi,,Poste de Santé,Jupazaga,hltfac_DC4783E29B
Ituri,Rimba,Liby Umbuzi,,Poste de Santé,Liby Utoro,hltfac_D36E6BD8F4
Ituri,Rimba,Liby Umbuzi,,Autre,Maternité Lemberac,hltfac_5F81C92A84
Ituri,Rimba,Liby Umbuzi,,Site Soin Communautaire,Reru,hltfac_EA68042895
Ituri,Rimba,Liby Umbuzi,,Centre de Santé,Umbuzi,hltfac_3CE0C97EAE
Ituri,Rimba,Luga,,Poste de Santé,Dingi,hltfac_67D50B969E
Ituri,Rimba,Luga,,Centre de Santé,Luga,hltfac_B5A71A6B2B
Ituri,Rimba,Luga,,Site Soin Communautaire,Nyawira,hltfac_3E6176E4FB
Ituri,Rimba,Luga,,Site Soin Communautaire,Pamitu,hltfac_A9A5680AEE
Ituri,Rimba,Ngote,,Poste de Santé,Cesadema,hltfac_861216092F
Ituri,Rimba,Ngote,,Hôpital Général de Référence,Ngote,hltfac_A111FDA90A
Ituri,Rimba,Ngote,,Poste de Santé,Pacua,hltfac_4233A22E25
Ituri,Rimba,Ngote,Ngote,Bureau Central de la Zone de Santé,Rimba,hltfac_92A46D7040
Ituri,Rimba,Panyabio,Abaka,Site Soin Communautaire,Abaka,hltfac_A0E31DC788
Ituri,Rimba,Panyabio,,Poste de Santé,Alii Yana,hltfac_4872B5C96D
Ituri,Rimba,Panyabio,,Centre de Santé,Panyabio,hltfac_67FD2B3BAD
Ituri,Rimba,Raa Vache,,Site Soin Communautaire,Jupanyalengi,hltfac_8338789D4B
Ituri,Rimba,Raa Vache,,Centre de Santé,Raa Vache,hltfac_4AD1EC5975
Ituri,Rimba,Rimba,,Centre de Santé de Référence,Rimba,hltfac_057ED25BF1
Ituri,Rimba,Rimba,,Site Soin Communautaire,Zagu,hltfac_BC13DDA752
Ituri,Rimba,Schubert,,Site Soin Communautaire,Mbeli,hltfac_D6E19EE683
Ituri,Rimba,Schubert,,Centre de Santé,Schubert,hltfac_9E3BDED8CA
Ituri,Rimba,Sii,,Centre de Santé,Sii,hltfac_21814C432B
Ituri,Rimba,Ter Ususa,,Centre de Santé,Ter Ususa,hltfac_02F9DD4B6E
Ituri,Rimba,Uguro,,Poste de Santé,Jupawalu,hltfac_9AD63DCC40
Ituri,Rimba,Uguro,,Centre de Santé,Uguro,hltfac_2094913E11
Ituri,Rimba,Uguro,,Site Soin Communautaire,Ungwil,hltfac_7CB784B5AB
Ituri,Rimba,Unyebo,,Poste de Santé,Ulyeko,hltfac_D06C704103
Ituri,Rimba,Unyebo,,Autre,Ulyeko Maternité,hltfac_575FBCB10B
Ituri,Rimba,Unyebo,,Centre de Santé,Unyebo,hltfac_9E68DA9FCB
Ituri,Rimba,Uwilo,,Site Soin Communautaire,Jupakeca,hltfac_F295372FBA
Ituri,Rimba,Uwilo,,Centre de Santé,Uwilo,hltfac_10E56511CC
Ituri,Rimba,Uwiro Pedha,,Centre de Santé,Uwiro Pedha,hltfac_DEAE08AB7F
Ituri,Rimba,Vida,,Site Soin Communautaire,Nyekese,hltfac_A29022594F
Ituri,Rimba,Vida,,Centre de Santé,Vida,hltfac_CCC53F2B53
Ituri,Rimba,Zavi,,Centre de Santé,Zavi,hltfac_4B7BBEA99C
Ituri,Rwampara,Balazana,,Centre de Santé,Balazana,hltfac_743E190DF9
Ituri,Rwampara,Bayhana,,Centre de Santé,Bayhana,hltfac_593C87A5E7
Ituri,Rwampara,Bogoro,,Centre de Santé,Bogoro,hltfac_D356F52789
Ituri,Rwampara,Dele,,Poste de Santé,A Dieu La Gloire,hltfac_36BDEDCAC4
Ituri,Rwampara,Dele,,Centre de Santé,Dele,hltfac_9506BD23F1
Ituri,Rwampara,Dele,,Poste de Santé,Gracia Kasinga,hltfac_C032C229A5
Ituri,Rwampara,Dele,,Poste de Santé,Mentale,hltfac_9C8EB6B1C0
Ituri,Rwampara,Dele,,Poste de Santé,Nyakeru,hltfac_2FB541AE44
Ituri,Rwampara,Dele,,Centre de Santé,Nyakeru,hltfac_C888239CCE
Ituri,Rwampara,Dele,,Poste de Santé,Pour Tous,hltfac_1ACC31B3D9
Ituri,Rwampara,Hoho,,Poste de Santé,A Dieu La Gloire,hltfac_BC700D58A9
Ituri,Rwampara,Hoho,,Poste de Santé,Amani,hltfac_04DAA68F1C
Ituri,Rwampara,Hoho,,Autre,Apatuna Tunza,hltfac_3A394562E2
Ituri,Rwampara,Hoho,,Poste de Santé,Bon Samaritain,hltfac_330AB31EBA
Ituri,Rwampara,Hoho,,Poste de Santé,Bondeko,hltfac_2E6E025424
Ituri,Rwampara,Hoho,,Clinique,Bondeko,hltfac_0CE04D610F
Ituri,Rwampara,Hoho,,Centre Médical,Bunia Nyankude,hltfac_A51D771DDE
Ituri,Rwampara,Hoho,,Centre Hopitalier,Ch Salama,hltfac_20DF1DB402
Ituri,Rwampara,Hoho,,Poste de Santé,Dieu Le Seul Vrai M Δdecin,hltfac_F2E63E9279
Ituri,Rwampara,Hoho,,Poste de Santé,Don Dieu,hltfac_A051CE23E3
Ituri,Rwampara,Hoho,,Centre Médical,Evangelique,hltfac_25CEE3FACE
Ituri,Rwampara,Hoho,,Poste de Santé,Faraja,hltfac_81160E5026
Ituri,Rwampara,Hoho,,Poste de Santé,Gloria,hltfac_7FF99B6CD1
Ituri,Rwampara,Hoho,,Centre de Santé,Hoho,hltfac_375F845914
Ituri,Rwampara,Hoho,,Poste de Santé,La Charite,hltfac_6FBB24C730
Ituri,Rwampara,Hoho,,Poste de Santé,La Reconnaisance,hltfac_4981BE58AD
Ituri,Rwampara,Hoho,,Clinique,La Reconnaissance,hltfac_911D086099
Ituri,Rwampara,Hoho,,Dispensaire,Lobiko,hltfac_88F9E8182D
Ituri,Rwampara,Hoho,,Clinique,Salama,hltfac_B7D9B9F14B
Ituri,Rwampara,Hoho,,Poste de Santé,Tokobika,hltfac_398F6EC1B8
Ituri,Rwampara,Hoho,,Poste de Santé,Uzima Tele,hltfac_3DBF2905FA
Ituri,Rwampara,Kabarole,,Centre de Santé,Kabarole,hltfac_317A58916E
Ituri,Rwampara,Kabarole,,Site Soin Communautaire,Obhe,hltfac_4912809FEA
Ituri,Rwampara,Kunda,,Centre de Santé,Kunda,hltfac_6C71AE8461
Ituri,Rwampara,Lengabo,,Poste de Santé,Agape,hltfac_008868747A
Ituri,Rwampara,Lengabo,,Poste de Santé,Baraka,hltfac_ED25C25E43
Ituri,Rwampara,Lengabo,,Poste de Santé,Bethesaida,hltfac_2DE08A1D11
Ituri,Rwampara,Lengabo,,Centre Médical,Ceca 20,hltfac_95A4873D3D
Ituri,Rwampara,Lengabo,,Poste de Santé,Espoir,hltfac_55835C9F0C
Ituri,Rwampara,Lengabo,,Poste de Santé,La Grace Divine,hltfac_64A3EF0D73
Ituri,Rwampara,Lengabo,,Centre de Santé,Lengabo,hltfac_A523223650
Ituri,Rwampara,Lengabo,,Poste de Santé,Tuliza,hltfac_D1B8522217
Ituri,Rwampara,Mwanga,,Centre de Santé,Mwanga,hltfac_A9C0EF687A
Ituri,Rwampara,Ntoma,,Centre de Santé,Ntoma,hltfac_B01FA9C01D
Ituri,Rwampara,Rwampara,,Dispensaire,Chabusiku,hltfac_4D0AD59774
Ituri,Rwampara,Rwampara,Rwampara,Bureau Central de la Zone de Santé,Rwampara,hltfac_65D389D384
Ituri,Rwampara,Rwampara,,Centre de Santé,Rwampara,hltfac_BDE006ABA1
Ituri,Rwampara,Rwampara,,Hôpital Général de Référence,Rwampara,hltfac_B1CFCD8270
Ituri,Rwampara,Shari,,Clinique,Espoir,hltfac_D6387FC39A
Ituri,Rwampara,Shari,,Centre de Santé,Shari,hltfac_A237B98277
Ituri,Rwampara,Shari,,Poste de Santé,Uponyadji,hltfac_6C089FB99B
Ituri,Rwampara,Walu,,Centre de Santé,Walu,hltfac_8F382C9110
Ituri,Tchomia,Gbii,,Centre de Santé,Gbii,hltfac_93601BAC0A
Ituri,Tchomia,Joo,,Centre de Santé,Joo,hltfac_11D4D1E92F
Ituri,Tchomia,Kakwa,,Centre de Santé,Kakwa,hltfac_BA3880F4DD
Ituri,Tchomia,Kakwa,,Site Soin Communautaire,Kakwa,hltfac_E97C2BE2C2
Ituri,Tchomia,Kakwa,,Site Soin Communautaire,Soba,hltfac_51464B1BF6
Ituri,Tchomia,Kasenyi Centre,,Poste de Santé,Evangelique Kasenyi,hltfac_542565F7F8
Ituri,Tchomia,Kasenyi Centre,,Centre de Santé,Kasenyi Centre,hltfac_4943AB6617
Ituri,Tchomia,Kasenyi Centre,,Poste de Santé,Muhiwa,hltfac_32841A4B2D
Ituri,Tchomia,Kasenyi Cité,,Poste de Santé,Dom,hltfac_8A010D9D3D
Ituri,Tchomia,Kasenyi Cité,,Centre de Santé de Référence,Kasenyi,hltfac_153F1C3307
Ituri,Tchomia,Kasenyi Cité,,Centre de Santé,Kasenyi Cité,hltfac_7DC9A1D693
Ituri,Tchomia,Kasenyi Cité,,Site Soin Communautaire,Ndrigi 2,hltfac_903FB10EED
Ituri,Tchomia,Kasenyi Cité,,Poste de Santé,Tujenge,hltfac_1B772E3501
Ituri,Tchomia,Kasenyi Cité,,Site Soin Communautaire,Zambilite,hltfac_30B7B88A7B
Ituri,Tchomia,Kikoga,,Centre de Santé,Kikoga,hltfac_047623AA76
Ituri,Tchomia,Nana,,Centre de Santé,Nana,hltfac_9674C4EEAC
Ituri,Tchomia,Nyamamba,,Site Soin Communautaire,Datule,hltfac_7160969EF0
Ituri,Tchomia,Nyamamba,,Centre de Santé,Nyamamba,hltfac_6A601F6BE1
Ituri,Tchomia,Nyamamba,,Poste de Santé,Umoja,hltfac_D9E4E8462F
Ituri,Tchomia,Nyamamba,,Site Soin Communautaire,Zingiliera,hltfac_9E19FDB957
Ituri,Tchomia,Nyamavi,,Poste de Santé,Kalyabugongo,hltfac_CF6C90D22E
Ituri,Tchomia,Nyamavi,,Centre de Santé,Nyamavi,hltfac_D70B50F8E6
Ituri,Tchomia,Nyamavi,,Poste de Santé,Salama,hltfac_7770A38255
Ituri,Tchomia,Nyamusasi,,Site Soin Communautaire,Kikoga,hltfac_205E018075
Ituri,Tchomia,Nyamusasi,,Site Soin Communautaire,Mbetchi,hltfac_CF75DC444D
Ituri,Tchomia,Nyamusasi,,Centre de Santé,Nyamusasi,hltfac_62CE14D2F3
Ituri,Tchomia,Sabe,,Poste de Santé,Amani,hltfac_A56EC519D7
Ituri,Tchomia,Sabe,,Site Soin Communautaire,Fichama,hltfac_A58F829EC2
Ituri,Tchomia,Sabe,,Site Soin Communautaire,Landa,hltfac_30C424335C
Ituri,Tchomia,Sabe,,Site Soin Communautaire,Nyare,hltfac_30D093389C
Ituri,Tchomia,Sabe,,Centre de Santé,Sabe,hltfac_5D0D421E88
Ituri,Tchomia,Tchomia,,Poste de Santé,Du Lac,hltfac_A6C926B541
Ituri,Tchomia,Tchomia,Engavu,Bureau Central de la Zone de Santé,Tchomia,hltfac_378D094CBA
Ituri,Tchomia,Tchomia,,Centre de Santé,Tchomia,hltfac_6BDC5828D6
Ituri,Tchomia,Tchomia,,Hôpital Général de Référence,Tchomia,hltfac_3842DBE665
Ituri,Tchomia,Torges,,Centre de Santé,Torgues,hltfac_B8002EFF57
Nord-Kivu,Alimbongo,Alimbongo,,Bureau Central de la Zone de Santé,Alimbongo,WHO_Ebola_5D5A93B825
Nord-Kivu,Alimbongo,Alimbongo,,Hôpital Général de Référence,Alimbongo,DHIS2_8A80B9407D
Nord-Kivu,Alimbongo,Alimbongo,,Centre de Santé,Alimbongo,Acasus_2BB7181DFC
Nord-Kivu,Alimbongo,Alimbongo,,Poste de Santé,Isangya,WHO_Ebola_B30D227752
Nord-Kivu,Alimbongo,Alimbongo,,Poste de Santé,Mambasa,DHIS2_2FBCEF1D51
Nord-Kivu,Alimbongo,Alimbongo,,Poste de Santé,Ngote,WHO_Ebola_77D3A76CF1
Nord-Kivu,Alimbongo,Bingi,,Poste de Santé,Afya Njema,WHO_Ebola_1087FB1901
Nord-Kivu,Alimbongo,Bingi,,Centre de Santé,Bingi,Acasus_35656A37E0
Nord-Kivu,Alimbongo,Bingi,,Centre de Santé de Référence,Bingi,DHIS2_4590136234
Nord-Kivu,Alimbongo,Bingi,,Centre de Santé,Bwatsinge,WHO_Ebola_5F8AB7ABFF
Nord-Kivu,Alimbongo,Bunyatenge,,Centre de Santé,Bunyatenge,Acasus_93C2371E43
Nord-Kivu,Alimbongo,Bunyatenge,,Poste de Santé,Cbca Bunyatenge,WHO_Ebola_47CEB9EE40
Nord-Kivu,Alimbongo,Bunyatenge,,Centre Hopitalier,Muhanga,WHO_Ebola_A321169DF6
Nord-Kivu,Alimbongo,Caritas Kaseghe,,Centre de Santé,Caritas Kaseghe,Acasus_D4BB393147
Nord-Kivu,Alimbongo,Caritas Kaseghe,,Poste de Santé,Kakuto,WHO_Ebola_D3E03A90AE
Nord-Kivu,Alimbongo,Caritas Kaseghe,,Poste de Santé,Mughote,WHO_Ebola_A1CE829DF0
Nord-Kivu,Alimbongo,Caritas Kaseghe,,Poste de Santé,Mughothe 1,WHO_Ebola_752CEE09A4
Nord-Kivu,Alimbongo,Itundwe,,Poste de Santé,Itundwe,WHO_Ebola_65C69F0ED7
Nord-Kivu,Alimbongo,Kalimba,,Centre de Santé,Kalimba,Acasus_545BE19F65
Nord-Kivu,Alimbongo,Kalimba,,Poste de Santé,Kinyatsi,WHO_Ebola_28DD998265
Nord-Kivu,Alimbongo,Kalungu,,Poste de Santé,Handicapet,WHO_Ebola_7F2CAC0383
Nord-Kivu,Alimbongo,Kalungu,,Centre de Santé,Kalungu,Acasus_A48C58CD42
Nord-Kivu,Alimbongo,Kalungu,,Hôpital Général de Référence,Kalunguta,DHIS2_33BD0ACEAB
Nord-Kivu,Alimbongo,Kalungu,,Poste de Santé,Mbalo,WHO_Ebola_0AE5669CCB
Nord-Kivu,Alimbongo,Kalungu,,Poste de Santé,Tulizeni,WHO_Ebola_A849774BF1
Nord-Kivu,Alimbongo,Kaseghe CBCA,,Centre de Santé,Kaseghe Cbca,Acasus_306F12D95E
Nord-Kivu,Alimbongo,Kasingiri,,Poste de Santé,Kalonge,WHO_Ebola_33E5509CCF
Nord-Kivu,Alimbongo,Kasingiri,,Poste de Santé,Kanyatsi,WHO_Ebola_745F77894B
Nord-Kivu,Alimbongo,Kasingiri,,Centre de Santé,Kasingiri,Acasus_DFCB41E24C
Nord-Kivu,Alimbongo,Kikyo,,Poste de Santé,La Guerison,WHO_Ebola_B5AD8C864A
Nord-Kivu,Alimbongo,Kikyo,,Poste de Santé,La Victoire 1,WHO_Ebola_2802787470
Nord-Kivu,Alimbongo,Kilonge,,Centre de Santé,Kilonge,Acasus_59870AF362
Nord-Kivu,Alimbongo,Kilonge,,Poste de Santé,Vusanga,DHIS2_0C21FC7CC8
Nord-Kivu,Alimbongo,Kiribata,,Poste de Santé,Kilalyo,WHO_Ebola_E6221D2712
Nord-Kivu,Alimbongo,Kiribata,,Centre de Santé,Kiribata,Acasus_4F21618F33
Nord-Kivu,Alimbongo,Kitsombiro,,Poste de Santé,Kamahula,WHO_Ebola_D6B6F04C57
Nord-Kivu,Alimbongo,Kitsombiro,,Poste de Santé,Kavisire,WHO_Ebola_06A3EC98A3
Nord-Kivu,Alimbongo,Kitsombiro,,Centre de Santé,Kitsombiro,Acasus_FD6F32850B
Nord-Kivu,Alimbongo,Kitsombiro,,Centre de Santé de Référence,Kitsombiro,DHIS2_5EFF118184
Nord-Kivu,Alimbongo,Kyambali,,Poste de Santé,Ngote,DHIS2_9BD73BCB3A
Nord-Kivu,Alimbongo,Lubango,,Poste de Santé,Croix Rouge Lubango,WHO_Ebola_E3DB79F586
Nord-Kivu,Alimbongo,Lubango,,Poste de Santé,Kyanzoghu,DHIS2_D78E06C7C0
Nord-Kivu,Alimbongo,Lubango,,Centre de Santé,Lubango,Acasus_9CE8C585CE
Nord-Kivu,Alimbongo,Lunyasenge,,Poste de Santé,Amani Mbirizi,WHO_Ebola_6A6AA62F83
Nord-Kivu,Alimbongo,Lunyasenge,,Centre de Santé,Lunyasenge,Acasus_28679010E3
Nord-Kivu,Alimbongo,Lunyasenge,,Centre de Santé de Référence,Lunyatenge,WHO_Ebola_D453CB10E8
Nord-Kivu,Alimbongo,Lunyasenge,,Poste de Santé,Muyimbo,WHO_Ebola_80CFB37800
Nord-Kivu,Alimbongo,Luseke,,Poste de Santé,Kyaramba,WHO_Ebola_5652FF9DD7
Nord-Kivu,Alimbongo,Luseke,,Centre de Santé,Luseke,Acasus_34001B5BCF
Nord-Kivu,Alimbongo,Masika,,Centre de Santé,Masika,Acasus_DEEAD81CDB
Nord-Kivu,Alimbongo,Matembe,,Poste de Santé,Kilitolito,WHO_Ebola_E92B5C8EEF
Nord-Kivu,Alimbongo,Matembe,,Poste de Santé,Matembe,WHO_Ebola_6D83E01AE4
Nord-Kivu,Alimbongo,Matembe,,Centre de Santé,Matembe,Acasus_76C7B38182
Nord-Kivu,Alimbongo,Ndoluma,,Poste de Santé,Klanyambi,WHO_Ebola_E734533B88
Nord-Kivu,Alimbongo,Ndoluma,,Poste de Santé,Mutongo,WHO_Ebola_F33C76E21C
Nord-Kivu,Alimbongo,Ndoluma,,Centre de Santé,Ndoluma,Acasus_71662797EF
Nord-Kivu,Alimbongo,Ngekeni,,Centre de Santé,Ngekeni,Acasus_41584B7270
Nord-Kivu,Alimbongo,Taliha,,Centre de Santé,Taliha,Acasus_752A66D1FC
Nord-Kivu,Alimbongo,Vutsorovia,,Poste de Santé,Luveve,WHO_Ebola_C8B497428A
Nord-Kivu,Alimbongo,Vutsorovia,,Poste de Santé,Muyisa Kyulo,WHO_Ebola_E10A7D1871
Nord-Kivu,Alimbongo,Vutsorovia,,Centre de Santé,Vutsorovia,Acasus_5F14769C40
Nord-Kivu,Bambo,Butare,,Centre de Santé,Butare,Acasus_DF03AE45F2
Nord-Kivu,Bambo,Butare,,Bureau Central de la Zone de Santé,Rwanguba,WHO_Ebola_C0AD433688
Nord-Kivu,Bambo,CBCA Bambo,,Centre de Santé,Cbca Bambo,Acasus_8B9F3EE56C
Nord-Kivu,Bambo,CEBCE Bambo,,Centre de Santé,Cebce Bambo,DHIS2_B1A8D98379
Nord-Kivu,Bambo,CEBCE Bambo,,Poste de Santé,Rebero,Acasus_CB6868888A
Nord-Kivu,Bambo,Faraja,,Centre de Santé,Faraja,Acasus_1C2F4B9D52
Nord-Kivu,Bambo,Kabizo,,Centre de Santé,Kabizo,Acasus_4D0CA5815D
Nord-Kivu,Bambo,Kamena,,Centre de Santé,Kamena,Acasus_3192F25997
Nord-Kivu,Bambo,Kirumba,,Centre de Santé,Kirumba,Acasus_7A41567527
Nord-Kivu,Bambo,Kishishe,,Centre de Santé,Kishishe,Acasus_BC063BCA50
Nord-Kivu,Bambo,Marangara,,Centre de Santé,Marangara,Acasus_13905BA372
Nord-Kivu,Bambo,Mushababwe,,Centre de Santé,Mushababwe,Acasus_4CC8C394E1
Nord-Kivu,Bambo,Rebero,,Centre de Santé,Rebero,Acasus_FF4AF6B506
Nord-Kivu,Bambo,Rushovu,,Centre de Santé,Rushovu,Acasus_23976605CA
Nord-Kivu,Bambo,Tongo,,Centre de Santé,Tongo,Acasus_6C113C6DC8
Nord-Kivu,Beni,Benengule,,Dispensaire,Matumaini,WHO_Ebola_50EB0B859E
Nord-Kivu,Beni,Benengule,,Dispensaire,Salama 2,WHO_Ebola_1104106914
Nord-Kivu,Beni,Benengule,,Centre Médical,Shamamba,WHO_Ebola_8EA2BE4A9C
Nord-Kivu,Beni,Benengule,,Dispensaire,Sikujuwa,WHO_Ebola_86A595A8EB
Nord-Kivu,Beni,Boikene,,Dispensaire,Adra,WHO_Ebola_75C50F7F2D
Nord-Kivu,Beni,Boikene,,Centre de Santé,Boikene,Acasus_71C2020E77
Nord-Kivu,Beni,Boikene,,Poste de Santé,Ceca 20 Ngadi,WHO_Ebola_4BC95921D4
Nord-Kivu,Beni,Boikene,,Centre Médical,Fovad,WHO_Ebola_3F5342B472
Nord-Kivu,Beni,Boikene,,Dispensaire,Gloire Dieu,WHO_Ebola_7326495722
Nord-Kivu,Beni,Boikene,,Poste de Santé,Jardin Fleurs,WHO_Ebola_08735A816F
Nord-Kivu,Beni,Boikene,,Dispensaire,Jehovah Rapha,WHO_Ebola_0B293B4340
Nord-Kivu,Beni,Boikene,,Dispensaire,L'Espoir 1,WHO_Ebola_E5F23F8767
Nord-Kivu,Beni,Boikene,,Centre Médical,Rohi,WHO_Ebola_8198C9BB27
Nord-Kivu,Beni,Boikene,,Dispensaire,Tunzo Bora,WHO_Ebola_40C5E500DF
Nord-Kivu,Beni,Bundji,,Dispensaire,Bonne,WHO_Ebola_DC0B8CF385
Nord-Kivu,Beni,Bundji,,Centre de Santé,Bundji,Acasus_3348B43804
Nord-Kivu,Beni,Bundji,,Dispensaire,Caphy,WHO_Ebola_DEEE5EDA7D
Nord-Kivu,Beni,Bundji,,Dispensaire,Goshen,WHO_Ebola_B683AB9899
Nord-Kivu,Beni,Bundji,,Dispensaire,Heshimu Dawa,WHO_Ebola_2093907CB8
Nord-Kivu,Beni,Bundji,,Dispensaire,Imani Yako,WHO_Ebola_479C943C60
Nord-Kivu,Beni,Bundji,,Dispensaire,Maison Secours,WHO_Ebola_4A02E23CCF
Nord-Kivu,Beni,Bundji,,Centre de Santé,Mambango,WHO_Ebola_E65040CA2A
Nord-Kivu,Beni,Bundji,,Dispensaire,Mapendo 2,WHO_Ebola_DDC106F13E
Nord-Kivu,Beni,Bundji,,Dispensaire,Ngandilama 1,WHO_Ebola_62A9DA0A4D
Nord-Kivu,Beni,Bundji,,Centre de Santé,Pasisi,WHO_Ebola_9B809E7ED3
Nord-Kivu,Beni,Butanuka,,Centre de Santé,Butanuka,Acasus_6B75C32F19
Nord-Kivu,Beni,Butanuka,,Dispensaire,Ekerayetu,WHO_Ebola_B5C97D798A
Nord-Kivu,Beni,Butanuka,,Dispensaire,La Bienheureuse,WHO_Ebola_F3A2DFBFD4
Nord-Kivu,Beni,Butanuka,,Dispensaire,La Charmante,WHO_Ebola_4C3CD511E6
Nord-Kivu,Beni,Butanuka,,Dispensaire,La Victoire,WHO_Ebola_3B069389C1
Nord-Kivu,Beni,Butanuka,,Clinique,Les Bernardins,WHO_Ebola_C2489BF899
Nord-Kivu,Beni,Butsili,,Dispensaire,Acoopadea,WHO_Ebola_026021B876
Nord-Kivu,Beni,Butsili,,Dispensaire,Alice,WHO_Ebola_D8FF13084B
Nord-Kivu,Beni,Butsili,,Dispensaire,Amani,WHO_Ebola_64C512485F
Nord-Kivu,Beni,Butsili,,Centre Médical,Bethel,WHO_Ebola_0CFE2C3741
Nord-Kivu,Beni,Butsili,,Dispensaire,Boramaisha,WHO_Ebola_B279469A66
Nord-Kivu,Beni,Butsili,,Centre de Santé,Butsili,Acasus_F70F2421F6
Nord-Kivu,Beni,Butsili,,Poste de Santé,Cp Mentale Muyisa,WHO_Ebola_8454ADCD49
Nord-Kivu,Beni,Butsili,,Poste de Santé,Imani Utapona,WHO_Ebola_50BB5A2EB0
Nord-Kivu,Beni,Butsili,,Clinique,Istm,WHO_Ebola_7E8DC55661
Nord-Kivu,Beni,Butsili,,Dispensaire,Jerusaleme,WHO_Ebola_1AC33AC155
Nord-Kivu,Beni,Butsili,,Dispensaire,Kyondo,WHO_Ebola_04988638A5
Nord-Kivu,Beni,Butsili,,Dispensaire,La Patience,WHO_Ebola_D34A4BD636
Nord-Kivu,Beni,Butsili,,Dispensaire,La Providence,WHO_Ebola_93BF510B27
Nord-Kivu,Beni,Butsili,,Dispensaire,Labo Asifiwe,WHO_Ebola_30A45B6D53
Nord-Kivu,Beni,Butsili,,Dispensaire,Labo Duviac,WHO_Ebola_7C54535310
Nord-Kivu,Beni,Butsili,,Dispensaire,Labo Kwibeng,WHO_Ebola_FA997E54D0
Nord-Kivu,Beni,Butsili,,Dispensaire,Labo Medimonraph,WHO_Ebola_9D7DC2D3BF
Nord-Kivu,Beni,Butsili,,Dispensaire,Lamamba,WHO_Ebola_1FD1D6BF89
Nord-Kivu,Beni,Butsili,,Dispensaire,Mapendo,WHO_Ebola_B99773FCC9
Nord-Kivu,Beni,Butsili,,Centre Médical,Mapendo,WHO_Ebola_1A74D78559
Nord-Kivu,Beni,Butsili,,Dispensaire,Mema,WHO_Ebola_AE5A5B4B50
Nord-Kivu,Beni,Butsili,,Poste de Santé,Patrick,WHO_Ebola_2A1C7D3EEC
Nord-Kivu,Beni,Butsili,,Dispensaire,Saint Thomas,WHO_Ebola_C331237B49
Nord-Kivu,Beni,Butsili,,Dispensaire,Sausi,WHO_Ebola_F0629004D0
Nord-Kivu,Beni,Butsili,,Dispensaire,Tumaini,WHO_Ebola_BA1853AE24
Nord-Kivu,Beni,Kanzulinzuli,,Dispensaire,Alpha,WHO_Ebola_AFAE29A638
Nord-Kivu,Beni,Kanzulinzuli,,Centre Médical,Belle Vie,WHO_Ebola_9203C53F22
Nord-Kivu,Beni,Kanzulinzuli,,Hôpital Général de Référence,Beni,DHIS2_8BADE21B47
Nord-Kivu,Beni,Kanzulinzuli,,Centre Médical,Beni,WHO_Ebola_46FA5D8978
Nord-Kivu,Beni,Kanzulinzuli,,Poste de Santé,Buseru,WHO_Ebola_C4DAF919E4
Nord-Kivu,Beni,Kanzulinzuli,,Centre Médical,Heri Kwetu,WHO_Ebola_9609B1C4DF
Nord-Kivu,Beni,Kanzulinzuli,,Clinique,Jades,WHO_Ebola_2E2F14F86D
Nord-Kivu,Beni,Kanzulinzuli,,Centre Hopitalier,Kalunga Makuha,WHO_Ebola_4B4F6B1C0C
Nord-Kivu,Beni,Kanzulinzuli,,Centre de Santé,Kanzulinzuli,Acasus_F38274E479
Nord-Kivu,Beni,Kanzulinzuli,,Dispensaire,La Gloire,WHO_Ebola_D6810A1813
Nord-Kivu,Beni,Kanzulinzuli,,Centre Médical,Lajoie,WHO_Ebola_2F0B710724
Nord-Kivu,Beni,Kanzulinzuli,,Autre,Morgue Beni,WHO_Ebola_D5A78BA746
Nord-Kivu,Beni,Kanzulinzuli,,Dispensaire,Neno Mazuri,WHO_Ebola_981387E1BF
Nord-Kivu,Beni,Kanzulinzuli,,Dispensaire,Onc,WHO_Ebola_43C5202580
Nord-Kivu,Beni,Kanzulinzuli,,Dispensaire,Pnc,WHO_Ebola_B0B5E5493A
Nord-Kivu,Beni,Kanzulinzuli,,Dispensaire,Saint Aracanges,WHO_Ebola_71931BF8C1
Nord-Kivu,Beni,Kanzulinzuli,,Dispensaire,Tumaini Letu,WHO_Ebola_2CEA4B3466
Nord-Kivu,Beni,Kanzulinzuli,,Dispensaire,Tusongembele,WHO_Ebola_C45F527BD0
Nord-Kivu,Beni,Kanzulinzuli,,Clinique,Universelle,WHO_Ebola_5A877F2554
Nord-Kivu,Beni,Kasabinyole,,Centre de Santé,Africaine,WHO_Ebola_D90868B1ED
Nord-Kivu,Beni,Kasabinyole,,Clinique,Comusat,WHO_Ebola_247CF6C8BE
Nord-Kivu,Beni,Kasabinyole,,Centre Médical,Kabwa,WHO_Ebola_D7A25AE105
Nord-Kivu,Beni,Kasabinyole,,Centre de Santé,Kasabinyole,Acasus_7D46912F4C
Nord-Kivu,Beni,Kasabinyole,,Clinique,L'Esperance,WHO_Ebola_6E6C7DE160
Nord-Kivu,Beni,Kasabinyole,,Clinique,Lidefau,WHO_Ebola_591353E500
Nord-Kivu,Beni,Kasabinyole,,Dispensaire,Lwanzo,WHO_Ebola_E15034E7A5
Nord-Kivu,Beni,Kasabinyole,,Centre Médical,Rwenzori,Acasus_7D8EC632C3
Nord-Kivu,Beni,Kasabinyole,,Centre Médical,Saint Andre,WHO_Ebola_13D6823363
Nord-Kivu,Beni,Kasabinyole,,Centre Médical,Tuungane,WHO_Ebola_8C2F1C5093
Nord-Kivu,Beni,Kasanga,,Dispensaire,Baraka,WHO_Ebola_11D879D58A
Nord-Kivu,Beni,Kasanga,,Centre de Santé,Cp Ceresame,WHO_Ebola_A373F993CC
Nord-Kivu,Beni,Kasanga,,Dispensaire,Esperence,WHO_Ebola_295F60B922
Nord-Kivu,Beni,Kasanga,,Clinique,Faraja,WHO_Ebola_68FFB9A5C4
Nord-Kivu,Beni,Kasanga,,Dispensaire,Horizon,WHO_Ebola_BE3E3A6539
Nord-Kivu,Beni,Kasanga,,Centre de Santé,Kasanga,Acasus_7517EA4AAD
Nord-Kivu,Beni,Kasanga,,Dispensaire,Kingamwili,WHO_Ebola_244C94557B
Nord-Kivu,Beni,Kasanga,,Dispensaire,La Modestie,WHO_Ebola_E50A403B11
Nord-Kivu,Beni,Kasanga,,Dispensaire,Mbokani,WHO_Ebola_0847D26BA0
Nord-Kivu,Beni,Kasanga,,Poste de Santé,Mungu Mponyaji,WHO_Ebola_9A47C8ADE1
Nord-Kivu,Beni,Kasanga,,Dispensaire,Mwamba Imara,WHO_Ebola_1420A696C6
Nord-Kivu,Beni,Kasanga,,Poste de Santé,Siyoni,WHO_Ebola_566219A8B2
Nord-Kivu,Beni,Kasanga,,Clinique,Utulivu,WHO_Ebola_66D3032B5F
Nord-Kivu,Beni,Kuka,,Centre de Santé,Kuka,Acasus_60BB0231C6
Nord-Kivu,Beni,Mabakanga,,Centre Hopitalier,Carl Becker,DHIS2_9CAE70602F
Nord-Kivu,Beni,Mabakanga,,Centre Médical,Gracia,WHO_Ebola_F163710522
Nord-Kivu,Beni,Mabakanga,,Centre Médical,La Breche,WHO_Ebola_3F3A0589B2
Nord-Kivu,Beni,Mabakanga,,Centre de Santé,Mabakanga,Acasus_4C906BCF8A
Nord-Kivu,Beni,Mabakanga,,Centre de Santé,Musavuli,WHO_Ebola_810A76A7CB
Nord-Kivu,Beni,Mabakanga,,Centre de Santé,Pour Tous,WHO_Ebola_FCEA31EDF4
Nord-Kivu,Beni,Mabakanga,,Centre Médical,Tulizeni,WHO_Ebola_88E797A62B
Nord-Kivu,Beni,Mabolio,,Centre Médical,Borauzima,WHO_Ebola_639C9B3E32
Nord-Kivu,Beni,Mabolio,,Dispensaire,Etoile Matin,WHO_Ebola_437869112F
Nord-Kivu,Beni,Mabolio,,Dispensaire,La Fraternite,WHO_Ebola_0CB4182B36
Nord-Kivu,Beni,Mabolio,,Centre de Santé,Mabolio,Acasus_52FF732C73
Nord-Kivu,Beni,Mabolio,,Clinique,Main Dieu,WHO_Ebola_65F8904977
Nord-Kivu,Beni,Mabolio,,Dispensaire,Mulamo 3,WHO_Ebola_E6CFAD22A8
Nord-Kivu,Beni,Mabolio,,Clinique,Shalom,WHO_Ebola_557ABBD48C
Nord-Kivu,Beni,Mabolio,,Centre Médical,Tuungane,WHO_Ebola_AEC8EA6F87
Nord-Kivu,Beni,Madrandele,,Poste de Santé,Afia Nimali,WHO_Ebola_72CFCAE17E
Nord-Kivu,Beni,Madrandele,,Centre Médical,Cestramo Dawa Yetu,WHO_Ebola_984590A986
Nord-Kivu,Beni,Madrandele,,Centre Médical,Gabaon,WHO_Ebola_AA52747185
Nord-Kivu,Beni,Madrandele,,Clinique,Igl,WHO_Ebola_190DA208F9
Nord-Kivu,Beni,Madrandele,,Dispensaire,Imani Kwa Yesu,WHO_Ebola_C8852AC31D
Nord-Kivu,Beni,Madrandele,,Dispensaire,Kalinda,WHO_Ebola_D8F2CF286B
Nord-Kivu,Beni,Madrandele,,Dispensaire,La Patience,WHO_Ebola_2439FCE8C9
Nord-Kivu,Beni,Madrandele,,Dispensaire,Labo Biomedical La Providence,WHO_Ebola_2FE5E43506
Nord-Kivu,Beni,Madrandele,,Dispensaire,Labo Craprmn,WHO_Ebola_5AEEC1BD67
Nord-Kivu,Beni,Madrandele,,Centre Hopitalier,Lakarmission,WHO_Ebola_2B6DAEC1D5
Nord-Kivu,Beni,Madrandele,,Centre Médical,Le Courriel International,WHO_Ebola_13D7963BF8
Nord-Kivu,Beni,Madrandele,,Centre Médical,Luzayi 2,WHO_Ebola_75D0F946F0
Nord-Kivu,Beni,Madrandele,,Centre de Santé,Madrandele,Acasus_659FA4DF10
Nord-Kivu,Beni,Madrandele,,Dispensaire,Mai 2,WHO_Ebola_DBC7443576
Nord-Kivu,Beni,Madrandele,,Dispensaire,Mulamo 1,WHO_Ebola_FB4D003F69
Nord-Kivu,Beni,Madrandele,,Dispensaire,Muyisa,WHO_Ebola_2E71103A8F
Nord-Kivu,Beni,Madrandele,,Dispensaire,Pima Sssp,WHO_Ebola_CD91F883B3
Nord-Kivu,Beni,Madrandele,,Clinique,Siloe,WHO_Ebola_A5239922D0
Nord-Kivu,Beni,Madrandele,,Clinique,Tumaini Letu,WHO_Ebola_AEFDA3A62D
Nord-Kivu,Beni,Malepe,,Clinique,A Dieu La Gloire,WHO_Ebola_D3B7CB6238
Nord-Kivu,Beni,Malepe,,Poste de Santé,Ceca 20 Malepe,WHO_Ebola_822583066B
Nord-Kivu,Beni,Malepe,,Centre Hopitalier,Cp Universitaire Catholique,WHO_Ebola_A927830707
Nord-Kivu,Beni,Malepe,,Dispensaire,Faraja 2,WHO_Ebola_8B7FDC020A
Nord-Kivu,Beni,Malepe,,Dispensaire,Hodari,WHO_Ebola_75A7205049
Nord-Kivu,Beni,Malepe,,Clinique,Imagerie,WHO_Ebola_6D78E69940
Nord-Kivu,Beni,Malepe,,Centre Hopitalier,L'Unite,WHO_Ebola_9DB4939E17
Nord-Kivu,Beni,Malepe,,Centre Hopitalier,La Gazele,WHO_Ebola_2726D6B9A0
Nord-Kivu,Beni,Malepe,,Centre Médical,Luzayi 1,WHO_Ebola_BE4C25E144
Nord-Kivu,Beni,Malepe,,Centre de Santé,Malepe,Acasus_52489BD2D3
Nord-Kivu,Beni,Malepe,,Centre Médical,Nyakunde,WHO_Ebola_2AF08DD7B6
Nord-Kivu,Beni,Malepe,,Centre de Santé,Plus,WHO_Ebola_4CCDB8D93D
Nord-Kivu,Beni,Mangothe,,Dispensaire,Halome,WHO_Ebola_9720286058
Nord-Kivu,Beni,Mangothe,,Dispensaire,Imara,WHO_Ebola_601B975939
Nord-Kivu,Beni,Mangothe,,Dispensaire,La Grace,WHO_Ebola_CCF01776D0
Nord-Kivu,Beni,Mangothe,,Dispensaire,Lukogho,WHO_Ebola_69771733CE
Nord-Kivu,Beni,Mangothe,,Centre de Santé,Mangothe,Acasus_5E82854F6E
Nord-Kivu,Beni,Mangothe,,Dispensaire,Mulamo,WHO_Ebola_16B0936B41
Nord-Kivu,Beni,Mangothe,,Dispensaire,Ngandilama,WHO_Ebola_94DEBC0CFD
Nord-Kivu,Beni,Mukulya,,Dispensaire,Esco Kvu,WHO_Ebola_5036FE2D5A
Nord-Kivu,Beni,Mukulya,,Dispensaire,Imani Ni Dawa,WHO_Ebola_CAA32BBF52
Nord-Kivu,Beni,Mukulya,,Clinique,La Main Dieu,WHO_Ebola_FC8C2011E8
Nord-Kivu,Beni,Mukulya,,Dispensaire,Lwanzo,WHO_Ebola_A3B694DA25
Nord-Kivu,Beni,Mukulya,,Centre de Santé,Mukulya,DHIS2_ED08D05986
Nord-Kivu,Beni,Mukulya,,Centre Médical,Nyakunde Sose,WHO_Ebola_27150C264F
Nord-Kivu,Beni,Mukulya,,Dispensaire,Yesu Pekee Anatosha,WHO_Ebola_64D7A63D4D
Nord-Kivu,Beni,Ngilinga,,Centre Médical,Brazza,WHO_Ebola_6AD95984DC
Nord-Kivu,Beni,Ngilinga,,Centre de Santé,Cp Cepima,WHO_Ebola_AC3BEF52D8
Nord-Kivu,Beni,Ngilinga,,Dispensaire,Imani Bora,WHO_Ebola_0E752FEB7C
Nord-Kivu,Beni,Ngilinga,,Poste de Santé,Jm Muzey,WHO_Ebola_A566C66DEC
Nord-Kivu,Beni,Ngilinga,,Dispensaire,Kanzulinzuli,WHO_Ebola_39E3B2FF6E
Nord-Kivu,Beni,Ngilinga,,Dispensaire,La Lumiere,WHO_Ebola_5523436239
Nord-Kivu,Beni,Ngilinga,,Dispensaire,Labo Eben Ezer,WHO_Ebola_5442063540
Nord-Kivu,Beni,Ngilinga,,Dispensaire,Lumiere La Guerison,WHO_Ebola_491584A2F6
Nord-Kivu,Beni,Ngilinga,,Dispensaire,Mapendo 1,WHO_Ebola_A4C96DDF36
Nord-Kivu,Beni,Ngilinga,,Centre de Santé,Ngilinga,Acasus_CE147A6845
Nord-Kivu,Beni,Ngilinga,,Clinique,Saint Jean,WHO_Ebola_8A69D77A27
Nord-Kivu,Beni,Ngilinga,,Clinique,Saint Paul,WHO_Ebola_41B387188E
Nord-Kivu,Beni,Ngilinga,,Centre Médical,Salama,WHO_Ebola_7C71ECBE5D
Nord-Kivu,Beni,Ngilinga,,Centre Médical,Siloe Dei,WHO_Ebola_28129F8A88
Nord-Kivu,Beni,Ngilinga,,Dispensaire,Thwamahavuka,WHO_Ebola_6913605103
Nord-Kivu,Beni,Ngilinga,,Dispensaire,Yesu Ni Jibu,WHO_Ebola_257D3547B9
Nord-Kivu,Beni,Ngongolio,,Centre Médical,Alliance L'Odpv,WHO_Ebola_4DABB0855B
Nord-Kivu,Beni,Ngongolio,,Clinique,Arbre Vie,WHO_Ebola_899FA7BCF1
Nord-Kivu,Beni,Ngongolio,,Dispensaire,Arche,WHO_Ebola_1D97C1A4F4
Nord-Kivu,Beni,Ngongolio,,Dispensaire,Bethesaida,WHO_Ebola_8D26707C9D
Nord-Kivu,Beni,Ngongolio,,Dispensaire,Faradja,WHO_Ebola_3E9D7EEB57
Nord-Kivu,Beni,Ngongolio,,Dispensaire,Force Divine,WHO_Ebola_2002380454
Nord-Kivu,Beni,Ngongolio,,Dispensaire,Forever The Life,WHO_Ebola_7B45913809
Nord-Kivu,Beni,Ngongolio,,Dispensaire,Gloria 1,WHO_Ebola_6793052EE4
Nord-Kivu,Beni,Ngongolio,,Dispensaire,Kavulibwa,WHO_Ebola_E43D675256
Nord-Kivu,Beni,Ngongolio,,Dispensaire,Kikamatha,WHO_Ebola_C003F9DD53
Nord-Kivu,Beni,Ngongolio,,Dispensaire,Kiwanuka,WHO_Ebola_7FD320716A
Nord-Kivu,Beni,Ngongolio,,Dispensaire,Kujaupesi,WHO_Ebola_128E939C30
Nord-Kivu,Beni,Ngongolio,,Dispensaire,L'Espoir 2,WHO_Ebola_61AA5E1B18
Nord-Kivu,Beni,Ngongolio,,Dispensaire,Labo La Confiance,WHO_Ebola_C527192844
Nord-Kivu,Beni,Ngongolio,,Clinique,Lakamission,WHO_Ebola_0F08B341ED
Nord-Kivu,Beni,Ngongolio,,Centre de Santé,Ngongolio,Acasus_132A412E5B
Nord-Kivu,Beni,Ngongolio,,Clinique,Saint Vincent Paul,WHO_Ebola_1C5698EEAC
Nord-Kivu,Beni,Ngongolio,,Dispensaire,Seneve,WHO_Ebola_0659A7D528
Nord-Kivu,Beni,Ngongolio,,Dispensaire,Tulizeni,WHO_Ebola_8079B5200E
Nord-Kivu,Beni,Ngongolio,,Dispensaire,Tumaini,WHO_Ebola_6DA3D4285D
Nord-Kivu,Beni,Ngongolio,,Dispensaire,Ushindi,WHO_Ebola_29725118F0
Nord-Kivu,Beni,Ngongolio,,Dispensaire,Uzimatele,WHO_Ebola_E46AA9FE80
Nord-Kivu,Beni,Ngongolio,,Dispensaire,Wasingya,WHO_Ebola_7EB4B7BB4A
Nord-Kivu,Beni,Paida,,Dispensaire,Maman Helene,WHO_Ebola_D59DA83320
Nord-Kivu,Beni,Paida,,Centre Médical,Ob,WHO_Ebola_3940534F34
Nord-Kivu,Beni,Paida,,Centre de Santé de Référence,Paida,DHIS2_57E7FCA9EF
Nord-Kivu,Beni,Paida,,Centre de Santé,Paida,Acasus_9EB2D7970A
Nord-Kivu,Beni,Paida,,Centre Hopitalier,Paida Bloc B,WHO_Ebola_E607829818
Nord-Kivu,Beni,Rwangoma,,Centre Médical,Accoopadea,WHO_Ebola_DE0223DE31
Nord-Kivu,Beni,Rwangoma,,Dispensaire,Alphajiri,WHO_Ebola_DF3E763F92
Nord-Kivu,Beni,Rwangoma,,Dispensaire,Amani 1,WHO_Ebola_287A1B14EA
Nord-Kivu,Beni,Rwangoma,,Dispensaire,Christ Roi,WHO_Ebola_A2A41D8B28
Nord-Kivu,Beni,Rwangoma,,Centre de Santé,Cp Husna,WHO_Ebola_6C4EC2B55B
Nord-Kivu,Beni,Rwangoma,,Dispensaire,Hewabora,WHO_Ebola_06E9C0A0B8
Nord-Kivu,Beni,Rwangoma,,Dispensaire,Masuata,WHO_Ebola_506E5B1E33
Nord-Kivu,Beni,Rwangoma,,Centre de Santé,Rwangoma,Acasus_AA205A6F63
Nord-Kivu,Beni,Rwangoma,,Dispensaire,Salama Tatango,WHO_Ebola_791497C77F
Nord-Kivu,Beni,Rwangoma,,Dispensaire,Tolingana,WHO_Ebola_2B47A07388
Nord-Kivu,Beni,Sayo,,Poste de Santé,Mapemba,WHO_Ebola_0BC2E6875D
Nord-Kivu,Beni,Sayo,,Poste de Santé,Mundubiena,WHO_Ebola_9430FA158D
Nord-Kivu,Beni,Sayo,,Centre de Santé,Sayo,Acasus_6A4024F648
Nord-Kivu,Beni,Supa,,Centre de Santé,Supa,DHIS2_5CBE15FFE2
Nord-Kivu,Beni,Tamende,,Dispensaire,Banalisasa,WHO_Ebola_E877C2BDC0
Nord-Kivu,Beni,Tamende,,Poste de Santé,Cebca,WHO_Ebola_A2DA985E73
Nord-Kivu,Beni,Tamende,,Dispensaire,Chez Visika,WHO_Ebola_E6D2BF85B8
Nord-Kivu,Beni,Tamende,,Dispensaire,L'Espoir 3,WHO_Ebola_446AFFEB5B
Nord-Kivu,Beni,Tamende,,Dispensaire,Labo La Charite,WHO_Ebola_BC1C233237
Nord-Kivu,Beni,Tamende,,Dispensaire,Labo Luhitsa,WHO_Ebola_62DD1C3619
Nord-Kivu,Beni,Tamende,,Centre Hopitalier,Tamende,WHO_Ebola_4A6ED8223F
Nord-Kivu,Beni,Tamende,,Centre de Santé,Tamende,Acasus_5F268F1AD2
Nord-Kivu,Beni,Tuungane,,Dispensaire,Gloria,WHO_Ebola_56EAE3C4A5
Nord-Kivu,Beni,Tuungane,,Dispensaire,Paida,WHO_Ebola_CFD973B0B9
Nord-Kivu,Beni,Tuungane,,Centre de Santé,Tuungane,Acasus_AEF6BE66D8
Nord-Kivu,Biena,Anuarite,,Centre de Santé,Anuarite,Acasus_6879A6D5F9
Nord-Kivu,Biena,Anuarite,,Poste de Santé,Kasengula,WHO_Ebola_8796DABD37
Nord-Kivu,Biena,Anuarite,,Poste de Santé,Katirisa,WHO_Ebola_A05D68ACEB
Nord-Kivu,Biena,Anuarite,,Poste de Santé,Kombe,WHO_Ebola_603D3BA995
Nord-Kivu,Biena,Anuarite,,Dispensaire,Mwera Mambembe,WHO_Ebola_A874568A52
Nord-Kivu,Biena,Anuarite,,Poste de Santé,Ngazimoya,WHO_Ebola_6BCF55285D
Nord-Kivu,Biena,Anuarite,,Poste de Santé,Njiapanda Adventiste,WHO_Ebola_86A7866A07
Nord-Kivu,Biena,Anuarite,,Centre de Santé,Poc Kombe,WHO_Ebola_C6D8748202
Nord-Kivu,Biena,Anuarite,,Centre de Santé,Poc Mambembe,WHO_Ebola_71F03C5950
Nord-Kivu,Biena,Anuarite,,Poste de Santé,Safina,WHO_Ebola_0C06D348BA
Nord-Kivu,Biena,Anuarite,,Poste de Santé,Simatundu,WHO_Ebola_5734D26CE2
Nord-Kivu,Biena,Anuarite,,Poste de Santé,Tumaini,WHO_Ebola_050FA2C389
Nord-Kivu,Biena,Biambwe,,Poste de Santé,Biambwe,WHO_Ebola_0C60540B44
Nord-Kivu,Biena,Biambwe,,Centre de Santé,Biambwe,Acasus_AEDD095386
Nord-Kivu,Biena,Biambwe,,Poste de Santé,Bwatato,WHO_Ebola_A6768800AC
Nord-Kivu,Biena,Biambwe,,Poste de Santé,Makuta,WHO_Ebola_953E72B15D
Nord-Kivu,Biena,Kaheku,,Centre de Santé,Kaheku,Acasus_195FDDEBF5
Nord-Kivu,Biena,Kaheku,,Poste de Santé,Majengo,WHO_Ebola_643D0B482E
Nord-Kivu,Biena,Katanga,,Centre de Santé,Katanga,Acasus_90C98E9E15
Nord-Kivu,Biena,Katanga,,Poste de Santé,Kirimba,WHO_Ebola_717756AF33
Nord-Kivu,Biena,Katanga,,Poste de Santé,Mukondo,WHO_Ebola_1D81CAE758
Nord-Kivu,Biena,Kiragho,,Poste de Santé,Kiragho,WHO_Ebola_2DE6ED6845
Nord-Kivu,Biena,Kiragho,,Centre de Santé,Kiragho,Acasus_92532EC5A1
Nord-Kivu,Biena,Kiragho,,Poste de Santé,Kyamesi,WHO_Ebola_A15B576B3A
Nord-Kivu,Biena,Kirima,,Poste de Santé,Beme,WHO_Ebola_D9E5B0C707
Nord-Kivu,Biena,Kirima,,Poste de Santé,Kahoro,WHO_Ebola_B06ECCCB40
Nord-Kivu,Biena,Kirima,,Centre de Santé,Kirima,Acasus_880B9C892E
Nord-Kivu,Biena,Kirima,,Site Soin Communautaire,Liko,WHO_Ebola_8015BAAAAD
Nord-Kivu,Biena,Kirima,,Poste de Santé,Luvana,WHO_Ebola_F87909D899
Nord-Kivu,Biena,Maeba,,Poste de Santé,Kili,WHO_Ebola_7E68AC9064
Nord-Kivu,Biena,Maeba,,Poste de Santé,Maeba,WHO_Ebola_36615DACD4
Nord-Kivu,Biena,Maeba,,Centre de Santé,Maeba,Acasus_AE0A6EBFD3
Nord-Kivu,Biena,Maeba,,Poste de Santé,Maman Mwilu,WHO_Ebola_ED9C462240
Nord-Kivu,Biena,Maeba,,Poste de Santé,Tuungane,WHO_Ebola_660261B251
Nord-Kivu,Biena,Mambowa,,Poste de Santé,Bebe,WHO_Ebola_6F279C42A0
Nord-Kivu,Biena,Mambowa,,Poste de Santé,Bora Uzima,WHO_Ebola_7B577FD4CA
Nord-Kivu,Biena,Mambowa,,Centre de Santé,Mambowa,Acasus_2BE30ACD4C
Nord-Kivu,Biena,Mambowa,,Poste de Santé,Mangada,WHO_Ebola_576CB620E5
Nord-Kivu,Biena,Mambowa,,Centre de Santé,Poc Telea,WHO_Ebola_6FF497BC07
Nord-Kivu,Biena,Mandelya,,Centre de Santé,Mandelya,Acasus_7F587A96AF
Nord-Kivu,Biena,Masayi,,Poste de Santé,Bethsaida,WHO_Ebola_6E6E25426C
Nord-Kivu,Biena,Masayi,,Poste de Santé,Mambu,WHO_Ebola_D4FAE01A7F
Nord-Kivu,Biena,Masayi,,Centre de Santé,Masayi,Acasus_893A874DFF
Nord-Kivu,Biena,Masingi,,Centre de Santé,Masingi,Acasus_BC0DE83A1F
Nord-Kivu,Biena,Masoya,,Poste de Santé,Gased,WHO_Ebola_F52305D356
Nord-Kivu,Biena,Masoya,,Poste de Santé,Mako,WHO_Ebola_9857C7C96F
Nord-Kivu,Biena,Masoya,,Centre de Santé,Masoya,Acasus_E376E06EE3
Nord-Kivu,Biena,Masoya,,Poste de Santé,Mwamba,WHO_Ebola_F9512CA62E
Nord-Kivu,Biena,Masoya,,Poste de Santé,Ngubi,WHO_Ebola_D0C469C117
Nord-Kivu,Biena,Mateto,,Poste de Santé,Dieu Est Avec Nous,WHO_Ebola_AE6E1F3C37
Nord-Kivu,Biena,Mateto,,Centre de Santé,Kasuka,WHO_Ebola_6A884D7014
Nord-Kivu,Biena,Mateto,,Poste de Santé,Kinyumu,WHO_Ebola_300BABCAEB
Nord-Kivu,Biena,Mateto,,Poste de Santé,Luvika,WHO_Ebola_B39991EA86
Nord-Kivu,Biena,Mateto,,Poste de Santé,Mapendo,WHO_Ebola_D6180FEFB2
Nord-Kivu,Biena,Mateto,,Centre de Santé,Mateto,Acasus_26B8612D08
Nord-Kivu,Biena,Mateto,,Poste de Santé,Matou,WHO_Ebola_3B67A74F6A
Nord-Kivu,Biena,Mateto,,Poste de Santé,Melga,WHO_Ebola_F8B0C5BFFE
Nord-Kivu,Biena,Mateto,,Poste de Santé,Rafa,WHO_Ebola_1E389CA161
Nord-Kivu,Biena,Mateto,,Site Soin Communautaire,Sebu,WHO_Ebola_C234D3343A
Nord-Kivu,Biena,Mateto,,Poste de Santé,Singyambale,WHO_Ebola_38B0875932
Nord-Kivu,Biena,Mateto,,Poste de Santé,Vingyo,WHO_Ebola_A1C6072479
Nord-Kivu,Biena,Mateto,,Poste de Santé,Vusayiro,WHO_Ebola_E64F8688BD
Nord-Kivu,Biena,Mateto,,Poste de Santé,Vusimba,WHO_Ebola_046FAF0E4C
Nord-Kivu,Biena,Mateto,,Poste de Santé,Yesu Yu Hai,WHO_Ebola_EC42EFB939
Nord-Kivu,Biena,Mausa,,Poste de Santé,Mausa,Acasus_E41BA1704A
Nord-Kivu,Biena,Musenge,,Poste de Santé,Bakanja,WHO_Ebola_5DC5EC16E1
Nord-Kivu,Biena,Musenge,,Poste de Santé,Cbca Musenge,WHO_Ebola_A302F782A8
Nord-Kivu,Biena,Musenge,,Poste de Santé,Kunungu,WHO_Ebola_57D808F238
Nord-Kivu,Biena,Musenge,,Centre de Santé,Musenge,Acasus_B3270FB2EA
Nord-Kivu,Biena,Musenge,,Centre de Santé,Poe Musenge,WHO_Ebola_3FA2511137
Nord-Kivu,Biena,Pombi,,Poste de Santé,Afia Njema Mambya,WHO_Ebola_916DBFE907
Nord-Kivu,Biena,Pombi,,Poste de Santé,Bakoma,WHO_Ebola_BDAC006762
Nord-Kivu,Biena,Pombi,,Poste de Santé,Katerrain,WHO_Ebola_7ED60E84B7
Nord-Kivu,Biena,Pombi,,Poste de Santé,Losse,WHO_Ebola_BD00B9F824
Nord-Kivu,Biena,Pombi,,Poste de Santé,Mangalala,WHO_Ebola_9BEB12ACA7
Nord-Kivu,Biena,Pombi,,Poste de Santé,Ngere,WHO_Ebola_232DEE1FF2
Nord-Kivu,Biena,Pombi,,Centre de Santé,Pombi,Acasus_0F314AEF3A
Nord-Kivu,Biena,Somea,,Poste de Santé,Cbca,WHO_Ebola_25103DDB2D
Nord-Kivu,Biena,Somea,,Centre de Santé,Somea,Acasus_FF4A911DAF
Nord-Kivu,Biena,Somea,,Poste de Santé,Tulizeni Kyanganda,WHO_Ebola_0DA80D62AB
Nord-Kivu,Binza,Buramba,,Centre de Santé,Buramba,Acasus_6A5CA5159F
Nord-Kivu,Binza,Buramba,,Poste de Santé,Cbca Buramba,WHO_Ebola_4231CA14BD
Nord-Kivu,Binza,Camps 5 Heures,,Centre de Santé,Camps 5 Heures,Acasus_9C3A2BAC32
Nord-Kivu,Binza,Ishasha,,Centre de Santé,Ishasha,Acasus_61B84405EC
Nord-Kivu,Binza,Ishasha,,Dispensaire,Pole Pole,WHO_Ebola_E20F013252
Nord-Kivu,Binza,Kasave,,Centre de Santé,Kasave,Acasus_FDD3D071AC
Nord-Kivu,Binza,Katwiguru,,Poste de Santé,Cbce Katwiguru,WHO_Ebola_108C315341
Nord-Kivu,Binza,Katwiguru,,Centre de Santé,Katwiguru,Acasus_29B9D4E8E4
Nord-Kivu,Binza,Kiseguru,,Dispensaire,Graben,WHO_Ebola_6F618B8DF0
Nord-Kivu,Binza,Kiseguru,,Poste de Santé,Hekima,WHO_Ebola_0491E42D54
Nord-Kivu,Binza,Kiseguru,,Poste de Santé,Kiseguru,WHO_Ebola_8B64488975
Nord-Kivu,Binza,Kiseguru,,Centre de Santé,Kiseguru,Acasus_69BDBDED78
Nord-Kivu,Binza,Kiseguru,,Poste de Santé,Uzima,WHO_Ebola_4D2C23E013
Nord-Kivu,Binza,Kisharo,,Centre de Santé de Référence,Kisharo,Acasus_50D8426134
Nord-Kivu,Binza,Munyaga,,Centre de Santé,Munyaga,Acasus_EB84CE8F1D
Nord-Kivu,Binza,Nyabanira,,Centre de Santé,Nyabanira,Acasus_8F6399CA75
Nord-Kivu,Binza,Nyakahanga,,Centre de Santé,Nyakahanga,Acasus_B17B5B33D3
Nord-Kivu,Binza,Nyakakoma,,Centre de Santé,Nyakakoma,Acasus_0A212DDF3A
Nord-Kivu,Binza,Nyakakoma,,Dispensaire,Tuwe Na Imani,WHO_Ebola_A23E4B8FA0
Nord-Kivu,Binza,Nyamilima,,Poste de Santé,Dieu Donnee,WHO_Ebola_61C049C8DC
Nord-Kivu,Binza,Nyamilima,,Poste de Santé,Kibwekire,WHO_Ebola_6CC102EDCB
Nord-Kivu,Binza,Nyamilima,,Bureau Central de la Zone de Santé,Nyamilima,WHO_Ebola_FA2D75BB03
Nord-Kivu,Binza,Nyamilima,,Hôpital Général de Référence,Nyamilima,WHO_Ebola_C4371526F8
Nord-Kivu,Binza,Nyamilima,,Centre de Santé,Nyamilima,Acasus_7F4A0B1D2B
Nord-Kivu,Binza,Nyamilima,,Poste de Santé,Patho Services,WHO_Ebola_4FE6EFE453
Nord-Kivu,Binza,Nyaruhange,,Dispensaire,Bugusa,WHO_Ebola_A44D234A23
Nord-Kivu,Binza,Nyaruhange,,Poste de Santé,Cbce Buganza,WHO_Ebola_A142D0B1ED
Nord-Kivu,Binza,Nyaruhange,,Centre de Santé,Nyaruhange,Acasus_1E0938532C
Nord-Kivu,Birambizo,Birambizo,,Hôpital Général de Référence,Birambizo,DHIS2_7CCF299A00
Nord-Kivu,Birambizo,Birambizo,,Centre de Santé,Birambizo,Acasus_0F57B397F2
Nord-Kivu,Birambizo,Bishusha,,Centre de Santé de Référence,Bishusha,Acasus_0C61CCC8C7
Nord-Kivu,Birambizo,Bwiza,,Centre de Santé,Bwiza,Acasus_DDC2B99ADE
Nord-Kivu,Birambizo,JTN,,Centre de Santé,Jtn,Acasus_A970979340
Nord-Kivu,Birambizo,Kahe,,Centre de Santé,Kahe Colline,Acasus_6FBA171051
Nord-Kivu,Birambizo,Kanyangohe,,Centre de Santé,Kanyangohe,Acasus_6E8B0F7809
Nord-Kivu,Birambizo,Katsiru,,Centre de Santé,Katsiru,Acasus_68685E99ED
Nord-Kivu,Birambizo,Kizimba,,Centre de Santé,Kizimba,Acasus_1DEEB4D8F3
Nord-Kivu,Birambizo,Luya,,Centre de Santé,Luya,Acasus_476FD66292
Nord-Kivu,Birambizo,Mulimbi,,Centre de Santé,Mulimbi,Acasus_AEB25ACD5C
Nord-Kivu,Birambizo,Mushebere,,Centre de Santé,Mushebere,Acasus_29CF1AD536
Nord-Kivu,Birambizo,Ngogholo,,Centre de Santé,Ngogholo,Acasus_FF8D490BD6
Nord-Kivu,Birambizo,Rusekera,,Centre de Santé,Rusekera,Acasus_2455EFF57D
Nord-Kivu,Birambizo,Rwindi,,Centre de Santé,Rwindi,Acasus_0B38BED8FE
Nord-Kivu,Butembo,Katsya,,Dispensaire,Bethesaida,WHO_Ebola_0BDD0576C0
Nord-Kivu,Butembo,Katsya,,Clinique,Dieu Vivant,DHIS2_F95C1F3E87
Nord-Kivu,Butembo,Katsya,,Dispensaire,Exauce 2,WHO_Ebola_B4DBF2D3D9
Nord-Kivu,Butembo,Katsya,,Polyclinque,Istm,WHO_Ebola_6AF06314FA
Nord-Kivu,Butembo,Katsya,,Centre de Santé,Katsya,Acasus_24C0028CE9
Nord-Kivu,Butembo,Katsya,,Poste de Santé,La Geurison,WHO_Ebola_04EF8E84DA
Nord-Kivu,Butembo,Katsya,,Dispensaire,Neema,WHO_Ebola_8C1A44AC5B
Nord-Kivu,Butembo,Kyangike,,Poste de Santé,Bellevue,WHO_Ebola_8FD495E1A8
Nord-Kivu,Butembo,Kyangike,,Poste de Santé,Kitatumba,WHO_Ebola_0C147CF81F
Nord-Kivu,Butembo,Kyangike,,Hôpital Général de Référence,Kitatumba,WHO_Ebola_D1806C4006
Nord-Kivu,Butembo,Kyangike,,Centre de Santé,Kyangike,Acasus_8BAF858285
Nord-Kivu,Butembo,Kyangike,,Dispensaire,Maarifa,WHO_Ebola_72E66B8229
Nord-Kivu,Butembo,Kyangike,,Dispensaire,Martin Luther,WHO_Ebola_2E44FC6557
Nord-Kivu,Butembo,Kyangike,,Poste de Santé,Ngandi Lama,WHO_Ebola_C3B0A41D2B
Nord-Kivu,Butembo,Kyangike,,Centre Hopitalier,Rmpat Codaipa,WHO_Ebola_D79B076193
Nord-Kivu,Butembo,Kyangike,,Poste de Santé,Umoja Wetu,WHO_Ebola_5E81A86272
Nord-Kivu,Butembo,Makasi,,Bureau Central de la Zone de Santé,Butembo,WHO_Ebola_3CCC991E50
Nord-Kivu,Butembo,Makasi,,Centre Hopitalier,Cbca,WHO_Ebola_F3FD180915
Nord-Kivu,Butembo,Makasi,,Centre Hopitalier,Fepsi,DHIS2_131DE630EC
Nord-Kivu,Butembo,Makasi,,Clinique,La Lumiere,WHO_Ebola_46B887FC39
Nord-Kivu,Butembo,Makasi,,Dispensaire,Labo St Joseph,WHO_Ebola_3419060FF5
Nord-Kivu,Butembo,Makasi,,Centre de Santé,Makasi,Acasus_D84B3BC501
Nord-Kivu,Butembo,Makasi,,Centre Hopitalier,Mama Poppa,DHIS2_967599F205
Nord-Kivu,Butembo,Malende,,Dispensaire,Imani Huponya,WHO_Ebola_53B87CFDF3
Nord-Kivu,Butembo,Malende,,Centre Médical,Malende,DHIS2_7027BB4A7B
Nord-Kivu,Butembo,Malende,,Centre de Santé,Malende,Acasus_35BE4A65BF
Nord-Kivu,Butembo,Mama Musayi,,Centre de Santé,Banque Sang,WHO_Ebola_F0F2F7739A
Nord-Kivu,Butembo,Mama Musayi,,Poste de Santé,Changilieni,WHO_Ebola_132B56738E
Nord-Kivu,Butembo,Mama Musayi,,Centre Médical,Ishara,WHO_Ebola_979594A2FC
Nord-Kivu,Butembo,Mama Musayi,,Centre Hopitalier,La Pnc,WHO_Ebola_D032E758CC
Nord-Kivu,Butembo,Mama Musayi,,Centre Médical,Labo Pedro,WHO_Ebola_6F280DF19B
Nord-Kivu,Butembo,Mama Musayi,,Centre de Santé,Mama Musayi,Acasus_F76F3EEAFF
Nord-Kivu,Butembo,Mama Musayi,,Centre Hopitalier,Mama Musayi,WHO_Ebola_FED447518B
Nord-Kivu,Butembo,Mama Musayi,,Poste de Santé,Notre Dame Grace,WHO_Ebola_C6D61A98AE
Nord-Kivu,Butembo,Mama Musayi,,Poste de Santé,Pere Morand Kleiber,WHO_Ebola_4C46F1AEA4
Nord-Kivu,Butembo,Mama Musayi,,Clinique,Tout Est Grace,WHO_Ebola_AFA2FC7CEE
Nord-Kivu,Butembo,Mama Musayi,,Centre Médical,Ziada,WHO_Ebola_A0B2E987F3
Nord-Kivu,Butembo,Matanda,,Centre Médical,Cmc Luvika,WHO_Ebola_06EF642DFF
Nord-Kivu,Butembo,Matanda,,Dispensaire,Kasongomi,DHIS2_F20D06C775
Nord-Kivu,Butembo,Matanda,,Clinique,La Merveille,WHO_Ebola_E2F6E8BF71
Nord-Kivu,Butembo,Matanda,,Dispensaire,La Paix Musavuli,WHO_Ebola_C71CF13714
Nord-Kivu,Butembo,Matanda,,Dispensaire,La Verite,WHO_Ebola_4F49151CA5
Nord-Kivu,Butembo,Matanda,,Centre Médical,Labo D'Analyse Bio,WHO_Ebola_F77B50920B
Nord-Kivu,Butembo,Matanda,,Dispensaire,Labo Uhuru,WHO_Ebola_83ECDB9B65
Nord-Kivu,Butembo,Matanda,,Centre de Santé,Matanda,Acasus_3961ADEE19
Nord-Kivu,Butembo,Matanda,,Centre Hopitalier,Neuro Psychiatrique Cepima,WHO_Ebola_CFAA7F835F
Nord-Kivu,Butembo,Matanda,,Poste de Santé,Ngalu,WHO_Ebola_73EE3CA3C0
Nord-Kivu,Butembo,Matanda,,Dispensaire,Pediatrique Pere Abraham,WHO_Ebola_7E5F50A9AE
Nord-Kivu,Butembo,Matanda,,Poste de Santé,Rapha,WHO_Ebola_091BABF1D1
Nord-Kivu,Butembo,Matanda,,Clinique,World Symbiose,WHO_Ebola_6A180A3488
Nord-Kivu,Butembo,Mondo,,Poste de Santé,Bahati Kwetu,WHO_Ebola_4ABB4F262F
Nord-Kivu,Butembo,Mondo,,Poste de Santé,Bon Samaritain,WHO_Ebola_031B2EE40B
Nord-Kivu,Butembo,Mondo,,Centre Hopitalier,Coeur Immacule,WHO_Ebola_517FC640B8
Nord-Kivu,Butembo,Mondo,,Centre Hopitalier,Mahamba,WHO_Ebola_70183AC695
Nord-Kivu,Butembo,Mondo,,Centre de Santé,Mondo,Acasus_95EBD13294
Nord-Kivu,Butembo,Mondo,,Dispensaire,Saint Francois,WHO_Ebola_91BC687933
Nord-Kivu,Butembo,Munzambaye,,Dispensaire,Anuarite,WHO_Ebola_8712CB38D4
Nord-Kivu,Butembo,Munzambaye,,Centre Médical,Baraka,DHIS2_265F753B28
Nord-Kivu,Butembo,Munzambaye,,Centre Hopitalier,Baraka,WHO_Ebola_0B817B1D10
Nord-Kivu,Butembo,Munzambaye,,Dispensaire,Furahini,WHO_Ebola_C5BA49D1B6
Nord-Kivu,Butembo,Munzambaye,,Poste de Santé,Kasimangala,WHO_Ebola_47BAF2A8F9
Nord-Kivu,Butembo,Munzambaye,,Centre Hopitalier,La Charite,WHO_Ebola_ACF2287192
Nord-Kivu,Butembo,Munzambaye,,Dispensaire,Le Rock,WHO_Ebola_5A408C65BC
Nord-Kivu,Butembo,Munzambaye,,Centre de Santé,Munzambaye,Acasus_171AF99BB1
Nord-Kivu,Butembo,Munzambaye,,Poste de Santé,Ngere,DHIS2_14ECA72365
Nord-Kivu,Butembo,Munzambaye,,Poste de Santé,Nuru Komba,WHO_Ebola_1991CB2B62
Nord-Kivu,Butembo,Munzambaye,,Poste de Santé,Vuteghe,DHIS2_818B4D9998
Nord-Kivu,Butembo,Ngengere,,Poste de Santé,Ngengere,WHO_Ebola_E5C66F693E
Nord-Kivu,Butembo,Ngengere,,Centre de Santé,Ngengere,Acasus_B369518817
Nord-Kivu,Butembo,Ngengere,,Dispensaire,Tuliza Avo,WHO_Ebola_96CFED831B
Nord-Kivu,Butembo,Ngengere,,Dispensaire,Vivuya Ngengere,WHO_Ebola_B9C4F837AB
Nord-Kivu,Butembo,Ngengere,,Poste de Santé,Vuhesi,WHO_Ebola_6FC47D332C
Nord-Kivu,Butembo,Vulamba,,Dispensaire,Gloria,WHO_Ebola_313168B102
Nord-Kivu,Butembo,Vulamba,,Dispensaire,Vivuya,WHO_Ebola_E5342A0EA9
Nord-Kivu,Butembo,Vulamba,,Centre de Santé,Vulamba,Acasus_B2A8197CFD
Nord-Kivu,Butembo,Vulamba,,Poste de Santé,Vusesa,WHO_Ebola_6FF113DAA9
Nord-Kivu,Butembo,Vulindi,,Poste de Santé,Buyonga,DHIS2_8A0939A710
Nord-Kivu,Butembo,Vulindi,,Centre Hopitalier,Mwangaza,WHO_Ebola_DC903394EA
Nord-Kivu,Butembo,Vulindi,,Centre Hopitalier,Saint Camille,WHO_Ebola_160427E5F7
Nord-Kivu,Butembo,Vulindi,,Centre de Santé,Vulindi,Acasus_96F2536DCF
Nord-Kivu,Butembo,Vusenzera,,Centre de Santé,Vusenzera,Acasus_1C4BC232AB
Nord-Kivu,Butembo,Vutetse,,Dispensaire,Afya Bora,WHO_Ebola_486A18C251
Nord-Kivu,Butembo,Vutetse,,Dispensaire,Amani,WHO_Ebola_8A7EBD9E6F
Nord-Kivu,Butembo,Vutetse,,Dispensaire,Felicite,WHO_Ebola_00A0EE8E6F
Nord-Kivu,Butembo,Vutetse,,Centre Hopitalier,Furaha,WHO_Ebola_8E6279F9D0
Nord-Kivu,Butembo,Vutetse,,Dispensaire,Goel,WHO_Ebola_FEE76AB7E6
Nord-Kivu,Butembo,Vutetse,,Centre Hopitalier,Heal And Heal,WHO_Ebola_55A05E814A
Nord-Kivu,Butembo,Vutetse,,Dispensaire,La Confiance,DHIS2_8538E59566
Nord-Kivu,Butembo,Vutetse,,Dispensaire,Lobiko,WHO_Ebola_8ABF91628C
Nord-Kivu,Butembo,Vutetse,,Dispensaire,Missionnaire,WHO_Ebola_6EF3B094FA
Nord-Kivu,Butembo,Vutetse,,Dispensaire,Semliki,WHO_Ebola_B26B9C70FD
Nord-Kivu,Butembo,Vutetse,,Centre Médical,Usalama,WHO_Ebola_6D91CD86B3
Nord-Kivu,Butembo,Vutetse,,Centre de Santé,Vutetse,Acasus_37E5EDDCFB
Nord-Kivu,Butembo,Vutike,,Poste de Santé,Afya Ni Mali,WHO_Ebola_E4ED3A9C13
Nord-Kivu,Butembo,Vutike,,Centre Hopitalier,Churuliko,WHO_Ebola_BD8B3F5E82
Nord-Kivu,Butembo,Vutike,,Poste de Santé,El Shaddai,WHO_Ebola_6B56C05F32
Nord-Kivu,Butembo,Vutike,,Dispensaire,Furu,WHO_Ebola_D52C832D92
Nord-Kivu,Butembo,Vutike,,Poste de Santé,La Grace,WHO_Ebola_1638F0B953
Nord-Kivu,Butembo,Vutike,,Centre Médical,Labo D'Analyse Ell Shadai,WHO_Ebola_2F725974C0
Nord-Kivu,Butembo,Vutike,,Poste de Santé,Mapendo,WHO_Ebola_390DD8151E
Nord-Kivu,Butembo,Vutike,,Poste de Santé,Omulamo,WHO_Ebola_472116DBEA
Nord-Kivu,Butembo,Vutike,,Poste de Santé,Tumaini La Afia,WHO_Ebola_C3B2B730F4
Nord-Kivu,Butembo,Vutike,,Poste de Santé,Uhuru,WHO_Ebola_7EFF98D574
Nord-Kivu,Butembo,Vutike,,Dispensaire,Umoja Wetu,WHO_Ebola_E0DD5B996B
Nord-Kivu,Butembo,Vutike,,Centre Hopitalier,Uor,WHO_Ebola_4F5066D179
Nord-Kivu,Butembo,Vutike,,Clinique,Uor,DHIS2_02FB3ADA57
Nord-Kivu,Butembo,Vutike,,Centre de Santé,Vutike,Acasus_9E2C897148
Nord-Kivu,Butembo,Vutsundo,,Poste de Santé,Bora Uzima,WHO_Ebola_D44F209125
Nord-Kivu,Butembo,Vutsundo,,Dispensaire,Katali,WHO_Ebola_67FB436523
Nord-Kivu,Butembo,Vutsundo,,Poste de Santé,Maranatha,WHO_Ebola_3AD7D9BC9D
Nord-Kivu,Butembo,Vutsundo,,Centre Médical,Sacre Coeur De Jesus,DHIS2_D7B85427B1
Nord-Kivu,Butembo,Vutsundo,,Dispensaire,Sainte Trinite,DHIS2_844C167C58
Nord-Kivu,Butembo,Vutsundo,,Clinique,Ucg,WHO_Ebola_0DEA4120BE
Nord-Kivu,Butembo,Vutsundo,,Dispensaire,Vasingya,WHO_Ebola_DF8F3EDC0F
Nord-Kivu,Butembo,Vutsundo,,Poste de Santé,Vuteghe,WHO_Ebola_E04DAB4D94
Nord-Kivu,Butembo,Vutsundo,,Centre de Santé,Vutsundo,Acasus_30BD3B92AE
Nord-Kivu,Butembo,Vuvatsi,,Dispensaire,Chrinovic,WHO_Ebola_82F25ADAB4
Nord-Kivu,Butembo,Vuvatsi,,Centre Hopitalier,Esperence Vuswaha,WHO_Ebola_2AF8AE6777
Nord-Kivu,Butembo,Vuvatsi,,Centre Médical,Schola,DHIS2_A15C2B4806
Nord-Kivu,Butembo,Vuvatsi,,Poste de Santé,St Victoire,WHO_Ebola_F6657BDA78
Nord-Kivu,Butembo,Vuvatsi,,Centre de Santé,Vuvatsi,Acasus_7F27D73750
Nord-Kivu,Butembo,Vuvatsi,,Poste de Santé,Vuvatsi Cebce,WHO_Ebola_4DA051AF63
Nord-Kivu,Goma,Buhimba,,Centre de Santé,Buhimba,Acasus_2948162FD6
Nord-Kivu,Goma,CASOP,,Centre de Santé,Casop,Acasus_11E110E478
Nord-Kivu,Goma,CCLK,,Centre de Santé,Cclk,Acasus_F759B7E0DB
Nord-Kivu,Goma,CCLK,,Centre Médical,Dieu D'Abord,DHIS2_D5707584CA
Nord-Kivu,Goma,Carmel,,Centre de Santé,Carmel,Acasus_A448E96AC8
Nord-Kivu,Goma,Carmel,,Centre Médical,Cbca Himbi,WHO_Ebola_380E1ECC60
Nord-Kivu,Goma,Carmel,,Centre de Santé,Cedigo,WHO_Ebola_B8C91CEB3A
Nord-Kivu,Goma,Heal Africa,,Centre de Santé,Heal Africa,Acasus_2C9D35C45B
Nord-Kivu,Goma,Heal Africa,,Hôpital,Heal Africa,DHIS2_82A67A1AA2
Nord-Kivu,Goma,Heal Africa,,Centre Hopitalier,Shifaa,WHO_Ebola_F64E07F98E
Nord-Kivu,Goma,Himbi,,Dispensaire,Afia Maendeleo,WHO_Ebola_EB470E9553
Nord-Kivu,Goma,Himbi,,Dispensaire,Afia Yetu,WHO_Ebola_E2E2860229
Nord-Kivu,Goma,Himbi,,Centre Hopitalier,Docs La Grace,WHO_Ebola_DEB18FE20A
Nord-Kivu,Goma,Himbi,,Centre Médical,Hdw,WHO_Ebola_C60C872A9E
Nord-Kivu,Goma,Himbi,,Centre de Santé,Himbi,Acasus_469DD75853
Nord-Kivu,Goma,Himbi,,Centre de Santé,La Grace,WHO_Ebola_EB146809DF
Nord-Kivu,Goma,Katindo,,Centre Médical,Camelias,DHIS2_551CCFC6A0
Nord-Kivu,Goma,Katindo,,Centre Hopitalier,Cimak,WHO_Ebola_A9DCA7808B
Nord-Kivu,Goma,Katindo,,Centre Médical,Gesom,DHIS2_DB387D19B4
Nord-Kivu,Goma,Katindo,,Centre de Santé,Katindo,Acasus_60A95A8102
Nord-Kivu,Goma,Katindo,,Poste de Santé,Mera,Acasus_A77104046B
Nord-Kivu,Goma,Katindo,,Centre Médical,Multimedica,DHIS2_B7CBA89CED
Nord-Kivu,Goma,Kyeshero,,Centre Hopitalier,Heshima,DHIS2_2A86CFC469
Nord-Kivu,Goma,Kyeshero,,Centre de Santé,Honest,WHO_Ebola_546687B88B
Nord-Kivu,Goma,Kyeshero,,Centre de Santé,Keshero,Acasus_3139E7221C
Nord-Kivu,Goma,Kyeshero,,Centre Hopitalier,Kyeshero,DHIS2_63F950E1B3
Nord-Kivu,Goma,Kyeshero,,Centre Hopitalier,La Providence,DHIS2_652DD6C5BF
Nord-Kivu,Goma,Mapendo,,Hôpital Général de Référence,Charite Maternelle,Acasus_0E7BCD940B
Nord-Kivu,Goma,Mapendo,,Centre de Santé,Makimbilio,WHO_Ebola_62C58207F0
Nord-Kivu,Goma,Mapendo,,Centre de Santé,Mapendo,Acasus_9ACFD49DEC
Nord-Kivu,Goma,Umoja,,Centre Hopitalier,Bethesda,DHIS2_0963DDD1F5
Nord-Kivu,Goma,Umoja,,Centre de Santé,Umoja,Acasus_7E672271AD
Nord-Kivu,Itebero,Biriko,,Centre de Santé,Biriko,Acasus_ACA638FDAF
Nord-Kivu,Itebero,Busurungi,,Centre de Santé,Busurungi,Acasus_B4F8831081
Nord-Kivu,Itebero,Chambucha,,Centre de Santé,Chambucha,Acasus_B0AE814FAA
Nord-Kivu,Itebero,Hombo,,Centre de Santé,Hombo,Acasus_2EA80B4638
Nord-Kivu,Itebero,Idipo,,Centre de Santé,Idipo,Acasus_056BFD0548
Nord-Kivu,Itebero,Isangi,,Centre de Santé,Isangi,Acasus_EB55326D65
Nord-Kivu,Itebero,Itebero,,Hôpital Général de Référence,Itebero,DHIS2_1719D81FD2
Nord-Kivu,Itebero,Kabamba,,Centre de Santé,Kabamba,Acasus_25B916AE67
Nord-Kivu,Itebero,Katatwa,,Centre de Santé,Baraka Katatwa,ECV_FDC960F539
Nord-Kivu,Itebero,Katatwa,,Centre de Santé,Katatwa,ECV_A87B15570D
Nord-Kivu,Itebero,Kifuruka,,Centre de Santé,Kifuruka,Acasus_A9EFB5E238
Nord-Kivu,Itebero,Kilambo,,Centre de Santé,Kilambo,Acasus_D3C7CD6BB8
Nord-Kivu,Itebero,Kiuli,,Centre de Santé,Kiuli,Acasus_756ABC36F9
Nord-Kivu,Itebero,Lowa,,Centre de Santé,Lowa,Acasus_C9B2E1B12A
Nord-Kivu,Itebero,Lukaraba,,Centre de Santé,Lukaraba,Acasus_967385CC33
Nord-Kivu,Itebero,Mandje,,Centre de Santé,Mandje,Acasus_FCD1AD7A7A
Nord-Kivu,Itebero,Mifuti 55ème CEBCE,,Centre de Santé,Mifuti 55 Eme Cebce,Acasus_4D628D13A1
Nord-Kivu,Itebero,Muruo,,Centre de Santé,Muruo,Acasus_83B79B7068
Nord-Kivu,Itebero,Musenge,,Centre de Santé de Référence,Musenge,Acasus_A94B9EA9F1
Nord-Kivu,Itebero,Nyamimba,,Centre de Santé,Nyamimba,Acasus_1B192F0AEB
Nord-Kivu,Itebero,Otobora,,Centre de Santé,Otobora,Acasus_20CABFA874
Nord-Kivu,Itebero,Tusoke,,Centre de Santé,Tusoke,Acasus_4FF928895D
Nord-Kivu,Kalunguta,Amani Kisungu,,Centre de Santé,Amani Kisungu,Acasus_909B9F1C71
Nord-Kivu,Kalunguta,Amani Kisungu,,Poste de Santé,Buhesi,WHO_Ebola_964F85FC81
Nord-Kivu,Kalunguta,Amani Kisungu,,Poste de Santé,Cbca Kanyatsi,WHO_Ebola_DA9E216F6A
Nord-Kivu,Kalunguta,Amani Kisungu,,Poste de Santé,Eera,WHO_Ebola_333913789C
Nord-Kivu,Kalunguta,Amani Kisungu,,Poste de Santé,Kirecha,WHO_Ebola_D87D725D9A
Nord-Kivu,Kalunguta,Amani Kisungu,,Centre Hopitalier,Kisungu,WHO_Ebola_CFF8EED396
Nord-Kivu,Kalunguta,Amani Kisungu,,Poste de Santé,Kivatsi,WHO_Ebola_7ADBEF54AE
Nord-Kivu,Kalunguta,Amani Kisungu,,Poste de Santé,Vulamiro,WHO_Ebola_0438C3E9D6
Nord-Kivu,Kalunguta,Butuhe,,Centre de Santé,Butuhe,Acasus_72F9F74532
Nord-Kivu,Kalunguta,Butuhe,,Centre Hopitalier,Butuhe,Acasus_2B2EA16B29
Nord-Kivu,Kalunguta,Butuhe,,Poste de Santé,Ctb,WHO_Ebola_776B77D3DF
Nord-Kivu,Kalunguta,Butuhe,,Centre Hopitalier,Kasinga,WHO_Ebola_5B6BB3DDE6
Nord-Kivu,Kalunguta,Butuhe,,Poste de Santé,Kivatsi,WHO_Ebola_902B4133B2
Nord-Kivu,Kalunguta,Butuhe,,Poste de Santé,Ombeni,WHO_Ebola_CA492E2B7D
Nord-Kivu,Kalunguta,Kabasha,,Centre de Santé,Cp Promede,WHO_Ebola_E3F68245F1
Nord-Kivu,Kalunguta,Kabasha,,Poste de Santé,Gloria,WHO_Ebola_B72232B01D
Nord-Kivu,Kalunguta,Kabasha,,Centre de Santé,Kabasha,Acasus_036B69FE6F
Nord-Kivu,Kalunguta,Kabasha,,Poste de Santé,Miyisa,WHO_Ebola_92BBEA9E7A
Nord-Kivu,Kalunguta,Kabasha,,Dispensaire,Sibanzwa,WHO_Ebola_6F1A503FD6
Nord-Kivu,Kalunguta,Kabasha,,Poste de Santé,Tulizeni,WHO_Ebola_20E6AE837F
Nord-Kivu,Kalunguta,Kahamba,,Centre de Santé,Kahamba,Acasus_985E10D7AF
Nord-Kivu,Kalunguta,Kahamba,,Poste de Santé,Komba,WHO_Ebola_7B75691CDF
Nord-Kivu,Kalunguta,Kahamba,,Dispensaire,Komba,WHO_Ebola_AAB7B528E5
Nord-Kivu,Kalunguta,Kahamba,,Poste de Santé,Muhila,WHO_Ebola_26C4659BCE
Nord-Kivu,Kalunguta,Kahamba,,Dispensaire,Naturel Coepa,WHO_Ebola_B15710A814
Nord-Kivu,Kalunguta,Kahamba,,Poste de Santé,Saibu,WHO_Ebola_9AE6A557B9
Nord-Kivu,Kalunguta,Kalunguta,,Poste de Santé,Buliki,WHO_Ebola_04B85D5AE0
Nord-Kivu,Kalunguta,Kalunguta,,Poste de Santé,Cbze,WHO_Ebola_695EBD4DF7
Nord-Kivu,Kalunguta,Kalunguta,,Poste de Santé,Croix Rouge 1,WHO_Ebola_962346716A
Nord-Kivu,Kalunguta,Kalunguta,,Poste de Santé,Delkim,WHO_Ebola_A40B0BFD9E
Nord-Kivu,Kalunguta,Kalunguta,,Poste de Santé,Imani Ni Dawa,WHO_Ebola_27AB8F1103
Nord-Kivu,Kalunguta,Kalunguta,,Centre de Santé,Kalunguta,Acasus_EA843FBEA7
Nord-Kivu,Kalunguta,Kalunguta,,Poste de Santé,Kilo,WHO_Ebola_29A0B5E17A
Nord-Kivu,Kalunguta,Kalunguta,,Poste de Santé,Kinyembungu,WHO_Ebola_7FBDD30581
Nord-Kivu,Kalunguta,Kalunguta,,Poste de Santé,Kyangulube,WHO_Ebola_DC5A248DB5
Nord-Kivu,Kalunguta,Kalunguta,,Poste de Santé,Kyavisogho,WHO_Ebola_58279BA8FF
Nord-Kivu,Kalunguta,Kalunguta,,Poste de Santé,Mahohe,WHO_Ebola_B84414E32F
Nord-Kivu,Kalunguta,Kalunguta,,Poste de Santé,Tulizeni Kyangulube,WHO_Ebola_337260F7B0
Nord-Kivu,Kalunguta,Kanyihunga,,Dispensaire,Avo Kanyihunga,WHO_Ebola_764C9ABE0F
Nord-Kivu,Kalunguta,Kanyihunga,,Centre de Santé,Kanyihunga,Acasus_C1B50CC0D9
Nord-Kivu,Kalunguta,Kanyihunga,,Poste de Santé,Kasambirio,WHO_Ebola_45AE1FCD9E
Nord-Kivu,Kalunguta,Kanyihunga,,Poste de Santé,Kavuhiro,WHO_Ebola_2D38A4F763
Nord-Kivu,Kalunguta,Kanyihunga,,Poste de Santé,Muko,DHIS2_32F628681E
Nord-Kivu,Kalunguta,Kasebere,,Centre de Santé,Kasebere,Acasus_02AF5852B5
Nord-Kivu,Kalunguta,Kavakubi,,Centre de Santé de Référence,Kabasha,WHO_Ebola_9C0773BD45
Nord-Kivu,Kalunguta,Kavakubi,,Poste de Santé,Mungu Aponyeshe Criso,WHO_Ebola_E07607D3A0
Nord-Kivu,Kalunguta,Kavakubi,,Poste de Santé,Muvughuli,WHO_Ebola_9CF37F1A8E
Nord-Kivu,Kalunguta,Kavakubi,,Centre Hopitalier,Mwira,WHO_Ebola_3D8645F0D3
Nord-Kivu,Kalunguta,Kavakubi,,Dispensaire,Umoja Ninguvu,WHO_Ebola_C534482ABE
Nord-Kivu,Kalunguta,Kavakubi,,Dispensaire,Vusayiro,WHO_Ebola_8645122B01
Nord-Kivu,Kalunguta,Kivetya,,Centre de Santé,Kivetya,Acasus_E76A580599
Nord-Kivu,Kalunguta,Kivetya,,Poste de Santé,Kiwata,DHIS2_800C5DD5D5
Nord-Kivu,Kalunguta,Kivetya,,Dispensaire,Mulitsitsa,WHO_Ebola_47BAC035B8
Nord-Kivu,Kalunguta,Kyavisogho,,Poste de Santé,Katota,WHO_Ebola_A70571271F
Nord-Kivu,Kalunguta,Kyavisogho,,Poste de Santé,Kilonge,WHO_Ebola_B9780831A7
Nord-Kivu,Kalunguta,Kyavisogho,,Poste de Santé,Kitholuferme,WHO_Ebola_4A3993C0B6
Nord-Kivu,Kalunguta,Kyavisogho,,Centre de Santé,Kyavisogho,DHIS2_8FBC5C15AC
Nord-Kivu,Kalunguta,Lisasa,,Poste de Santé,Coodemuco,WHO_Ebola_BE3095F142
Nord-Kivu,Kalunguta,Lisasa,,Centre de Santé,Lisasa,Acasus_5D4B8BAA33
Nord-Kivu,Kalunguta,Maboya,,Centre de Santé de Référence,Maboya,DHIS2_DFC324D724
Nord-Kivu,Kalunguta,Maboya,,Centre de Santé,Maboya,Acasus_2DBCBC4A55
Nord-Kivu,Kalunguta,Maboya,,Centre Hopitalier,Maboya,WHO_Ebola_3C1BA26574
Nord-Kivu,Kalunguta,Maboya,,Poste de Santé,Mbumbucha,WHO_Ebola_02F020D60C
Nord-Kivu,Kalunguta,Maboya,,Centre Hopitalier,Tinge,DHIS2_30F8710919
Nord-Kivu,Kalunguta,Mabuku,,Dispensaire,Bungwe Mwema,WHO_Ebola_6C52825A0F
Nord-Kivu,Kalunguta,Mabuku,,Poste de Santé,Comm Vulengi,WHO_Ebola_3A98980DF7
Nord-Kivu,Kalunguta,Mabuku,,Poste de Santé,Coopaha,WHO_Ebola_75FB1DBDAB
Nord-Kivu,Kalunguta,Mabuku,,Poste de Santé,Eluzai,WHO_Ebola_D31F226B82
Nord-Kivu,Kalunguta,Mabuku,,Dispensaire,Faraja,WHO_Ebola_411FC5018B
Nord-Kivu,Kalunguta,Mabuku,,Poste de Santé,Karoli Lwanga,WHO_Ebola_C1428300F3
Nord-Kivu,Kalunguta,Mabuku,,Poste de Santé,Kibwe,WHO_Ebola_C873BB5547
Nord-Kivu,Kalunguta,Mabuku,,Dispensaire,Lwanzo,WHO_Ebola_7664D5D6F5
Nord-Kivu,Kalunguta,Mabuku,,Centre de Santé,Mabuku,Acasus_1B4D14DBEE
Nord-Kivu,Kalunguta,Mabuku,,Centre Hopitalier,Mabuku,WHO_Ebola_DE5225D44D
Nord-Kivu,Kalunguta,Mabuku,,Poste de Santé,Masongo,WHO_Ebola_574A99CD30
Nord-Kivu,Kalunguta,Mabuku,,Poste de Santé,Mgr Kalwaghe,WHO_Ebola_EC31D69ACA
Nord-Kivu,Kalunguta,Mabuku,,Centre de Santé de Référence,Mundiba,WHO_Ebola_B872579A03
Nord-Kivu,Kalunguta,Mabuku,,Poste de Santé,Muyisa,WHO_Ebola_2664EB5DA0
Nord-Kivu,Kalunguta,Mabuku,,Poste de Santé,Mweya,WHO_Ebola_0FDDB81991
Nord-Kivu,Kalunguta,Mabuku,,Dispensaire,Naturel Umoja,WHO_Ebola_F75855A9DF
Nord-Kivu,Kalunguta,Mabuku,,Poste de Santé,Ngandilama,WHO_Ebola_2ED58F868E
Nord-Kivu,Kalunguta,Mabuku,,Poste de Santé,Umoja Vusumba,WHO_Ebola_3A2C21B1AC
Nord-Kivu,Kalunguta,Mabuku,,Poste de Santé,Yesu Ni Jibu,WHO_Ebola_348B99CB7D
Nord-Kivu,Kalunguta,Makoko,,Poste de Santé,Bukama,WHO_Ebola_953327246A
Nord-Kivu,Kalunguta,Makoko,,Poste de Santé,Hewa Bora,WHO_Ebola_D84C86BBC1
Nord-Kivu,Kalunguta,Makoko,,Centre de Santé,Makoko,Acasus_6544D63CF3
Nord-Kivu,Kalunguta,Mambingi,,Poste de Santé,Kasese,WHO_Ebola_C8B1DB0B24
Nord-Kivu,Kalunguta,Mambingi,,Poste de Santé,Kithambi,WHO_Ebola_AB03ED0A61
Nord-Kivu,Kalunguta,Mambingi,,Poste de Santé,Kitsanga,WHO_Ebola_20E1225691
Nord-Kivu,Kalunguta,Mambingi,,Centre de Santé,Mambingi,Acasus_BB1C01356D
Nord-Kivu,Kalunguta,Mambingi,,Poste de Santé,Tutu Kasese,WHO_Ebola_0184A67D2F
Nord-Kivu,Kalunguta,Mataba,,Dispensaire,La Grece,WHO_Ebola_20F6A0DB12
Nord-Kivu,Kalunguta,Mataba,,Centre de Santé,Mataba,Acasus_DA99C789BE
Nord-Kivu,Kalunguta,Mataba,,Dispensaire,Mwira 2,WHO_Ebola_D8C36829FE
Nord-Kivu,Kalunguta,Mataba,,Dispensaire,Ombeni,WHO_Ebola_B48B1C9BB1
Nord-Kivu,Kalunguta,Mataba,,Dispensaire,Umoja Vwerere,WHO_Ebola_9863B284F5
Nord-Kivu,Kalunguta,Mataba,,Dispensaire,Yesu Ni Jibu,WHO_Ebola_2DF5EEB194
Nord-Kivu,Kalunguta,Mbilinga,,Centre de Santé,Mbilinga,WHO_Ebola_9166C87465
Nord-Kivu,Kalunguta,Rwahwa,,Centre de Santé,Rwahwa,Acasus_5C3389A0B2
Nord-Kivu,Kalunguta,Rwahwa,,Poste de Santé,Rwahwa Matwi,WHO_Ebola_0EDDF8CAA1
Nord-Kivu,Kalunguta,Vurondo,,Poste de Santé,Gazed,WHO_Ebola_C511F6E3A5
Nord-Kivu,Kalunguta,Vurondo,,Dispensaire,Kalemba,WHO_Ebola_19736D0A9D
Nord-Kivu,Kalunguta,Vurondo,,Poste de Santé,Kasinga,WHO_Ebola_26E7D074EE
Nord-Kivu,Kalunguta,Vurondo,,Poste de Santé,Misasa,WHO_Ebola_6704B1F89B
Nord-Kivu,Kalunguta,Vurondo,,Centre de Santé,Vurondo,DHIS2_2694
Nord-Kivu,Kamango,Bugando,,Centre de Santé,Bugando,WHO_ISS_10020
Nord-Kivu,Kamango,Kahondo,,Centre de Santé,Kahondo,WHO_ISS_10019
Nord-Kivu,Kamango,Kamango,,Centre de Santé,Kamango,Acasus_2A5E9A4FFA
Nord-Kivu,Kamango,Kamango,,Poste de Santé,Takitaki,WHO_Ebola_391450B6EC
Nord-Kivu,Kamango,Kamanzara,,Centre de Santé,Kamanzara,WHO_ISS_9999
Nord-Kivu,Kamango,Kikingi,,Centre de Santé,Kikingi,Acasus_32369AD3D3
Nord-Kivu,Kamango,Kikura,,Centre de Santé,Kikura,ECV_6448AAE158
Nord-Kivu,Kamango,Kitimba,,Centre de Santé,Kitimba,Acasus_F2E0126049
Nord-Kivu,Kamango,Luanoli,,Centre de Santé de Référence,Luanoli,Acasus_71ABE29282
Nord-Kivu,Kamango,Mulopia,,Centre de Santé,Mulopia,ECV_68FCEB5785
Nord-Kivu,Kamango,Ndama,,Centre de Santé,Ndama,Acasus_BD7B89F3CE
Nord-Kivu,Kamango,Njiapanda,,Centre de Santé,Njiapanda,Acasus_1709D233C6
Nord-Kivu,Karisimbi,Albert Barthel,,Centre de Santé de Référence,Albert Barthel,DHIS2_16623B56A9
Nord-Kivu,Karisimbi,Albert Barthel,,Centre de Santé,Armani,WHO_Ebola_21552DE24E
Nord-Kivu,Karisimbi,Albert Barthel,,Centre Médical,Bon Samaritain,WHO_Ebola_A230801F2B
Nord-Kivu,Karisimbi,Albert Barthel,,Centre Médical,Codesh,WHO_Ebola_20E001E076
Nord-Kivu,Karisimbi,Albert Barthel,,Poste de Santé,De L'Equateur,DHIS2_7B3FBD45B4
Nord-Kivu,Karisimbi,Albert Barthel,,Centre Médical,Gloire Divine,WHO_Ebola_586B331239
Nord-Kivu,Karisimbi,Albert Barthel,,Poste de Santé,Gloire Divine,DHIS2_9B069DC746
Nord-Kivu,Karisimbi,Albert Barthel,,Centre Médical,Gracia,WHO_Ebola_F7B1610BFC
Nord-Kivu,Karisimbi,Albert Barthel,,Centre Médical,La Consolation,WHO_Ebola_0E277D115B
Nord-Kivu,Karisimbi,Albert Barthel,,Centre Médical,La Creche,WHO_Ebola_20BB39DA32
Nord-Kivu,Karisimbi,Albert Barthel,,Centre Hopitalier,Pamed,DHIS2_8330B8B3B1
Nord-Kivu,Karisimbi,Albert Barthel,,Centre Médical,St Francois Sale,WHO_Ebola_6B3774B167
Nord-Kivu,Karisimbi,Amani,,Centre de Santé,Amani,Acasus_32E4386AEA
Nord-Kivu,Karisimbi,Amani,,Centre Médical,Peniel,WHO_Ebola_4B7E2198A1
Nord-Kivu,Karisimbi,Amani,,Centre Médical,Snel Mabanga,DHIS2_8687AA27B9
Nord-Kivu,Karisimbi,Amani,,Centre Médical,St Joseph,WHO_Ebola_66BE27F5B9
Nord-Kivu,Karisimbi,Baraka,,Centre Médical,Amani Mudepos,WHO_Ebola_D17E5AE6B8
Nord-Kivu,Karisimbi,Baraka,,Centre de Santé,Baraka,Acasus_3B74AA3DC2
Nord-Kivu,Karisimbi,Baraka,,Poste de Santé,Cherubin,DHIS2_1D0694A186
Nord-Kivu,Karisimbi,Baraka,,Centre Médical,Nijibu,WHO_Ebola_F396AE4712
Nord-Kivu,Karisimbi,Baraka,,Centre Hopitalier,Sainte Romana,WHO_Ebola_13C045BA68
Nord-Kivu,Karisimbi,Baraka,,Centre Médical,Shirakai,WHO_Ebola_9DEAD1D494
Nord-Kivu,Karisimbi,Bujovu,,Centre Médical,Afya Yetu,WHO_Ebola_F6DD5F1309
Nord-Kivu,Karisimbi,Bujovu,,Centre de Santé,Bujovu,Acasus_DFCD104687
Nord-Kivu,Karisimbi,Bujovu,,Dispensaire,L'Espoir,WHO_Ebola_72331FF6F9
Nord-Kivu,Karisimbi,Bujovu,,Clinique,Monde Guerison,WHO_Ebola_C5987763A0
Nord-Kivu,Karisimbi,Bujovu,,Centre Médical,Sainte Elizabeth,DHIS2_5EC365AEF2
Nord-Kivu,Karisimbi,Bujovu,,Dispensaire,Umoja Wetu,WHO_Ebola_9B0E2CE304
Nord-Kivu,Karisimbi,Bujovu,,Dispensaire,Ushindi 1,WHO_Ebola_8728A78B47
Nord-Kivu,Karisimbi,Hebron,,Dispensaire,Africa Bora,WHO_Ebola_739B24B7EA
Nord-Kivu,Karisimbi,Hebron,,Centre Médical,Afya Lumoo,WHO_Ebola_5751F58ED5
Nord-Kivu,Karisimbi,Hebron,,Poste de Santé,Burora,DHIS2_44FA369EAE
Nord-Kivu,Karisimbi,Hebron,,Centre Médical,Gapev,WHO_Ebola_C1FBAF326F
Nord-Kivu,Karisimbi,Hebron,,Centre Médical,Gvd Nzambe Malamu,WHO_Ebola_05E6FC222A
Nord-Kivu,Karisimbi,Hebron,,Centre de Santé,Hebron,Acasus_9EDE095885
Nord-Kivu,Karisimbi,Hebron,,Centre Médical,La Croix Rouge,WHO_Ebola_CD1DBFA68A
Nord-Kivu,Karisimbi,Hebron,,Poste de Santé,La Vie,DHIS2_66C17391E6
Nord-Kivu,Karisimbi,Hebron,,Centre Médical,Makimbiliyo,WHO_Ebola_ECD34D263B
Nord-Kivu,Karisimbi,Hebron,,Centre Médical,Mapendo,WHO_Ebola_DCF0590387
Nord-Kivu,Karisimbi,Hebron,,Centre Médical,Tosalisana 1,WHO_Ebola_3F53CD69A2
Nord-Kivu,Karisimbi,Kahembe,,Centre Médical,Bahati Yetu,WHO_Ebola_5B5AF0583E
Nord-Kivu,Karisimbi,Kahembe,,Centre de Santé de Référence,Crs Karisimbi,WHO_Ebola_B72E4D32A7
Nord-Kivu,Karisimbi,Kahembe,,Dispensaire,Hewa Tulivu,WHO_Ebola_5D72E8F09D
Nord-Kivu,Karisimbi,Kahembe,,Centre de Santé,Kahembe,Acasus_EBF57C833F
Nord-Kivu,Karisimbi,Kahembe,,Poste de Santé,Maisha,DHIS2_DD4E5B2F45
Nord-Kivu,Karisimbi,Kasika,,Dispensaire,Amani,WHO_Ebola_1FE10F30FB
Nord-Kivu,Karisimbi,Kasika,,Centre de Santé,Kasika,Acasus_3D2E23F321
Nord-Kivu,Karisimbi,Kasika,,Dispensaire,Tumaini,WHO_Ebola_A41207A904
Nord-Kivu,Karisimbi,Katoyi,,Centre Médical,Ametra,WHO_Ebola_D930286D5D
Nord-Kivu,Karisimbi,Katoyi,,Dispensaire,Bonne,WHO_Ebola_4A49B73FBC
Nord-Kivu,Karisimbi,Katoyi,,Centre de Santé,Cremena 2,WHO_Ebola_28005D3205
Nord-Kivu,Karisimbi,Katoyi,,Centre Médical,Dimajelo,Acasus_667603AA40
Nord-Kivu,Karisimbi,Katoyi,,Bureau Central de la Zone de Santé,Karisimbi,WHO_Ebola_E4ACA90904
Nord-Kivu,Karisimbi,Katoyi,,Centre de Santé,Katoyi,Acasus_E52FCB224C
Nord-Kivu,Karisimbi,Katoyi,,Centre Médical,La Grace,WHO_Ebola_66AA8C8E66
Nord-Kivu,Karisimbi,Katoyi,,Centre Médical,La Main Dieu,WHO_Ebola_24719241ED
Nord-Kivu,Karisimbi,Katoyi,,Centre Médical,La Misericorde,WHO_Ebola_05EAEB3AB4
Nord-Kivu,Karisimbi,Katoyi,,Hôpital,Militaire Regional,Acasus_1E61753F8C
Nord-Kivu,Karisimbi,Katoyi,,Centre Médical,Mont Sinai,DHIS2_8C07C98654
Nord-Kivu,Karisimbi,Katoyi,,Centre Hopitalier,Notre Dame D'Afrique,DHIS2_7F9523E65B
Nord-Kivu,Karisimbi,Lubango,,Centre Médical,Clementine,WHO_Ebola_717D5BD213
Nord-Kivu,Karisimbi,Lubango,,Centre Médical,Kentucky,WHO_Ebola_B1C3D83047
Nord-Kivu,Karisimbi,Lubango,,Centre Médical,La Merveille,WHO_Ebola_5FCB2E030C
Nord-Kivu,Karisimbi,Lubango,,Centre de Santé,Lubango,Acasus_3B4D6EF8AE
Nord-Kivu,Karisimbi,Lubango,,Dispensaire,Lwanzo,WHO_Ebola_FA195452A2
Nord-Kivu,Karisimbi,Lubango,,Dispensaire,Mat Miracle,WHO_Ebola_8DBEE62FC8
Nord-Kivu,Karisimbi,Lubango,,Centre Médical,Ufahamu 2,WHO_Ebola_5A70FEFA70
Nord-Kivu,Karisimbi,Mabanga,,Centre Médical,Hope,WHO_Ebola_C2CF5C3B49
Nord-Kivu,Karisimbi,Mabanga,,Dispensaire,Hul Set International,WHO_Ebola_AF7AC62378
Nord-Kivu,Karisimbi,Mabanga,,Centre de Santé,Mabanga,Acasus_8100723E74
Nord-Kivu,Karisimbi,Majengo,,Centre Médical,Bonjour,DHIS2_17EB0B80CC
Nord-Kivu,Karisimbi,Majengo,,Centre Médical,Foyer L'Esperance,WHO_Ebola_E8BD3C8B90
Nord-Kivu,Karisimbi,Majengo,,Poste de Santé,Hope Health Care,DHIS2_7E136E9280
Nord-Kivu,Karisimbi,Majengo,,Dispensaire,La Victoire,WHO_Ebola_0759A38031
Nord-Kivu,Karisimbi,Majengo,,Centre de Santé,Majengo,Acasus_0F4F6FEA5D
Nord-Kivu,Karisimbi,Majengo,,Dispensaire,Peuple,WHO_Ebola_4A7D50067D
Nord-Kivu,Karisimbi,Majengo,,Centre Médical,Sainte Catherine,WHO_Ebola_3A1666B2A3
Nord-Kivu,Karisimbi,Majengo,,Centre Médical,Tumaini Masanza,DHIS2_9B8E4075E4
Nord-Kivu,Karisimbi,Mugunga,,Centre Hopitalier,Divine Guerison,WHO_Ebola_1240A80186
Nord-Kivu,Karisimbi,Mugunga,,Centre Médical,Ecole Police,WHO_Ebola_06EA5AD22D
Nord-Kivu,Karisimbi,Mugunga,,Centre Médical,Kahoali,WHO_Ebola_D9287870C6
Nord-Kivu,Karisimbi,Mugunga,,Centre Médical,L'Esperence,WHO_Ebola_8E32AE7AF6
Nord-Kivu,Karisimbi,Mugunga,,Poste de Santé,Mugunga,WHO_Ebola_EBAC859248
Nord-Kivu,Karisimbi,Mugunga,,Centre de Santé,Mugunga,Acasus_B82AD69E75
Nord-Kivu,Karisimbi,Mugunga,,Centre Médical,Paliatif Goma,WHO_Ebola_1261C14FA3
Nord-Kivu,Karisimbi,Mugunga,,Centre Médical,Tosalisana,WHO_Ebola_05993D68D5
Nord-Kivu,Karisimbi,Mugunga,,Centre Médical,Yesu Ni Jibu,WHO_Ebola_4556B7DCAD
Nord-Kivu,Karisimbi,Mugunga 3,,Poste de Santé,Nazareth,DHIS2_F75B90F33D
Nord-Kivu,Karisimbi,Mugunga 3,,Poste de Santé,Ushirika Asafr,DHIS2_82F1FD2DF9
Nord-Kivu,Karisimbi,Murara,,Centre Médical,Agape,DHIS2_9997146DDC
Nord-Kivu,Karisimbi,Murara,,Centre Médical,Cbce Signers,DHIS2_74D8399A32
Nord-Kivu,Karisimbi,Murara,,Centre Médical,Evangelique,WHO_Ebola_02CED056BB
Nord-Kivu,Karisimbi,Murara,,Poste de Santé,Lomami,WHO_Ebola_EA0880A5BF
Nord-Kivu,Karisimbi,Murara,,Centre de Santé,Murara,Acasus_A3EAB57606
Nord-Kivu,Karisimbi,Murara,,Centre Médical,Pasodi,WHO_Ebola_9E317696D2
Nord-Kivu,Karisimbi,Murara,,Centre Hopitalier,Signers,WHO_Ebola_9443D50A3E
Nord-Kivu,Karisimbi,Murara,,Clinique,Willy,WHO_Ebola_1BE537E448
Nord-Kivu,Karisimbi,Muungano Resurrection,,Poste de Santé,Afya Kibwe,DHIS2_03504F5A48
Nord-Kivu,Karisimbi,Muungano Resurrection,,Centre Médical,Arche Goma,WHO_Ebola_BAA9533C0E
Nord-Kivu,Karisimbi,Muungano Resurrection,,Centre Médical,Bareb,DHIS2_BE5A9F4E07
Nord-Kivu,Karisimbi,Muungano Resurrection,,Centre Médical,Christ Roi,WHO_Ebola_64B5480932
Nord-Kivu,Karisimbi,Muungano Resurrection,,Centre Médical,Emmanuel,WHO_Ebola_31CEEFA5EB
Nord-Kivu,Karisimbi,Muungano Resurrection,,Centre Médical,Hebron,WHO_Ebola_09A2FB75D3
Nord-Kivu,Karisimbi,Muungano Resurrection,,Centre Médical,L'Entree,WHO_Ebola_570F2A46DD
Nord-Kivu,Karisimbi,Muungano Resurrection,,Centre Médical,La Gloire,WHO_Ebola_754F610929
Nord-Kivu,Karisimbi,Muungano Resurrection,,Centre Médical,La Patience,WHO_Ebola_216C921CB5
Nord-Kivu,Karisimbi,Muungano Resurrection,,Centre Hopitalier,Muungano Resurection,Acasus_64C0C9649E
Nord-Kivu,Karisimbi,Muungano Resurrection,,Centre de Santé,Muungano Resurrection,Acasus_6E0CE2BA61
Nord-Kivu,Karisimbi,Muungano Solidarité,,Centre Médical,Bisengimana,Acasus_AFFAD9D050
Nord-Kivu,Karisimbi,Muungano Solidarité,,Centre Médical,Goma,WHO_Ebola_9FCB36830F
Nord-Kivu,Karisimbi,Muungano Solidarité,,Centre de Santé,Muungano Solidarite,Acasus_FB008904E9
Nord-Kivu,Karisimbi,Muungano Solidarité,,Centre Médical,Sonami,WHO_Ebola_8FDDE49F35
Nord-Kivu,Karisimbi,Méthodiste Unis de Majengo,,Centre de Santé,Methodistes Unis,Acasus_D0A28B4B85
Nord-Kivu,Karisimbi,Méthodiste Unis de Majengo,,Centre Médical,Tropical,DHIS2_C59C78FF51
Nord-Kivu,Karisimbi,Ndosho,,Centre Médical,Afya Maendeleo,WHO_Ebola_BB57E93D5D
Nord-Kivu,Karisimbi,Ndosho,,Centre Médical,Balume,WHO_Ebola_6E524C44D9
Nord-Kivu,Karisimbi,Ndosho,,Centre de Santé,Ndosho,Acasus_E9081F0599
Nord-Kivu,Karisimbi,Ndosho,,Centre Hopitalier,Pamed,Acasus_C44B5D3192
Nord-Kivu,Karisimbi,Ndosho,,Poste de Santé,Saint Christophe,DHIS2_1529A35DB3
Nord-Kivu,Karisimbi,Ndosho,,Centre Médical,Sans Frontiere,WHO_Ebola_E786B1CF6E
Nord-Kivu,Karisimbi,Ndosho,,Centre Médical,St Jean,WHO_Ebola_0783C22209
Nord-Kivu,Karisimbi,Ndosho,,Centre Médical,Vuhe,DHIS2_5F962D99A5
Nord-Kivu,Karisimbi,Rapha,,Centre Médical,Bethel,WHO_Ebola_69EEE1DBC2
Nord-Kivu,Karisimbi,Rapha,,Centre Médical,Des Enseignants,WHO_Ebola_F5C716438F
Nord-Kivu,Karisimbi,Rapha,,Centre Médical,Du Peuple,DHIS2_506FA2F3DE
Nord-Kivu,Karisimbi,Rapha,,Centre Hopitalier,La Famille,DHIS2_22773BD2E9
Nord-Kivu,Karisimbi,Rapha,,Centre Médical,Maendeleo,WHO_Ebola_1383A9F916
Nord-Kivu,Karisimbi,Rapha,,Centre Médical,Nazareen,WHO_Ebola_B26CB1C227
Nord-Kivu,Karisimbi,Rapha,,Centre de Santé,Rapha,Acasus_1899F8112B
Nord-Kivu,Karisimbi,Rapha,,Centre Hopitalier,Rapha,WHO_Ebola_8C1C11038D
Nord-Kivu,Karisimbi,Virunga,,Centre Médical,Agape,WHO_Ebola_DC717903A2
Nord-Kivu,Karisimbi,Virunga,,Centre Médical,Bon Samaritain,WHO_Ebola_9EE038E303
Nord-Kivu,Karisimbi,Virunga,,Poste de Santé,Misinga Nursing,DHIS2_C8179699C7
Nord-Kivu,Karisimbi,Virunga,,Dispensaire,Sivya,WHO_Ebola_61656B7985
Nord-Kivu,Karisimbi,Virunga,,Centre Médical,Ushindi,DHIS2_FF2FDA455A
Nord-Kivu,Karisimbi,Virunga,,Centre de Santé,Virunga,Acasus_0F6514C1FA
Nord-Kivu,Karisimbi,Virunga,,Hôpital Général de Référence,Virunga,DHIS2_05B55C20A6
Nord-Kivu,Katoyi,Bihambwe,,Centre de Santé,Bihambwe,Acasus_EE37146767
Nord-Kivu,Katoyi,Biolo,,Centre de Santé,Biolo,Acasus_669DE53DE4
Nord-Kivu,Katoyi,Bitoyi,,Centre de Santé,Bitoyi,Acasus_BDFD95ECCF
Nord-Kivu,Katoyi,Bukuba,,Centre de Santé,Bukuba,Acasus_50500F1A21
Nord-Kivu,Katoyi,Bukumbirire,,Centre de Santé,Bukumbirire,Acasus_BE2CA01F87
Nord-Kivu,Katoyi,Kachihembe,,Centre de Santé,Kachihembe,Acasus_803970B78E
Nord-Kivu,Katoyi,Kasake,,Centre de Santé,Kasake,Acasus_CFB3DFC53E
Nord-Kivu,Katoyi,Kasinga,,Centre de Santé,Kasinga,Acasus_960E744B72
Nord-Kivu,Katoyi,Katovu,,Centre de Santé,Katovu,Acasus_694BCD7F49
Nord-Kivu,Katoyi,Katoyi,,Centre de Santé,Katoyi,Acasus_BC9A914477
Nord-Kivu,Katoyi,Katuunda,,Centre de Santé,Biriko,WHO_Ebola_F04C052CB8
Nord-Kivu,Katoyi,Kibabi,,Centre de Santé,Kibabi,Acasus_DDD7BD06A4
Nord-Kivu,Katoyi,Kibabi,,Centre de Santé de Référence,Kibabi,DHIS2_D6BEEFDDD6
Nord-Kivu,Katoyi,Kikoma,,Centre de Santé,Kikoma,DHIS2_FFD3A42CCE
Nord-Kivu,Katoyi,Kinigi,,Centre de Santé,Kinigi,Acasus_F085F31068
Nord-Kivu,Katoyi,Kirambo,,Centre de Santé,Kirambo,Acasus_C14BA61D3A
Nord-Kivu,Katoyi,Kiruli,,Centre de Santé,Kiruli,Acasus_A236BA7FAE
Nord-Kivu,Katoyi,Mangere,,Centre de Santé,Mangere,Acasus_4D1CB8571F
Nord-Kivu,Katoyi,Nihima,,Centre de Santé,Nihima,Acasus_ECF2D30336
Nord-Kivu,Katoyi,Nyambisi,,Centre de Santé,Nyambisi,Acasus_184AAC16EE
Nord-Kivu,Katoyi,Nyandeki,,Centre de Santé,Nyandeki,Acasus_CDF5C389E2
Nord-Kivu,Katoyi,Ufamandu,,Centre de Santé,Ufamandu,Acasus_0321815DF8
Nord-Kivu,Katwa,Irangya,,Dispensaire,Faraja,WHO_Ebola_7983298DFA
Nord-Kivu,Katwa,Irangya,,Centre de Santé,Irangya,Acasus_D3AD046558
Nord-Kivu,Katwa,Irangya,,Dispensaire,Jesus Le Sauveur,WHO_Ebola_C5A5E37EB9
Nord-Kivu,Katwa,Irangya,,Dispensaire,L'Espoir,WHO_Ebola_A371D61885
Nord-Kivu,Katwa,Irangya,,Poste de Santé,La Vie Des Femmes,WHO_Ebola_0982FFA2EF
Nord-Kivu,Katwa,Irangya,,Centre Médical,Labo D'Analyse Bio La Fontaine,WHO_Ebola_CCD0898FFD
Nord-Kivu,Katwa,Irangya,,Dispensaire,Le Bon Berge,WHO_Ebola_9707A702A5
Nord-Kivu,Katwa,Irangya,,Centre Hopitalier,Vukaka,DHIS2_F97394622F
Nord-Kivu,Katwa,Kambuli,,Centre de Santé,Kambuli,Acasus_9BE0E0CCCD
Nord-Kivu,Katwa,Kambuli,,Dispensaire,Saint Raphael,WHO_Ebola_78F73AEAB2
Nord-Kivu,Katwa,Kihinga,,Poste de Santé,Emaus,WHO_Ebola_3A7F37936A
Nord-Kivu,Katwa,Kihinga,,Centre de Santé,Kihinga,Acasus_77BAB125B1
Nord-Kivu,Katwa,Kihinga,,Poste de Santé,Kisingiri,WHO_Ebola_EB303D884E
Nord-Kivu,Katwa,Kivika,,Centre Médical,Ambassade,WHO_Ebola_5DC12CE4F8
Nord-Kivu,Katwa,Kivika,,Poste de Santé,Benediction,WHO_Ebola_844B8F14F7
Nord-Kivu,Katwa,Kivika,,Dispensaire,Don Dieu,WHO_Ebola_B4A7587C2C
Nord-Kivu,Katwa,Kivika,,Poste de Santé,Grace Dieu,WHO_Ebola_CBC9A14829
Nord-Kivu,Katwa,Kivika,,Centre de Santé,Kivika,Acasus_3ACE06D1A2
Nord-Kivu,Katwa,Kivika,,Centre Hopitalier,Kivika,DHIS2_F208A2F244
Nord-Kivu,Katwa,Kivika,,Dispensaire,La Glore,WHO_Ebola_3148F7B0B9
Nord-Kivu,Katwa,Kivika,,Poste de Santé,Mihake,WHO_Ebola_81799EBE27
Nord-Kivu,Katwa,Kivika,,Centre Hopitalier,Ruwenzori,WHO_Ebola_366475F53D
Nord-Kivu,Katwa,Kivika,,Poste de Santé,Tumaini Letu,WHO_Ebola_7BB8884D8E
Nord-Kivu,Katwa,Kivika,,Centre Médical,Uor,WHO_Ebola_1C056B7109
Nord-Kivu,Katwa,Kyaghala,,Centre de Santé,Kyaghala,Acasus_C6869E710B
Nord-Kivu,Katwa,Makangala,,Centre Médical,Cmc Iris,WHO_Ebola_7EC1BD906F
Nord-Kivu,Katwa,Makangala,,Centre Hopitalier,Dieu Merci,WHO_Ebola_79A5213DB2
Nord-Kivu,Katwa,Makangala,,Poste de Santé,Jirani Ni Ndugu,WHO_Ebola_A863690835
Nord-Kivu,Katwa,Makangala,,Centre de Santé,Makangala,Acasus_27012B63D4
Nord-Kivu,Katwa,Makangala,,Poste de Santé,Ngote,WHO_Ebola_0957E4E8BC
Nord-Kivu,Katwa,Makangala,,Poste de Santé,Parabole,WHO_Ebola_26BA00CFE6
Nord-Kivu,Katwa,Makerere,,Poste de Santé,Cbca Kikyo,WHO_Ebola_7A3C409C9C
Nord-Kivu,Katwa,Makerere,,Centre Hopitalier,Luna,WHO_Ebola_39CF2D2F3C
Nord-Kivu,Katwa,Makerere,,Centre Hopitalier,Maghombi,WHO_Ebola_5215F57870
Nord-Kivu,Katwa,Makerere,,Centre Hopitalier,Makerere,WHO_Ebola_2808C33547
Nord-Kivu,Katwa,Makerere,,Centre de Santé,Makerere,Acasus_28B2A07DA5
Nord-Kivu,Katwa,Makerere,,Poste de Santé,Mwangaza,WHO_Ebola_2D7B21B393
Nord-Kivu,Katwa,Makerere,,Poste de Santé,Sacre Coeur Jesus,WHO_Ebola_9634FDA329
Nord-Kivu,Katwa,Makerere,,Poste de Santé,Tukufu,WHO_Ebola_6F6FFB86D9
Nord-Kivu,Katwa,Makerere,,Poste de Santé,Uzima Ni Heri,WHO_Ebola_F51EC372BA
Nord-Kivu,Katwa,Makerere,,Poste de Santé,Wokovu,WHO_Ebola_A2B6318904
Nord-Kivu,Katwa,Masiki,,Poste de Santé,Apotre Paul,WHO_Ebola_21FCF48C02
Nord-Kivu,Katwa,Masiki,,Poste de Santé,Bulema,WHO_Ebola_6A8D4A038B
Nord-Kivu,Katwa,Masiki,,Poste de Santé,Coodemuko,WHO_Ebola_015C85F4C7
Nord-Kivu,Katwa,Masiki,,Poste de Santé,Gracia Fondation,WHO_Ebola_FFE32981B0
Nord-Kivu,Katwa,Masiki,,Poste de Santé,La Perseverance,WHO_Ebola_09E9A5EBC5
Nord-Kivu,Katwa,Masiki,,Centre Médical,Masiki,DHIS2_BA8EE910AC
Nord-Kivu,Katwa,Masiki,,Centre de Santé,Masiki,Acasus_EFCDD691D5
Nord-Kivu,Katwa,Masiki,,Poste de Santé,Tasi Kaluhite,WHO_Ebola_77FFCD7038
Nord-Kivu,Katwa,Masuli,,Dispensaire,Baume Galaad,WHO_Ebola_49348D4FFA
Nord-Kivu,Katwa,Masuli,,Centre Médical,Cp Saint Jean Baptiste,WHO_Ebola_55DF191674
Nord-Kivu,Katwa,Masuli,,Poste de Santé,Delina,WHO_Ebola_B87F0C955D
Nord-Kivu,Katwa,Masuli,,Dispensaire,Gloire A Dieu,WHO_Ebola_8E0454AB52
Nord-Kivu,Katwa,Masuli,,Dispensaire,Imani Ni Dawa(Kavugho),WHO_Ebola_EB93E6101D
Nord-Kivu,Katwa,Masuli,,Dispensaire,La Compassion,WHO_Ebola_9A9174FDF1
Nord-Kivu,Katwa,Masuli,,Poste de Santé,La Raison,WHO_Ebola_69FA237FA4
Nord-Kivu,Katwa,Masuli,,Dispensaire,Le Jourdain,WHO_Ebola_DFCECD4644
Nord-Kivu,Katwa,Masuli,,Dispensaire,Maranatha,WHO_Ebola_F427742851
Nord-Kivu,Katwa,Masuli,,Centre de Santé,Masuli,Acasus_194D2E0265
Nord-Kivu,Katwa,Masuli,,Dispensaire,Musa Safina,WHO_Ebola_812530B497
Nord-Kivu,Katwa,Masuli,,Poste de Santé,Mutanga,WHO_Ebola_A9A5F41C20
Nord-Kivu,Katwa,Misebere,,Dispensaire,Arik,WHO_Ebola_5CB8080D9C
Nord-Kivu,Katwa,Misebere,,Poste de Santé,Avo,WHO_Ebola_82E3BC916F
Nord-Kivu,Katwa,Misebere,,Dispensaire,Don Divin,WHO_Ebola_4AA9CBE994
Nord-Kivu,Katwa,Misebere,,Poste de Santé,Genely,WHO_Ebola_02365BF68D
Nord-Kivu,Katwa,Misebere,,Dispensaire,Imani Ni Dawa,WHO_Ebola_A3ED70A31D
Nord-Kivu,Katwa,Misebere,,Dispensaire,Kirivata,WHO_Ebola_578A76E63C
Nord-Kivu,Katwa,Misebere,,Poste de Santé,Kyaghendi,WHO_Ebola_5B9DE9C24C
Nord-Kivu,Katwa,Misebere,,Poste de Santé,Misebere,Acasus_CF4EF410A6
Nord-Kivu,Katwa,Misebere,,Poste de Santé,Mont Carmel Vulindi,WHO_Ebola_5144E27DCC
Nord-Kivu,Katwa,Misebere,,Poste de Santé,Ngandilama,WHO_Ebola_3BF0BFD5B8
Nord-Kivu,Katwa,Misebere,,Dispensaire,Nguvu Ya Yesu,WHO_Ebola_66D3042B69
Nord-Kivu,Katwa,Misebere,,Dispensaire,Vukira,WHO_Ebola_AA9740C185
Nord-Kivu,Katwa,Mitoya,,Centre Médical,Adeprosa,DHIS2_2DBD8B228A
Nord-Kivu,Katwa,Mitoya,,Centre Médical,Cemebu,DHIS2_E84EC20336
Nord-Kivu,Katwa,Mitoya,,Poste de Santé,Kikungu,WHO_Ebola_69FC72BF41
Nord-Kivu,Katwa,Mitoya,,Poste de Santé,La Guerison,WHO_Ebola_E38AF36726
Nord-Kivu,Katwa,Mitoya,,Centre Hopitalier,Mitoya,WHO_Ebola_A65530486E
Nord-Kivu,Katwa,Mitoya,,Centre de Santé,Mitoya,Acasus_8D19272F69
Nord-Kivu,Katwa,Mitoya,,Centre Hopitalier,Taraja,WHO_Ebola_C8279875DA
Nord-Kivu,Katwa,Mitoya,,Poste de Santé,Uhuru,WHO_Ebola_85F189E71B
Nord-Kivu,Katwa,Muchanga,,Centre Hopitalier,Anuarite,WHO_Ebola_6A6651F9FD
Nord-Kivu,Katwa,Muchanga,,Dispensaire,Christ Roi,WHO_Ebola_3F77D122D1
Nord-Kivu,Katwa,Muchanga,,Centre Médical,Cmc Kalengere,WHO_Ebola_354DB556C4
Nord-Kivu,Katwa,Muchanga,,Poste de Santé,Croix Rouge Furaha Ya Mwzamini,WHO_Ebola_42068539AD
Nord-Kivu,Katwa,Muchanga,,Dispensaire,Gloria,WHO_Ebola_A57CDA04C5
Nord-Kivu,Katwa,Muchanga,,Clinique,Gloria,WHO_Ebola_A254671DCF
Nord-Kivu,Katwa,Muchanga,,Poste de Santé,Kisitu,WHO_Ebola_A7553106D9
Nord-Kivu,Katwa,Muchanga,,Poste de Santé,Kitsangirwa,WHO_Ebola_44778406F9
Nord-Kivu,Katwa,Muchanga,,Dispensaire,L'Espoir,WHO_Ebola_5BE57F59A3
Nord-Kivu,Katwa,Muchanga,,Poste de Santé,La Bienheureuse,WHO_Ebola_FC381648D6
Nord-Kivu,Katwa,Muchanga,,Dispensaire,La Grace,WHO_Ebola_446913983C
Nord-Kivu,Katwa,Muchanga,,Poste de Santé,La Perceverance,WHO_Ebola_465BBEE7F0
Nord-Kivu,Katwa,Muchanga,,Poste de Santé,Madjaliwa,WHO_Ebola_B75C4D7D24
Nord-Kivu,Katwa,Muchanga,,Centre Hopitalier,Mama Rose,WHO_Ebola_235C998FD8
Nord-Kivu,Katwa,Muchanga,,Centre de Santé,Mavono,WHO_Ebola_68B59D2E3D
Nord-Kivu,Katwa,Muchanga,,Centre Hopitalier,Muchanga,WHO_Ebola_70DBD05CCB
Nord-Kivu,Katwa,Muchanga,,Centre de Santé,Muchanga,DHIS2_ADB47D9B06
Nord-Kivu,Katwa,Muchanga,,Poste de Santé,Pole Amani,WHO_Ebola_A2E49A9EB1
Nord-Kivu,Katwa,Muchanga,,Centre de Santé,Saine,WHO_Ebola_AAF6EC14FD
Nord-Kivu,Katwa,Muchanga,,Poste de Santé,Saint Pierre,WHO_Ebola_23FDFAF06A
Nord-Kivu,Katwa,Muchanga,,Poste de Santé,Secours,WHO_Ebola_4F8DF57FB0
Nord-Kivu,Katwa,Muchanga,,Poste de Santé,Tout Est Grace,WHO_Ebola_A447A8340A
Nord-Kivu,Katwa,Muchanga,,Poste de Santé,Uzima Bora,WHO_Ebola_120A1790F1
Nord-Kivu,Katwa,Muchanga,,Poste de Santé,Vumilia,WHO_Ebola_5C7DE04B94
Nord-Kivu,Katwa,Muchanga,,Poste de Santé,Vyasongya,WHO_Ebola_90099CC579
Nord-Kivu,Katwa,Mukuna,,Poste de Santé,Don David,WHO_Ebola_BACB126331
Nord-Kivu,Katwa,Mukuna,,Centre Médical,Fojesa,WHO_Ebola_6814B0C2B4
Nord-Kivu,Katwa,Mukuna,,Poste de Santé,Hekima,WHO_Ebola_65537FE008
Nord-Kivu,Katwa,Mukuna,,Poste de Santé,Kasesa,WHO_Ebola_74B391BCD3
Nord-Kivu,Katwa,Mukuna,,Centre Médical,Keveramuke,DHIS2_9FB79A78B5
Nord-Kivu,Katwa,Mukuna,,Poste de Santé,Kyaghala Pronomeko,WHO_Ebola_00B52247B4
Nord-Kivu,Katwa,Mukuna,,Dispensaire,Malera,WHO_Ebola_514A0124E7
Nord-Kivu,Katwa,Mukuna,,Centre de Santé,Mukuna,Acasus_EA46EBA157
Nord-Kivu,Katwa,Mukuna,,Centre Hopitalier,Saint Luc,WHO_Ebola_B4CC05C20E
Nord-Kivu,Katwa,Mukuna,,Poste de Santé,Saint Paul,WHO_Ebola_0AC3D89478
Nord-Kivu,Katwa,Mukuna,,Centre Hopitalier,Sainte Famille Mukuna,DHIS2_AC318E99A5
Nord-Kivu,Katwa,Mukuna,,Centre Médical,Sonogho,WHO_Ebola_34BE2C1826
Nord-Kivu,Katwa,Mukuna,,Poste de Santé,Yesu Ni Bwana,WHO_Ebola_619DC3E5CD
Nord-Kivu,Katwa,Mukuna,,Poste de Santé,Zawadi,WHO_Ebola_9C0553414F
Nord-Kivu,Katwa,Muyisa,,Poste de Santé,Afia Yetu,WHO_Ebola_5576141E3D
Nord-Kivu,Katwa,Muyisa,,Poste de Santé,Bisimillah,WHO_Ebola_7B16C7141F
Nord-Kivu,Katwa,Muyisa,,Poste de Santé,Bumbo,WHO_Ebola_6629F2D79E
Nord-Kivu,Katwa,Muyisa,,Centre de Santé,Muyisa,Acasus_A07597D93E
Nord-Kivu,Katwa,Muyisa,,Dispensaire,Nguvu Dawa,WHO_Ebola_CEFEA7A212
Nord-Kivu,Katwa,Muyisa,,Poste de Santé,Tout Est Grace,WHO_Ebola_6CAD3BE6BD
Nord-Kivu,Katwa,Rughenda,,Poste de Santé,Imani Ni Dawa,WHO_Ebola_E8F0BB097B
Nord-Kivu,Katwa,Rughenda,,Centre Médical,Juhudi,WHO_Ebola_B49E3B86E9
Nord-Kivu,Katwa,Rughenda,,Centre Hopitalier,Kiharo,WHO_Ebola_0CEF720413
Nord-Kivu,Katwa,Rughenda,,Dispensaire,La Foi Vutahira,WHO_Ebola_AD2A8FE140
Nord-Kivu,Katwa,Rughenda,,Poste de Santé,Matsinde,WHO_Ebola_EF2ADAA7C0
Nord-Kivu,Katwa,Rughenda,,Dispensaire,Neeme Tele Vutahira,WHO_Ebola_AAD4E5BE3F
Nord-Kivu,Katwa,Rughenda,,Centre Médical,Notre Secours,WHO_Ebola_03BC2D6B01
Nord-Kivu,Katwa,Rughenda,,Poste de Santé,Paradoxe,WHO_Ebola_3C57D1EBAA
Nord-Kivu,Katwa,Rughenda,,Poste de Santé,Peregrin,WHO_Ebola_F81E1E53BE
Nord-Kivu,Katwa,Rughenda,,Poste de Santé,Rughenda,WHO_Ebola_B63A3AD978
Nord-Kivu,Katwa,Rughenda,,Centre de Santé,Rughenda,Acasus_FA2CDADF02
Nord-Kivu,Katwa,Rughenda,,Poste de Santé,Vutahira,WHO_Ebola_D3B5C0DA1E
Nord-Kivu,Katwa,Tulizeni,,Centre Hopitalier,Americano,WHO_Ebola_A518CC8F55
Nord-Kivu,Katwa,Tulizeni,,Poste de Santé,Bora Uzima,WHO_Ebola_9C5C2640D8
Nord-Kivu,Katwa,Tulizeni,,Centre Hopitalier,Ignis,WHO_Ebola_D17D6BFD7C
Nord-Kivu,Katwa,Tulizeni,,Centre Médical,Ignis,DHIS2_C3705C20BD
Nord-Kivu,Katwa,Tulizeni,,Poste de Santé,Imani,WHO_Ebola_B9540381BB
Nord-Kivu,Katwa,Tulizeni,,Poste de Santé,Isango,WHO_Ebola_B8FF794C32
Nord-Kivu,Katwa,Tulizeni,,Poste de Santé,Kalimbut,WHO_Ebola_32DF456170
Nord-Kivu,Katwa,Tulizeni,,Clinique,L'Esperance,WHO_Ebola_4AD3380232
Nord-Kivu,Katwa,Tulizeni,,Poste de Santé,Martial,WHO_Ebola_A651AB58EC
Nord-Kivu,Katwa,Tulizeni,,Poste de Santé,Ovuyingo,WHO_Ebola_ECAB47282E
Nord-Kivu,Katwa,Tulizeni,,Centre Médical,Pastor Bonus,Acasus_EA0CFE6F6F
Nord-Kivu,Katwa,Tulizeni,,Poste de Santé,Sainte Therese,WHO_Ebola_47ABF82BA1
Nord-Kivu,Katwa,Tulizeni,,Centre de Santé,Tulizeni,Acasus_8DACAD726A
Nord-Kivu,Katwa,Vighole,,Dispensaire,Baraka,WHO_Ebola_79CD7A0EC2
Nord-Kivu,Katwa,Vighole,,Centre de Santé,Kambuli,WHO_Ebola_35E00F1EFB
Nord-Kivu,Katwa,Vighole,,Poste de Santé,Kavisa,WHO_Ebola_244DAB4912
Nord-Kivu,Katwa,Vighole,,Dispensaire,La Foi En Christ,WHO_Ebola_CDCD42CE81
Nord-Kivu,Katwa,Vighole,,Dispensaire,La Lumiere,WHO_Ebola_C8E2A9644C
Nord-Kivu,Katwa,Vighole,,Poste de Santé,Lirombi,WHO_Ebola_416801D9CA
Nord-Kivu,Katwa,Vighole,,Poste de Santé,Malihi,WHO_Ebola_A40B9A04BF
Nord-Kivu,Katwa,Vighole,,Centre Hopitalier,St Thomas,WHO_Ebola_16DA0CC3C8
Nord-Kivu,Katwa,Vighole,,Dispensaire,Ushindi,WHO_Ebola_1455A9A6F7
Nord-Kivu,Katwa,Vighole,,Centre Hopitalier,Vighole,WHO_Ebola_B9DCC3FD9D
Nord-Kivu,Katwa,Vighole,,Centre de Santé,Vighole,Acasus_EFAFE6F1EA
Nord-Kivu,Katwa,Vighole,,Poste de Santé,Vuhunga,WHO_Ebola_914DF4F43D
Nord-Kivu,Katwa,Vighole,,Poste de Santé,Yesu Ni Jibu,WHO_Ebola_0C8C4DBA80
Nord-Kivu,Katwa,Vuhika,,Poste de Santé,Codemuco,WHO_Ebola_C284392E4B
Nord-Kivu,Katwa,Vuhika,,Centre de Santé de Référence,Cte Katwa,WHO_Ebola_2476372D93
Nord-Kivu,Katwa,Vuhika,,Poste de Santé,Don Divin,WHO_Ebola_1C56FF77AF
Nord-Kivu,Katwa,Vuhika,,Centre Hopitalier,Emmanuel D'Alzon,WHO_Ebola_A7FE874558
Nord-Kivu,Katwa,Vuhika,,Bureau Central de la Zone de Santé,Katwa,WHO_Ebola_1136DF2E5B
Nord-Kivu,Katwa,Vuhika,,Poste de Santé,La Joie,WHO_Ebola_ACC46B4640
Nord-Kivu,Katwa,Vuhika,,Poste de Santé,Leproserie,WHO_Ebola_98A296E0B6
Nord-Kivu,Katwa,Vuhika,,Poste de Santé,Makimbilio,WHO_Ebola_689257F3B7
Nord-Kivu,Katwa,Vuhika,,Poste de Santé,Siloe,WHO_Ebola_21A1CBF8DB
Nord-Kivu,Katwa,Vuhika,,Centre de Santé,Vuhika,Acasus_B2FC24ED57
Nord-Kivu,Katwa,Vungi,,Centre Hopitalier,Baraka,WHO_Ebola_1420481AD7
Nord-Kivu,Katwa,Vungi,,Dispensaire,Bethesaida,WHO_Ebola_526747E072
Nord-Kivu,Katwa,Vungi,,Poste de Santé,Grefamu,WHO_Ebola_805C226F49
Nord-Kivu,Katwa,Vungi,,Centre Hopitalier,Kinesitherapie Siloe,WHO_Ebola_EE5DC9633F
Nord-Kivu,Katwa,Vungi,,Poste de Santé,La Guerison,WHO_Ebola_69E45EA9A8
Nord-Kivu,Katwa,Vungi,,Centre Hopitalier,La Guerison,WHO_Ebola_EE221C4E9B
Nord-Kivu,Katwa,Vungi,,Poste de Santé,Labo Bethesaida,WHO_Ebola_79E158B516
Nord-Kivu,Katwa,Vungi,,Poste de Santé,Mantale Resame,WHO_Ebola_458FC041F5
Nord-Kivu,Katwa,Vungi,,Centre Hopitalier,Matanda,WHO_Ebola_4D9D9C1CA9
Nord-Kivu,Katwa,Vungi,,Centre Médical,Orthopedique La Rejeuneration,WHO_Ebola_41221CAEE4
Nord-Kivu,Katwa,Vungi,,Poste de Santé,Ruwenzori,WHO_Ebola_DA18311030
Nord-Kivu,Katwa,Vungi,,Poste de Santé,Ste Ste Bakhita,WHO_Ebola_940FF64B93
Nord-Kivu,Katwa,Vungi,,Poste de Santé,Umoja,WHO_Ebola_7AA250C7E7
Nord-Kivu,Katwa,Vungi,,Centre Hopitalier,Universitaire Ruwenzori,WHO_Ebola_D602FB3EEC
Nord-Kivu,Katwa,Vungi,,Centre de Santé,Vungi,Acasus_EFEB382995
Nord-Kivu,Katwa,Wanamahika,,Poste de Santé,Adv Mutiri,WHO_Ebola_4C81895598
Nord-Kivu,Katwa,Wanamahika,,Poste de Santé,Afya Lawagonzwa,WHO_Ebola_77D8C78C42
Nord-Kivu,Katwa,Wanamahika,,Poste de Santé,Amani,WHO_Ebola_01B351D5A7
Nord-Kivu,Katwa,Wanamahika,,Poste de Santé,Bwako,WHO_Ebola_45C94D9F91
Nord-Kivu,Katwa,Wanamahika,,Poste de Santé,Eera Mutiri,WHO_Ebola_FBFE1F9A7C
Nord-Kivu,Katwa,Wanamahika,,Centre Hopitalier,Heshima Letu,DHIS2_4346B0B29B
Nord-Kivu,Katwa,Wanamahika,,Dispensaire,Horizon,WHO_Ebola_A47F8B6DA5
Nord-Kivu,Katwa,Wanamahika,,Centre Médical,Imc Butembo,WHO_Ebola_9493DC689B
Nord-Kivu,Katwa,Wanamahika,,Dispensaire,Kihate,WHO_Ebola_A55D229D52
Nord-Kivu,Katwa,Wanamahika,,Centre Hopitalier,Labreche,WHO_Ebola_6647CB3D37
Nord-Kivu,Katwa,Wanamahika,,Hôpital Général de Référence,Le Roi,WHO_Ebola_378D237920
Nord-Kivu,Katwa,Wanamahika,,Dispensaire,Maison Kituli,WHO_Ebola_3DF6EA183F
Nord-Kivu,Katwa,Wanamahika,,Poste de Santé,Masaidizi,WHO_Ebola_69C93B22DF
Nord-Kivu,Katwa,Wanamahika,,Centre Hopitalier,Mutiri,WHO_Ebola_91B3B8E784
Nord-Kivu,Katwa,Wanamahika,,Poste de Santé,Mutumishi,WHO_Ebola_D73A3704A6
Nord-Kivu,Katwa,Wanamahika,,Clinique,Pax Christi,WHO_Ebola_C22F4D5C21
Nord-Kivu,Katwa,Wanamahika,,Poste de Santé,Pole Pole,WHO_Ebola_3C05D39E38
Nord-Kivu,Katwa,Wanamahika,,Poste de Santé,Rafiki,WHO_Ebola_B4EB3E50A9
Nord-Kivu,Katwa,Wanamahika,,Poste de Santé,Umoja,WHO_Ebola_2F6E38CD08
Nord-Kivu,Katwa,Wanamahika,,Centre de Santé,Wanamahika,Acasus_E7AF774E04
Nord-Kivu,Katwa,Wanamahika,,Centre Hopitalier,Wanamahika,DHIS2_A076F90002
Nord-Kivu,Katwa,Wayene,,Poste de Santé,Bulengera,WHO_Ebola_F89B5A45E7
Nord-Kivu,Katwa,Wayene,,Centre Médical,Cercle Ima,WHO_Ebola_1D2BCCBCA2
Nord-Kivu,Katwa,Wayene,,Poste de Santé,Gracia Kasinga,WHO_Ebola_BCE2D0CC05
Nord-Kivu,Katwa,Wayene,,Poste de Santé,La Renaissance,WHO_Ebola_7226760050
Nord-Kivu,Katwa,Wayene,,Poste de Santé,Mama Therese,WHO_Ebola_0B6E261EBA
Nord-Kivu,Katwa,Wayene,,Poste de Santé,Musondolya,WHO_Ebola_9852B1629B
Nord-Kivu,Katwa,Wayene,,Centre Médical,Omulamo,WHO_Ebola_AAB0CFFC87
Nord-Kivu,Katwa,Wayene,,Centre Médical,Roi Salomon,WHO_Ebola_38D5411CA8
Nord-Kivu,Katwa,Wayene,,Poste de Santé,Saint Larena Azora,WHO_Ebola_D0E52CB581
Nord-Kivu,Katwa,Wayene,,Poste de Santé,Tertiaire,WHO_Ebola_84184542B5
Nord-Kivu,Katwa,Wayene,,Centre de Santé,Wayene,Acasus_85EB7116AA
Nord-Kivu,Katwa,Wayene,,Poste de Santé,Yesu Ni Jibu,WHO_Ebola_EF477485E2
Nord-Kivu,Kayna,Bulinda,,Centre de Santé,Bulinda,Acasus_11DD4C1F7D
Nord-Kivu,Kayna,Bulotwa,,Centre de Santé,Bulotwa,Acasus_FC78CDABD2
Nord-Kivu,Kayna,Bulotwa,,Poste de Santé,Cbca Bulotwa,DHIS2_3F33114056
Nord-Kivu,Kayna,Bulotwa,,Poste de Santé,Umoja Kyambwe,WHO_Ebola_799CAA33F4
Nord-Kivu,Kayna,Busekera,,Centre de Santé de Référence,Busekera,Acasus_876AE4FB86
Nord-Kivu,Kayna,Busekera,,Poste de Santé,Cebca Kanyatsi,WHO_Ebola_2FD7F90F54
Nord-Kivu,Kayna,Butsiri,,Poste de Santé,Amani 8 E Cepac,WHO_Ebola_46E27B3060
Nord-Kivu,Kayna,Butsiri,,Poste de Santé,Amini Yesu,WHO_Ebola_585AE145E8
Nord-Kivu,Kayna,Butsiri,,Centre de Santé,Butsiri,Acasus_5662DA05C0
Nord-Kivu,Kayna,Butsiri,,Centre de Santé,Kamandi,WHO_Ebola_E178BC0D60
Nord-Kivu,Kayna,Butsiri,,Poste de Santé,Muso,WHO_Ebola_C121CF6CE9
Nord-Kivu,Kayna,Butsiri,,Poste de Santé,Pacifique,WHO_Ebola_96B485D397
Nord-Kivu,Kayna,Bwatsinge,,Centre de Santé,Bwatsinge,Acasus_200AFCA206
Nord-Kivu,Kayna,Bwatsinge,,Poste de Santé,Kitaheta,WHO_Ebola_3D2C84DFFE
Nord-Kivu,Kayna,Itsu,,Poste de Santé,Colusako,WHO_Ebola_2B79384046
Nord-Kivu,Kayna,Itsu,,Poste de Santé,Furaha Yetu,WHO_Ebola_E3FC5ABD37
Nord-Kivu,Kayna,Itsu,,Centre de Santé,Itsu,Acasus_F51359D5CA
Nord-Kivu,Kayna,Itsu,,Poste de Santé,Kavuhiro,WHO_Ebola_7FD58B7346
Nord-Kivu,Kayna,Itsu,,Poste de Santé,L'Espoir,WHO_Ebola_EAF43DAFFD
Nord-Kivu,Kayna,Itsu,,Poste de Santé,Tumaini,WHO_Ebola_B951DB33E5
Nord-Kivu,Kayna,Kamandi,,Poste de Santé,Cbca Kamandi,DHIS2_DFE37E5E64
Nord-Kivu,Kayna,Kamandi,,Centre de Santé,Kamandi,Acasus_073CF48B3A
Nord-Kivu,Kayna,Kamandi,,Poste de Santé,Kitotoka,WHO_Ebola_6F2DE39A8F
Nord-Kivu,Kayna,Kamandi Lac,,Centre de Santé,Kamandi Lac,Acasus_2AC55D735C
Nord-Kivu,Kayna,Kamandi Lac,,Poste de Santé,Kiserero,WHO_Ebola_55B58888E6
Nord-Kivu,Kayna,Kamandi Lac,,Poste de Santé,Lunzenze,WHO_Ebola_491D926E91
Nord-Kivu,Kayna,Kamandi Lac,,Poste de Santé,Tulizeni,WHO_Ebola_670DACA2D5
Nord-Kivu,Kayna,Kanyabayonga,,Poste de Santé,Eau Benite,WHO_Ebola_21CAE13425
Nord-Kivu,Kayna,Kanyabayonga,,Poste de Santé,Jehovah Jure,WHO_Ebola_9AF83746E9
Nord-Kivu,Kayna,Kanyabayonga,,Centre de Santé,Kanyabayonga,Acasus_55B10034DE
Nord-Kivu,Kayna,Kanyabayonga,,Poste de Santé,Kinyangoma,WHO_Ebola_100906C35D
Nord-Kivu,Kayna,Kanyabayonga,,Dispensaire,La Grace,WHO_Ebola_04E1AB87B1
Nord-Kivu,Kayna,Kanyabayonga,,Poste de Santé,Tafazali,WHO_Ebola_2501255CB8
Nord-Kivu,Kayna,Kanyabayonga,,Poste de Santé,Tumaini Letu 2,WHO_Ebola_85896C7BBB
Nord-Kivu,Kayna,Kanyatsi,,Centre de Santé,Kanyatsi,Acasus_855BF89FCA
Nord-Kivu,Kayna,Kasando,,Centre de Santé,Kasando,Acasus_AF48B1DC4C
Nord-Kivu,Kayna,Kasando,,Centre Hopitalier,Nengapeta,WHO_Ebola_CA11C5BD00
Nord-Kivu,Kayna,Katero,,Poste de Santé,Furaha,WHO_Ebola_361514F589
Nord-Kivu,Kayna,Katero,,Poste de Santé,Handicap,WHO_Ebola_B2907ED6B0
Nord-Kivu,Kayna,Katero,,Centre de Santé,Katero,Acasus_48F69B0476
Nord-Kivu,Kayna,Katero,,Poste de Santé,Makimbilio,WHO_Ebola_0D7DCBF82E
Nord-Kivu,Kayna,Katero,,Centre Hopitalier,Tulizeni,WHO_Ebola_6E8EEF6851
Nord-Kivu,Kayna,Kayna,,Centre de Santé,Kayna,Acasus_16899C781D
Nord-Kivu,Kayna,Kayna,,Poste de Santé,Kyatenga,DHIS2_DF7013E53D
Nord-Kivu,Kayna,Kikuvo,,Poste de Santé,Cebca Kikuvo,WHO_Ebola_10D5F279A9
Nord-Kivu,Kayna,Kikuvo,,Centre de Santé,Kikuvo,Acasus_D5286FB5CC
Nord-Kivu,Kayna,Kikuvo,,Poste de Santé,La Victoire,DHIS2_F6E01CCF57
Nord-Kivu,Kayna,Kikuvo,,Poste de Santé,Makimbiliyo,WHO_Ebola_6E24C2943F
Nord-Kivu,Kayna,Kirumba,,Poste de Santé,Agape,WHO_Ebola_5294DC4CEE
Nord-Kivu,Kayna,Kirumba,,Poste de Santé,Faraja,WHO_Ebola_0B5250C177
Nord-Kivu,Kayna,Kirumba,,Poste de Santé,Grace,WHO_Ebola_3C00E309F1
Nord-Kivu,Kayna,Kirumba,,Centre de Santé de Référence,Kirumba,Acasus_7350B53FE6
Nord-Kivu,Kayna,Kirumba,,Poste de Santé,Kyanguwe,WHO_Ebola_274B2D4925
Nord-Kivu,Kayna,Kirumba,,Centre Médical,Labo First Healf,WHO_Ebola_7325293D81
Nord-Kivu,Kayna,Kirumba,,Poste de Santé,Tupone,WHO_Ebola_1928271031
Nord-Kivu,Kayna,Kirumba,,Poste de Santé,Yetu,WHO_Ebola_BB7B5DF599
Nord-Kivu,Kayna,Luofu,,Poste de Santé,Kasiki,WHO_Ebola_DF60BA3275
Nord-Kivu,Kayna,Luofu,,Poste de Santé,Kitobindo,WHO_Ebola_7DC9F4A7A9
Nord-Kivu,Kayna,Luofu,,Centre de Santé,Luofu,Acasus_282D57428C
Nord-Kivu,Kayna,Luofu,,Poste de Santé,Muviga,WHO_Ebola_1E073D9EC5
Nord-Kivu,Kayna,Luofu,,Poste de Santé,Vughanga,WHO_Ebola_2559D9297B
Nord-Kivu,Kayna,Mighobwe,,Poste de Santé,Abep,WHO_Ebola_F8FC7C2744
Nord-Kivu,Kayna,Mighobwe,,Poste de Santé,Belle Famille,WHO_Ebola_71CEB9E7D1
Nord-Kivu,Kayna,Mighobwe,,Poste de Santé,Cbca Mighobwe,WHO_Ebola_6313BB5625
Nord-Kivu,Kayna,Mighobwe,,Poste de Santé,Hygienique,WHO_Ebola_A160E57116
Nord-Kivu,Kayna,Mighobwe,,Centre Hopitalier,Kinesitherapie Henri,WHO_Ebola_E6DDD3B1BB
Nord-Kivu,Kayna,Mighobwe,,Centre de Santé,Mighobwe,Acasus_946BB0FD94
Nord-Kivu,Kayna,Miriki,,Centre de Santé,Miriki,Acasus_2DCB621E0B
Nord-Kivu,Kayna,Miriki,,Poste de Santé,Sayuni,WHO_Ebola_B55E8E73C5
Nord-Kivu,Kayna,Mulinde,,Poste de Santé,Cbca Kimaka,WHO_Ebola_E716F07F7B
Nord-Kivu,Kayna,Mulinde,,Poste de Santé,Kinga Bora,WHO_Ebola_EB861575AE
Nord-Kivu,Kayna,Mulinde,,Poste de Santé,Muangaliane,WHO_Ebola_725D839EA8
Nord-Kivu,Kayna,Mulinde,,Centre de Santé de Référence,Mulinde,Acasus_5E86CDC272
Nord-Kivu,Kayna,Mulinde,,Poste de Santé,Wema Ni Hakili,WHO_Ebola_D14E8A6340
Nord-Kivu,Kayna,Nyamiindo,,Bureau Central de la Zone de Santé,Kayna,WHO_Ebola_41ED4FB770
Nord-Kivu,Kayna,Nyamiindo,,Hôpital Général de Référence,Kayna,DHIS2_ADDECA7BCA
Nord-Kivu,Kayna,Nyamiindo,,Centre de Santé,Nyamiindo,Acasus_CA9A5C638E
Nord-Kivu,Kayna,Nyamiindo,,Poste de Santé,Pour Handicapet,WHO_Ebola_73C9C9B7A0
Nord-Kivu,Kayna,Singamwambe,,Poste de Santé,Amani 2,WHO_Ebola_BCAA9D8CE4
Nord-Kivu,Kayna,Singamwambe,,Poste de Santé,Kinga Bora,WHO_Ebola_68BA4D562E
Nord-Kivu,Kayna,Singamwambe,,Centre de Santé,Singamwambe,Acasus_4A334BB2D8
Nord-Kivu,Kayna,Singamwambe,,Poste de Santé,Tulizeni 1,WHO_Ebola_BBCF620A9C
Nord-Kivu,Kayna,Vuhoyo,,Poste de Santé,Katolero,WHO_Ebola_22C4041107
Nord-Kivu,Kayna,Vuhoyo,,Centre de Santé,Vuhoyo,Acasus_161824D3C7
Nord-Kivu,Kayna,Vuvogho,,Poste de Santé,Baseko,WHO_Ebola_655EE50223
Nord-Kivu,Kayna,Vuvogho,,Poste de Santé,Bethsaida,WHO_Ebola_B32544194F
Nord-Kivu,Kayna,Vuvogho,,Poste de Santé,Matungulu,WHO_Ebola_E146BAB421
Nord-Kivu,Kayna,Vuvogho,,Centre Hopitalier,Notre Dema Fatima,WHO_Ebola_43FBF58ED9
Nord-Kivu,Kayna,Vuvogho,,Centre de Santé,Vuvogho,Acasus_9E8E5D3F37
Nord-Kivu,Kibirizi,Birundule,,Centre de Santé,Birundule,Acasus_CFCD9039BC
Nord-Kivu,Kibirizi,Buhondwa,,Centre de Santé,Buhondwa,Acasus_E00198947D
Nord-Kivu,Kibirizi,Bulindi,,Centre de Santé,Bulindi,Acasus_C646650CD8
Nord-Kivu,Kibirizi,Bwalanda,,Centre de Santé,Bwalanda,Acasus_BBE3924836
Nord-Kivu,Kibirizi,CBCA Kibirizi,,Centre de Santé,Cbca Kibirizi,Acasus_BE5B12C2BF
Nord-Kivu,Kibirizi,Cepromi,,Centre de Santé,Cepromi,Acasus_B8DC58CA99
Nord-Kivu,Kibirizi,Ibuga,,Centre de Santé,Ibuga,Acasus_8757019A92
Nord-Kivu,Kibirizi,Kabati,,Centre de Santé,Kabati,Acasus_C4A1837DFF
Nord-Kivu,Kibirizi,Kalonge,,Centre de Santé,Kalonge,Acasus_0D0AB544BE
Nord-Kivu,Kibirizi,Kashalira,,Centre de Santé,Kashalira,Acasus_2B707491AA
Nord-Kivu,Kibirizi,Kasoko,,Centre de Santé,Kasoko,Acasus_6CB7D185FF
Nord-Kivu,Kibirizi,Kibingo,,Centre de Santé,Kibingo,Acasus_AFC17EB5F0
Nord-Kivu,Kibirizi,Kibingo,,Poste de Santé,Urgence,Acasus_72177F4E40
Nord-Kivu,Kibirizi,Kibirizi,,Centre de Santé,Kibirizi,Acasus_F901876751
Nord-Kivu,Kibirizi,Kikuku,,Centre de Santé,Kikuku,Acasus_439075DE8A
Nord-Kivu,Kibirizi,Kilambo,,Centre de Santé,Kilambo,Acasus_A326FCBB70
Nord-Kivu,Kibirizi,Kiyeye,,Centre de Santé,Kiyeye,Acasus_40F836CABF
Nord-Kivu,Kibirizi,Kyaghala,,Centre de Santé,Kyaghala,Acasus_F5FE22BF60
Nord-Kivu,Kibirizi,Muliki,,Centre de Santé,Muliki,Acasus_58E25D0ECA
Nord-Kivu,Kibirizi,Mushikiri,,Centre de Santé,Mushikiri,Acasus_A8BEA93F5C
Nord-Kivu,Kibirizi,Nyanzale,,Centre de Santé,Nyanzale,Acasus_0678407F97
Nord-Kivu,Kibirizi,Nyarubande,,Centre de Santé,Nyarubande,Acasus_6AE008549B
Nord-Kivu,Kibirizi,Singa,,Centre de Santé,Singa,Acasus_1206B91BDB
Nord-Kivu,Kibirizi,Tulizeni,,Centre de Santé,Tulizeni,Acasus_1C47266336
Nord-Kivu,Kibirizi,Vitshumbi,,Centre de Santé de Référence,Vitsumbi,WHO_Ebola_3641563B63
Nord-Kivu,Kibua,Byungu,,Centre de Santé,Byungu,Acasus_BB1B74BDF6
Nord-Kivu,Kibua,Karambi,,Centre de Santé,Karambi,Acasus_192359640D
Nord-Kivu,Kibua,Kasuka,,Centre de Santé,Kasuka,Acasus_E3F366427B
Nord-Kivu,Kibua,Kibati,,Centre de Santé,Kibati,Acasus_A0262BB119
Nord-Kivu,Kibua,Kibua,,Centre de Santé,Kibua,Acasus_C7A5E9E2DE
Nord-Kivu,Kibua,Kimua,,Centre de Santé,Kimua,Acasus_5FDFE4CD06
Nord-Kivu,Kibua,Kishanga,,Centre de Santé,Kishanga,Acasus_5B5F33EA7E
Nord-Kivu,Kibua,Langira,,Centre de Santé,Langira,Acasus_7B80EB1CBE
Nord-Kivu,Kibua,Limangi,,Centre de Santé,Limangi,Acasus_5C0D14D49C
Nord-Kivu,Kibua,Lubonga,,Centre de Santé,Lubonga,Acasus_201D4E7955
Nord-Kivu,Kibua,Luvungi,,Centre de Santé,Luvungi,Acasus_E4AA6E0AE0
Nord-Kivu,Kibua,Machumbi,,Centre de Santé,Machumbi,Acasus_CEC96BCF2F
Nord-Kivu,Kibua,Misau,,Centre de Santé,Misau,Acasus_5E1799A7E2
Nord-Kivu,Kibua,N'Kimba,,Centre de Santé,N'Kimba,Acasus_356E91FEDF
Nord-Kivu,Kibua,Ngenge,,Poste de Santé,Mitwa,Acasus_878AAF3E88
Nord-Kivu,Kibua,Ngenge,,Centre de Santé,Ngenge,Acasus_C8335A8441
Nord-Kivu,Kibua,Ntoto,,Centre de Santé,Ntoto,Acasus_7DF9100897
Nord-Kivu,Kirotshe,Bishange,,Centre de Santé,Bishange,Acasus_7281EF46BD
Nord-Kivu,Kirotshe,Bitonga,,Centre de Santé,Bitonga,Acasus_7629E2C6C5
Nord-Kivu,Kirotshe,Bulengero,,Centre de Santé,Bulengero,Acasus_BE3220DB3B
Nord-Kivu,Kirotshe,Buroha,,Centre de Santé,Buroha,Acasus_A4E08C888B
Nord-Kivu,Kirotshe,Bushuhe,,Centre de Santé,Bushuhe,Acasus_6368FB08AD
Nord-Kivu,Kirotshe,Bweremana,,Centre de Santé,Bweremana,Acasus_464B35DBFF
Nord-Kivu,Kirotshe,Humule,,Centre de Santé,Humule,DHIS2_FBBAC3040F
Nord-Kivu,Kirotshe,Kabase,,Centre de Santé,Kabase,Acasus_7CE45CBB42
Nord-Kivu,Kirotshe,Kaduki,,Centre de Santé,Kaduki,Acasus_01360BF81F
Nord-Kivu,Kirotshe,Kaduki,,Dispensaire,Upole,DHIS2_DE4489DC8D
Nord-Kivu,Kirotshe,Karuba,,Centre de Santé,Karuba,Acasus_835A0C01BA
Nord-Kivu,Kirotshe,Kashebere,,Centre de Santé,Kashebere,Acasus_C64E67D8A9
Nord-Kivu,Kirotshe,Kasura,,Centre de Santé,Kasura,Acasus_500C77D92A
Nord-Kivu,Kirotshe,Katovu,,Centre de Santé,Katovu,Acasus_35224212B7
Nord-Kivu,Kirotshe,Kausa,,Centre de Santé,Kausa,Acasus_F6B1592AFB
Nord-Kivu,Kirotshe,Kihindo,,Centre de Santé,Kihindo,Acasus_FE82B4B26D
Nord-Kivu,Kirotshe,Kimoka,,Centre de Santé,Kimoka,Acasus_8B6AA88F1D
Nord-Kivu,Kirotshe,Kionde,,Centre de Santé,Kionde,Acasus_EB1D3CD07E
Nord-Kivu,Kirotshe,Kirotshe,,Hôpital Général de Référence,Kirotshe,Acasus_0F64DC20B0
Nord-Kivu,Kirotshe,Kyabondo,,Centre de Santé,Kyabondo,Acasus_0316B69CB4
Nord-Kivu,Kirotshe,Luzirantaka,,Centre de Santé,Luzirantaka,DHIS2_A6E5F54EF9
Nord-Kivu,Kirotshe,Matanda,,Centre de Santé,Matanda,Acasus_E1757EBEC0
Nord-Kivu,Kirotshe,Mitumbala,,Centre de Santé,Mitumbala,Acasus_7A378523DB
Nord-Kivu,Kirotshe,Mumba,,Centre de Santé,Mumba,Acasus_ED77E6F5B4
Nord-Kivu,Kirotshe,Mushaki,,Centre de Santé,Mushaki,Acasus_07FED53580
Nord-Kivu,Kirotshe,Ngungu,,Centre de Santé de Référence,Ngungu,DHIS2_8405943023
Nord-Kivu,Kirotshe,Nzulo,,Centre de Santé,Nzulo,Acasus_159166D061
Nord-Kivu,Kirotshe,Rubaya,,Centre de Santé,Rubaya,Acasus_5DDB628EE8
Nord-Kivu,Kirotshe,Ruhegeri,,Centre de Santé,Ruhegeri,Acasus_A398D5990E
Nord-Kivu,Kirotshe,Sake,,Centre de Santé,Sake,Acasus_2FF573022B
Nord-Kivu,Kyondo,Burusi,,Centre de Santé,Burusi,Acasus_73F85764B8
Nord-Kivu,Kyondo,Kalengehya,,Centre de Santé,Kalengehya,Acasus_5D51E94ECE
Nord-Kivu,Kyondo,Kalivuli,,Centre de Santé,Kalivuli,Acasus_BB9E957E3C
Nord-Kivu,Kyondo,Kasisi,,Centre de Santé,Kasisi,Acasus_374EAE1A56
Nord-Kivu,Kyondo,Kasongwere,,Centre de Santé,Kasongwere,Acasus_16DA84D363
Nord-Kivu,Kyondo,Katiri,,Centre de Santé,Katiri,Acasus_61F9356B58
Nord-Kivu,Kyondo,Katiri,,Poste de Santé,Turbine,WHO_Ebola_23C9E98BB2
Nord-Kivu,Kyondo,Kirindera,,Centre de Santé,Kirindera,DHIS2_8FABAF67FB
Nord-Kivu,Kyondo,Kitolu,,Centre de Santé,Kitolu,Acasus_2E1FDE1CFB
Nord-Kivu,Kyondo,Kivuwe,,Centre de Santé,Kivuwe,Acasus_37B7FB9392
Nord-Kivu,Kyondo,Kyalumba,,Centre de Santé,Kyalumba,Acasus_49292FD469
Nord-Kivu,Kyondo,Kyangendi,,Centre de Santé,Kyangendi,Acasus_A06325FEC3
Nord-Kivu,Kyondo,Kyavinyonge,,Poste de Santé,Avo,WHO_Ebola_6EE7C81307
Nord-Kivu,Kyondo,Kyavinyonge,,Poste de Santé,Caphy,WHO_Ebola_478DBED6DE
Nord-Kivu,Kyondo,Kyavinyonge,,Poste de Santé,Cbca Kyavinyonge,WHO_Ebola_85EDC43919
Nord-Kivu,Kyondo,Kyavinyonge,,Poste de Santé,Coopevi,WHO_Ebola_17D1EB7915
Nord-Kivu,Kyondo,Kyavinyonge,,Dispensaire,Croix Rouge,WHO_Ebola_048936DE7D
Nord-Kivu,Kyondo,Kyavinyonge,,Dispensaire,Helgen Cepac,WHO_Ebola_63126D16E0
Nord-Kivu,Kyondo,Kyavinyonge,,Centre de Santé,Kyavinyonge,Acasus_7B255AF6CA
Nord-Kivu,Kyondo,Kyavinyonge,,Poste de Santé,Majengo,DHIS2_301A6D1A46
Nord-Kivu,Kyondo,Kyavinyonge,,Dispensaire,Maranatha,WHO_Ebola_2C664DF370
Nord-Kivu,Kyondo,Kyondo,,Poste de Santé,Croix Rouge,DHIS2_E4924DBB8F
Nord-Kivu,Kyondo,Kyondo,,Dispensaire,Kyondo,WHO_Ebola_D4E672CBD5
Nord-Kivu,Kyondo,Kyondo,,Centre de Santé,Kyondo,ECV_81F390EA09
Nord-Kivu,Kyondo,Kyondo,,Hôpital Général de Référence,Kyondo,Acasus_E5CE7C1066
Nord-Kivu,Kyondo,Mbungwe,,Centre de Santé,Mbungwe,Acasus_6755444036
Nord-Kivu,Kyondo,Museya,,Centre Hopitalier,Cbcea Museya,WHO_Ebola_38068E23DB
Nord-Kivu,Kyondo,Museya,,Poste de Santé,Croix Rouge Museya,WHO_Ebola_721BB3F7F6
Nord-Kivu,Kyondo,Museya,,Poste de Santé,Kalambi,WHO_Ebola_9B0EB707B6
Nord-Kivu,Kyondo,Museya,,Poste de Santé,Kinyamiya,WHO_Ebola_74E965D0EB
Nord-Kivu,Kyondo,Museya,,Centre de Santé,Museya,Acasus_AA01D23BCA
Nord-Kivu,Kyondo,Museya,,Poste de Santé,Vughole,DHIS2_16E51A76BE
Nord-Kivu,Kyondo,Ngitse,,Centre Médical,Bwalyana,DHIS2_6EFB31B3F4
Nord-Kivu,Kyondo,Ngitse,,Poste de Santé,Kanzuki,WHO_Ebola_8BD4B41D1B
Nord-Kivu,Kyondo,Ngitse,,Centre de Santé,Ngitse,DHIS2_0086FB51C5
Nord-Kivu,Kyondo,Vayana,,Centre de Santé,Vayana,Acasus_E61F727CD4
Nord-Kivu,Kyondo,Vuhasa,,Centre de Santé,Vuhasa,DHIS2_C408109A4A
Nord-Kivu,Kyondo,Vuhasa,,Centre de Santé,Vuhasa,Acasus_AB23659F99
Nord-Kivu,Kyondo,Vuhesi,,Centre de Santé,Vuhesi,Acasus_A3FCA166FB
Nord-Kivu,Kyondo,Vulambayiri,,Poste de Santé,Kivati,DHIS2_042845FEF1
Nord-Kivu,Kyondo,Vulambayiri,,Centre de Santé,Vulambayiri,Acasus_343A1C4AAE
Nord-Kivu,Kyondo,Vusorongi,,Poste de Santé,Matenga,DHIS2_E47190A357
Nord-Kivu,Kyondo,Vusorongi,,Dispensaire,Resto,WHO_Ebola_13853BEC5D
Nord-Kivu,Kyondo,Vusorongi,,Centre de Santé,Vusorongi,Acasus_80BCD9DE8A
Nord-Kivu,Kyondo,Vutumbi,,Centre de Santé,Vutumbi,Acasus_505BB54E62
Nord-Kivu,Kyondo,Vyakuno,,Poste de Santé,Katolu,WHO_Ebola_0C51E70CD7
Nord-Kivu,Kyondo,Vyakuno,,Centre de Santé,Vyakuno,Acasus_EE3C33552E
Nord-Kivu,Lubero,Baraka,,Centre de Santé,Baraka,Acasus_9F5316E987
Nord-Kivu,Lubero,Bukununu,,Centre de Santé de Référence,Bukununu,DHIS2_68585ABB01
Nord-Kivu,Lubero,Bukununu,,Centre de Santé,Bukununu,Acasus_55CAD0520C
Nord-Kivu,Lubero,Bukununu,,Poste de Santé,Kisolu,WHO_Ebola_BA610EC796
Nord-Kivu,Lubero,Kagheri,,Centre de Santé,Kagheri,Acasus_1672A3DC42
Nord-Kivu,Lubero,Kagheri,,Centre de Santé de Référence,Katolo,WHO_Ebola_5539EC6E5C
Nord-Kivu,Lubero,Kagheri,,Centre Hopitalier,Mutundu,WHO_Ebola_1060E0D4AB
Nord-Kivu,Lubero,Kagheri,,Poste de Santé,Vusanzwe,DHIS2_42C3CEFBE1
Nord-Kivu,Lubero,Kaghuli,,Centre de Santé de Référence,Kaghuli,Acasus_4641F96662
Nord-Kivu,Lubero,Kakonze,,Poste de Santé,Adventiste Kilau,WHO_Ebola_48BA2FF704
Nord-Kivu,Lubero,Kakonze,,Centre de Santé,Kakonze,Acasus_53087D087E
Nord-Kivu,Lubero,Kakonze,,Poste de Santé,Vulenze,DHIS2_D3BD2C048B
Nord-Kivu,Lubero,Kasalala,,Centre de Santé de Référence,Kasalala,Acasus_ADF911C66D
Nord-Kivu,Lubero,Kasalala,,Poste de Santé,Kyahali,WHO_Ebola_70F3EE7EB6
Nord-Kivu,Lubero,Kasalala,,Centre Médical,Sainte Stella,DHIS2_1AE7D487C3
Nord-Kivu,Lubero,Kasima,,Centre de Santé,Kasima,Acasus_6BDC59B6DE
Nord-Kivu,Lubero,Kasugho,,Centre de Santé de Référence,Kasugho,Acasus_DE6A4AF1A2
Nord-Kivu,Lubero,Kasugho,,Centre Médical,Mulinde Ngila,WHO_Ebola_4F23A1A3A7
Nord-Kivu,Lubero,Katolo,,Centre de Santé de Référence,Katolo Lac,Acasus_261FF6A801
Nord-Kivu,Lubero,Kavetya,,Centre de Santé,Kavetya,Acasus_51176BC008
Nord-Kivu,Lubero,Kaviseghe,,Centre Médical,Kirikiri,DHIS2_4D9A42AA1E
Nord-Kivu,Lubero,Kipese,,Centre de Santé de Référence,Kipese,Acasus_34B9026EE0
Nord-Kivu,Lubero,Kirikiri,,Centre de Santé de Référence,Kirikiri,Acasus_6EC62ACB06
Nord-Kivu,Lubero,Kisaka,,Poste de Santé,Katsambu,DHIS2_C0C601F219
Nord-Kivu,Lubero,Kisaka,,Centre de Santé,Kisaka,Acasus_91932A714A
Nord-Kivu,Lubero,Kisima,,Centre de Santé de Référence,Kisima,Acasus_A7A8AABF39
Nord-Kivu,Lubero,Kiviriri,,Centre de Santé,Kiviriri,WHO_Ebola_B2DF0EC533
Nord-Kivu,Lubero,Lubero Cité,,Poste de Santé,Kanyatsi,WHO_Ebola_4220C1F749
Nord-Kivu,Lubero,Lubero Cité,,Bureau Central de la Zone de Santé,Lubero,WHO_Ebola_EFF66BB674
Nord-Kivu,Lubero,Lubero Cité,,Centre de Santé,Lubero Cite,Acasus_5DDB8B246F
Nord-Kivu,Lubero,Mubana,,Centre de Santé,Mubana,Acasus_210B99B032
Nord-Kivu,Lubero,Mubana,,Poste de Santé,Muhita,WHO_Ebola_2616DCD9EF
Nord-Kivu,Lubero,Mulo,,Centre de Santé,Mulo,Acasus_36A49E0EE9
Nord-Kivu,Lubero,Vukendo,,Centre de Santé,Vukendo,Acasus_451291DD4B
Nord-Kivu,Lubero,Vulambo,,Centre de Santé,Vulambo,Acasus_4226FF97A3
Nord-Kivu,Lubero,Vunyakondomi,,Poste de Santé,Kasinzwe,DHIS2_3BC072C015
Nord-Kivu,Lubero,Vunyakondomi,,Centre de Santé,Vunyakondomi,Acasus_484163064C
Nord-Kivu,Mabalako,Aloya,,Centre de Santé,Aloya,Acasus_24C8A39FF0
Nord-Kivu,Mabalako,Aloya,,Poste de Santé,Amani Imani Mine,WHO_Ebola_AADBFC35F4
Nord-Kivu,Mabalako,Aloya,,Dispensaire,Amani Lubumbashi,WHO_Ebola_36DC0142F7
Nord-Kivu,Mabalako,Aloya,,Dispensaire,Augustin,WHO_Ebola_5D31D25FD2
Nord-Kivu,Mabalako,Aloya,,Centre Hopitalier,Cantine,DHIS2_39ECD4B147
Nord-Kivu,Mabalako,Aloya,,Poste de Santé,Caphys,WHO_Ebola_739B9B4004
Nord-Kivu,Mabalako,Aloya,,Poste de Santé,Heri Kwetu,WHO_Ebola_A379912D67
Nord-Kivu,Mabalako,Aloya,,Poste de Santé,Kaghunda,WHO_Ebola_08054031CD
Nord-Kivu,Mabalako,Aloya,,Centre Hopitalier,Kelekele,DHIS2_AEB10A36C9
Nord-Kivu,Mabalako,Aloya,,Dispensaire,La Guerison Cantine,WHO_Ebola_33C25232E6
Nord-Kivu,Mabalako,Aloya,,Dispensaire,Lukando Kananga,WHO_Ebola_E79FF4B04B
Nord-Kivu,Mabalako,Aloya,,Dispensaire,Maendeleo Kananga,WHO_Ebola_38EA468AE3
Nord-Kivu,Mabalako,Aloya,,Poste de Santé,Makimbiloyo,WHO_Ebola_A408E86FAB
Nord-Kivu,Mabalako,Aloya,,Dispensaire,Malezi Bora,WHO_Ebola_5D7F324F66
Nord-Kivu,Mabalako,Aloya,,Dispensaire,Mapendo,WHO_Ebola_A028F94C91
Nord-Kivu,Mabalako,Aloya,,Poste de Santé,Mulutu,WHO_Ebola_B22FF9A03B
Nord-Kivu,Mabalako,Aloya,,Dispensaire,Muyisa Mbange,WHO_Ebola_A78D23AED1
Nord-Kivu,Mabalako,Aloya,,Dispensaire,Tumaini Letu,WHO_Ebola_3A14C9E193
Nord-Kivu,Mabalako,Aloya,,Dispensaire,Umoja,WHO_Ebola_488939C028
Nord-Kivu,Mabalako,Aloya,,Dispensaire,Vitamine Lufungula,WHO_Ebola_0CE1B58628
Nord-Kivu,Mabalako,Bingo,,Centre de Santé,Bingo,Acasus_623D1637E5
Nord-Kivu,Mabalako,Bingo,,Poste de Santé,Casa Fianculo,WHO_Ebola_F2A516040A
Nord-Kivu,Mabalako,Bingo,,Centre Hopitalier,Case Salut,WHO_Ebola_C4A0209380
Nord-Kivu,Mabalako,Bingo,,Dispensaire,Hekima Letu,WHO_Ebola_977C62CB39
Nord-Kivu,Mabalako,Bingo,,Dispensaire,Kalibo 1,WHO_Ebola_675D990E54
Nord-Kivu,Mabalako,Bingo,,Poste de Santé,Kaukabo,WHO_Ebola_C5055C68A8
Nord-Kivu,Mabalako,Bingo,,Dispensaire,Kitambala,WHO_Ebola_EB87F6F3E8
Nord-Kivu,Mabalako,Bingo,,Centre Hopitalier,La Case Salut,WHO_Ebola_6C681F1E44
Nord-Kivu,Mabalako,Bingo,,Poste de Santé,Lamamba Majengo,WHO_Ebola_9F701D03BF
Nord-Kivu,Mabalako,Bingo,,Poste de Santé,Mather Bianga,WHO_Ebola_7DC9D027E6
Nord-Kivu,Mabalako,Bingo,,Poste de Santé,Poe Kyanzaba,WHO_Ebola_00BB260547
Nord-Kivu,Mabalako,Bingo,,Dispensaire,Secour Kalemi,WHO_Ebola_D2B96992E6
Nord-Kivu,Mabalako,Bingo,,Dispensaire,Secour Katwa,WHO_Ebola_705FB02A31
Nord-Kivu,Mabalako,Bingo,,Dispensaire,Upendo,WHO_Ebola_B6E1E2753A
Nord-Kivu,Mabalako,Buhumbani,,Centre de Santé,Buhumbani,Acasus_549990A90A
Nord-Kivu,Mabalako,Buhumbani,,Centre Hopitalier,Mangango,WHO_Ebola_6953C24D82
Nord-Kivu,Mabalako,Buhumbani,,Dispensaire,Umoja Ni Nguvu,WHO_Ebola_EFA9C40225
Nord-Kivu,Mabalako,Linzo,,Dispensaire,Acoplai,WHO_Ebola_EE19C76004
Nord-Kivu,Mabalako,Linzo,,Dispensaire,Afia,WHO_Ebola_1A18602893
Nord-Kivu,Mabalako,Linzo,,Dispensaire,Arescepromen,WHO_Ebola_25506B18D1
Nord-Kivu,Mabalako,Linzo,,Centre Hopitalier,Don Dieu,WHO_Ebola_B50E8FD2C9
Nord-Kivu,Mabalako,Linzo,,Centre de Santé,Linzo,Acasus_9D234CD201
Nord-Kivu,Mabalako,Linzo,,Dispensaire,Malamu,WHO_Ebola_AA304F57AA
Nord-Kivu,Mabalako,Linzo,,Poste de Santé,Mulamo,WHO_Ebola_DD9E000055
Nord-Kivu,Mabalako,Lubena,,Poste de Santé,12 Apotres,WHO_Ebola_3687520C2E
Nord-Kivu,Mabalako,Lubena,,Dispensaire,Arescepromen,WHO_Ebola_84585E73B3
Nord-Kivu,Mabalako,Lubena,,Poste de Santé,Bora Izima Mabwe,WHO_Ebola_73247CC331
Nord-Kivu,Mabalako,Lubena,,Poste de Santé,Jerusalem,WHO_Ebola_1EBF5BE92E
Nord-Kivu,Mabalako,Lubena,,Poste de Santé,Kima Developement Kima,WHO_Ebola_4D11C0CF4A
Nord-Kivu,Mabalako,Lubena,,Centre Médical,La Merveille,WHO_Ebola_4CF7EB675F
Nord-Kivu,Mabalako,Lubena,,Poste de Santé,Labo Ejad,WHO_Ebola_C808F06C7A
Nord-Kivu,Mabalako,Lubena,,Centre de Santé,Lubena,Acasus_9084BBAD3B
Nord-Kivu,Mabalako,Lubena,,Poste de Santé,Mambombo,WHO_Ebola_A3F76A48B7
Nord-Kivu,Mabalako,Lubena,,Dispensaire,Muyisa,WHO_Ebola_80C9D11AB1
Nord-Kivu,Mabalako,Lubena,,Dispensaire,Neema,WHO_Ebola_0504148E46
Nord-Kivu,Mabalako,Lubena,,Dispensaire,Ngandilama Matokeo,WHO_Ebola_AB15D7BC3A
Nord-Kivu,Mabalako,Lubena,,Dispensaire,Pori Malekesa,WHO_Ebola_9D31A6E12E
Nord-Kivu,Mabalako,Lubena,,Dispensaire,Salama,WHO_Ebola_38431D6AC3
Nord-Kivu,Mabalako,Lubena,,Dispensaire,Salama Mangalala,WHO_Ebola_561BA7BFA7
Nord-Kivu,Mabalako,Lubena,,Poste de Santé,Sengule,WHO_Ebola_9FC09E4A04
Nord-Kivu,Mabalako,Lubena,,Dispensaire,Tulizeni,WHO_Ebola_73B76E9F53
Nord-Kivu,Mabalako,Lubena,,Poste de Santé,Tulizeni Luvika Communautaite Malekesa,WHO_Ebola_FCF459E2CE
Nord-Kivu,Mabalako,Lubena,,Poste de Santé,Upcca,WHO_Ebola_D7F0F8DA95
Nord-Kivu,Mabalako,Mabalako,,Centre de Santé,Mabalako,Acasus_0908BD2277
Nord-Kivu,Mabalako,Mabalako,,Hôpital Général de Référence,Mabalako,DHIS2_D742E2D38A
Nord-Kivu,Mabalako,Mabalako,,Dispensaire,Madiwe,WHO_Ebola_CA32DC9DB3
Nord-Kivu,Mabalako,Malese,,Centre de Santé,Malese,Acasus_2A6C614BE9
Nord-Kivu,Mabalako,Mangina,,Centre de Santé de Référence,Cte Mangina,WHO_Ebola_76DE78E6DE
Nord-Kivu,Mabalako,Mangina,,Dispensaire,La Mere,WHO_Ebola_D6AD39A766
Nord-Kivu,Mabalako,Mangina,,Poste de Santé,Linzo,WHO_Ebola_E503071DB4
Nord-Kivu,Mabalako,Mangina,,Centre de Santé,Mangina,Acasus_4ABD68EB2E
Nord-Kivu,Mabalako,Mangina,,Dispensaire,Masiki,WHO_Ebola_42BA4EF220
Nord-Kivu,Mabalako,Mangina,,Dispensaire,Ngandi Lama,WHO_Ebola_24064CA34C
Nord-Kivu,Mabalako,Mangina,,Centre Hopitalier,Tuendelee,WHO_Ebola_753BF73705
Nord-Kivu,Mabalako,Mangina,,Dispensaire,Tujenge,WHO_Ebola_64A0D46BEA
Nord-Kivu,Mabalako,Mangina,,Dispensaire,Tumaini Letu,WHO_Ebola_92C9A3E42E
Nord-Kivu,Mabalako,Mangina,,Dispensaire,Uzima,WHO_Ebola_A8FABBF530
Nord-Kivu,Mabalako,Mangina,,Dispensaire,Wivu Zambi,WHO_Ebola_8FE7FE6CFD
Nord-Kivu,Mabalako,Mangina,,Dispensaire,Yesu Anaponya,WHO_Ebola_E539F07D06
Nord-Kivu,Mabalako,Mangodomu,,Dispensaire,Busmilaah,WHO_Ebola_65401BCB7D
Nord-Kivu,Mabalako,Mangodomu,,Poste de Santé,La Victoire,WHO_Ebola_7EC3110ECC
Nord-Kivu,Mabalako,Mangodomu,,Centre de Santé,Mangodomu,Acasus_E5C17649F9
Nord-Kivu,Mabalako,Mangodomu,,Poste de Santé,Manzanza,WHO_Ebola_3C7B50E255
Nord-Kivu,Mabalako,Mangodomu,,Poste de Santé,Tulizeni,WHO_Ebola_5470E4DCA1
Nord-Kivu,Mabalako,Masimbembe,,Centre de Santé,Masimbembe,Acasus_A1C2AA25C5
Nord-Kivu,Mabalako,Metale,,Centre Hopitalier,Ajideco,WHO_Ebola_6EE5FFA048
Nord-Kivu,Mabalako,Metale,,Dispensaire,Kaza Roho,WHO_Ebola_8F66E7A57A
Nord-Kivu,Mabalako,Metale,,Dispensaire,Kitota,WHO_Ebola_BACC7B4C76
Nord-Kivu,Mabalako,Metale,,Dispensaire,Mabolio,WHO_Ebola_FA63FE0FA4
Nord-Kivu,Mabalako,Metale,,Dispensaire,Mapasana Mapasana,WHO_Ebola_1811989930
Nord-Kivu,Mabalako,Metale,,Dispensaire,Mapendo,WHO_Ebola_6F3FFF45B7
Nord-Kivu,Mabalako,Metale,,Centre de Santé,Metale,Acasus_19521B736C
Nord-Kivu,Mabalako,Metale,,Dispensaire,Ngandi Lama,WHO_Ebola_8090C6B98F
Nord-Kivu,Mabalako,Metale,,Poste de Santé,Tohya,WHO_Ebola_BBA6B886D7
Nord-Kivu,Mabalako,Metale,,Dispensaire,Tumainiletu Masala,WHO_Ebola_162EF6DA25
Nord-Kivu,Mabalako,Mununze,,Centre Médical,Amani,WHO_Ebola_EDDC581505
Nord-Kivu,Mabalako,Mununze,,Dispensaire,Bora Uzima,WHO_Ebola_0EEC3E285A
Nord-Kivu,Mabalako,Mununze,,Poste de Santé,Croix Rouge Mununze,WHO_Ebola_E09B1DE088
Nord-Kivu,Mabalako,Mununze,,Dispensaire,Mapendano,WHO_Ebola_0917EBA9B7
Nord-Kivu,Mabalako,Mununze,,Dispensaire,Mungu Aponyesha,WHO_Ebola_97E448127D
Nord-Kivu,Mabalako,Mununze,,Centre de Santé,Mununze,Acasus_4C184ABD3F
Nord-Kivu,Mabalako,Mununze,,Dispensaire,Tumaini Letu,WHO_Ebola_8E0EEDF060
Nord-Kivu,Mabalako,Ngazi,,Centre de Santé,Ngazi,Acasus_144D254D60
Nord-Kivu,Mabalako,Ngoyo,,Poste de Santé,Ngoyo,WHO_Ebola_27FF55126D
Nord-Kivu,Mabalako,Ngoyo,,Centre de Santé,Ngoyo,Acasus_DB09C21121
Nord-Kivu,Mabalako,Ngoyo,,Poste de Santé,Secours Ngala Ngoyo,WHO_Ebola_DCFD763771
Nord-Kivu,Mabalako,Visiki,,Centre de Santé,Visiki,Acasus_0CDCF99C1B
Nord-Kivu,Mabalako,Vusayiro,,Centre de Santé,Vusayiro,Acasus_CE2ACCF7FF
Nord-Kivu,Manguredjipa,Akwele,,Centre de Santé,Akwele,Acasus_FE58DB6911
Nord-Kivu,Manguredjipa,Akwele,,Poste de Santé,Bilulu,DHIS2_6708162C3D
Nord-Kivu,Manguredjipa,Akwele,,Poste de Santé,Kikongo,WHO_Ebola_0EF26B8E59
Nord-Kivu,Manguredjipa,Bandulu,,Centre de Santé,Bandulu,Acasus_269B265D19
Nord-Kivu,Manguredjipa,Bandulu,,Poste de Santé,Kimbangu,WHO_Ebola_7074537CE4
Nord-Kivu,Manguredjipa,Bandulu,,Poste de Santé,Mabunda,WHO_Ebola_964C862252
Nord-Kivu,Manguredjipa,Isange,,Centre de Santé,Isange,DHIS2_4ABC325136
Nord-Kivu,Manguredjipa,Isange,,Poste de Santé,Isange,Acasus_161193C80C
Nord-Kivu,Manguredjipa,Kambau,,Poste de Santé,Imani Mukonze,WHO_Ebola_720499E6D4
Nord-Kivu,Manguredjipa,Kambau,,Poste de Santé,Kadongu,WHO_Ebola_0EBD0930ED
Nord-Kivu,Manguredjipa,Kambau,,Centre de Santé,Kambau,Acasus_4F968CD2FD
Nord-Kivu,Manguredjipa,Kambau,,Poste de Santé,Maisososli,WHO_Ebola_94C96F9C10
Nord-Kivu,Manguredjipa,Kambau,,Poste de Santé,Makumbo,WHO_Ebola_22BD9CEC4C
Nord-Kivu,Manguredjipa,Kambau,,Poste de Santé,Malewe,WHO_Ebola_BC1154CD9A
Nord-Kivu,Manguredjipa,Kambau,,Poste de Santé,Mukusa,WHO_Ebola_DAC1837CBE
Nord-Kivu,Manguredjipa,Kambau,,Poste de Santé,Ngumo,WHO_Ebola_007405206B
Nord-Kivu,Manguredjipa,Kambau,,Poste de Santé,Pumziko,WHO_Ebola_4EB462E7FE
Nord-Kivu,Manguredjipa,Liboyo,,Poste de Santé,Ebunda,WHO_Ebola_1F867A4959
Nord-Kivu,Manguredjipa,Liboyo,,Poste de Santé,Gelumbe,WHO_Ebola_135C480ECF
Nord-Kivu,Manguredjipa,Liboyo,,Poste de Santé,Isigo,WHO_Ebola_B0282C48F5
Nord-Kivu,Manguredjipa,Liboyo,,Poste de Santé,Kisasa 1,WHO_Ebola_2155C07911
Nord-Kivu,Manguredjipa,Liboyo,,Centre de Santé,Liboyo,Acasus_34A6C3F04A
Nord-Kivu,Manguredjipa,Liboyo,,Poste de Santé,Mambume,WHO_Ebola_487725BA8C
Nord-Kivu,Manguredjipa,Liboyo,,Poste de Santé,Ngandilama,WHO_Ebola_16C449E186
Nord-Kivu,Manguredjipa,Liboyo,,Poste de Santé,Pawanza,DHIS2_1B50C292EE
Nord-Kivu,Manguredjipa,Liboyo,,Poste de Santé,Pokia,WHO_Ebola_52900F8C2D
Nord-Kivu,Manguredjipa,Liboyo,,Poste de Santé,Teule,WHO_Ebola_EB5A52AFE6
Nord-Kivu,Manguredjipa,Liboyo,,Poste de Santé,Vutata,DHIS2_8F8EA38284
Nord-Kivu,Manguredjipa,Mabuo,,Centre de Santé,Mabuo,Acasus_E659E9F773
Nord-Kivu,Manguredjipa,Malunguma,,Poste de Santé,Fatua,WHO_Ebola_AE72B45D6A
Nord-Kivu,Manguredjipa,Malunguma,,Centre de Santé,Malunguma,Acasus_73E9CA60ED
Nord-Kivu,Manguredjipa,Malunguma,,Hôpital Général de Référence,Manguredjipa,DHIS2_571771B7CE
Nord-Kivu,Manguredjipa,Mama Wa Huruma,,Poste de Santé,Amani,WHO_Ebola_CBEFFE9D3B
Nord-Kivu,Manguredjipa,Mama Wa Huruma,,Centre de Santé,Mama Wa Huruma,Acasus_26ABE094FC
Nord-Kivu,Manguredjipa,Mama Wa Huruma,,Poste de Santé,Masisi,DHIS2_C9B30F8F47
Nord-Kivu,Manguredjipa,Mama Wa Huruma,,Poste de Santé,Musyola,WHO_Ebola_8E54939E78
Nord-Kivu,Manguredjipa,Mama Wa Huruma,,Site Soin Communautaire,Petema,WHO_Ebola_7B50174CC6
Nord-Kivu,Manguredjipa,Mama Wa Huruma,,Poste de Santé,Zefani,WHO_Ebola_51F2A3ABC1
Nord-Kivu,Manguredjipa,Manguredjipa,,Poste de Santé,La Victoire,WHO_Ebola_4C5E3E7686
Nord-Kivu,Manguredjipa,Manguredjipa,,Poste de Santé,Lenda Orphelin,WHO_Ebola_FA7CB78111
Nord-Kivu,Manguredjipa,Manguredjipa,,Centre de Santé,Manguredjipa,Acasus_033361A9E6
Nord-Kivu,Manguredjipa,Manguredjipa,,Poste de Santé,Tumaini Letu,WHO_Ebola_5F3383D5C2
Nord-Kivu,Manguredjipa,Mbunia,,Poste de Santé,Codaipa,WHO_Ebola_E8AEBCEE18
Nord-Kivu,Manguredjipa,Mbunia,,Poste de Santé,Kambau,WHO_Ebola_5F90431903
Nord-Kivu,Manguredjipa,Mbunia,,Poste de Santé,Kitsanga,WHO_Ebola_0F547F53EE
Nord-Kivu,Manguredjipa,Mbunia,,Poste de Santé,Maikengu,WHO_Ebola_18298027FB
Nord-Kivu,Manguredjipa,Mbunia,,Poste de Santé,Mambida,WHO_Ebola_F2BBBD7487
Nord-Kivu,Manguredjipa,Mbunia,,Poste de Santé,Masangi,WHO_Ebola_D14DE17E75
Nord-Kivu,Manguredjipa,Midede,,Poste de Santé,Bikoka,WHO_Ebola_68DE7C22A2
Nord-Kivu,Manguredjipa,Midede,,Poste de Santé,Makopie,DHIS2_332BADE7D1
Nord-Kivu,Manguredjipa,Midede,,Centre de Santé,Midede,Acasus_612F12FCFF
Nord-Kivu,Manguredjipa,Midede,,Poste de Santé,Muyali,WHO_Ebola_32FFA508A9
Nord-Kivu,Manguredjipa,Ombole,,Poste de Santé,Ekopise,WHO_Ebola_B8D28FB674
Nord-Kivu,Manguredjipa,Ombole,,Poste de Santé,Mangubi,WHO_Ebola_48580C4865
Nord-Kivu,Manguredjipa,Ombole,,Centre de Santé,Ombole,Acasus_187800A4A9
Nord-Kivu,Manguredjipa,Ombole,,Poste de Santé,Riserie,WHO_Ebola_7BB8758D66
Nord-Kivu,Manguredjipa,Ombole,,Poste de Santé,Robinet,WHO_Ebola_A51049F1A4
Nord-Kivu,Masereka,Bukondi,,Centre de Santé,Bukondi,Acasus_31ADE2F064
Nord-Kivu,Masereka,Ikuvula,,Centre de Santé,Ikuvula,Acasus_4A2A7E2F99
Nord-Kivu,Masereka,Ikuvula,,Poste de Santé,Lukanga,WHO_Ebola_371944A16D
Nord-Kivu,Masereka,Kaniyi,,Centre de Santé,Kaniyi,Acasus_4E3654C6A6
Nord-Kivu,Masereka,Kitembe,,Centre de Santé,Kitembe,Acasus_60E81C51E1
Nord-Kivu,Masereka,Kitsimba,,Centre de Santé,Kitsimba,Acasus_5A63410567
Nord-Kivu,Masereka,Kitsuku,,Centre de Santé,Kitsuku,Acasus_6A33E22493
Nord-Kivu,Masereka,Lukanga,,Centre de Santé,Lukanga,Acasus_21F2EBCD0D
Nord-Kivu,Masereka,Luotu,,Centre Médical,Cmc Muhatikani,WHO_Ebola_48D8442123
Nord-Kivu,Masereka,Luotu,,Centre de Santé,Luotu,Acasus_D7A2398E0D
Nord-Kivu,Masereka,Magheria,,Centre de Santé,Magherya,Acasus_7ADEC89BB5
Nord-Kivu,Masereka,Masereka,,Centre de Santé,Masereka,Acasus_64A373481B
Nord-Kivu,Masereka,Masereka,,Hôpital Général de Référence,Masereka,WHO_Ebola_12D9F66BB9
Nord-Kivu,Masereka,Masereka,,Bureau Central de la Zone de Santé,Masereka,WHO_Ebola_A2AB96ED82
Nord-Kivu,Masereka,Mihake,,Centre de Santé,Mihake,Acasus_3412B41397
Nord-Kivu,Masereka,Miringate,,Centre de Santé,Miringate,Acasus_9A16D79EA9
Nord-Kivu,Masereka,Nyabili,,Poste de Santé,Ngumbati,WHO_Ebola_E38F708575
Nord-Kivu,Masereka,Nyabili,,Centre de Santé,Nyabili,Acasus_6E9582F565
Nord-Kivu,Masereka,Rwese,,Centre de Santé,Rwese,Acasus_BC8205A87F
Nord-Kivu,Masereka,Vusitoro,,Centre de Santé,Vusitoro,Acasus_31B914A201
Nord-Kivu,Masereka,Vusumba,,Poste de Santé,Kisanzi,DHIS2_8C01ABC1D2
Nord-Kivu,Masereka,Vusumba,,Centre de Santé,Vusumba,Acasus_9776BCEB98
Nord-Kivu,Masisi,Buabo,,Centre de Santé,Buabo,Acasus_03055791DA
Nord-Kivu,Masisi,Buguri,,Centre de Santé,Buguri,Acasus_2C1242F6C4
Nord-Kivu,Masisi,Bukombo,,Centre de Santé,Bukombo,Acasus_EC548048C3
Nord-Kivu,Masisi,Kahanga,,Centre de Santé,Kahanga,Acasus_6D7D09E3D6
Nord-Kivu,Masisi,Kalonge,,Centre de Santé,Kalonge,Acasus_D665720F1E
Nord-Kivu,Masisi,Kaniro,,Centre de Santé,Kaniro,Acasus_5BE951907B
Nord-Kivu,Masisi,Kanyatsi,,Centre de Santé,Kanyatsi,Acasus_B2F1B83439
Nord-Kivu,Masisi,Kazinga,,Centre de Santé de Référence,Kazinga,DHIS2_99A93142B1
Nord-Kivu,Masisi,Kazinga,,Centre de Santé,Kazinga,Acasus_13D47A0D7E
Nord-Kivu,Masisi,Kilolirwe,,Centre de Santé,Kirolirwe,WHO_Ebola_B0D0917F47
Nord-Kivu,Masisi,Kitsule,,Centre de Santé,Kitsule,Acasus_A3430C63BD
Nord-Kivu,Masisi,Loashi,,Centre de Santé,Loashi,Acasus_9C05A33575
Nord-Kivu,Masisi,Luke,,Centre de Santé,Luke,DHIS2_1157AE1591
Nord-Kivu,Masisi,Lukweti,,Centre de Santé,Lukweti,Acasus_EA8AA1A2E3
Nord-Kivu,Masisi,Lwibo,,Centre de Santé,Lwibo,Acasus_1EAAAEA500
Nord-Kivu,Masisi,Mahanga,,Centre de Santé,Mahanga,Acasus_53651786BA
Nord-Kivu,Masisi,Masisi,,Bureau Central de la Zone de Santé,Masisi,WHO_Ebola_CA44EB889B
Nord-Kivu,Masisi,Masisi,,Hôpital Général de Référence,Masisi,WHO_Ebola_7A0AF62292
Nord-Kivu,Masisi,Masisi,,Centre de Santé,Masisi,WHO_ISS_10000
Nord-Kivu,Masisi,Masisi,,Hôpital Général de Référence,Masisi,Acasus_88CB443407
Nord-Kivu,Masisi,Mbitsi,,Centre de Santé,Mbitsi,Acasus_1450612332
Nord-Kivu,Masisi,Miandja,,Centre de Santé,Miandja,Acasus_6D699CAE51
Nord-Kivu,Masisi,Mpanamo,,Centre de Santé,Mpanamo,Acasus_A902D7877C
Nord-Kivu,Masisi,Muheto,,Centre de Santé,Muheto,Acasus_1E8CABAF74
Nord-Kivu,Masisi,Ngomashi,,Centre de Santé,Ngomashi,Acasus_F7695D7936
Nord-Kivu,Masisi,Nyabiondo,,Poste de Santé,Kaandja,Acasus_EDA82D0B9C
Nord-Kivu,Masisi,Nyabiondo,,Centre de Santé,Nyabiondo,Acasus_A290C5EC1A
Nord-Kivu,Masisi,Nyakariba,,Centre de Santé de Référence,Nyakariba,Acasus_43C85CDB80
Nord-Kivu,Masisi,Nyamitaba,,Centre de Santé,Nyamitaba,Acasus_C2DF4AB236
Nord-Kivu,Masisi,Sati,,Poste de Santé,Katale,Acasus_DE899FC193
Nord-Kivu,Masisi,Sati,,Centre de Santé,Sati,Acasus_7922717EEA
Nord-Kivu,Musienene,Bikindwe,,Centre de Santé,Bikindwe,Acasus_6AB0E1D4D7
Nord-Kivu,Musienene,Bikindwe,,Poste de Santé,Vulimira,DHIS2_A19EBDEF28
Nord-Kivu,Musienene,Bughumirya,,Centre de Santé,Bughumirya,WHO_Ebola_103542F136
Nord-Kivu,Musienene,Butumbe,,Centre de Santé,Butumbe,Acasus_8D38B12A85
Nord-Kivu,Musienene,Butumbe,,Poste de Santé,Mambena,WHO_Ebola_7437502095
Nord-Kivu,Musienene,Butumbe,,Poste de Santé,Notre Dame Grace,WHO_Ebola_A449280FC4
Nord-Kivu,Musienene,Buyinga,,Poste de Santé,55 E Cbce Manzia,WHO_Ebola_826F9AE048
Nord-Kivu,Musienene,Buyinga,,Dispensaire,Baraka 2,WHO_Ebola_D6066E61E9
Nord-Kivu,Musienene,Buyinga,,Centre de Santé,Buyinga,Acasus_938295F335
Nord-Kivu,Musienene,Buyinga,,Dispensaire,Eera Matembo,WHO_Ebola_767745484C
Nord-Kivu,Musienene,Buyinga,,Poste de Santé,Kahuru,WHO_Ebola_34E71008B9
Nord-Kivu,Musienene,Buyinga,,Poste de Santé,Kidima Advantiste,WHO_Ebola_8F20C11C7D
Nord-Kivu,Musienene,Buyinga,,Poste de Santé,Kudo,WHO_Ebola_740BC294B9
Nord-Kivu,Musienene,Buyinga,,Dispensaire,Mbunge,WHO_Ebola_3A46C20598
Nord-Kivu,Musienene,Buyinga,,Poste de Santé,Muranda,WHO_Ebola_CACE226A83
Nord-Kivu,Musienene,Buyinga,,Centre Hopitalier,Tumaini,WHO_Ebola_68AE463842
Nord-Kivu,Musienene,Buyinga,,Dispensaire,Ulame,WHO_Ebola_753E16124B
Nord-Kivu,Musienene,Buyinga,,Poste de Santé,Uzima Tele Matembo,WHO_Ebola_888B52B196
Nord-Kivu,Musienene,Bweteta,,Centre de Santé,Bweteta,Acasus_BEA9D5FF0D
Nord-Kivu,Musienene,Ivatama,,Centre de Santé,Ivatama,Acasus_5AD41DECBE
Nord-Kivu,Musienene,Ivatama,,Hôpital Général de Référence,Musienene,DHIS2_C67468B151
Nord-Kivu,Musienene,Ivatama,,Poste de Santé,Vusumba,DHIS2_29738731DF
Nord-Kivu,Musienene,Katolo,,Centre de Santé,Katolo,Acasus_8E2FBE9683
Nord-Kivu,Musienene,Katolo,,Poste de Santé,Visaravwe,WHO_Ebola_5ED5617576
Nord-Kivu,Musienene,Kimbulu,,Centre de Santé,Kimbulu,Acasus_1DC0FEED86
Nord-Kivu,Musienene,Kimbulu,,Poste de Santé,Lukungu,WHO_Ebola_38218C4557
Nord-Kivu,Musienene,Kyambogho,,Centre de Santé,Kyambogho,Acasus_81BB0DF4A4
Nord-Kivu,Musienene,Kyambogho,,Poste de Santé,Ndandu,WHO_Ebola_BA3526AF48
Nord-Kivu,Musienene,Mabambi,,Poste de Santé,Baraka,WHO_Ebola_E35AC80924
Nord-Kivu,Musienene,Mabambi,,Centre Hopitalier,Bitumbi,WHO_Ebola_7F435F8613
Nord-Kivu,Musienene,Mabambi,,Poste de Santé,Bitumbi,WHO_Ebola_3D65D143DB
Nord-Kivu,Musienene,Mabambi,,Poste de Santé,Cbca Vitumbi,DHIS2_765D7C48FC
Nord-Kivu,Musienene,Mabambi,,Poste de Santé,Kalundu,WHO_Ebola_642381ED09
Nord-Kivu,Musienene,Mabambi,,Centre de Santé,Mabambi,Acasus_713654123F
Nord-Kivu,Musienene,Masumo,,Centre de Santé,Masumo,Acasus_4120C3CD94
Nord-Kivu,Musienene,Masumo,,Poste de Santé,Musasa,WHO_Ebola_DCE976BCFD
Nord-Kivu,Musienene,Mongali,,Dispensaire,Afya Kwetu,WHO_Ebola_00E9A95C07
Nord-Kivu,Musienene,Mongali,,Centre Médical,Amini Nduko,WHO_Ebola_6F1D590AD1
Nord-Kivu,Musienene,Mongali,,Poste de Santé,Bon Samaritain,WHO_Ebola_22E69D8448
Nord-Kivu,Musienene,Mongali,,Centre de Santé,Mongali,DHIS2_F6F396A525
Nord-Kivu,Musienene,Mukongo,,Centre de Santé,Mukongo,Acasus_729B2EA7C5
Nord-Kivu,Musienene,Mukongo,,Centre Hopitalier,Mukongo,WHO_Ebola_08C7542D07
Nord-Kivu,Musienene,Mukongo,,Poste de Santé,Ngane,DHIS2_7FB55BBBE8
Nord-Kivu,Musienene,Mukongo,,Centre Hopitalier,Vughalihya,DHIS2_05C0B0696E
Nord-Kivu,Musienene,Munoli,,Poste de Santé,Kasinga,WHO_Ebola_232566B90A
Nord-Kivu,Musienene,Munoli,,Poste de Santé,Kitaviro,WHO_Ebola_8A62681E5B
Nord-Kivu,Musienene,Munoli,,Centre de Santé,Munoli,Acasus_5BE3193A64
Nord-Kivu,Musienene,Munoli,,Poste de Santé,Munoli,WHO_Ebola_AF79B640F1
Nord-Kivu,Musienene,Nduko,,Dispensaire,Bon Berger,WHO_Ebola_4DCCBB3B5E
Nord-Kivu,Musienene,Nduko,,Dispensaire,Grace A Dieu,WHO_Ebola_9DA43A0D5B
Nord-Kivu,Musienene,Nduko,,Dispensaire,La D'Abord,WHO_Ebola_50340BC4D5
Nord-Kivu,Musienene,Nduko,,Poste de Santé,La Gu,WHO_Ebola_EBBA7D28BD
Nord-Kivu,Musienene,Nduko,,Dispensaire,Malkia Wa Amani,WHO_Ebola_273FE5A9A6
Nord-Kivu,Musienene,Nduko,,Centre de Santé,Nduko,Acasus_13751F9E2C
Nord-Kivu,Musienene,Nduko,,Dispensaire,Pediatrique Tulizeni,WHO_Ebola_57B4A8A7C7
Nord-Kivu,Musienene,Nduko,,Centre Hopitalier,Saint Raphael,WHO_Ebola_E43E7604B4
Nord-Kivu,Musienene,Nduko,,Centre Hopitalier,Vukanga,WHO_Ebola_AEA24C9CC1
Nord-Kivu,Musienene,Nduko,,Poste de Santé,Vuranga,WHO_Ebola_0C525DFE31
Nord-Kivu,Musienene,Nduko,,Poste de Santé,Vurundisa,WHO_Ebola_AAE6CCBCE5
Nord-Kivu,Musienene,Ngeleza,,Poste de Santé,Kiribunda,WHO_Ebola_3479398FFF
Nord-Kivu,Musienene,Ngeleza,,Poste de Santé,Kirungo,WHO_Ebola_9248FD4BD1
Nord-Kivu,Musienene,Ngeleza,,Centre de Santé,Ngeleza,Acasus_FE005BB608
Nord-Kivu,Musienene,Ngoma,,Poste de Santé,Maboya,DHIS2_E994803A8F
Nord-Kivu,Musienene,Ngoma,,Centre de Santé,Ngoma,Acasus_C5DB68B477
Nord-Kivu,Musienene,Ngoma,,Poste de Santé,Salama 55 E Cbce,WHO_Ebola_D91C779A52
Nord-Kivu,Musienene,Ngoma,,Poste de Santé,Vuthihe,WHO_Ebola_1B2B812A59
Nord-Kivu,Musienene,Vughalihya,,Centre de Santé,Vughalihya,Acasus_F0D2ED48B4
Nord-Kivu,Musienene,Vusa,,Centre de Santé,Vusa,Acasus_659818C909
Nord-Kivu,Musienene,Vusamba,,Centre Hopitalier,Cbca,WHO_Ebola_19EE830D75
Nord-Kivu,Musienene,Vusamba,,Poste de Santé,Ngola,WHO_Ebola_461A546173
Nord-Kivu,Musienene,Vusamba,,Centre de Santé,Vusamba,Acasus_3DC6EAC4D4
Nord-Kivu,Musienene,Vusayi,,Centre Médical,Cmc Mulinde,WHO_Ebola_EC78EC64FF
Nord-Kivu,Musienene,Vusayi,,Poste de Santé,Mabungo,WHO_Ebola_260AB46CAD
Nord-Kivu,Musienene,Vusayi,,Poste de Santé,Mavwe,WHO_Ebola_641A80C89F
Nord-Kivu,Musienene,Vusayi,,Centre de Santé,Vusayi,Acasus_CA28855EBB
Nord-Kivu,Musienene,Vusayi,,Poste de Santé,Vutahi,WHO_Ebola_1A7893930C
Nord-Kivu,Mutwanga,Bulongo,,Dispensaire,A Dieu La Gloire,WHO_Ebola_2CE42E96E1
Nord-Kivu,Mutwanga,Bulongo,,Centre de Santé,Bulongo,DHIS2_759C325907
Nord-Kivu,Mutwanga,Bulongo,,Clinique,Busamba,WHO_Ebola_06664C89B0
Nord-Kivu,Mutwanga,Bulongo,,Poste de Santé,Hodari,WHO_Ebola_5953194B34
Nord-Kivu,Mutwanga,Bulongo,,Centre Médical,Joseph Dawa,WHO_Ebola_AD053D7669
Nord-Kivu,Mutwanga,Bulongo,,Poste de Santé,Kibangu,WHO_Ebola_54C7FBBA3F
Nord-Kivu,Mutwanga,Bulongo,,Poste de Santé,La Faveur,WHO_Ebola_28BCC2A553
Nord-Kivu,Mutwanga,Bulongo,,Centre Médical,La Guerison,WHO_Ebola_1547AC1316
Nord-Kivu,Mutwanga,Bulongo,,Dispensaire,La Victoire,WHO_Ebola_22F5B6C633
Nord-Kivu,Mutwanga,Bulongo,,Poste de Santé,Lisanga,WHO_Ebola_CB69FA77C7
Nord-Kivu,Mutwanga,Bulongo,,Poste de Santé,Ngendilama,WHO_Ebola_A2836592E3
Nord-Kivu,Mutwanga,Bulongo,,Poste de Santé,Orphelinant Kisanze,WHO_Ebola_D4E87399C4
Nord-Kivu,Mutwanga,Bulongo,,Centre Médical,Tumaini Letu,WHO_Ebola_2F47C0563F
Nord-Kivu,Mutwanga,Bulongo,,Dispensaire,Uhai Acoolac,WHO_Ebola_DA2C8D0926
Nord-Kivu,Mutwanga,Bulongo,,Clinique,Umoja,WHO_Ebola_8C721201BE
Nord-Kivu,Mutwanga,Halungupa,,Dispensaire,Ceca 20 Ngadu,WHO_Ebola_04627DA207
Nord-Kivu,Mutwanga,Halungupa,,Centre de Santé,Halungupa,Acasus_F040169674
Nord-Kivu,Mutwanga,Halungupa,,Dispensaire,Pour Tous,WHO_Ebola_95B4F4307B
Nord-Kivu,Mutwanga,Kabalwa,,Centre de Santé,Kabalwa,Acasus_EF760DFE89
Nord-Kivu,Mutwanga,Kalembo,,Centre de Santé,Kalembo,Acasus_1F58C875C3
Nord-Kivu,Mutwanga,Kalembo,,Dispensaire,Yesu Muponyaji,WHO_Ebola_775B26BB29
Nord-Kivu,Mutwanga,Kangahuka,,Poste de Santé,Kamirongo Anglikane,WHO_Ebola_12B1305DA4
Nord-Kivu,Mutwanga,Kangahuka,,Poste de Santé,Kamirongo Catholique,WHO_Ebola_E253455117
Nord-Kivu,Mutwanga,Kangahuka,,Centre de Santé,Kangahuka,Acasus_ADD6C71EF9
Nord-Kivu,Mutwanga,Kangahuka,,Centre de Santé de Référence,Kangahuka,DHIS2_74FBA638A3
Nord-Kivu,Mutwanga,Kasanga,,Centre de Santé,Kasanga,Acasus_86F9AC4A7C
Nord-Kivu,Mutwanga,Kasindi,,Dispensaire,Avo,WHO_Ebola_DAA73C4337
Nord-Kivu,Mutwanga,Kasindi,,Dispensaire,Cepac,WHO_Ebola_DE4D7EEE1B
Nord-Kivu,Mutwanga,Kasindi,,Centre Hopitalier,Gloria Divina,DHIS2_3C5F211767
Nord-Kivu,Mutwanga,Kasindi,,Poste de Santé,Kalemi,WHO_Ebola_1F0B842F1F
Nord-Kivu,Mutwanga,Kasindi,,Poste de Santé,Kikone,WHO_Ebola_63E4CD40D2
Nord-Kivu,Mutwanga,Kasindi,,Poste de Santé,Ngamalama,WHO_Ebola_D39F4BD733
Nord-Kivu,Mutwanga,Kasindi,,Poste de Santé,Yesu Ni Bwana,WHO_Ebola_5B587A420E
Nord-Kivu,Mutwanga,Kisima,,Poste de Santé,Bora Uzima,WHO_Ebola_D44CFDFBB5
Nord-Kivu,Mutwanga,Kisima,,Poste de Santé,Cbca Kisima,WHO_Ebola_7707E1194C
Nord-Kivu,Mutwanga,Kisima,,Dispensaire,Kilya,WHO_Ebola_281E7E11FC
Nord-Kivu,Mutwanga,Kisima,,Centre de Santé,Kisima,Acasus_48B84CDB3E
Nord-Kivu,Mutwanga,Kisima,,Dispensaire,Yesu Ni Jibu,WHO_Ebola_1F03A7B8A3
Nord-Kivu,Mutwanga,Kitokoli,,Centre de Santé,Kitokoli,Acasus_2EA02A5BD9
Nord-Kivu,Mutwanga,Kitokoli,,Dispensaire,Kyondo 2,WHO_Ebola_197A520B9C
Nord-Kivu,Mutwanga,Kudi 3,,Poste de Santé,Cebca Ibatama,WHO_Ebola_16668C8CC4
Nord-Kivu,Mutwanga,Kudi 3,,Centre de Santé,Kudi 3,Acasus_D55A565E45
Nord-Kivu,Mutwanga,Kudi 3,,Poste de Santé,Saint Augustin Ibatama,WHO_Ebola_D4B4221F29
Nord-Kivu,Mutwanga,La Frontière,,Centre de Santé,La Fontiere,Acasus_0A44B971C4
Nord-Kivu,Mutwanga,Loulo,,Centre de Santé,Loulo,Acasus_0D00E70AC0
Nord-Kivu,Mutwanga,Lubiriha,,Poste de Santé,Ceca,WHO_Ebola_A03F2942C7
Nord-Kivu,Mutwanga,Lubiriha,,Centre Hopitalier,Joseph Dawa,WHO_Ebola_E4F9099808
Nord-Kivu,Mutwanga,Lubiriha,,Centre de Santé,Lubiriha,Acasus_5605A94C8F
Nord-Kivu,Mutwanga,Lubiriha,,Centre Hopitalier,Madi,WHO_Ebola_8E6B75C45B
Nord-Kivu,Mutwanga,Lubiriha,,Centre de Santé,Marie,WHO_Ebola_56476C7212
Nord-Kivu,Mutwanga,Lubiriha,,Poste de Santé,Nazareth,WHO_Ebola_1D7A4DDE16
Nord-Kivu,Mutwanga,Lubiriha,,Centre Médical,New Hope,WHO_Ebola_D7234E6F24
Nord-Kivu,Mutwanga,Lubiriha,,Centre Hopitalier,Shalom,WHO_Ebola_5AE65B54E4
Nord-Kivu,Mutwanga,Lubiriha,,Centre Hopitalier,Socidec,DHIS2_E0FC90F630
Nord-Kivu,Mutwanga,Lubiriha,,Dispensaire,Tulizeni,WHO_Ebola_1B85A4E446
Nord-Kivu,Mutwanga,Lubiriha,,Dispensaire,Wanamahika,WHO_Ebola_47490B71F8
Nord-Kivu,Mutwanga,Lume,,Centre de Santé,Lume,Acasus_55306E634C
Nord-Kivu,Mutwanga,Manzanga,,Poste de Santé,Kambathama,WHO_Ebola_A3B8E15818
Nord-Kivu,Mutwanga,Manzanga,,Poste de Santé,Kamwisi,WHO_Ebola_04E7542EE2
Nord-Kivu,Mutwanga,Manzanga,,Poste de Santé,Kavalya,WHO_Ebola_EA0E428F72
Nord-Kivu,Mutwanga,Manzanga,,Poste de Santé,Kiribatha,WHO_Ebola_B251AC85DB
Nord-Kivu,Mutwanga,Manzanga,,Centre de Santé,Manzanga,Acasus_A950D6E1C6
Nord-Kivu,Mutwanga,Manzanga,,Poste de Santé,Mathungu,WHO_Ebola_C91FDDFF23
Nord-Kivu,Mutwanga,Manzanga,,Poste de Santé,Mathya Kasalala,WHO_Ebola_F99FB0077B
Nord-Kivu,Mutwanga,Manzanga,,Poste de Santé,Saint Kizito (Muhororo),WHO_Ebola_415B710A50
Nord-Kivu,Mutwanga,Masambo,,Poste de Santé,Catjolique,WHO_Ebola_3FB97C88C5
Nord-Kivu,Mutwanga,Masambo,,Poste de Santé,Ceca 20,WHO_Ebola_63DB1E9B43
Nord-Kivu,Mutwanga,Masambo,,Centre de Santé,Masambo,Acasus_F4ADABC9FB
Nord-Kivu,Mutwanga,Muramba,,Poste de Santé,Bon Samaritain,WHO_Ebola_38FA341B45
Nord-Kivu,Mutwanga,Muramba,,Dispensaire,Chance,WHO_Ebola_FD2180ED55
Nord-Kivu,Mutwanga,Muramba,,Poste de Santé,Croix Rouge,WHO_Ebola_06AED29FAB
Nord-Kivu,Mutwanga,Muramba,,Dispensaire,Kighali Wazee Hai,WHO_Ebola_11E71F49E5
Nord-Kivu,Mutwanga,Muramba,,Dispensaire,Kikyo,WHO_Ebola_B5C64748F9
Nord-Kivu,Mutwanga,Muramba,,Poste de Santé,Luseke,WHO_Ebola_D92E6163AE
Nord-Kivu,Mutwanga,Muramba,,Centre de Santé,Muramba,Acasus_B719DB1500
Nord-Kivu,Mutwanga,Mutwanga,,Poste de Santé,Ceca 20,WHO_Ebola_C4D5FC2823
Nord-Kivu,Mutwanga,Mutwanga,,Poste de Santé,Muchora,WHO_Ebola_E77F491AC2
Nord-Kivu,Mutwanga,Mwenda,,Poste de Santé,Anglican,WHO_Ebola_661051DF0B
Nord-Kivu,Mutwanga,Mwenda,,Poste de Santé,Kivara,WHO_Ebola_AA4BB32500
Nord-Kivu,Mutwanga,Mwenda,,Poste de Santé,Kyamukuve,WHO_Ebola_2FC6C45599
Nord-Kivu,Mutwanga,Mwenda,,Poste de Santé,Murambi,WHO_Ebola_0BE5E3C051
Nord-Kivu,Mutwanga,Mwenda,,Centre de Santé,Mwenda,Acasus_23391CB1B0
Nord-Kivu,Mutwanga,Mwenda,,Poste de Santé,Papi,WHO_Ebola_21A9E33DF3
Nord-Kivu,Mutwanga,Nzenga,,Poste de Santé,Cebca,WHO_Ebola_7687E0EFF9
Nord-Kivu,Mutwanga,Nzenga,,Poste de Santé,Croix Rouge,WHO_Ebola_1D60140A22
Nord-Kivu,Mutwanga,Nzenga,,Centre Hopitalier,Mukando,WHO_Ebola_CBD6621D3A
Nord-Kivu,Mutwanga,Nzenga,,Poste de Santé,Ntoma Ushindi,WHO_Ebola_5AD8C6A93A
Nord-Kivu,Mutwanga,Nzenga,,Centre de Santé,Nzenga,Acasus_1A3BBE3F65
Nord-Kivu,Mutwanga,Nzenga,,Poste de Santé,Umoja,WHO_Ebola_9BC1EAAA31
Nord-Kivu,Mutwanga,Nzenga,,Poste de Santé,Village Ngolbenyama,WHO_Ebola_7BBB8982C2
Nord-Kivu,Mutwanga,Rugetsi,,Poste de Santé,Anglican,WHO_Ebola_D4B9E4EED1
Nord-Kivu,Mutwanga,Rugetsi,,Poste de Santé,Bukira 1,WHO_Ebola_4F51706AD7
Nord-Kivu,Mutwanga,Rugetsi,,Poste de Santé,Catholique,WHO_Ebola_3D0202EEEB
Nord-Kivu,Mutwanga,Rugetsi,,Poste de Santé,Kyuna,WHO_Ebola_1D37F4F40D
Nord-Kivu,Mutwanga,Rugetsi,,Poste de Santé,Mighende,WHO_Ebola_DEE17825C6
Nord-Kivu,Mutwanga,Rugetsi,,Centre de Santé,Rugetsi,Acasus_830D4FEED6
Nord-Kivu,Mweso,Bibwe,,Centre de Santé,Bibwe,Acasus_8A630C6D53
Nord-Kivu,Mweso,Bukama,,Centre de Santé,Bukama,Acasus_7B1A553F00
Nord-Kivu,Mweso,Burungu,,Centre de Santé,Burungu,Acasus_E649BA0991
Nord-Kivu,Mweso,Bushanga,,Centre de Santé,Bushanga,Acasus_3E300FA488
Nord-Kivu,Mweso,Busumba,,Centre de Santé,Busumba,Acasus_DCC2DF74A7
Nord-Kivu,Mweso,Bweru,,Centre de Santé,Bweru,Acasus_F4F35DFA92
Nord-Kivu,Mweso,Kalembe,,Centre de Santé,Kalembe,Acasus_F719A730F2
Nord-Kivu,Mweso,Kamonyi,,Centre de Santé,Kamonyi,Acasus_8CDF0B9D59
Nord-Kivu,Mweso,Kashuga,,Centre de Santé,Kashuga,Acasus_D5A294AC50
Nord-Kivu,Mweso,Katuna,,Centre de Santé,Katuna,Acasus_C7ABFBB42E
Nord-Kivu,Mweso,Kibarizo,,Centre de Santé,Kibarizo,Acasus_5A3B85FF83
Nord-Kivu,Mweso,Kichanga,,Centre de Santé,Kichanga,Acasus_8CC161E7C2
Nord-Kivu,Mweso,Kinyana,,Centre de Santé,Kinyana,Acasus_28B6F43DC1
Nord-Kivu,Mweso,Kirumbu,,Centre de Santé de Référence,Kirumbu,Acasus_BF1E86359C
Nord-Kivu,Mweso,Kivuye,,Centre de Santé,Kivuye,Acasus_B273C4D5EE
Nord-Kivu,Mweso,Luhanga,,Centre de Santé,Luhanga,Acasus_C273141B82
Nord-Kivu,Mweso,Lwama,,Centre de Santé,Lwama,Acasus_1450AEBEA4
Nord-Kivu,Mweso,Mokoto,,Centre de Santé,Mokoto,Acasus_FFECC96220
Nord-Kivu,Mweso,Mpati,,Centre de Santé,Mpati,Acasus_12AD0D51BF
Nord-Kivu,Mweso,Mwanja,,Centre de Santé,Mwanja,Acasus_D46E725A04
Nord-Kivu,Mweso,Rugarama,,Centre de Santé,Rugarama,Acasus_FF317BE90B
Nord-Kivu,Mweso,St Benoit,,Centre de Santé de Référence,Saint Benoit,Acasus_D1258FD682
Nord-Kivu,Mweso,St Benoit,,Centre de Santé,St Benoit,Acasus_B36EB51649
Nord-Kivu,Mweso,Tambi,,Centre de Santé,Tambi,Acasus_1E6F6B5580
Nord-Kivu,Mweso,Yopa,,Centre de Santé,Yopa,Acasus_B1448CEA06
Nord-Kivu,Nyiragongo,Buhumba,,Centre de Santé,Buhumba,Acasus_A5162AD837
Nord-Kivu,Nyiragongo,Buhumba,,Centre de Santé,Kibumba,WHO_Ebola_8DCF764AA2
Nord-Kivu,Nyiragongo,Buhumba,,Hôpital Général de Référence,Nyiragongo,WHO_Ebola_6C0FE329FB
Nord-Kivu,Nyiragongo,Kanyaruchinya,,Centre de Santé,Kanyaruchinya,DHIS2_85A0E0BEFE
Nord-Kivu,Nyiragongo,Kasizi,,Centre de Santé,Kasizi,Acasus_F31EBFAD82
Nord-Kivu,Nyiragongo,Kibati,,Centre de Santé,Kibati,Acasus_6D9ABAFE18
Nord-Kivu,Nyiragongo,Kingarame,,Centre de Santé,Kingarame,Acasus_B21DC8366A
Nord-Kivu,Nyiragongo,Kiziba,,Poste de Santé,55 E Cbce Shilo,WHO_Ebola_F72B193C97
Nord-Kivu,Nyiragongo,Kiziba,,Centre Médical,Afya Yetu,WHO_Ebola_DADEBBC936
Nord-Kivu,Nyiragongo,Kiziba,,Centre Médical,Akiba,WHO_Ebola_4C57A0065E
Nord-Kivu,Nyiragongo,Kiziba,,Dispensaire,Avoi,WHO_Ebola_2F246CCDA1
Nord-Kivu,Nyiragongo,Kiziba,,Centre Médical,Caadpd,WHO_Ebola_6526F19598
Nord-Kivu,Nyiragongo,Kiziba,,Centre Médical,Dieu Merci,WHO_Ebola_79A2F5B751
Nord-Kivu,Nyiragongo,Kiziba,,Centre Médical,Ghamed Utaishi Tena,WHO_Ebola_7B19001937
Nord-Kivu,Nyiragongo,Kiziba,,Centre Hopitalier,Jehovah Rapha,WHO_Ebola_D3FA6EEE9E
Nord-Kivu,Nyiragongo,Kiziba,,Centre de Santé,Kiziba,Acasus_38D347A4A0
Nord-Kivu,Nyiragongo,Kiziba,,Centre Médical,La Guerrison,WHO_Ebola_D144D5AE0F
Nord-Kivu,Nyiragongo,Kiziba,,Centre Médical,Musamariya Mwema,WHO_Ebola_6A01408ACA
Nord-Kivu,Nyiragongo,Kiziba,,Poste de Santé,Musulman,WHO_Ebola_BA86397652
Nord-Kivu,Nyiragongo,Kiziba,,Centre Médical,Selema,WHO_Ebola_8B888C80E9
Nord-Kivu,Nyiragongo,Kiziba,,Centre Médical,St Leon,WHO_Ebola_3BE9F91EDD
Nord-Kivu,Nyiragongo,Kiziba,,Centre Médical,St Valantin,WHO_Ebola_EA3DFD06D5
Nord-Kivu,Nyiragongo,Kiziba,,Centre Médical,Tout Est Grace,WHO_Ebola_43C3BF0AD3
Nord-Kivu,Nyiragongo,Kiziba,,Centre Médical,Uhakika,WHO_Ebola_C69B39486B
Nord-Kivu,Nyiragongo,Mudja,,Centre de Santé,Mudja,Acasus_6D74A20B30
Nord-Kivu,Nyiragongo,Munigi,,Centre de Santé,Monigi,Acasus_8CBBE52FB4
Nord-Kivu,Nyiragongo,Ngangi 3,,Centre de Santé,Ngangi 3,Acasus_8DF43FD553
Nord-Kivu,Nyiragongo,Rusayo,,Centre de Santé,Rusayo,Acasus_1147C4D6A2
Nord-Kivu,Nyiragongo,Turunga,,Centre Médical,Mapendo,WHO_Ebola_65EF2C2596
Nord-Kivu,Nyiragongo,Turunga,,Centre de Santé,Turunga,Acasus_9CD68E022D
Nord-Kivu,Oicha,Bunzumu,,Centre de Santé,Bunzumu,DHIS2_6B4D698352
Nord-Kivu,Oicha,Eringeti,,Centre de Santé de Référence,Eringeti,Acasus_216B3A7824
Nord-Kivu,Oicha,Kainama,,Centre de Santé,Kainama,WHO_Ebola_9B68D70E37
Nord-Kivu,Oicha,Kithevya,,Centre de Santé,Kithevya,DHIS2_6E6AF6B469
Nord-Kivu,Oicha,Kokola,,Centre de Santé,Kokola,Acasus_6D5D0FB0B4
Nord-Kivu,Oicha,Liva,,Poste de Santé,Kinziki,WHO_Ebola_6BC2665DB5
Nord-Kivu,Oicha,Liva,,Centre de Santé,Liva,Acasus_18E13EF3F1
Nord-Kivu,Oicha,Mabasele,,Dispensaire,Imani Ni Dawa,WHO_Ebola_FE032EE234
Nord-Kivu,Oicha,Mabasele,,Centre de Santé,Mabasele,Acasus_E37C798718
Nord-Kivu,Oicha,Mabasele,,Poste de Santé,Mukakira,WHO_Ebola_5BCE1539A7
Nord-Kivu,Oicha,Mabasele,,Poste de Santé,Ngele,WHO_Ebola_930B25452F
Nord-Kivu,Oicha,Mabasele,,Dispensaire,Tulizeni,WHO_Ebola_C104BB3006
Nord-Kivu,Oicha,Maleki,,Centre de Santé,Maleki,DHIS2_807A3ABAFF
Nord-Kivu,Oicha,Mambabeka,,Centre de Santé,Mambabeka,Acasus_243CD5EE5E
Nord-Kivu,Oicha,Mambabio,,Centre de Santé,Mambabio,DHIS2_6D21D15D88
Nord-Kivu,Oicha,Mamove,,Centre de Santé de Référence,Mamove,DHIS2_4EA014FD67
Nord-Kivu,Oicha,Mangboko,,Centre de Santé,Mangboko,Acasus_59F160B9C5
Nord-Kivu,Oicha,Masosi,,Centre de Santé,Masosi,Acasus_B21072B73B
Nord-Kivu,Oicha,Masosi,,Poste de Santé,Ngandilama,DHIS2_807F3D76F4
Nord-Kivu,Oicha,Mavivi,,Centre de Santé de Référence,Mavivi,Acasus_D8F23F5CC0
Nord-Kivu,Oicha,Mavivi,,Centre de Santé,Mavivi,Acasus_6CBB5EA7E6
Nord-Kivu,Oicha,Mavivi,,Poste de Santé,Sikwaila,Acasus_A3DDF6E908
Nord-Kivu,Oicha,Mbau,,Dispensaire,Afia Njema,WHO_Ebola_EEDDB4F96B
Nord-Kivu,Oicha,Mbau,,Dispensaire,Afya Nzuri,WHO_Ebola_C0627F3417
Nord-Kivu,Oicha,Mbau,,Clinique,Amani,WHO_Ebola_18AE2D4573
Nord-Kivu,Oicha,Mbau,,Centre de Santé,Csmasosi,WHO_Ebola_CBCAA7674F
Nord-Kivu,Oicha,Mbau,,Dispensaire,La Sagesse,WHO_Ebola_29E4C750E0
Nord-Kivu,Oicha,Mbau,,Dispensaire,La Solution Mukakira,WHO_Ebola_8C11CCD701
Nord-Kivu,Oicha,Mbau,,Dispensaire,Le Messager Dieu,WHO_Ebola_B9EB103E00
Nord-Kivu,Oicha,Mbau,,Centre de Santé,Mbau,Acasus_B88BB7E2E1
Nord-Kivu,Oicha,Mbau,,Centre de Santé de Référence,Mbau,DHIS2_9F29D577A6
Nord-Kivu,Oicha,Mbau,,Dispensaire,Saint Franaois,WHO_Ebola_A3518E1290
Nord-Kivu,Oicha,Mbimbi,,Centre de Santé,Mbimbi,Acasus_9135DAE634
Nord-Kivu,Oicha,Mbutaba,,Centre de Santé,Mbutaba,Acasus_9EE4B1F383
Nord-Kivu,Oicha,Musuku,,Centre de Santé,Musuku,DHIS2_340ABD6AD8
Nord-Kivu,Oicha,Musuku,,Poste de Santé,Tuungane,WHO_Ebola_82EA858D94
Nord-Kivu,Oicha,Pakanza,,Clinique,Africano Face B,WHO_Ebola_CF6FE65CCF
Nord-Kivu,Oicha,Pakanza,,Centre de Santé,Kithevya,WHO_Ebola_DAC2CB6FE3
Nord-Kivu,Oicha,Pakanza,,Poste de Santé,La,WHO_Ebola_3980B85477
Nord-Kivu,Oicha,Pakanza,,Poste de Santé,Ngele,DHIS2_5460BC1312
Nord-Kivu,Oicha,Pakanza,,Centre Hopitalier,Ngote,WHO_Ebola_EAFEE6D1A7
Nord-Kivu,Oicha,Pakanza,,Centre de Santé,Pakanza,Acasus_B5A35C0CE0
Nord-Kivu,Oicha,Pakanza,,Poste de Santé,Saint Paul,WHO_Ebola_3995F7DAB6
Nord-Kivu,Oicha,Pakanza,,Dispensaire,Salama,WHO_Ebola_AD6DF03815
Nord-Kivu,Oicha,Pakanza,,Clinique,Salama,WHO_Ebola_5DAC4FA9D5
Nord-Kivu,Oicha,Pakanza,,Dispensaire,Tumaini 2,WHO_Ebola_053B5E25A6
Nord-Kivu,Oicha,Pasala,,Centre de Santé de Référence,Pasala,Acasus_9B6DDE55D5
Nord-Kivu,Oicha,Tenambo,,Poste de Santé,Mapendo,WHO_Ebola_1F7AAEB9B7
Nord-Kivu,Oicha,Tenambo,,Hôpital Général de Référence,Oicha,Acasus_346A16674A
Nord-Kivu,Oicha,Tenambo,,Bureau Central de la Zone de Santé,S Oicha,WHO_Ebola_27EF54EC61
Nord-Kivu,Oicha,Tenambo,,Centre de Santé,Tenambo,Acasus_C4FA154794
Nord-Kivu,Oicha,Totolito,,Poste de Santé,Kambi,WHO_Ebola_E74558308C
Nord-Kivu,Oicha,Totolito,,Poste de Santé,Mamundioma,WHO_Ebola_C24073A343
Nord-Kivu,Oicha,Totolito,,Centre de Santé,Totolito,Acasus_52D268086B
Nord-Kivu,Pinga,Besse,,Centre de Santé,Besse,Acasus_00224CC5CB
Nord-Kivu,Pinga,Buhimba,,Centre de Santé,Buhimba,Acasus_15FE923C86
Nord-Kivu,Pinga,Bukonde,,Centre de Santé,Bukonde,Acasus_DC719A8EE8
Nord-Kivu,Pinga,Bukonde,,Hôpital Général de Référence,Pinga,WHO_Ebola_AC513D6FB0
Nord-Kivu,Pinga,Bukumbirwa,,Centre de Santé,Bukumbirwa,Acasus_86933C5FC2
Nord-Kivu,Pinga,Buleusa,,Centre de Santé,Buleusa,Acasus_FF40DE49F3
Nord-Kivu,Pinga,Kailenge,,Centre de Santé,Kailenge,Acasus_C935E21279
Nord-Kivu,Pinga,Kanune,,Centre de Santé,Kanune,Acasus_7288D4CB10
Nord-Kivu,Pinga,Kaseke,,Centre de Santé,Kaseke,Acasus_2CFCF5DBBE
Nord-Kivu,Pinga,Katanga,,Poste de Santé,Katanga,Acasus_0BA8A2DDD8
Nord-Kivu,Pinga,Kateku,,Centre de Santé,Kateku,Acasus_21F15F3444
Nord-Kivu,Pinga,Lukala,,Centre de Santé,Lukala,Acasus_2821506AE8
Nord-Kivu,Pinga,Mashuta,,Centre de Santé,Mashuta,Acasus_5353524AB9
Nord-Kivu,Pinga,Mpety,,Centre de Santé,Mpety,Acasus_09C59A125C
Nord-Kivu,Pinga,Munsanga,,Centre de Santé,Munsanga,Acasus_1ACF1D94CA
Nord-Kivu,Pinga,Mutongo,,Centre de Santé,Mutongo,Acasus_BDCC0B1E7A
Nord-Kivu,Pinga,Nkasa,,Centre de Santé,Nkasa,Acasus_43E752ABCD
Nord-Kivu,Pinga,Oninga,,Centre de Santé,Oninga,Acasus_B096F8BDA8
Nord-Kivu,Pinga,Rungoma,,Centre de Santé,Rungoma,Acasus_BD4F7B6BCE
Nord-Kivu,Pinga,Rusamambu,,Centre de Santé,Rusamambu,Acasus_B3CACFA0E8
Nord-Kivu,Rutshuru,Biruma,,Centre de Santé,Biruma,Acasus_C95F2A2BA5
Nord-Kivu,Rutshuru,Bunyereza,,Centre de Santé,Bunyereza,Acasus_55C0CF4658
Nord-Kivu,Rutshuru,Buturande,,Centre de Santé,Buturande,Acasus_5930EAABDB
Nord-Kivu,Rutshuru,Kakomero,,Centre de Santé,Kakomero,Acasus_243EE36723
Nord-Kivu,Rutshuru,Kalengera,,Centre de Santé,Kalengera,Acasus_98F51AE83B
Nord-Kivu,Rutshuru,Katale,,Centre de Santé,Katale,Acasus_81F3713CAF
Nord-Kivu,Rutshuru,Kibututu,,Centre de Santé,Kibututu,Acasus_B13D541268
Nord-Kivu,Rutshuru,Kinyandonyi,,Centre de Santé,Gedeon Mufabure,WHO_ISS_9979
Nord-Kivu,Rutshuru,Kinyandonyi,,Centre de Santé,Kinyandonyi,DHIS2_91B74FD587
Nord-Kivu,Rutshuru,Kiwanja,,Centre de Santé,Kiwanja,Acasus_683D4BDBE5
Nord-Kivu,Rutshuru,Mabungo,,Centre de Santé,Mabungo,Acasus_E94C958737
Nord-Kivu,Rutshuru,Mapendo,,Centre de Santé de Référence,Mapendo,DHIS2_C3D6ECDFC4
Nord-Kivu,Rutshuru,Mapendo,,Centre de Santé,Mapendo,Acasus_5E5F8058C6
Nord-Kivu,Rutshuru,Murambi,,Centre de Santé,Murambi,Acasus_1BD6DC5214
Nord-Kivu,Rutshuru,Rubare,,Centre de Santé,Rubare,Acasus_44A204ECC1
Nord-Kivu,Rutshuru,Rugari,,Centre de Santé,Rugari,Acasus_C79B7505EE
Nord-Kivu,Rutshuru,Rutshuru,,Centre de Santé,Banque Sang,WHO_Ebola_88444386A0
Nord-Kivu,Rutshuru,Rutshuru,,Poste de Santé,Kiringa,WHO_Ebola_B1E0B6A3A4
Nord-Kivu,Rutshuru,Rutshuru,,Bureau Central de la Zone de Santé,Rutshuru,WHO_Ebola_0E6138F2CC
Nord-Kivu,Rutshuru,Rutshuru,,Hôpital Général de Référence,Rutshuru,DHIS2_4BB45B9EEC
Nord-Kivu,Rutshuru,Rutshuru,,Centre de Santé,Rutshuru,Acasus_0866C0D32F
Nord-Kivu,Rutshuru,Umoja,,Centre de Santé,Umoja,Acasus_96A82E2DF5
Nord-Kivu,Rwanguba,Bugusa,,Centre de Santé,Bugusa,Acasus_74E55E9223
Nord-Kivu,Rwanguba,Bugusa,,Poste de Santé,Kanyundo,WHO_Ebola_360A398A0B
Nord-Kivu,Rwanguba,Bugusa,,Site Soin Communautaire,Kariba,WHO_Ebola_DD87F5C2C2
Nord-Kivu,Rwanguba,Bugusa,,Poste de Santé,Nyarubara,WHO_Ebola_BA91C88103
Nord-Kivu,Rwanguba,Bugusa,,Site Soin Communautaire,Runyonyi,WHO_Ebola_8BB9A5DE7B
Nord-Kivu,Rwanguba,Bugusa,,Site Soin Communautaire,Rushari,WHO_Ebola_7F14030DB0
Nord-Kivu,Rwanguba,Bunagana,,Centre de Santé de Référence,Bunagana,Acasus_315D1D64ED
Nord-Kivu,Rwanguba,Bunagana,,Poste de Santé,Kagenda,WHO_Ebola_178FC801B5
Nord-Kivu,Rwanguba,Bunagana,,Dispensaire,Kibaya,WHO_Ebola_34D66BE44D
Nord-Kivu,Rwanguba,Bunagana,,Poste de Santé,Masoro,WHO_Ebola_867FD3562B
Nord-Kivu,Rwanguba,Kabaya,,Dispensaire,Faradja,WHO_Ebola_ABC69557B7
Nord-Kivu,Rwanguba,Kabaya,,Centre de Santé,Kabaya,Acasus_81EA0E92F8
Nord-Kivu,Rwanguba,Kabaya,,Poste de Santé,Rumangabo,DHIS2_B32ED426EE
Nord-Kivu,Rwanguba,Kabaya,,Site Soin Communautaire,Rumangabo,WHO_Ebola_4FE3F98AD4
Nord-Kivu,Rwanguba,Kabaya,,Dispensaire,Tumaini Letu,WHO_Ebola_52579C7C6E
Nord-Kivu,Rwanguba,Kabonero,,Centre de Santé,Kabonero,Acasus_0EBFDCA31D
Nord-Kivu,Rwanguba,Kabonero,,Poste de Santé,Munanyira,WHO_Ebola_55148E3DC7
Nord-Kivu,Rwanguba,Kabonero,,Poste de Santé,Tsanzu,WHO_Ebola_6E1D10CA30
Nord-Kivu,Rwanguba,Kakondo,,Centre de Santé,Kakondo,Acasus_2F30C0F34C
Nord-Kivu,Rwanguba,Kamira,,Centre de Santé,Kamira,Acasus_30A13D51FE
Nord-Kivu,Rwanguba,Kanombe,,Site Soin Communautaire,Kanombe,WHO_Ebola_1515F2658F
Nord-Kivu,Rwanguba,Kanombe,,Poste de Santé,Kanombe,WHO_Ebola_09944AC175
Nord-Kivu,Rwanguba,Kanombe,,Centre de Santé,Kanombe,Acasus_B745002F1E
Nord-Kivu,Rwanguba,Karambi,,Site Soin Communautaire,Buhumbu,WHO_Ebola_27ECF0D992
Nord-Kivu,Rwanguba,Karambi,,Site Soin Communautaire,Bushiha,WHO_Ebola_00BF0FFEA9
Nord-Kivu,Rwanguba,Karambi,,Poste de Santé,Chinga,WHO_Ebola_6AEF7D51CD
Nord-Kivu,Rwanguba,Karambi,,Centre de Santé de Référence,Karambi,Acasus_967D9F2A5E
Nord-Kivu,Rwanguba,Karambi,,Centre de Santé,Karambi,DHIS2_2625000508
Nord-Kivu,Rwanguba,Karambi,,Poste de Santé,Kitagoma,DHIS2_1DE8F4638E
Nord-Kivu,Rwanguba,Karambi,,Bureau Central de la Zone de Santé,Nyamilima,WHO_Ebola_4F1903CF39
Nord-Kivu,Rwanguba,Karambi,,Poste de Santé,Ruvumbura,DHIS2_08D8BF5977
Nord-Kivu,Rwanguba,Kazuba,,Poste de Santé,Kanyabusoro,WHO_Ebola_A1B0BA8F97
Nord-Kivu,Rwanguba,Kazuba,,Centre de Santé,Kazuba,WHO_Ebola_F3B1A5E651
Nord-Kivu,Rwanguba,Matebe,,Poste de Santé,Kanyamisango,DHIS2_7C3A80DCAE
Nord-Kivu,Rwanguba,Matebe,,Centre de Santé,Matebe,Acasus_026458AAF6
Nord-Kivu,Rwanguba,Mutabo,,Centre de Santé,Mutabo,Acasus_591781335E
Nord-Kivu,Rwanguba,Nkokwe,,Centre de Santé,Nkokwe,Acasus_BC48DD3E29
Nord-Kivu,Rwanguba,Ntamugenga,,Site Soin Communautaire,Bushegera,WHO_Ebola_DEC5C34AA8
Nord-Kivu,Rwanguba,Ntamugenga,,Centre de Santé,Ntamugenga,Acasus_19433BE17F
Nord-Kivu,Rwanguba,Nyarukwangara,,Centre de Santé,Nyarukwangara,Acasus_86FE5B5DC1
Nord-Kivu,Rwanguba,Nyarukwangara,,Site Soin Communautaire,Nyundo,WHO_Ebola_5AF2563ADD
Nord-Kivu,Rwanguba,Rubavu,,Site Soin Communautaire,Bugara,WHO_Ebola_2548ECF147
Nord-Kivu,Rwanguba,Rubavu,,Centre de Santé,Rubavu,Acasus_45F2944DD1
Nord-Kivu,Rwanguba,Rubavu,,Poste de Santé,Vuhenga,WHO_Ebola_65FE420331
Nord-Kivu,Rwanguba,Rutsiro,,Site Soin Communautaire,Bugina,WHO_Ebola_A2A9DF1870
Nord-Kivu,Rwanguba,Rutsiro,,Poste de Santé,Kalombe,WHO_Ebola_5C8C89E046
Nord-Kivu,Rwanguba,Rutsiro,,Poste de Santé,Kitumaini,WHO_Ebola_824E6037DA
Nord-Kivu,Rwanguba,Rutsiro,,Centre de Santé,Rutsiro,Acasus_1D8A06B800
Nord-Kivu,Rwanguba,Rwanguba Kabindi,,Centre de Santé,Kabindi,WHO_Ebola_420BFDC78E
Nord-Kivu,Rwanguba,Rwanguba Kabindi,,Site Soin Communautaire,Rutsuzi,WHO_Ebola_403FBB6E2C
Nord-Kivu,Rwanguba,Rwanguba Kabindi,,Bureau Central de la Zone de Santé,Rwanguba,WHO_Ebola_DD61640D8A
Nord-Kivu,Rwanguba,Rwanguba Kabindi,,Hôpital Général de Référence,Rwanguba,DHIS2_44B7CA1B26
Nord-Kivu,Rwanguba,Rwanguba Kabindi,,Centre de Santé,Rwanguba Kabindi,Acasus_EF10521039
Nord-Kivu,Rwanguba,Rwanguba Kabindi,,Site Soin Communautaire,Tsangere,WHO_Ebola_9259BC97C3
Nord-Kivu,Rwanguba,Shangi,,Poste de Santé,Bikenge,WHO_Ebola_49369AA632
Nord-Kivu,Rwanguba,Shangi,,Poste de Santé,Gasiza,WHO_Ebola_D8696D8C4C
Nord-Kivu,Rwanguba,Shangi,,Poste de Santé,Kamonyi 1,WHO_Ebola_4EE9D144DC
Nord-Kivu,Rwanguba,Shangi,,Poste de Santé,Kitovu,WHO_Ebola_FB21A9BC5B
Nord-Kivu,Rwanguba,Shangi,,Poste de Santé,Mihika 1,WHO_Ebola_B707840BB8
Nord-Kivu,Rwanguba,Shangi,,Site Soin Communautaire,Mutuzo,WHO_Ebola_5E2AC7DCD4
Nord-Kivu,Rwanguba,Shangi,,Site Soin Communautaire,Rutsingo,WHO_Ebola_0042C7A664
Nord-Kivu,Rwanguba,Shangi,,Poste de Santé,Ruvumo,WHO_Ebola_BB9D2B3AAB
Nord-Kivu,Rwanguba,Shangi,,Centre de Santé,Shangi,Acasus_34A63DAB5C
Nord-Kivu,Rwanguba,Shinda,,Poste de Santé,Kanyesanani,DHIS2_08F4A8E57C
Nord-Kivu,Rwanguba,Shinda,,Site Soin Communautaire,Murenzi,WHO_Ebola_60BC6A428C
Nord-Kivu,Rwanguba,Shinda,,Site Soin Communautaire,Rugaba,WHO_Ebola_B1D0E9E5D6
Nord-Kivu,Rwanguba,Shinda,,Poste de Santé,Rugashari,DHIS2_A521E4B965
Nord-Kivu,Rwanguba,Shinda,,Centre de Santé,Shinda,Acasus_7C9DCD86D3
Nord-Kivu,Rwanguba,Tanda,,Site Soin Communautaire,Buniha,WHO_Ebola_1CEF32F5B0
Nord-Kivu,Rwanguba,Tanda,,Poste de Santé,Busoro,WHO_Ebola_3911D1AE3E
Nord-Kivu,Rwanguba,Tanda,,Poste de Santé,Kinihira,WHO_Ebola_E71FA56BA4
Nord-Kivu,Rwanguba,Tanda,,Site Soin Communautaire,Shugusha,WHO_Ebola_E25538909D
Nord-Kivu,Rwanguba,Tanda,,Poste de Santé,Shwema,WHO_Ebola_DEE686CB71
Nord-Kivu,Rwanguba,Tanda,,Centre de Santé,Tanda,Acasus_6ECFF4EDC5
Nord-Kivu,Rwanguba,Tshengerero,,Dispensaire,Delta,WHO_Ebola_9A79C58E02
Nord-Kivu,Rwanguba,Tshengerero,,Site Soin Communautaire,Kitovu,WHO_Ebola_C847DAE01A
Nord-Kivu,Rwanguba,Tshengerero,,Centre de Santé,Tshengerero,DHIS2_93F9B4FADE
Nord-Kivu,Vuhovi,Buhesi,,Centre de Santé,Buhesi,Acasus_B30FB30154
Nord-Kivu,Vuhovi,Buhesi,,Centre de Santé,Kaghondo,WHO_Ebola_7A079A7FBF
Nord-Kivu,Vuhovi,Buhesi,,Poste de Santé,Nderu,WHO_Ebola_A2D3FC7463
Nord-Kivu,Vuhovi,Bukoroghoto,,Poste de Santé,Bukorogho,Acasus_A9FCE84659
Nord-Kivu,Vuhovi,Bukoroghoto,,Dispensaire,Mutundu,WHO_Ebola_2763FAC648
Nord-Kivu,Vuhovi,Bulambo,,Poste de Santé,Acoplai,WHO_Ebola_312BEB8F3C
Nord-Kivu,Vuhovi,Bulambo,,Poste de Santé,Adeprosa,WHO_Ebola_A19228ABD2
Nord-Kivu,Vuhovi,Bulambo,,Dispensaire,Amani,WHO_Ebola_51E7129CFE
Nord-Kivu,Vuhovi,Bulambo,,Centre de Santé,Bulambo,Acasus_C3A19556AD
Nord-Kivu,Vuhovi,Bulambo,,Poste de Santé,Faraja,WHO_Ebola_C4414C0DD6
Nord-Kivu,Vuhovi,Bulambo,,Poste de Santé,Mumole,DHIS2_3A0089CA7C
Nord-Kivu,Vuhovi,Bulambo,,Poste de Santé,Secours D'Urgence Mikole,WHO_Ebola_D12FD007FE
Nord-Kivu,Vuhovi,Bunyuka,,Centre de Santé,Bunyuka,Acasus_875B4975C4
Nord-Kivu,Vuhovi,Bunyuka,,Poste de Santé,Mapendo,WHO_Ebola_7F1E9EC4E6
Nord-Kivu,Vuhovi,Bunyuka,,Poste de Santé,Ushindi,WHO_Ebola_70B6C75973
Nord-Kivu,Vuhovi,Bunyuka,,Centre Hopitalier,Vuhimba,WHO_Ebola_C2ED75805E
Nord-Kivu,Vuhovi,Bunyuka,,Poste de Santé,Vuhumbi,WHO_Ebola_CCD984F714
Nord-Kivu,Vuhovi,Bunyuka,,Poste de Santé,Vulimba Muzey,WHO_Ebola_CD67F08AEF
Nord-Kivu,Vuhovi,Isonga,,Poste de Santé,Bungwe,WHO_Ebola_FA7FB6DB88
Nord-Kivu,Vuhovi,Isonga,,Centre de Santé,Isonga,Acasus_2A07EC7627
Nord-Kivu,Vuhovi,Isonga,,Poste de Santé,Kanzanza,WHO_Ebola_EB034A0613
Nord-Kivu,Vuhovi,Isonga,,Poste de Santé,Kinihya,WHO_Ebola_4C467408A2
Nord-Kivu,Vuhovi,Kahondo,,Centre de Santé,Kahondo,Acasus_78429F38D9
Nord-Kivu,Vuhovi,Kahondo,,Hôpital Général de Référence,Vuhovi,DHIS2_EE66A22E32
Nord-Kivu,Vuhovi,Kasitu,,Centre de Santé,Kasitu,Acasus_91FA0E881A
Nord-Kivu,Vuhovi,Kasitu,,Poste de Santé,Katwa,WHO_Ebola_EA0CEADEDA
Nord-Kivu,Vuhovi,Kasitu,,Poste de Santé,Vusisiri,WHO_Ebola_D6546F81B2
Nord-Kivu,Vuhovi,Katanda,,Centre de Santé,Katanda,Acasus_ACA0819219
Nord-Kivu,Vuhovi,Katanda,,Poste de Santé,Panze,WHO_Ebola_B46AB7ED3B
Nord-Kivu,Vuhovi,Kibwe,,Poste de Santé,Bulera,WHO_Ebola_6D20DABBE2
Nord-Kivu,Vuhovi,Kibwe,,Poste de Santé,Imani Ni Dawa,WHO_Ebola_A970630AE9
Nord-Kivu,Vuhovi,Kibwe,,Centre de Santé,Kibwe,Acasus_0895AF059E
Nord-Kivu,Vuhovi,Kighali,,Centre de Santé,Kighali,Acasus_39380850F0
Nord-Kivu,Vuhovi,Kighali,,Poste de Santé,Kikali,WHO_Ebola_8374BC4412
Nord-Kivu,Vuhovi,Lulinda,,Poste de Santé,Kyangolo,DHIS2_EEF0E70D9E
Nord-Kivu,Vuhovi,Lulinda,,Centre de Santé,Lulinda,Acasus_C7BC19063E
Nord-Kivu,Vuhovi,Musenda,,Centre Médical,Caphy,WHO_Ebola_D44DC4CDF6
Nord-Kivu,Vuhovi,Musenda,,Poste de Santé,Kasiyiro,WHO_Ebola_8FC07D9781
Nord-Kivu,Vuhovi,Musenda,,Centre de Santé,Musenda,Acasus_A1264F7C04
Nord-Kivu,Vuhovi,Musenda,,Poste de Santé,Vuthakohola,WHO_Ebola_1D0828B182
Nord-Kivu,Vuhovi,Mutendero,,Centre de Santé,Mutendero,Acasus_6149D2C57D
Nord-Kivu,Vuhovi,Mutendero,,Poste de Santé,Visitsi,WHO_Ebola_9E25EE7FCB
Nord-Kivu,Vuhovi,Vuhovi,,Poste de Santé,Busaghala,WHO_Ebola_7B86BE59C0
Nord-Kivu,Vuhovi,Vuhovi,,Centre de Santé,Vuhovi,Acasus_C75905F44F
Nord-Kivu,Walikale,8ème CEPAC,,Centre de Santé,8 E Cepac,Acasus_952731939E
Nord-Kivu,Walikale,Bilobilo,,Centre de Santé,Bilobilo,Acasus_32A303055F
Nord-Kivu,Walikale,Biruwe,,Centre de Santé,Biruwe,Acasus_65CBCE0AFF
Nord-Kivu,Walikale,Bisie,,Centre de Santé,Bisie,Acasus_659A12B52A
Nord-Kivu,Walikale,Boboro,,Centre de Santé,Boboro,Acasus_7CB8F7872A
Nord-Kivu,Walikale,Eliba,,Centre de Santé,Eliba,Acasus_F62196D13F
Nord-Kivu,Walikale,Kirundu,,Centre de Santé,Kirundu,Acasus_632DCEFC3C
Nord-Kivu,Walikale,Kumbwa,,Poste de Santé,Kumbwa Aire De,Acasus_6F8555BDED
Nord-Kivu,Walikale,Moria,,Centre de Santé,Moria,Acasus_C2240F6940
Nord-Kivu,Walikale,Mpofi,,Centre de Santé,Mpofi,Acasus_9B981966CD
Nord-Kivu,Walikale,Mundindi,,Centre de Santé,Mundindi,Acasus_767D3F004D
Nord-Kivu,Walikale,Mutakato,,Centre de Santé,Mutakato,Acasus_2501823625
Nord-Kivu,Walikale,Ndjingala,,Centre de Santé,Ndjingala,Acasus_FCE4495A99
Nord-Kivu,Walikale,Ndofia,,Centre de Santé,Ndofia,Acasus_4B2E6202F8
Nord-Kivu,Walikale,Nyasi,,Centre de Santé,Nyasi,Acasus_680AD8221C
Nord-Kivu,Walikale,Obaye,,Centre de Santé,Obaye,Acasus_97019EBF69
Nord-Kivu,Walikale,Sacré Coeur,,Centre de Santé,Sacre Coeur,DHIS2_16DF6B18F7
Nord-Kivu,Walikale,Santé Plus,,Centre de Santé,Plus,Acasus_5EC4280871
Sud-Kivu,Bagira,Bagira,,Poste de Santé,Aire Bagira,GRID3_747388AE47
Sud-Kivu,Bagira,Bagira,,Hôpital Général de Référence,Bagira,GRID3_1E7E26D143
Sud-Kivu,Bagira,Bagira,,Dispensaire,Croix Rouge 2,GRID3_19AE2B2B7D
Sud-Kivu,Bagira,Burhiba,,Dispensaire,15 E Celma Kalengera,GRID3_F1C694AAAC
Sud-Kivu,Bagira,Burhiba,,Dispensaire,Afia Bora,GRID3_046211C111
Sud-Kivu,Bagira,Burhiba,,Centre Médical,Afya Bora,GRID3_BA1F9564A5
Sud-Kivu,Bagira,Burhiba,,Dispensaire,Afya Bora 1,GRID3_6E574B9544
Sud-Kivu,Bagira,Burhiba,,Dispensaire,Amani,GRID3_E55634148B
Sud-Kivu,Bagira,Burhiba,,Dispensaire,Amani 2,GRID3_ED22A4BC21
Sud-Kivu,Bagira,Burhiba,,Dispensaire,Bahati Croix Rouge,GRID3_6278C5B69A
Sud-Kivu,Bagira,Burhiba,,Centre Médical,Bethesaida,GRID3_A4683E4D93
Sud-Kivu,Bagira,Burhiba,,Centre Médical,Biosadec 3,GRID3_70C8B87C35
Sud-Kivu,Bagira,Burhiba,,Centre Hopitalier,Burhiba,GRID3_83562FA2DB
Sud-Kivu,Bagira,Burhiba,,Centre Médical,Faraja 2 Cikonyi,GRID3_B9084FCABF
Sud-Kivu,Bagira,Burhiba,,Dispensaire,Kasagara,GRID3_5BE085B241
Sud-Kivu,Bagira,Burhiba,,Centre Médical,La Fraternita,GRID3_F131D1286F
Sud-Kivu,Bagira,Burhiba,,Dispensaire,La Grace Byadi,GRID3_6E6B8FB4D9
Sud-Kivu,Bagira,Burhiba,,Dispensaire,La Police,GRID3_E0F0D0F23E
Sud-Kivu,Bagira,Burhiba,,Dispensaire,Le Papa,GRID3_4CDE6C09B2
Sud-Kivu,Bagira,Burhiba,,Centre Médical,Onc,GRID3_BB38CFD834
Sud-Kivu,Bagira,Burhiba,,Centre Médical,Phamakina,GRID3_DF661ABF3A
Sud-Kivu,Bagira,Burhiba,,Dispensaire,Saint Sylvestre,GRID3_D9D7ACFC8C
Sud-Kivu,Bagira,Burhiba,,Centre de Santé,Uhaki,GRID3_420496C973
Sud-Kivu,Bagira,Burhiba,,Dispensaire,Umoja 2,GRID3_AD35489AA1
Sud-Kivu,Bagira,Burhiba,,Centre Médical,Uponyaji,GRID3_D348A5A49F
Sud-Kivu,Bagira,Burhiba,,Centre Médical,Uponyi Mwema,GRID3_4D3FE6BC4E
Sud-Kivu,Bagira,Burhiba,,Centre Médical,Uwezo,GRID3_63DA75BCFB
Sud-Kivu,Bagira,Cigurhi,,Dispensaire,Cibuha,GRID3_BDDD256897
Sud-Kivu,Bagira,Cigurhi,,Centre de Santé,Cigurhi,GRID3_1DC73C3AE0
Sud-Kivu,Bagira,Kahero,,Dispensaire,Croix Rouge,GRID3_F26CEE51F8
Sud-Kivu,Bagira,Kahero,,Centre de Santé,Kahero,GRID3_E5FF7904A5
Sud-Kivu,Bagira,Kahero,,Dispensaire,Mulambula Chirhambi,GRID3_6C3B3978D8
Sud-Kivu,Bagira,Lumu,,Centre Médical,Faraja,GRID3_605A085EA2
Sud-Kivu,Bagira,Lumu,,Centre de Santé,Lumu,GRID3_C842DCD2BB
Sud-Kivu,Bagira,Lumu,,Centre Médical,Yesu Mwema 2,GRID3_346955F20D
Sud-Kivu,Bagira,Makoma,,Centre de Santé,Beroya,GRID3_393E9F718F
Sud-Kivu,Bagira,Mushekere,,Dispensaire,Baraka 2,GRID3_A9680A1C7B
Sud-Kivu,Bagira,Mushekere,,Dispensaire,Biospid,GRID3_5202F6B620
Sud-Kivu,Bagira,Mushekere,,Dispensaire,Bulungu,GRID3_FDA9E797A4
Sud-Kivu,Bagira,Mushekere,,Centre Médical,Bunyi Bunyi,GRID3_7C1DC24D58
Sud-Kivu,Bagira,Mushekere,,Dispensaire,Christe Roi,GRID3_445E25B9E9
Sud-Kivu,Bagira,Mushekere,,Poste de Santé,Hekima,GRID3_9CCF700053
Sud-Kivu,Bagira,Mushekere,,Centre Médical,Kanoshe,GRID3_A77E21EDAA
Sud-Kivu,Bagira,Mushekere,,Poste de Santé,Luganda,GRID3_59AA24EDD3
Sud-Kivu,Bagira,Mushekere,,Centre Médical,Mere Enfant,GRID3_B3BE398145
Sud-Kivu,Bagira,Mushekere,,Centre de Santé,Mulezi,GRID3_9C6E912D92
Sud-Kivu,Bagira,Mushekere,,Dispensaire,Musaada,GRID3_1A160BF304
Sud-Kivu,Bagira,Mushekere,,Clinique,Olame,GRID3_992A86CE38
Sud-Kivu,Bagira,Mushekere,,Dispensaire,Umoja 4,GRID3_A1C6423856
Sud-Kivu,Bagira,Nyamuhinga,,Dispensaire,Agape,GRID3_36565829D7
Sud-Kivu,Bagira,Nyamuhinga,,Dispensaire,Bethsaida Mcc,GRID3_5EA6EBC765
Sud-Kivu,Bagira,Nyamuhinga,,Dispensaire,Biosadec,GRID3_1469B32254
Sud-Kivu,Bagira,Nyamuhinga,,Dispensaire,Biosadec Bagira,GRID3_E5D42B4280
Sud-Kivu,Bagira,Nyamuhinga,,Dispensaire,Camp Pm,GRID3_DC39347BEC
Sud-Kivu,Bagira,Nyamuhinga,,Dispensaire,Croix Rouge Babembe,GRID3_C76EF758A8
Sud-Kivu,Bagira,Nyamuhinga,,Dispensaire,Fac Bagira,GRID3_2A1ED7453D
Sud-Kivu,Bagira,Nyamuhinga,,Dispensaire,Makimbiliyo 3,GRID3_EDF6EC49B9
Sud-Kivu,Bagira,Nyamuhinga,,Centre de Santé,Nyamuhinga,GRID3_681F44333D
Sud-Kivu,Bunyakiri,Bagana,,Centre de Santé,Bagana,GRID3_B6238C7CF7
Sud-Kivu,Bunyakiri,Bagana,,Poste de Santé,Nyamisimaulu,GRID3_E80D86792A
Sud-Kivu,Bunyakiri,Bitale,,Centre de Santé,Bitale,GRID3_3F5FE6ABF2
Sud-Kivu,Bunyakiri,Bitale,,Centre Hopitalier,Bitale,GRID3_5A53CBFE72
Sud-Kivu,Bunyakiri,Bitobolo,,Poste de Santé,Amkeni,GRID3_252FD411FB
Sud-Kivu,Bunyakiri,Bitobolo,,Centre de Santé,Bitobolo,GRID3_2DF3E0DCD7
Sud-Kivu,Bunyakiri,Bunyakiri,,Centre de Santé,Bunyakiri,GRID3_160AE1EF10
Sud-Kivu,Bunyakiri,Chabunda,,Centre de Santé,Chabunda,GRID3_014D3327CA
Sud-Kivu,Bunyakiri,Chinganda,,Centre de Santé,Chinganda,GRID3_2BF52BE7C2
Sud-Kivu,Bunyakiri,Ciriba,,Centre de Santé,Ciriba,GRID3_5B72131A11
Sud-Kivu,Bunyakiri,Fumya,,Centre de Santé,Fumya,GRID3_B024930CC4
Sud-Kivu,Bunyakiri,Hombo Sud,,Centre Hopitalier,Hombo,GRID3_027773F093
Sud-Kivu,Bunyakiri,Hombo Sud,,Centre de Santé,Hombo Bdom,GRID3_724FED90D4
Sud-Kivu,Bunyakiri,Irangi,,Centre de Santé,Irangi,GRID3_616049E3F9
Sud-Kivu,Bunyakiri,Kachiri,,Centre de Santé,Kachiri,GRID3_F4520DE519
Sud-Kivu,Bunyakiri,Kusisa,,Centre de Santé,Kusisa,GRID3_456E7F0D32
Sud-Kivu,Bunyakiri,Lwana,,Poste de Santé,Kabenga,GRID3_3D71480187
Sud-Kivu,Bunyakiri,Lwana,,Centre de Santé,Lwana,GRID3_8DB0C8F4B0
Sud-Kivu,Bunyakiri,Maibano,,Centre de Santé,Maibano,GRID3_1A90012F8B
Sud-Kivu,Bunyakiri,Makuta,,Centre de Santé,Makuta,GRID3_9BBBCB6E52
Sud-Kivu,Bunyakiri,Mangaa,,Centre de Santé,Mangaa,GRID3_336D565399
Sud-Kivu,Bunyakiri,Matutira,,Centre de Santé,Matutira,GRID3_268C7DE164
Sud-Kivu,Bunyakiri,Mianda,,Centre de Santé,Mianda,GRID3_48402E1E91
Sud-Kivu,Bunyakiri,Mingazi,,Centre de Santé,Mingazi,GRID3_E33FC1D187
Sud-Kivu,Bunyakiri,Miowe,,Centre de Santé,Miowe,GRID3_762B9C66C9
Sud-Kivu,Bunyakiri,Mulonge,,Centre de Santé,Mulonge,GRID3_ED49FFCBB5
Sud-Kivu,Bunyakiri,Muoma,,Centre de Santé,Muoma,GRID3_7621E3DFAE
Sud-Kivu,Bunyakiri,Mushunguti,,Poste de Santé,Katasomwa,GRID3_C7355E4BD1
Sud-Kivu,Bunyakiri,Mushunguti,,Centre de Santé,Mushunguti,GRID3_DD0AC602D9
Sud-Kivu,Bunyakiri,Ramba,,Centre de Santé,Ramba,GRID3_D698512DD0
Sud-Kivu,Bunyakiri,Tshigoma,,Poste de Santé,Bukumbi,GRID3_CBC113E669
Sud-Kivu,Bunyakiri,Tshigoma,,Centre de Santé,Tshigoma,GRID3_FBCD959506
Sud-Kivu,Bunyakiri,Tshigoma,,Centre Hopitalier,Tshigoma,GRID3_0824BE9181
Sud-Kivu,Bunyakiri,Tushunguti,,Centre de Santé,Tushunguti,GRID3_9A99C8DDA1
Sud-Kivu,Fizi,Baraka,,Hôpital,Baraka,GRID3_FF462A460E
Sud-Kivu,Fizi,Baraka,,Centre de Santé,Baraka,GRID3_32AB1687E5
Sud-Kivu,Fizi,Baraka,,Polyclinque,Maneno,GRID3_8BFA8B5D56
Sud-Kivu,Fizi,Bibogobogo,,Centre de Santé,Bibogobogo,GRID3_0F2C285770
Sud-Kivu,Fizi,Buma,,Centre de Santé,Buma,GRID3_794BEB24C5
Sud-Kivu,Fizi,Bwala,,Centre de Santé,Bwala,GRID3_CFC806158F
Sud-Kivu,Fizi,Bwala,,Poste de Santé,Milimba 2,GRID3_29A9D0B180
Sud-Kivu,Fizi,Dine,,Centre de Santé,Dine,GRID3_2C359E317A
Sud-Kivu,Fizi,Fizi,,Hôpital Général de Référence,Fizi,GRID3_17D572032D
Sud-Kivu,Fizi,Fizi,,Centre de Santé,Fizi,GRID3_63F11D43A4
Sud-Kivu,Fizi,Fizi,,Poste de Santé,Namisha,GRID3_FFB811CA0E
Sud-Kivu,Fizi,Kafulo,,Centre de Santé,Kafulo,GRID3_F986266563
Sud-Kivu,Fizi,Kalundja,,Centre de Santé,Kalundja,GRID3_089C3F907E
Sud-Kivu,Fizi,Kananda,,Centre de Santé,Kananda,GRID3_714E3B4904
Sud-Kivu,Fizi,Kandali,,Centre de Santé,Kandali,GRID3_5D4B759770
Sud-Kivu,Fizi,Katanga,,Centre de Santé,Katanga,GRID3_2B31F28889
Sud-Kivu,Fizi,Katenga,,Centre de Santé,Katenga,GRID3_F8A0B7420E
Sud-Kivu,Fizi,Kazimia,,Centre Hopitalier,Kazimia,GRID3_BEF6E86E9A
Sud-Kivu,Fizi,Kazimia,,Centre de Santé,Kazimia,GRID3_AAB9F91655
Sud-Kivu,Fizi,Kazimia,,Poste de Santé,Nguma,GRID3_63E4D04B9E
Sud-Kivu,Fizi,Kichula,,Centre de Santé,Kichula,GRID3_7EE7B97223
Sud-Kivu,Fizi,Kikonde,,Centre de Santé,Kikonde,GRID3_15C593E946
Sud-Kivu,Fizi,Kilicha,,Centre de Santé,Kilicha,GRID3_C1A0CD6EC1
Sud-Kivu,Fizi,Lumanya,,Centre de Santé,Lumanya,GRID3_86E6F9AF88
Sud-Kivu,Fizi,Malinde,,Centre de Santé,Malinde,GRID3_98B63812FC
Sud-Kivu,Fizi,Mshimbakye,,Centre de Santé,Mshimbakye,GRID3_68D85DDCC2
Sud-Kivu,Fizi,Mshimbakye,,Poste de Santé,Mwandiga 3,GRID3_48CD6A1ECE
Sud-Kivu,Fizi,Muhungano,,Centre de Santé,Muhungano,GRID3_39D7AE9EA6
Sud-Kivu,Fizi,Mukera,,Centre de Santé,Mukera,GRID3_1A6DE9CCCF
Sud-Kivu,Fizi,Mwangaza,,Centre de Santé,Mwangaza,GRID3_D46E911DB9
Sud-Kivu,Fizi,Mwayenga,,Poste de Santé,Kihimino,GRID3_BD30181539
Sud-Kivu,Fizi,Mwayenga,,Poste de Santé,Lubilo,GRID3_4245361888
Sud-Kivu,Fizi,Mwayenga,,Centre de Santé,Mwayenga,GRID3_93DE2CA10D
Sud-Kivu,Fizi,Mwayenga,,Centre Hopitalier,Mwayenga,GRID3_6C2C3BE0F1
Sud-Kivu,Fizi,Nemba,,Centre de Santé,Nemba,GRID3_9A05C6C439
Sud-Kivu,Fizi,Rubana,,Centre de Santé,Rubana,GRID3_DE60C8F178
Sud-Kivu,Fizi,Sebele,,Centre de Santé,Sebele,GRID3_623C2A48DA
Sud-Kivu,Fizi,Simbi,,Centre de Santé,Simbi,GRID3_B203E2BCD5
Sud-Kivu,Fizi,Some,,Centre de Santé,Some,GRID3_49628AB9BA
Sud-Kivu,Fizi,Talama,,Centre de Santé,Talama,GRID3_2D3498AA60
Sud-Kivu,Fizi,Umoja,,Poste de Santé,Milimba 3,GRID3_F8EFA22EA2
Sud-Kivu,Fizi,Umoja,,Centre de Santé,Umoja,GRID3_71C1AAD5F9
Sud-Kivu,Fizi,Yungu,,Centre de Santé,Yungu,GRID3_1AEA81CC19
Sud-Kivu,Haut Plateau,Bibangwa,,Centre de Santé,Bibangwa,GRID3_EC6D08287D
Sud-Kivu,Haut Plateau,Bijojo,,Centre de Santé,Bijojo,GRID3_23CC6809FE
Sud-Kivu,Haut Plateau,Bijombo,,Centre de Santé,Bijombo,GRID3_001DAB8D05
Sud-Kivu,Haut Plateau,Chanzovu,,Centre de Santé,Chanzovu,GRID3_598F58B676
Sud-Kivu,Haut Plateau,Ishenge,,Centre de Santé,Ishenge,GRID3_65C8604151
Sud-Kivu,Haut Plateau,Kagogo,,Centre de Santé,Kagogo,GRID3_1CFA811D52
Sud-Kivu,Haut Plateau,Kahololo,,Centre de Santé,Kahololo,GRID3_A340C8B620
Sud-Kivu,Haut Plateau,Kanono,,Centre de Santé,Kanono,GRID3_7F2F1B175B
Sud-Kivu,Haut Plateau,Katanga,,Centre de Santé,Katanga,GRID3_EC6508D2A9
Sud-Kivu,Haut Plateau,Kateja,,Centre de Santé,Kateja,GRID3_61F4B88D9E
Sud-Kivu,Haut Plateau,Kinyonyi,,Centre de Santé,Kinyonyi,GRID3_F9643A1B9D
Sud-Kivu,Haut Plateau,Kirumba,,Centre de Santé,Kirumba,GRID3_D562FF45C3
Sud-Kivu,Haut Plateau,Kitembe,,Centre de Santé,Kitembe,GRID3_CC9BF35595
Sud-Kivu,Haut Plateau,Kitoga,,Centre de Santé,Kitoga,GRID3_9414B11A4A
Sud-Kivu,Haut Plateau,Magunda,,Centre de Santé,Magunda,GRID3_3995B3ED47
Sud-Kivu,Haut Plateau,Masango,,Centre de Santé,Masango,GRID3_CE4397F692
Sud-Kivu,Haut Plateau,Masango,,Centre de Santé,Mukumba,GRID3_5A44C93E7A
Sud-Kivu,Haut Plateau,Masatha,,Centre de Santé,Masatha,GRID3_F69FBFC596
Sud-Kivu,Haut Plateau,Miramba,,Centre de Santé,Miramba,GRID3_07DA323DB2
Sud-Kivu,Haut Plateau,Mugogo,,Centre de Santé,Mugogo,GRID3_E5A9F056CA
Sud-Kivu,Haut Plateau,Mukumba,,Centre de Santé,Mukumba,GRID3_11F1A2736C
Sud-Kivu,Haut Plateau,Muranvya,,Centre de Santé,Muranvya,GRID3_3195FC73B7
Sud-Kivu,Haut Plateau,Rubemba,,Centre de Santé,Rubemba,GRID3_1FB1B9732A
Sud-Kivu,Haut Plateau,Rubuga,,Centre de Santé,Rubuga,GRID3_ADE56DEF0F
Sud-Kivu,Ibanda,Ceca 40 Nguba,,Centre de Santé,Ceca 40 Nguba,GRID3_85FD3677D4
Sud-Kivu,Ibanda,Ceca 40 Nguba,,Clinique,Ruhigita 2,GRID3_6DF2794620
Sud-Kivu,Ibanda,Ceca 40 Nguba,,Clinique,Universitaire Biosadec,GRID3_A4D4C4D988
Sud-Kivu,Ibanda,Chahi,,Centre Médical,8 E Cepac,GRID3_C4C0F9CC7D
Sud-Kivu,Ibanda,Chahi,,Centre de Santé,Chahi,GRID3_1CE9B429A4
Sud-Kivu,Ibanda,Chahi,,Centre de Santé,Chai,GRID3_4C8286B196
Sud-Kivu,Ibanda,Chahi,,Centre Médical,Geadbu,GRID3_E74A17694E
Sud-Kivu,Ibanda,Chahi,,Dispensaire,Safina,GRID3_7FCDC51A6F
Sud-Kivu,Ibanda,Cidasa,,Dispensaire,Akobi,GRID3_1918277C71
Sud-Kivu,Ibanda,Cidasa,,Centre Médical,Biosadec 7,GRID3_2E6F4B6148
Sud-Kivu,Ibanda,Cidasa,,Centre de Santé,Cidasa,GRID3_BC3FEAE2DD
Sud-Kivu,Ibanda,Cidasa,,Clinique,Exauce,GRID3_AE52E24639
Sud-Kivu,Ibanda,Cidasa,,Centre Médical,Ishara Zamungu,GRID3_AD659DFB46
Sud-Kivu,Ibanda,Cidasa,,Centre Médical,La Vie,GRID3_E7043A450D
Sud-Kivu,Ibanda,Cidasa,,Dispensaire,Le Signe,GRID3_2554D8BD81
Sud-Kivu,Ibanda,Cidasa,,Centre Médical,Makimbiliyo,GRID3_B34524A759
Sud-Kivu,Ibanda,Cidasa,,Dispensaire,Marjorie Niblock,GRID3_E2868CF714
Sud-Kivu,Ibanda,Cidasa,,Dispensaire,Mungu Anaponya 2,GRID3_EE75A05509
Sud-Kivu,Ibanda,Cidasa,,Dispensaire,Mwema,GRID3_1B5AE5AB84
Sud-Kivu,Ibanda,Cidasa,,Dispensaire,Neema 2,GRID3_38737F75A4
Sud-Kivu,Ibanda,Cidasa,,Centre Médical,Neema 2,GRID3_0E46911DEC
Sud-Kivu,Ibanda,Cidasa,,Dispensaire,Ntalwaka,GRID3_9CF8580942
Sud-Kivu,Ibanda,Cidasa,,Clinique,Resurrection Healph,GRID3_47911709D9
Sud-Kivu,Ibanda,Cr Nguba,,Dispensaire,Baraka Yetu,GRID3_555A636DBE
Sud-Kivu,Ibanda,Cr Nguba,,Centre Médical,Bioglodi,GRID3_74EFE34E7C
Sud-Kivu,Ibanda,Cr Nguba,,Clinique,Bioglodie,GRID3_4E91855A7D
Sud-Kivu,Ibanda,Cr Nguba,,Centre de Santé,Cr Nguba,GRID3_E1774AA13F
Sud-Kivu,Ibanda,Cr Nguba,,Centre de Santé,Croix Rouge Nguba,GRID3_55CBD22AB5
Sud-Kivu,Ibanda,Cr Nguba,,Dispensaire,Josue,GRID3_270E7AA984
Sud-Kivu,Ibanda,Cr Nguba,,Centre Médical,Ka Grace Nguba,GRID3_064FD79F73
Sud-Kivu,Ibanda,Cr Saio,,Centre de Santé,Cr Saio,GRID3_DC454DA10E
Sud-Kivu,Ibanda,Cr Saio,,Clinique,Stluc 1,GRID3_B5F3DA4D6A
Sud-Kivu,Ibanda,Gihamba,,Clinique,Fuller,GRID3_A34CA661F8
Sud-Kivu,Ibanda,Gihamba,,Centre de Santé,Gihamba,GRID3_8057D02626
Sud-Kivu,Ibanda,Gihamba,,Centre Médical,Super Famille Dieu,GRID3_C9DA8B0FB1
Sud-Kivu,Ibanda,Ibanda,,Centre Médical,Biosadec 1,GRID3_CCFD3E3AC8
Sud-Kivu,Ibanda,Ibanda,,Centre de Santé,Ibanda,GRID3_69591F1C25
Sud-Kivu,Ibanda,Irambo,,Clinique,Don Beni,GRID3_A434F456A4
Sud-Kivu,Ibanda,Irambo,,Centre de Santé,Irambo,GRID3_AFA79A0B54
Sud-Kivu,Ibanda,Kabuye,,Dispensaire,Croix Rouge Chahi,GRID3_410E8DB514
Sud-Kivu,Ibanda,Kabuye,,Dispensaire,Ereka,GRID3_D20980DBE5
Sud-Kivu,Ibanda,Kabuye,,Centre de Santé,Kabuye,GRID3_94BCEF3C14
Sud-Kivu,Ibanda,Kabuye,,Centre Médical,La Gloire,GRID3_22F92F936E
Sud-Kivu,Ibanda,Kabuye,,Centre Médical,Mungu Ananuno,GRID3_5079657A35
Sud-Kivu,Ibanda,Kabuye,,Dispensaire,Pour Tous Kabuye,GRID3_42F7F22F1A
Sud-Kivu,Ibanda,Kabuye,,Dispensaire,Yesu Nijibu,GRID3_B3916BD708
Sud-Kivu,Ibanda,Malkia,,Autre,Cabinet Dentaire,GRID3_560C7F6AFB
Sud-Kivu,Ibanda,Malkia,,Centre Médical,Dgi,GRID3_9FB0E18F14
Sud-Kivu,Ibanda,Malkia,,Centre Médical,Impact,GRID3_2B8BF95E2A
Sud-Kivu,Ibanda,Malkia,,Autre,Labo D'Analyse Regideso,GRID3_D01A7D9370
Sud-Kivu,Ibanda,Malkia,,Centre de Santé,Malkia,GRID3_27D68A1B2E
Sud-Kivu,Ibanda,Malkia,,Clinique,Ophtamologique,GRID3_0C8B1306BC
Sud-Kivu,Ibanda,Malkia,,Polyclinque,Saint Luc,GRID3_A8D799FC7F
Sud-Kivu,Ibanda,Malkia,,Clinique,Skyborn,GRID3_F89AB4D9B8
Sud-Kivu,Ibanda,Maman Mwilu,,Dispensaire,Afya Bora 2,GRID3_A890EA212F
Sud-Kivu,Ibanda,Maman Mwilu,,Centre Médical,Cmc Solidarite,GRID3_0639B05DA7
Sud-Kivu,Ibanda,Maman Mwilu,,Dispensaire,Hefazi,GRID3_D2F599CF5E
Sud-Kivu,Ibanda,Maman Mwilu,,Clinique,Jesus Misericordieux,GRID3_AF61E4BD9B
Sud-Kivu,Ibanda,Maman Mwilu,,Centre de Santé,Maman Mwilu,GRID3_57CF1A0B36
Sud-Kivu,Ibanda,Maman Mwilu,,Centre Médical,Neema Hospital,GRID3_D94F16CA78
Sud-Kivu,Ibanda,Maman Mwilu,,Centre Médical,Philadelphia,GRID3_B5F74E906D
Sud-Kivu,Ibanda,Maman Mwilu,,Centre Hopitalier,Saint Mathieux,GRID3_DC37381EFA
Sud-Kivu,Ibanda,Maman Mwilu,,Dispensaire,Sibu,GRID3_A1EC3EDF13
Sud-Kivu,Ibanda,Maman Mwilu,,Centre Médical,Trinite,GRID3_B30F81AF26
Sud-Kivu,Ibanda,Muhungu Diocesain,,Polyclinque,Al Imdaad Muhungu,GRID3_D3482CF33C
Sud-Kivu,Ibanda,Muhungu Diocesain,,Centre Médical,Biosadec Muhungu,GRID3_127D54432A
Sud-Kivu,Ibanda,Muhungu Diocesain,,Dispensaire,Dentaire,GRID3_5D47FF2A9A
Sud-Kivu,Ibanda,Muhungu Diocesain,,Clinique,Don Beni 2,GRID3_9FD5F8C48F
Sud-Kivu,Ibanda,Muhungu Diocesain,,Centre Médical,Exact,GRID3_D79D7AA6BA
Sud-Kivu,Ibanda,Muhungu Diocesain,,Centre de Santé,Muhungu Diocesain,GRID3_53AECCB11C
Sud-Kivu,Ibanda,Muhungu Etat,,Centre Médical,Babaka,GRID3_E591ACCACD
Sud-Kivu,Ibanda,Muhungu Etat,,Centre Médical,Biosadec Muhungu,GRID3_29D066A530
Sud-Kivu,Ibanda,Muhungu Etat,,Centre Médical,La Confiance,GRID3_9443734DF4
Sud-Kivu,Ibanda,Muhungu Etat,,Autre,Maison Salama,GRID3_D9031AA522
Sud-Kivu,Ibanda,Muhungu Etat,,Centre de Santé,Muhungu Etat,GRID3_991473F5DB
Sud-Kivu,Ibanda,Muhungu Etat,,Clinique,St Anacle,GRID3_35A2C0EBA6
Sud-Kivu,Ibanda,Muhungu Etat,,Dispensaire,Uhaki,GRID3_5F9A394992
Sud-Kivu,Ibanda,Mulungulungu,,Centre de Santé,Mulungulungu,GRID3_395E4D8A91
Sud-Kivu,Ibanda,Mushununu,,Dispensaire,Amec Bethsaida,GRID3_CE5E73DB47
Sud-Kivu,Ibanda,Mushununu,,Dispensaire,Ishara Za Mungu,GRID3_EFA4A95A1C
Sud-Kivu,Ibanda,Mushununu,,Dispensaire,Jochadev,GRID3_AE108CDA55
Sud-Kivu,Ibanda,Mushununu,,Clinique,Miracle Dieu,GRID3_0ADDDAB08D
Sud-Kivu,Ibanda,Mushununu,,Centre Médical,Muchungaji Mwema Ni Yesu,GRID3_1F33C9262B
Sud-Kivu,Ibanda,Mushununu,,Centre de Santé,Vavassori,GRID3_71B3527350
Sud-Kivu,Ibanda,Mushununu,,Centre Médical,Yesu Ni Jibu,GRID3_782A5F94A5
Sud-Kivu,Ibanda,Nyawera,,Clinique,Ami Des Enfants,GRID3_23C46D854A
Sud-Kivu,Ibanda,Nyawera,,Centre Hopitalier,Biopharm,GRID3_D2201E94C6
Sud-Kivu,Ibanda,Nyawera,,Centre Médical,Bralima,GRID3_DC9F260186
Sud-Kivu,Ibanda,Nyawera,,Centre Médical,Convivial Bwanya 5,GRID3_99CE2406B4
Sud-Kivu,Ibanda,Nyawera,,Centre Médical,Dgda,GRID3_CF51776F08
Sud-Kivu,Ibanda,Nyawera,,Clinique,Ebenezer,GRID3_1983370F04
Sud-Kivu,Ibanda,Nyawera,,Centre Hopitalier,Fardc,GRID3_6072B25D16
Sud-Kivu,Ibanda,Nyawera,,Centre Médical,Furaha,GRID3_FCE5710A60
Sud-Kivu,Ibanda,Nyawera,,Dispensaire,Makimbiliyo 1,GRID3_37E49F1D62
Sud-Kivu,Ibanda,Nyawera,,Hôpital,Militaire Regional Bukavu,GRID3_821E48D423
Sud-Kivu,Ibanda,Nyawera,,Centre de Santé,Nyawera,GRID3_06E6C15C16
Sud-Kivu,Ibanda,Nyawera,,Clinique,Ruhigita,GRID3_75DB498EC3
Sud-Kivu,Ibanda,Panzi,,Centre Médical,Bon Accueille,GRID3_1F9249FE51
Sud-Kivu,Ibanda,Panzi,,Centre Médical,Bon Berger,GRID3_0B47778127
Sud-Kivu,Ibanda,Panzi,,Bureau Central de la Zone de Santé,Ibanda,GRID3_AF341B797B
Sud-Kivu,Ibanda,Panzi,,Centre Médical,Kuuliza,GRID3_48D205629E
Sud-Kivu,Ibanda,Panzi,,Centre Médical,Linda Uzima,GRID3_FDABBE7EDD
Sud-Kivu,Ibanda,Panzi,,Centre de Santé,Panzi,GRID3_5ABC0DF36C
Sud-Kivu,Ibanda,Panzi,,Hôpital Général de Référence,Panzi,GRID3_FF38164086
Sud-Kivu,Ibanda,Panzi,,Dispensaire,Uheri,GRID3_695219BC6C
Sud-Kivu,Idjwi,Bugarula,,Centre Hopitalier,Bugarula,GRID3_F6D211F8DB
Sud-Kivu,Idjwi,Bugarula,,Centre de Santé,Bugarula,GRID3_ED13FB0A24
Sud-Kivu,Idjwi,Bulegeyi,,Centre de Santé,Bulegeyi,GRID3_42E08D342E
Sud-Kivu,Idjwi,Bulegeyi,,Poste de Santé,Nyereji,GRID3_A161A44846
Sud-Kivu,Idjwi,Bunyakiri,,Centre de Santé,Bunyakiri,GRID3_71A4BA8B94
Sud-Kivu,Idjwi,Bushonga,,Centre de Santé,Bushonga,GRID3_7A36AF879F
Sud-Kivu,Idjwi,Bushonga,,Dispensaire,Mulamba,GRID3_1F35625EE5
Sud-Kivu,Idjwi,Bushusha,,Centre de Santé,Bushusha,GRID3_85BC29510B
Sud-Kivu,Idjwi,Bushusha,,,Bushusha,GRID3_4A558B8624
Sud-Kivu,Idjwi,Bushusha,,Dispensaire,Katonda,GRID3_3EE076BD8D
Sud-Kivu,Idjwi,Bwando,,Centre de Santé,Bwando,GRID3_5740BF9B1E
Sud-Kivu,Idjwi,Bwina,,Centre de Santé,Bwina,GRID3_6A0A4C6212
Sud-Kivu,Idjwi,Camahiri,,Centre de Santé,Camahiri,GRID3_5FE2223CCF
Sud-Kivu,Idjwi,Camahiri,,Poste de Santé,Casi,GRID3_9AA923153C
Sud-Kivu,Idjwi,Camahiri,,Poste de Santé,Mukaba,GRID3_88487A7823
Sud-Kivu,Idjwi,Kasihe,,Poste de Santé,Buhumba,GRID3_9D7E431F9C
Sud-Kivu,Idjwi,Kasihe,,Centre de Santé,Kasihe,GRID3_592959BEF3
Sud-Kivu,Idjwi,Kintama,,Poste de Santé,Buhanga,GRID3_8B60859C85
Sud-Kivu,Idjwi,Kintama,,Centre de Santé,Kintama,GRID3_481463E2FF
Sud-Kivu,Idjwi,Kishenyi,,Centre de Santé,Kishenyi,GRID3_06A306C227
Sud-Kivu,Idjwi,Kishenyi,,Poste de Santé,Ntaligeza,GRID3_6710FF11B5
Sud-Kivu,Idjwi,Kisiza,,Centre de Santé,Kisiza,GRID3_F043F14041
Sud-Kivu,Idjwi,Lemera Idjwi,,Centre de Santé,Lemera Idjwi,GRID3_389164F5C4
Sud-Kivu,Idjwi,Lumala,,,Kabale,GRID3_A434D6E7F0
Sud-Kivu,Idjwi,Lumala,,Centre de Santé,Lumala,GRID3_CDE25AC244
Sud-Kivu,Idjwi,Lumala,,Dispensaire,Nkola,GRID3_8533A46E78
Sud-Kivu,Idjwi,Lumala,,Clinique,Prolasa,GRID3_E82552CEC1
Sud-Kivu,Idjwi,Mafula,,Centre de Santé,Mafula,GRID3_37C941FC32
Sud-Kivu,Idjwi,Misimbwe,,Poste de Santé,Lukonde,GRID3_878C4AFBAF
Sud-Kivu,Idjwi,Misimbwe,,Centre de Santé,Misimbwe,GRID3_C72B17FB14
Sud-Kivu,Idjwi,Mpene,,Hôpital,General Reference D'Idjwi Monvu,GRID3_B8790A8BCE
Sud-Kivu,Idjwi,Mpene,,Hôpital Général de Référence,Monvu,GRID3_99CEE00488
Sud-Kivu,Idjwi,Mpene,,Centre de Santé,Mpene,GRID3_01DBDB8F91
Sud-Kivu,Idjwi,Mugote,,Dispensaire,Budashekere,GRID3_D507E63408
Sud-Kivu,Idjwi,Mugote,,Dispensaire,Bwiru,GRID3_32865F0E21
Sud-Kivu,Idjwi,Mugote,,Poste de Santé,Lubuye,GRID3_BE9F81A68E
Sud-Kivu,Idjwi,Mugote,,Centre de Santé,Mugote,GRID3_3A6B7972F3
Sud-Kivu,Idjwi,Muhyahya,,Centre de Santé,Muhyahya,GRID3_65794DCC73
Sud-Kivu,Idjwi,Nyakalengwa,,Poste de Santé,Neema Kilala,GRID3_DD1CBF2026
Sud-Kivu,Idjwi,Nyakalengwa,,Centre Hopitalier,Nyakalengwa,GRID3_592296D25F
Sud-Kivu,Idjwi,Nyakalengwa,,Centre de Santé,Nyakalengwa,GRID3_443502227A
Sud-Kivu,Idjwi,Nyakalengwa,,,Village Cegera,GRID3_2D08D636F3
Sud-Kivu,Idjwi,Shayo,,Poste de Santé,Kishumbu,GRID3_FFDE00C192
Sud-Kivu,Idjwi,Shayo,,Centre de Santé,Shayo,GRID3_A776126486
Sud-Kivu,Itombwe,Aleba,,Centre de Santé,Aleba,GRID3_6422B588E6
Sud-Kivu,Itombwe,Bakura,,Centre de Santé,Bakura,GRID3_02380AFAA1
Sud-Kivu,Itombwe,Kabara,,Centre de Santé,Kabara,GRID3_A10F80119E
Sud-Kivu,Itombwe,Kanogo,,Centre de Santé,Kanogo,GRID3_DC556F0453
Sud-Kivu,Itombwe,Kipupu,,Centre de Santé,Kipupu,GRID3_FD69498297
Sud-Kivu,Itombwe,Kitibingi,,Centre de Santé,Kitibingi,GRID3_1C12E9435E
Sud-Kivu,Itombwe,Kitopo,,Centre Hopitalier,Kitopo,GRID3_E307C8653D
Sud-Kivu,Itombwe,Kitopo,,Centre Hopitalier,Kitopo,GRID3_894169561C
Sud-Kivu,Itombwe,Lubumba,,Centre de Santé,Lubumba,GRID3_4DDF18EEC5
Sud-Kivu,Itombwe,Lugabano,,Centre de Santé,Lugabano,GRID3_2F71837FD3
Sud-Kivu,Itombwe,Malanda,,Centre de Santé,Malanda,GRID3_D65591FEB4
Sud-Kivu,Itombwe,Malingi,,Centre de Santé,Malingi,GRID3_32E106BF5C
Sud-Kivu,Itombwe,Mikalati,,Centre de Santé,Mikalati,GRID3_E57F6DD144
Sud-Kivu,Itombwe,Mikenge,,Centre de Santé,Mikenge,GRID3_26D73EF917
Sud-Kivu,Itombwe,Ngena,,Centre de Santé,Ngena,GRID3_6BFBB9EF37
Sud-Kivu,Itombwe,Ngomiano,,Centre de Santé,Ngomiano,GRID3_6EDD5E9F4D
Sud-Kivu,Itombwe,Tchakira,,Centre de Santé,Tchakira,GRID3_0EE865E603
Sud-Kivu,Itombwe,Tulambo,,Centre de Santé,Tulambo,GRID3_CC1D5C557F
Sud-Kivu,Kabare,Bugobe,,Centre de Santé,Bugobe,GRID3_1CF46CAC8E
Sud-Kivu,Kabare,Bwirembe,,Centre de Santé,Bwirembe,GRID3_F47F4026C6
Sud-Kivu,Kabare,Bwirembe,,Poste de Santé,Nshonga,GRID3_F55A25B388
Sud-Kivu,Kabare,Cibingu,,Centre de Santé,Cibingu,GRID3_0582D97617
Sud-Kivu,Kabare,Cifuma Kabare,,Centre de Santé,Cifuma Kabare,GRID3_6EDFE38B46
Sud-Kivu,Kabare,Cirunga,,Poste de Santé,Asili Karambi,GRID3_F3245800D3
Sud-Kivu,Kabare,Cirunga,,Centre de Santé,Cirunga,GRID3_78EE8E46A1
Sud-Kivu,Kabare,Citungano,,Poste de Santé,Cirhendo,GRID3_3DCF906F59
Sud-Kivu,Kabare,Citungano,,Centre de Santé,Citungano,GRID3_C67A2E2D2A
Sud-Kivu,Kabare,Kalulu,,Centre de Santé,Kalulu,GRID3_E75456ED58
Sud-Kivu,Kabare,Kinjuba,,Centre de Santé,Kinjuba,GRID3_10D67AFB6A
Sud-Kivu,Kabare,Ludaha,,Centre de Santé,Ludaha,GRID3_E347D14EFE
Sud-Kivu,Kabare,Mbiza,,Centre de Santé,Mbiza,GRID3_6D1F0D6B5D
Sud-Kivu,Kabare,Mbobero,,Centre de Santé,Mbobero,GRID3_22295F4294
Sud-Kivu,Kabare,Mukongola,,Centre de Santé,Mukongola,GRID3_B3F4F2CB82
Sud-Kivu,Kabare,Mukongola,,Hôpital Général de Référence,Mukongola,GRID3_7CDFA700B6
Sud-Kivu,Kabare,Mulege,,Centre de Santé,Mulege,GRID3_91BFFC76BD
Sud-Kivu,Kabare,Mulengeza,,Poste de Santé,Mpembe,GRID3_E3F3644175
Sud-Kivu,Kabare,Mulengeza,,Centre de Santé,Mulengeza,GRID3_6ED535AD28
Sud-Kivu,Kabare,Mushweshwe,,Poste de Santé,Asili Buhanga,GRID3_E37F67BF53
Sud-Kivu,Kabare,Mushweshwe,,Centre de Santé,Mushweshwe,GRID3_401698D514
Sud-Kivu,Kabare,Nshanga,,Centre de Santé,Nshanga,GRID3_D0937B89B1
Sud-Kivu,Kadutu,Biname,,Dispensaire,15 E Celma 2,GRID3_76DF702B39
Sud-Kivu,Kadutu,Biname,,Dispensaire,Ahadi 2,GRID3_9056722784
Sud-Kivu,Kadutu,Biname,,Dispensaire,Aponya Mungu,GRID3_A6C160B0EE
Sud-Kivu,Kadutu,Biname,,Dispensaire,Bataka 4,GRID3_6A96D1BCD4
Sud-Kivu,Kadutu,Biname,,Dispensaire,Kalambo,GRID3_32BE2780E5
Sud-Kivu,Kadutu,Biname,,Dispensaire,Kwameupe,GRID3_E525EBCC6D
Sud-Kivu,Kadutu,Biname,,Dispensaire,La Vie Est Tresor,GRID3_94F2E0E28D
Sud-Kivu,Kadutu,Biname,,Centre de Santé,Mgr Kataliko,GRID3_E19928F9A7
Sud-Kivu,Kadutu,Biname,,Dispensaire,Murhi,GRID3_1E47F3E554
Sud-Kivu,Kadutu,Biname,,Dispensaire,Rehema,GRID3_D7CD52C030
Sud-Kivu,Kadutu,Biname,,Centre Médical,St Raphael,GRID3_9C203A970D
Sud-Kivu,Kadutu,Biname,,Dispensaire,Umoja 5,GRID3_66155239CC
Sud-Kivu,Kadutu,Buholo 2,,Centre de Santé,8 Eme Cepac,GRID3_622CD03549
Sud-Kivu,Kadutu,Buholo 2,,Dispensaire,Afya Bora 2,GRID3_9BEB7C58C0
Sud-Kivu,Kadutu,Buholo 2,,Centre Médical,Apendo,GRID3_44438224A4
Sud-Kivu,Kadutu,Buholo 2,,Dispensaire,Bethsaida,GRID3_9F6ED2FBB4
Sud-Kivu,Kadutu,Buholo 2,,Dispensaire,Biosadec 4,GRID3_AEBD60B515
Sud-Kivu,Kadutu,Buholo 2,,Centre Médical,Carmel Buholo 2,GRID3_8F88B09C8D
Sud-Kivu,Kadutu,Buholo 2,,Dispensaire,Divine 2,GRID3_C57DA87440
Sud-Kivu,Kadutu,Buholo 2,,Dispensaire,La Divine,GRID3_1B09AF26AA
Sud-Kivu,Kadutu,Buholo 2,,Clinique,La Victoire,GRID3_7CCDF9EB0E
Sud-Kivu,Kadutu,Buholo 2,,Clinique,St Robert,GRID3_99C7C51460
Sud-Kivu,Kadutu,Ceca Mweze,,Dispensaire,15 E Celma 1,GRID3_90D9F81548
Sud-Kivu,Kadutu,Ceca Mweze,,Centre Médical,Africa,GRID3_0E6A463A72
Sud-Kivu,Kadutu,Ceca Mweze,,Centre Médical,Bathesaida,GRID3_B4747C81BD
Sud-Kivu,Kadutu,Ceca Mweze,,Centre de Santé,Ceca 40,GRID3_8FF83CA860
Sud-Kivu,Kadutu,Ceca Mweze,,Dispensaire,Shirika,GRID3_3CB7C796BB
Sud-Kivu,Kadutu,Ceca Mweze,,Clinique,St Raphael,GRID3_86EAD2A50F
Sud-Kivu,Kadutu,Ceca Mweze,,Dispensaire,Ulimwengu,GRID3_F77B38F9E8
Sud-Kivu,Kadutu,Cimpunda,,Dispensaire,Afya Tele,GRID3_88F8AD3B56
Sud-Kivu,Kadutu,Cimpunda,,Clinique,Alpha Vision,GRID3_721B2DA4B9
Sud-Kivu,Kadutu,Cimpunda,,Centre de Santé,Cimpunda,GRID3_FDB8294D3C
Sud-Kivu,Kadutu,Cimpunda,,Dispensaire,Imani Cecile,GRID3_66037D60B7
Sud-Kivu,Kadutu,Cimpunda,,Centre de Santé,Maendeleo,GRID3_64A190A0BF
Sud-Kivu,Kadutu,Cimpunda,,Centre Médical,Phitotheurapeutique,GRID3_2B33997C2E
Sud-Kivu,Kadutu,Cimpunda,,Dispensaire,Secours,GRID3_42879C7DB3
Sud-Kivu,Kadutu,Cimpunda,,Centre Médical,Uhai,GRID3_C5DCDA377B
Sud-Kivu,Kadutu,Ciriri 1,,Dispensaire,Agisha,GRID3_E6E1AC44F9
Sud-Kivu,Kadutu,Ciriri 1,,Dispensaire,Baraka 1,GRID3_BB38A7138E
Sud-Kivu,Kadutu,Ciriri 1,,Centre Médical,Biosadec 5,GRID3_15B47DA3C3
Sud-Kivu,Kadutu,Ciriri 1,,Centre Médical,Cinyabuguma,GRID3_F0753831FC
Sud-Kivu,Kadutu,Ciriri 1,,Centre de Santé,Ciriri,GRID3_9BD8F61B70
Sud-Kivu,Kadutu,Ciriri 1,,Centre de Santé,Ciriri 1,GRID3_A1FD48F0D8
Sud-Kivu,Kadutu,Ciriri 1,,Hôpital Général de Référence,Dr Rau Ciriri,GRID3_D0EB28AD66
Sud-Kivu,Kadutu,Ciriri 1,,Dispensaire,Makimbiliyo 2,GRID3_06149742B0
Sud-Kivu,Kadutu,Ciriri 1,,Dispensaire,Maman Ciringwi,GRID3_3CB430E659
Sud-Kivu,Kadutu,Ciriri 1,,Centre Médical,Nouvelle Alliance,GRID3_66159B67E1
Sud-Kivu,Kadutu,Ciriri 1,,Dispensaire,Rehoboth,GRID3_EC13DCA5D4
Sud-Kivu,Kadutu,Ciriri 1,,Dispensaire,St Matthieu,GRID3_3C3FF2280E
Sud-Kivu,Kadutu,Ciriri 1,,Dispensaire,Tresor,GRID3_A4263299DD
Sud-Kivu,Kadutu,Ciriri 1,,Dispensaire,Umoja 3,GRID3_0908251A7A
Sud-Kivu,Kadutu,Ciriri 2,,Dispensaire,Ahadi 1,GRID3_D18F993BA2
Sud-Kivu,Kadutu,Ciriri 2,,Dispensaire,Baraka Afya Bora,GRID3_827CA4A1E1
Sud-Kivu,Kadutu,Ciriri 2,,,Ciriri,GRID3_67D31C05A5
Sud-Kivu,Kadutu,Ciriri 2,,,Ciriri 2,GRID3_827D81736E
Sud-Kivu,Kadutu,Ciriri 2,,Centre Médical,Croix Rouge Chiriri,GRID3_EABD12C730
Sud-Kivu,Kadutu,Ciriri 2,,Dispensaire,Croix Rouge Chiriri Kasha,GRID3_10EB7E20D5
Sud-Kivu,Kadutu,Ciriri 2,,Dispensaire,Furaha Mulwa,GRID3_7104D6E435
Sud-Kivu,Kadutu,Funu,,Polyclinque,Baraka Buholo Vi,GRID3_9E047435E1
Sud-Kivu,Kadutu,Funu,,Centre de Santé,Funu,GRID3_A4F2A406F9
Sud-Kivu,Kadutu,Funu,,Dispensaire,Gloria,GRID3_3561A11590
Sud-Kivu,Kadutu,Funu,,Hôpital Général de Référence,Kadutu,GRID3_F27CD67FD1
Sud-Kivu,Kadutu,Funu,,Centre de Santé,Plus Kivu,GRID3_919904D55A
Sud-Kivu,Kadutu,Funu,,Centre Médical,St Andre,GRID3_2303577605
Sud-Kivu,Kadutu,Lurhuma,,Clinique,La Guerrison,GRID3_AB70C6F3E5
Sud-Kivu,Kadutu,Lurhuma,,Centre de Santé,Sos,GRID3_48E9FD1E5F
Sud-Kivu,Kadutu,Lurhuma,,Dispensaire,Uzima,GRID3_46E87A987B
Sud-Kivu,Kadutu,Maria / Karhale,,Dispensaire,Afya Njema,GRID3_83C5146ECA
Sud-Kivu,Kadutu,Maria / Karhale,,Dispensaire,Afya Yetu,GRID3_D333EF756C
Sud-Kivu,Kadutu,Maria / Karhale,,Dispensaire,Amani 1,GRID3_DB6109C709
Sud-Kivu,Kadutu,Maria / Karhale,,Centre Médical,Bandari,GRID3_018B872F6B
Sud-Kivu,Kadutu,Maria / Karhale,,Clinique,Bdom,GRID3_E9DC18C764
Sud-Kivu,Kadutu,Maria / Karhale,,Centre Médical,Biosadec Karhale,GRID3_A4B0388E9E
Sud-Kivu,Kadutu,Maria / Karhale,,Centre Médical,Cte Mwanzi Bukavu,GRID3_D3EC903DEB
Sud-Kivu,Kadutu,Maria / Karhale,,Centre Médical,Eben Ezer,GRID3_30D887CA0F
Sud-Kivu,Kadutu,Maria / Karhale,,Centre Médical,La Grace Divine,GRID3_6CC2FD0203
Sud-Kivu,Kadutu,Maria / Karhale,,Centre Médical,Les Bien Heureux,GRID3_C2FDDD0749
Sud-Kivu,Kadutu,Maria / Karhale,,Centre de Santé,Maria,GRID3_9468385BFB
Sud-Kivu,Kadutu,Maria / Karhale,,Centre de Santé,Maria,GRID3_6359BAF6D2
Sud-Kivu,Kadutu,Maria / Karhale,,Centre Hopitalier,Maroy Fondation,GRID3_20506C0CB6
Sud-Kivu,Kadutu,Maria / Karhale,,Dispensaire,Neema,GRID3_DC74A3C630
Sud-Kivu,Kadutu,Maria / Karhale,,Dispensaire,Oint Cyris Smice,GRID3_5FD218A077
Sud-Kivu,Kadutu,Maria / Karhale,,Centre Hopitalier,Provincial,GRID3_B7283FB9BE
Sud-Kivu,Kadutu,Maria / Karhale,,Hôpital,Provincial General Bukavu,GRID3_1A171B8FB9
Sud-Kivu,Kadutu,Maria / Karhale,,Centre Médical,Psychiatrique Sosame,GRID3_AF88C0B6FD
Sud-Kivu,Kadutu,Maria / Karhale,,Centre Médical,Tuungane,GRID3_783BF6C82A
Sud-Kivu,Kadutu,Maria / Karhale,,Dispensaire,Umoja,GRID3_913AC2E0D5
Sud-Kivu,Kadutu,Maria / Karhale,,Clinique,Universitaire Uob,GRID3_ED94642933
Sud-Kivu,Kadutu,Maria / Karhale,,Dispensaire,Uweza,GRID3_FA6BB5FEDF
Sud-Kivu,Kadutu,Neema,,Centre Médical,Afia Yetu,GRID3_E38696BE77
Sud-Kivu,Kadutu,Neema,,Centre Médical,Biosadec 6,GRID3_4D8F04CD46
Sud-Kivu,Kadutu,Neema,,Bureau Central de la Zone de Santé,Kadutu,GRID3_7AF09ED20B
Sud-Kivu,Kadutu,Neema,,Centre Médical,Neema,GRID3_8217A6F8B3
Sud-Kivu,Kadutu,Neema,,Centre Hopitalier,St Vincent,GRID3_24497C12F3
Sud-Kivu,Kadutu,Nyamugo,,Centre Médical,Biosadec 2,GRID3_CC095DF340
Sud-Kivu,Kadutu,Nyamugo,,Centre de Santé,Cbca Nyamugo,GRID3_369A049ECA
Sud-Kivu,Kadutu,Nyamugo,,Centre Médical,Merci Seigneur,GRID3_BEE9E60ECF
Sud-Kivu,Kadutu,Nyamugo,,Dispensaire,Ushirika,GRID3_7EC45308F5
Sud-Kivu,Kadutu,Nyamulagira,,Dispensaire,Allelluya,GRID3_5D09946D32
Sud-Kivu,Kadutu,Nyamulagira,,Clinique,Bernart,GRID3_269B21AC42
Sud-Kivu,Kadutu,Nyamulagira,,Centre Médical,Croix Rouge 3,GRID3_C30BA05A43
Sud-Kivu,Kadutu,Nyamulagira,,Dispensaire,Don Dieu,GRID3_EB6C5F2D59
Sud-Kivu,Kadutu,Nyamulagira,,Centre de Santé,Mgr Mulindwa,GRID3_088326CF12
Sud-Kivu,Kadutu,Nyamulagira,,Dispensaire,Shirikisho,GRID3_B9190E426D
Sud-Kivu,Kadutu,Nyamulagira,,Dispensaire,Tumaini,GRID3_DE55B97BBD
Sud-Kivu,Kadutu,Uzima,,Centre Médical,Amani,GRID3_23093E68BA
Sud-Kivu,Kadutu,Uzima,,Dispensaire,Baraka,GRID3_356938B4F0
Sud-Kivu,Kadutu,Uzima,,Dispensaire,Croix Rouge 1,GRID3_54827F4974
Sud-Kivu,Kadutu,Uzima,,Centre de Santé,Plus,GRID3_1B018D2790
Sud-Kivu,Kadutu,Uzima,,Centre Médical,Psychiatrique Tupendane,GRID3_917CD78674
Sud-Kivu,Kadutu,Uzima,,Centre Médical,St Vincent,GRID3_CDC91669B1
Sud-Kivu,Kadutu,Uzima,,Centre de Santé,Uzima,GRID3_F6AAA3C6C4
Sud-Kivu,Kadutu,Uzima,,Centre Médical,Yesu Mwema 1,GRID3_B1F8852D60
Sud-Kivu,Kalehe,Bujuki,,Centre de Santé,Bujuki,GRID3_2DA793CC51
Sud-Kivu,Kalehe,Bushaku,,Centre de Santé,Bushaku,GRID3_B7989ED182
Sud-Kivu,Kalehe,Bushushu,,Centre de Santé,Bushushu,GRID3_BA4EEBF57F
Sud-Kivu,Kalehe,Cigera,,Centre de Santé,Cigera,GRID3_D7C32DC106
Sud-Kivu,Kalehe,Ishovu,,Centre de Santé,Ishovu,GRID3_AE8B4920E3
Sud-Kivu,Kalehe,Kalehe,,Centre de Santé,Kalehe,GRID3_4985BD7B34
Sud-Kivu,Kalehe,Kalehe,,Hôpital Général de Référence,Kalehe,GRID3_73D7967B99
Sud-Kivu,Kalehe,Kalehe,,Poste de Santé,Munanira,GRID3_88B9BBA712
Sud-Kivu,Kalehe,Kasheke,,Poste de Santé,Kabumbiro,GRID3_304ACDCC1B
Sud-Kivu,Kalehe,Kasheke,,Centre Hopitalier,Kasheke,GRID3_91F1CA4368
Sud-Kivu,Kalehe,Kasheke,,Centre de Santé,Kasheke,GRID3_1CC17F8AC5
Sud-Kivu,Kalehe,Lemera,,Poste de Santé,Buzunga,GRID3_8A0569A2BE
Sud-Kivu,Kalehe,Lemera,,Centre de Santé,Lemera,GRID3_A85AD37C4F
Sud-Kivu,Kalehe,Lushebere,,Centre de Santé,Lushebere,GRID3_FFF4CCFADE
Sud-Kivu,Kalehe,Luzira,,Centre de Santé,Luzira,GRID3_7C30BA2780
Sud-Kivu,Kalehe,Muhongoza,,Centre de Santé,Muhongoza,GRID3_B3A54DF161
Sud-Kivu,Kalehe,Mushenyi Kahele,,Centre de Santé,Mushenyi Kalehe,GRID3_3450FB3D4C
Sud-Kivu,Kalehe,Mweha,,Centre de Santé,Mweha,GRID3_1A828D5B71
Sud-Kivu,Kalehe,Nyabibwe,,Centre Hopitalier,Nyabibwe,GRID3_ED5D19DED7
Sud-Kivu,Kalehe,Nyabibwe,,Centre de Santé,Nyabibwe,GRID3_3A0C6C5B26
Sud-Kivu,Kalehe,Nyamukubi,,Centre de Santé,Nyamukubi,GRID3_405F157B08
Sud-Kivu,Kalehe,Tchofi,,Poste de Santé,Ihoka,GRID3_D6EC1F2CA3
Sud-Kivu,Kalehe,Tchofi,,Centre de Santé,Tchofi,GRID3_22E2BD835E
Sud-Kivu,Kalole,Itula,,Poste de Santé,Akela,GRID3_3EEB429CD0
Sud-Kivu,Kalole,Itula,,Centre de Santé,Itula,GRID3_66B221AED4
Sud-Kivu,Kalole,Itula,,Centre Hopitalier,Itula,GRID3_5FBA381459
Sud-Kivu,Kalole,Kakumbu,,Centre de Santé,Kakumbu,GRID3_E2D7925575
Sud-Kivu,Kalole,Kalabula,,Centre de Santé,Kalabula,GRID3_2B0A9FF9AE
Sud-Kivu,Kalole,Kalole Etat,,Hôpital Général de Référence,Kalole,GRID3_39DE096382
Sud-Kivu,Kalole,Kalole Etat,,Centre de Santé,Kalole Etat,GRID3_EE7E971A52
Sud-Kivu,Kalole,Kalole Sommet,,Centre de Santé,Kalole,GRID3_320C8FBDE4
Sud-Kivu,Kalole,Kalole Sommet,,Centre de Santé,Kalole Sommet Etat,GRID3_32A1EBC769
Sud-Kivu,Kalole,Katembele,,Centre de Santé,Katembele,GRID3_278AB37A31
Sud-Kivu,Kalole,Kitindi Etat,,Centre de Santé,Kitindi,GRID3_8FBC703AC6
Sud-Kivu,Kalole,Kitindi Ngoma,,Centre de Santé,Kitindi,GRID3_8226E0F065
Sud-Kivu,Kalole,Kiziba,,Poste de Santé,Espoire,GRID3_AF92B1FD8E
Sud-Kivu,Kalole,Kiziba,,Centre de Santé,Kiziba,GRID3_21D5240799
Sud-Kivu,Kalole,Kyankombe,,Centre de Santé,Kyankombe,GRID3_D5F31DCF99
Sud-Kivu,Kalole,Lukumba,,Centre de Santé,Lukumba,GRID3_10EB73D78E
Sud-Kivu,Kalole,Lusenge,,Centre Hopitalier,Faraja,GRID3_01B21CB2C4
Sud-Kivu,Kalole,Lusenge,,Centre de Santé,Lusenge,GRID3_6EAB1294EF
Sud-Kivu,Kalole,Lusowe,,Centre de Santé,Lusowe,GRID3_6533F9E701
Sud-Kivu,Kalole,Matala,,Centre de Santé,Matala,GRID3_B462131CDC
Sud-Kivu,Kalole,Matebo,,Centre de Santé,Matebo,GRID3_3518A5F954
Sud-Kivu,Kalole,Mikaba,,Centre de Santé,Mikaba,GRID3_D24F659277
Sud-Kivu,Kalole,Mukenge,,Centre de Santé,Mukenge,GRID3_A42A937A89
Sud-Kivu,Kalole,Mukoloka,,Centre de Santé,Mukoloka,GRID3_36DFDAA67D
Sud-Kivu,Kalole,Mulongo,,Poste de Santé,Katende,GRID3_CBE6CB21AC
Sud-Kivu,Kalole,Mulongo,,Centre de Santé,Mulongo,GRID3_0894EB4F75
Sud-Kivu,Kalole,Mwamba,,Centre de Santé,Mwamba,GRID3_C15C1C6793
Sud-Kivu,Kalole,Nyalukungu,,Centre de Santé,Nyalukungu,GRID3_DA7D7FC897
Sud-Kivu,Kalole,Penekusu,,Centre de Santé,Penekusu,GRID3_0F09AF6D30
Sud-Kivu,Kalole,Wakenge,,Centre de Santé,Wakenge,GRID3_12996A0BF7
Sud-Kivu,Kalole,Zingu,,Centre de Santé,Zingu,GRID3_3387E393F7
Sud-Kivu,Kalonge,Bisisi,,Centre de Santé,Bisisi,GRID3_2DB2B3A238
Sud-Kivu,Kalonge,Bumoga,,Centre de Santé,Bumoga,GRID3_43745362DD
Sud-Kivu,Kalonge,Chaminunu,,Centre de Santé,Chaminunu,GRID3_B97402107D
Sud-Kivu,Kalonge,Chaminunu,,Centre Hopitalier,Chaminunu,GRID3_7E510D03DA
Sud-Kivu,Kalonge,Chega,,Centre de Santé,Chega,GRID3_99BEAD01FB
Sud-Kivu,Kalonge,Chibinda,,Centre de Santé,Chibinda,GRID3_03221F9068
Sud-Kivu,Kalonge,Chifunzi,,Centre de Santé,Chifunzi,GRID3_3CEB35CB84
Sud-Kivu,Kalonge,Chifunzi,,Hôpital Général de Référence,Kalonge,GRID3_108B02BCDE
Sud-Kivu,Kalonge,Chigiri,,Centre de Santé,Chigiri,GRID3_3E8FC5D904
Sud-Kivu,Kalonge,Cholobera,,Centre de Santé,Cholobera,GRID3_6BD1A143C1
Sud-Kivu,Kalonge,Fendula,,Centre de Santé,Fendula,GRID3_FC4C992EC3
Sud-Kivu,Kalonge,Kachuba,,Centre de Santé,Kachuba,GRID3_259062ECA7
Sud-Kivu,Kalonge,Kakunda,,Centre de Santé,Kakunda,GRID3_5CA536B8E2
Sud-Kivu,Kalonge,Kashesha,,Poste de Santé,Bulungu,GRID3_4B75B800F2
Sud-Kivu,Kalonge,Kashesha,,Centre de Santé,Kashesha,GRID3_C923042F46
Sud-Kivu,Kalonge,Mukaba,,Centre de Santé,Mukaba,GRID3_EB45219541
Sud-Kivu,Kalonge,Mule,,Centre de Santé,Mule,GRID3_918D9FF15E
Sud-Kivu,Kalonge,Mutale,,Centre de Santé,Mutale,GRID3_2AA80ADD53
Sud-Kivu,Kalonge,Ntulu,,Centre de Santé,Ntulu,GRID3_F83B771F7B
Sud-Kivu,Kalonge,Rambo,,Centre de Santé,Rambo,GRID3_5DF7C474C3
Sud-Kivu,Kalonge,Rwamikundu,,Centre de Santé,Rwamikundu,GRID3_A7DEFEA15C
Sud-Kivu,Kamituga,Asuku,,Centre de Santé,Asuku,GRID3_B7C2CDF0FC
Sud-Kivu,Kamituga,Asuku,,Dispensaire,St George,GRID3_8892631E52
Sud-Kivu,Kamituga,Bigombe,,Centre de Santé,Bigombe,GRID3_C653A79A11
Sud-Kivu,Kamituga,Bigombe,,Poste de Santé,Mazozo,GRID3_24111AFCE5
Sud-Kivu,Kamituga,Bungalama,,Centre de Santé de Référence,Bugalama,GRID3_1183B1FB78
Sud-Kivu,Kamituga,Bungalama,,Centre de Santé,Bungalama,Acasus_1AA154472B
Sud-Kivu,Kamituga,Isopo,,Centre de Santé,Isopo,GRID3_C694222BEB
Sud-Kivu,Kamituga,Kabukungu,,Centre de Santé,Kabukungu,GRID3_5C5E1BFBEE
Sud-Kivu,Kamituga,Kabukungu,,Hôpital Général de Référence,Kamituga,GRID3_81D6F34AFC
Sud-Kivu,Kamituga,Kabukungu,,Dispensaire,Remak,GRID3_66F0D1DD06
Sud-Kivu,Kamituga,Kalingi Kamituga,,Centre de Santé,Kalingi Kamituga,GRID3_1B1D15E516
Sud-Kivu,Kamituga,Kalingi Kamituga,,Dispensaire,La Grace Dieu,GRID3_C972BA6963
Sud-Kivu,Kamituga,Kankanga,,Centre de Santé,Kankanga,GRID3_F9AA0EE57D
Sud-Kivu,Kamituga,Katunga,,Dispensaire,Amani Kita,GRID3_B04E88F26A
Sud-Kivu,Kamituga,Katunga,,Centre de Santé,Katunga,GRID3_DA37F97AF8
Sud-Kivu,Kamituga,Kele CEPAC,,Centre de Santé,Kele CEPAC,GRID3_975D2444A6
Sud-Kivu,Kamituga,Kibe,,Centre de Santé,Kibe,GRID3_1845539630
Sud-Kivu,Kamituga,Kibe,,Centre de Santé,Kkbe,GRID3_262D926016
Sud-Kivu,Kamituga,Kigalama,,Centre de Santé,Kigalama,GRID3_23E08A5B82
Sud-Kivu,Kamituga,Kimbangu,,Dispensaire,Dismama,GRID3_33EA47032C
Sud-Kivu,Kamituga,Kimbangu,,Centre de Santé,Kimbangu,GRID3_02C647973E
Sud-Kivu,Kamituga,Luliba,,Centre de Santé,Luliba,GRID3_01525841F8
Sud-Kivu,Kamituga,Mboza,,Centre de Santé,Mboza,GRID3_D32C482308
Sud-Kivu,Kamituga,Mero,,Dispensaire,Kaf,GRID3_AF4B933F05
Sud-Kivu,Kamituga,Mero,,Dispensaire,La Charite,GRID3_426C423425
Sud-Kivu,Kamituga,Mero,,Centre de Santé,Mero,GRID3_8DB638C1FD
Sud-Kivu,Kamituga,Mero,,Centre Médical,Uzima,GRID3_8386F2CDC6
Sud-Kivu,Kamituga,Mero,,Centre Médical,Zamiri,GRID3_3559BA9ACF
Sud-Kivu,Kamituga,Mulambula,,Dispensaire,Bizi,GRID3_7ADB84DCF1
Sud-Kivu,Kamituga,Mulambula,,Centre de Santé,Mulambula,GRID3_5849BA21D3
Sud-Kivu,Kamituga,Mungombe,,Centre de Santé,Mungombe,GRID3_0343FEFC9F
Sud-Kivu,Kamituga,Ngambwa,,Centre de Santé,Ngambwa,GRID3_AAB909B004
Sud-Kivu,Kamituga,Ngolole,,Centre de Santé,Ngolole,GRID3_44222C8764
Sud-Kivu,Kamituga,Poudrière,,Centre de Santé,Poudriere,GRID3_E92BCD2ED8
Sud-Kivu,Kamituga,Poudrière,,Polyclinque,Terre D'Espoir,GRID3_3083E5F72B
Sud-Kivu,Kamituga,Sidem Kele,,Centre de Santé,Sidem Kele,GRID3_5C504E3C39
Sud-Kivu,Kamituga,Sidem Kele,,Centre de Santé de Référence,Sidem Kele,GRID3_264DE6784A
Sud-Kivu,Kamituga,Soko Stock,,Centre de Santé,Don Dioli,GRID3_4AE2E2C1A0
Sud-Kivu,Kamituga,Soko Stock,,Centre Hopitalier,Poly Afia,GRID3_BE0D40169E
Sud-Kivu,Kamituga,Soluluyu,,Centre de Santé,Soluluyu,GRID3_6F004E818F
Sud-Kivu,Kaniola,Budoodo,,Centre de Santé,Budodo,GRID3_A30D6AC46A
Sud-Kivu,Kaniola,Cagala,,Centre de Santé,Cagala,GRID3_167B964214
Sud-Kivu,Kaniola,Culwe,,Centre de Santé,Culwe,GRID3_010C9E81B2
Sud-Kivu,Kaniola,Irhegabarhonyi,,Centre de Santé,Irhegabarhonyi,GRID3_5049222634
Sud-Kivu,Kaniola,Irhegabarhonyi,,Poste de Santé,Mushashirwa,GRID3_6A4055A334
Sud-Kivu,Kaniola,Izege,,Centre de Santé,Izege,GRID3_71460BF472
Sud-Kivu,Kaniola,Izege,,Poste de Santé,Musengesi,GRID3_B78C747E4F
Sud-Kivu,Kaniola,Kaniola,,Poste de Santé,Cindubi,GRID3_8E09D06073
Sud-Kivu,Kaniola,Kaniola,,Poste de Santé,Cisaza,GRID3_8CB2AADE37
Sud-Kivu,Kaniola,Kaniola,,Centre de Santé,Kaniola,GRID3_65ED93DDCD
Sud-Kivu,Kaniola,Kaniola,,Hôpital Général de Référence,Kaniola,GRID3_EBC032B4BD
Sud-Kivu,Kaniola,Luhago,,Centre de Santé,Luhago,GRID3_4355F258D7
Sud-Kivu,Kaniola,Luntukulu,,Centre de Santé,Luntukulu,GRID3_EAFEE40199
Sud-Kivu,Kaniola,Maziba,,Centre de Santé,Maziba,GRID3_2779B531C6
Sud-Kivu,Kaniola,Mudaka,,Centre Hopitalier,Chololo,GRID3_4247C09AA4
Sud-Kivu,Kaniola,Mudaka,,Poste de Santé,Lwizi,GRID3_8216C96AEF
Sud-Kivu,Kaniola,Mudaka,,Centre de Santé,Mudaka,GRID3_A17A9F7364
Sud-Kivu,Kaniola,Mudirhi,,Centre de Santé,Mudirhi,GRID3_740846A54C
Sud-Kivu,Kaniola,Murhali,,Centre de Santé,Murhali,GRID3_AD93452B29
Sud-Kivu,Kaniola,Mwirama,,Centre de Santé,Mwirama,GRID3_3A8EBB5AB0
Sud-Kivu,Kaniola,Nindja,,Centre de Santé,Nindja,GRID3_3A2C052A92
Sud-Kivu,Kaniola,Nyamarhege,,Centre de Santé,Nyamarhege,GRID3_CECB6DD30C
Sud-Kivu,Kaniola,Nzibira,,Centre de Santé,Nzibira,GRID3_A38DF6A489
Sud-Kivu,Katana,Birava,,Centre de Santé,Birava,GRID3_250617FF89
Sud-Kivu,Katana,Birava,,Centre Hopitalier,Birava,GRID3_4389473E7E
Sud-Kivu,Katana,Birava,,Poste de Santé,Mulashe,GRID3_05FD66EC90
Sud-Kivu,Katana,Ciranga,,Centre de Santé,Ciranga,GRID3_6FCB2FB5C8
Sud-Kivu,Katana,Ciranga,,Hôpital Général de Référence,Fomulac,GRID3_801AB7308A
Sud-Kivu,Katana,Ciranga,,Poste de Santé,Nzinzi,GRID3_623C0E8C9E
Sud-Kivu,Katana,Cishugi,,Centre de Santé,Cishugi,GRID3_968D588F3D
Sud-Kivu,Katana,Ibindja,,Centre de Santé,Ibindja,GRID3_339103D897
Sud-Kivu,Katana,Ibindja,,Poste de Santé,Musimbo,GRID3_24B8BB7282
Sud-Kivu,Katana,Ihimbi,,Centre de Santé,Ihimbi,GRID3_7215AD727C
Sud-Kivu,Katana,Iko,,Centre de Santé,Iko,GRID3_0EE2213905
Sud-Kivu,Katana,Irambira,,Centre de Santé,Irambira,GRID3_776F68274B
Sud-Kivu,Katana,Ishungu Katana,,Centre de Santé,Ishungu Katana,GRID3_BAA5B1B39E
Sud-Kivu,Katana,Izimero,,Centre de Santé,Izimero,GRID3_75E038F696
Sud-Kivu,Katana,Kabamba,,Centre de Santé,Kabamba,GRID3_DD518FC31B
Sud-Kivu,Katana,Kabushwa,,Centre de Santé,Kabushwa,GRID3_91543C37BB
Sud-Kivu,Katana,Kadjucu,,Centre de Santé,Kadjucu,GRID3_CD124961DD
Sud-Kivu,Katana,Kadjucu,,Centre de Santé,Kajucu,GRID3_1A17EE524F
Sud-Kivu,Katana,Kalangane,,Centre de Santé,Kalangane,GRID3_96977B79C1
Sud-Kivu,Katana,Katana Nuru,,Centre de Santé,Katana Nuru,GRID3_A8A02E7E0B
Sud-Kivu,Katana,Lugendo,,Poste de Santé,Bunumbu,GRID3_64C5AFFD86
Sud-Kivu,Katana,Lugendo,,Centre de Santé,Lugendo,GRID3_1E5B6EDAF7
Sud-Kivu,Katana,Luhihi,,Centre de Santé,Luhihi,GRID3_108DDCDCF2
Sud-Kivu,Katana,Mabingu,,Centre de Santé,Mabingu,GRID3_4220DB4359
Sud-Kivu,Katana,Mugererebo,,Centre de Santé,Mugererebo,GRID3_3E0A395EE2
Sud-Kivu,Katana,Mugeri,,Centre de Santé de Référence,Mugeri,GRID3_2348E4D89F
Sud-Kivu,Katana,Mushweshwe,,Centre de Santé,Mushweshwe,GRID3_71ED21A0F6
Sud-Kivu,Kaziba,Buzonga,,Centre de Santé,Buzonga,GRID3_593FE67268
Sud-Kivu,Kaziba,Cibanda,,Centre de Santé,Cibanda,GRID3_7C4A32376F
Sud-Kivu,Kaziba,Ciburhi Kaz,,Centre de Santé,Ciiburhi,GRID3_DA1D3CE7FF
Sud-Kivu,Kaziba,Ciburhi Kaz,,Poste de Santé,Mululi,GRID3_8B8918A71B
Sud-Kivu,Kaziba,Cihumba,,Centre de Santé,Cihumba,GRID3_875BA40AA4
Sud-Kivu,Kaziba,Cirimiro,,Centre de Santé,Cirimiro,GRID3_CE00E9A03A
Sud-Kivu,Kaziba,Cirimiro,,Poste de Santé,Kashanga,GRID3_511EA12256
Sud-Kivu,Kaziba,Kafindjo,,Centre de Santé,Kafindjo,GRID3_7FA637F511
Sud-Kivu,Kaziba,Kafindjo,,Poste de Santé,Muhumba,GRID3_4EBA105DA3
Sud-Kivu,Kaziba,Kasheke,,Poste de Santé,Kabumbiro,GRID3_D7B6BEC9C9
Sud-Kivu,Kaziba,Kasheke,,Centre de Santé,Kasheke,GRID3_D905936C4E
Sud-Kivu,Kaziba,Kaziba Centre,,Poste de Santé,Kabembe,GRID3_4D59652E86
Sud-Kivu,Kaziba,Kaziba Centre,,Centre de Santé,Kaziba,GRID3_559D125AFD
Sud-Kivu,Kaziba,Kaziba Centre,,Hôpital Général de Référence,Kaziba,GRID3_CA5A291DA9
Sud-Kivu,Kaziba,Lubanda Karhongo,,Centre de Santé,Lubanda Kar,GRID3_76E49D1D4F
Sud-Kivu,Kaziba,Mulambi,,Centre de Santé,Mulambi,GRID3_D995E3BC85
Sud-Kivu,Kaziba,Mushenyi,,Centre de Santé,Mushenyi,GRID3_E4D53B5423
Sud-Kivu,Kaziba,Namushwaga,,Centre de Santé,Namushwaga,GRID3_112930B8C1
Sud-Kivu,Kaziba,Ngali,,Centre de Santé,Ngali,GRID3_652F9A3824
Sud-Kivu,Kaziba,Ngando,,Centre de Santé,Ngando,GRID3_DB06C45EDD
Sud-Kivu,Kaziba,Ntagereka,,Centre de Santé,Ntagereka,GRID3_4A1BC894A1
Sud-Kivu,Kimbi Lulenge,Bibizi,,Centre de Santé,Bibizi,GRID3_B6CCF6D574
Sud-Kivu,Kimbi Lulenge,Butale,,Centre de Santé,Butale,GRID3_E6138B75EC
Sud-Kivu,Kimbi Lulenge,Katupu,,Centre de Santé,Katupu,GRID3_304A313B45
Sud-Kivu,Kimbi Lulenge,Kayumba,,Centre de Santé,Kayumba,GRID3_160E69D7B9
Sud-Kivu,Kimbi Lulenge,Kihungwe,,Centre de Santé,Kihungwe,GRID3_3199E41619
Sud-Kivu,Kimbi Lulenge,Kilembwe,,Centre de Santé,Kilembwe,GRID3_162EB721DD
Sud-Kivu,Kimbi Lulenge,Kilembwe,,Hôpital Général de Référence,Kimbilulenge,GRID3_0B7A828B49
Sud-Kivu,Kimbi Lulenge,Kimaka,,Centre de Santé,Kimaka,GRID3_4E88588E1A
Sud-Kivu,Kimbi Lulenge,Lubitchako,,Centre de Santé,Lubitchako,GRID3_EFF209DA4C
Sud-Kivu,Kimbi Lulenge,Lubondja,,Centre de Santé,Lubondja,GRID3_9B60D07028
Sud-Kivu,Kimbi Lulenge,Lulimba,,Centre de Santé,Lulimba,GRID3_4CCD94A2D6
Sud-Kivu,Kimbi Lulenge,Lulimba,,Centre Hopitalier,Lulimba,GRID3_8A3277F340
Sud-Kivu,Kimbi Lulenge,Lumbwe,,Centre de Santé,Lumbwe,GRID3_2FA97ECDEC
Sud-Kivu,Kimbi Lulenge,Lusilo,,Centre de Santé,Lusilo,GRID3_6F537E0651
Sud-Kivu,Kimbi Lulenge,Maindombe,,Centre de Santé,Maindombe,GRID3_EA53860A88
Sud-Kivu,Kimbi Lulenge,Makola,,Centre de Santé,Makola,GRID3_5469A2DC78
Sud-Kivu,Kimbi Lulenge,Makungu,,Centre de Santé,Makungu,GRID3_2B72027263
Sud-Kivu,Kimbi Lulenge,May-Moto,,Centre de Santé,May Moto,GRID3_9F7EAA04DD
Sud-Kivu,Kimbi Lulenge,Misisi,,Centre de Santé,Misisi,GRID3_E43E563463
Sud-Kivu,Kimbi Lulenge,Namukala,,Centre de Santé,Namukala,GRID3_9B675E7C96
Sud-Kivu,Kimbi Lulenge,Nessani,,Centre de Santé,Nessani,GRID3_5D366D86C1
Sud-Kivu,Kimbi Lulenge,Ngalula,,Centre de Santé,Ngalula,GRID3_50921DD969
Sud-Kivu,Kimbi Lulenge,Sanga,,Centre de Santé,Sanga,GRID3_FD2FC623CB
Sud-Kivu,Kimbi Lulenge,Sungwe De Kimbi Lulenge,,Centre de Santé,Sungwe Kimbi,GRID3_07C92FB679
Sud-Kivu,Kimbi Lulenge,Tchonwe,,Centre de Santé,Tchonwe,GRID3_5F15A59DC7
Sud-Kivu,Kitutu,Bakongo,,Centre de Santé,Bakongo,GRID3_E28DFE9385
Sud-Kivu,Kitutu,Busakizi,,Centre de Santé,Busakizi,GRID3_1599C59303
Sud-Kivu,Kitutu,Busakizi,,Hôpital Général de Référence,Kitutu,GRID3_B9427ECB09
Sud-Kivu,Kitutu,Butetegele,,Centre de Santé,Butetegele,GRID3_B3940A4614
Sud-Kivu,Kitutu,Byonga,,Centre de Santé,Byonga,GRID3_B5D5B07E95
Sud-Kivu,Kitutu,Espoir,,Centre de Santé,Espoir,GRID3_6F90E1EAE1
Sud-Kivu,Kitutu,Isogha,,Centre de Santé,Isogha,GRID3_BFBB702D7A
Sud-Kivu,Kitutu,Kabikokole,,Centre de Santé,Kabikokole,GRID3_AD31BAE986
Sud-Kivu,Kitutu,Kagelagela,,Poste de Santé,Chatela,GRID3_DFF6E15B2D
Sud-Kivu,Kitutu,Kagelagela,,Centre de Santé,Kagelagela,GRID3_129D74D727
Sud-Kivu,Kitutu,Kakemenge,,Centre de Santé,Amini Yesu,GRID3_BB7825FE0C
Sud-Kivu,Kitutu,Kakemenge,,Centre Hopitalier,Kakemenge,GRID3_4870576DD4
Sud-Kivu,Kitutu,Kakolokelwa,,Centre de Santé,Kakolokelwa,GRID3_EF22DFA4B3
Sud-Kivu,Kitutu,Kakolokelwa,,Poste de Santé,Malangi,GRID3_1F181B50D3
Sud-Kivu,Kitutu,Kazuza,,Centre de Santé,Kazuza,GRID3_93B6E98475
Sud-Kivu,Kitutu,Makalanga,,Centre de Santé,Makalanga,GRID3_284AFD431F
Sud-Kivu,Kitutu,Mapale,,Centre de Santé,Mapale,GRID3_F863D8CAAC
Sud-Kivu,Kitutu,Matebo,,Centre de Santé,Matebo,GRID3_09FFEF8287
Sud-Kivu,Kitutu,Mela,,Centre de Santé,Mela,GRID3_01777A52A3
Sud-Kivu,Kitutu,Mitobo,,Centre de Santé,Mitobo,GRID3_81EA6049B6
Sud-Kivu,Kitutu,Mukemenge,,Centre de Santé,Mukemenge,GRID3_EAFD3C47C5
Sud-Kivu,Kitutu,Mwangaza,,Centre de Santé,Byanga,GRID3_5B165BD43F
Sud-Kivu,Kitutu,Mwangaza,,Centre Hopitalier,Mwangaza,GRID3_73445D0090
Sud-Kivu,Kitutu,Nyakatulo,,Centre de Santé,Nyakatulo,GRID3_DB06534689
Sud-Kivu,Kitutu,Nyamibungu,,Centre de Santé,Nyamibungu,GRID3_5DC5BCEAB3
Sud-Kivu,Kitutu,Nyamibungu,,Hôpital,Nyamibungu,GRID3_157F974D44
Sud-Kivu,Kitutu,Sugulu,,Centre de Santé,Sugulu,GRID3_3D3A79D645
Sud-Kivu,Kitutu,Tukenga,,Centre de Santé,Tukenga,GRID3_D5699B2CCB
Sud-Kivu,Lemera,Buheba,,Centre de Santé,Buheba,GRID3_DE9FDE2BEF
Sud-Kivu,Lemera,Bulaga,,Centre de Santé,Bulaga,GRID3_EC94CDED53
Sud-Kivu,Lemera,Bushuju,,Centre de Santé,Bushuju,GRID3_2E1EF39BC3
Sud-Kivu,Lemera,Busulira,,Centre de Santé,Busulira,GRID3_E6047197D5
Sud-Kivu,Lemera,Bwegera,,Centre de Santé,Bwegera,GRID3_7DCC305584
Sud-Kivu,Lemera,Itara,,Centre de Santé,Itara,GRID3_49FFB5D884
Sud-Kivu,Lemera,Kagaragara,,Centre de Santé,Kagaragara,GRID3_3296CA9A40
Sud-Kivu,Lemera,Katala,,Centre de Santé,Katala,GRID3_C19171683B
Sud-Kivu,Lemera,Katogota,,Centre de Santé,Katogota,GRID3_A24E334082
Sud-Kivu,Lemera,Kibungu,,Centre de Santé,Kibungu,GRID3_740D3505BC
Sud-Kivu,Lemera,Kidote,,Centre de Santé,Kidote,GRID3_E02E72685F
Sud-Kivu,Lemera,Kiringye,,Centre de Santé,Kiringye,GRID3_1C6DB99489
Sud-Kivu,Lemera,Langala,,Centre de Santé,Langala,GRID3_0B2FFAE5A4
Sud-Kivu,Lemera,Lemera,,Centre de Santé,Lemera,GRID3_4C638488C4
Sud-Kivu,Lemera,Lubarika,,Centre de Santé,Lubarika,GRID3_D5438E7A3F
Sud-Kivu,Lemera,Luvungi 1,,Centre de Santé,Luvungi 1,GRID3_5C1700CAAD
Sud-Kivu,Lemera,Luvungi 1,,Poste de Santé,Rwagaga,GRID3_CE201B8C6E
Sud-Kivu,Lemera,Luvungi 2,,Centre de Santé,Luvungi 2,GRID3_34D027D7CA
Sud-Kivu,Lemera,Mahungubwe,,Centre de Santé,Mahungubwe,GRID3_E424EE60A6
Sud-Kivu,Lemera,Mirungu,,Centre de Santé,Mirungu,GRID3_32969DF626
Sud-Kivu,Lemera,Mubere,,Centre de Santé,Mubere,GRID3_CD0B1AB0CD
Sud-Kivu,Lemera,Mulenge,,Poste de Santé,Mashuba,GRID3_A793656663
Sud-Kivu,Lemera,Mulenge,,Centre de Santé,Mulenge,GRID3_D0326FFF43
Sud-Kivu,Lemera,Munanira,,Centre de Santé,Munanira,GRID3_023B02AFAA
Sud-Kivu,Lemera,Narunanga,,Centre de Santé,Narunanga,GRID3_B082C1683F
Sud-Kivu,Lemera,Ndegu,,Centre de Santé,Ndegu,GRID3_56EA468C97
Sud-Kivu,Lemera,Ndolera,,Centre de Santé,Ndolera,GRID3_1A2E42B9EB
Sud-Kivu,Lemera,Nyamutiri,,Centre de Santé,Nyamutiri,GRID3_844D89ED48
Sud-Kivu,Lulingu,Bubala,,Centre de Santé,Bubala,GRID3_3689B4670B
Sud-Kivu,Lulingu,Bubala,,Poste de Santé,Palais,GRID3_27D32FB680
Sud-Kivu,Lulingu,Kasangati,,Centre de Santé,Kasangati,GRID3_209C2CF989
Sud-Kivu,Lulingu,Katanti,,Centre de Santé,Katanti,GRID3_D62737661F
Sud-Kivu,Lulingu,Katchungu,,Centre de Santé,Katchungu,GRID3_9660F8BFE4
Sud-Kivu,Lulingu,Lolo,,Centre de Santé,Lolo,GRID3_5A20C40181
Sud-Kivu,Lulingu,Lugungu,,Centre de Santé,Lugungu,GRID3_BC89B58702
Sud-Kivu,Lulingu,Lulingu,,Centre de Santé,Lulingu,GRID3_64B763A090
Sud-Kivu,Lulingu,Lulingu,,Hôpital Général de Référence,Lulingu,GRID3_B5C62C7934
Sud-Kivu,Lulingu,Lumba,,Centre de Santé,Lumba,GRID3_394EB6BAF9
Sud-Kivu,Lulingu,Luza,,Centre de Santé,Luza,GRID3_4AC9CABAB1
Sud-Kivu,Lulingu,Mapimo,,Centre de Santé,Mapimo,GRID3_00DD956709
Sud-Kivu,Lulingu,Masanga,,Centre de Santé,Masanga,GRID3_C3A2E1A865
Sud-Kivu,Lulingu,Milenda,,Centre de Santé,Milenda,GRID3_8814E4826B
Sud-Kivu,Lulingu,Minoro,,Centre de Santé,Minoro,GRID3_65C59642E5
Sud-Kivu,Lulingu,Muntutugu,,Poste de Santé,Kimbondi,GRID3_4ABF874B67
Sud-Kivu,Lulingu,Muntutugu,,Centre de Santé,Muntutugu,GRID3_119F697FA1
Sud-Kivu,Lulingu,Nduma,,Centre de Santé,Nduma,GRID3_E0C129228A
Sud-Kivu,Lulingu,Nyambembe,,Centre de Santé,Nyambembe,GRID3_926B566F97
Sud-Kivu,Lulingu,Selebo,,Centre de Santé,Selebo,GRID3_78DE94A691
Sud-Kivu,Lulingu,Tchampundu,,Centre de Santé,Tchampundu,GRID3_C5D581ED50
Sud-Kivu,Lulingu,Tchonka,,Centre de Santé,Tchonka,GRID3_7CE1185A8A
Sud-Kivu,Minembwe,Bigaragara,,Centre de Santé,Bigaragara,GRID3_401EA3B310
Sud-Kivu,Minembwe,Ibumba,,Centre de Santé,Ibumba,GRID3_CB8CCDE4FB
Sud-Kivu,Minembwe,Ilundu,,Centre de Santé,Ilundu,GRID3_435BB0829A
Sud-Kivu,Minembwe,Irumba,,Centre de Santé,Irumba,GRID3_2FE0A7222D
Sud-Kivu,Minembwe,Kabingo,,Centre de Santé,Kabingo,GRID3_825F2D84E3
Sud-Kivu,Minembwe,Kahwela,,Centre de Santé,Kahwela,GRID3_846EAA1E5C
Sud-Kivu,Minembwe,Kakenge,,Centre de Santé,Kakenge,GRID3_DA638DA839
Sud-Kivu,Minembwe,Kalingi,,Centre de Santé,Kalingi,GRID3_3940233354
Sud-Kivu,Minembwe,Kalongi,,Centre de Santé,Kalongi,GRID3_A46DC101A1
Sud-Kivu,Minembwe,Kihunga,,Centre de Santé,Kihunga,GRID3_7325EAEB3E
Sud-Kivu,Minembwe,Kinyokwe,,Centre de Santé,Kinyokwe,GRID3_8172D5D7E0
Sud-Kivu,Minembwe,Kisanya,,Centre de Santé,Kisanya,GRID3_19392E0DB2
Sud-Kivu,Minembwe,Kisombe,,Centre de Santé,Kisombe,GRID3_84330644F1
Sud-Kivu,Minembwe,Kitumba,,Centre de Santé,Kitumba,GRID3_06CBC082B1
Sud-Kivu,Minembwe,Minembwe,,Centre de Santé,Minembwe,GRID3_71768B2A5A
Sud-Kivu,Minembwe,Muliza,,Centre de Santé,Muliza,GRID3_2E9E4EAD7E
Sud-Kivu,Minembwe,Nondjwa,,Centre de Santé,Nondjwa,GRID3_222FBFB22D
Sud-Kivu,Minembwe,Rugezi,,Centre de Santé,Rugezi,GRID3_B422C9C427
Sud-Kivu,Minova,Bobandana,,Centre de Santé,Bobandana,GRID3_9CE524322D
Sud-Kivu,Minova,Bobandana,,Hôpital Général de Référence,Minova,GRID3_D853010D75
Sud-Kivu,Minova,Buhumba,,Centre de Santé,Buhumba,GRID3_921B837AC3
Sud-Kivu,Minova,Bulenga,,Centre Hopitalier,Bulenga,GRID3_CBA29207F7
Sud-Kivu,Minova,Bulenga,,Centre de Santé,Bulenga,GRID3_8C5F41C1BC
Sud-Kivu,Minova,Bwisha,,Centre de Santé,Bwisha,GRID3_668691F909
Sud-Kivu,Minova,Chambombo,,Centre de Santé,Chambombo,GRID3_2B794B9E0B
Sud-Kivu,Minova,Chebumba,,Centre de Santé,Chebumba,GRID3_1632085777
Sud-Kivu,Minova,Cheya,,Centre de Santé,Cheya,GRID3_149FEA6DF2
Sud-Kivu,Minova,Cheya,,Centre Hopitalier,Kalungu,GRID3_6FCDAF7B85
Sud-Kivu,Minova,Kalungu,,Centre de Santé,Kalungu,GRID3_C4B7AA8EF8
Sud-Kivu,Minova,Karango,,Centre de Santé,Karango,GRID3_6B295E7448
Sud-Kivu,Minova,Kasunyu,,Centre de Santé,Kasunyu,GRID3_683286DC0D
Sud-Kivu,Minova,Kavumo,,Centre de Santé,Kavumo,GRID3_CEA60A2271
Sud-Kivu,Minova,Kiniezire,,Centre de Santé,Kiniezire,GRID3_F58B348D85
Sud-Kivu,Minova,Kiniezire,,Centre Hopitalier,Kiniezire,GRID3_48C59B32D1
Sud-Kivu,Minova,Kishinji,,Centre de Santé,Kishinji,GRID3_F49741491F
Sud-Kivu,Minova,Kisongati,,Centre de Santé,Kisongati,GRID3_4B6CA06B96
Sud-Kivu,Minova,Lumbishi,,Centre de Santé,Lumbishi,GRID3_5B0ECC9BF9
Sud-Kivu,Minova,Minova,,Centre de Santé,Minova,GRID3_A9DFA7F3F2
Sud-Kivu,Minova,Muchibwe,,Centre de Santé,Muchibwe,GRID3_67BCE9A0FB
Sud-Kivu,Minova,Numbi,,Centre de Santé,Numbi,GRID3_DA5107B21D
Sud-Kivu,Minova,Nyamasasa,,Centre de Santé,Nyamasasa,GRID3_28D8434992
Sud-Kivu,Minova,Ruhunde,,Centre de Santé,Ruhunde,GRID3_94A350FD71
Sud-Kivu,Minova,Shanje,,Centre de Santé,Shanje,GRID3_56F0EA8C92
Sud-Kivu,Miti Murhesa,Buhandahanda,,Centre de Santé,Buhandahanda,GRID3_1D03E05F07
Sud-Kivu,Miti Murhesa,Bushumba,,Centre de Santé,Bushumba,GRID3_0842B59F36
Sud-Kivu,Miti Murhesa,Bushumba,,Hôpital,Nyamunyunyi Militaire,GRID3_D78BBEEB78
Sud-Kivu,Miti Murhesa,Chahoboka,,Centre de Santé,Chahoboka,GRID3_18095124DE
Sud-Kivu,Miti Murhesa,Chibumbiro,,Centre de Santé,Cibumbiro,GRID3_F1FDC2FFF0
Sud-Kivu,Miti Murhesa,Cifuma,,Centre de Santé,Cifuma,GRID3_7EA5AE3DF5
Sud-Kivu,Miti Murhesa,Cifuma,,Poste de Santé,Mcf,GRID3_81DBC4623A
Sud-Kivu,Miti Murhesa,Cifuma,,Poste de Santé,Muka,GRID3_D968E0AE0D
Sud-Kivu,Miti Murhesa,Combo,,Centre de Santé,Combo,GRID3_D2C44A23D9
Sud-Kivu,Miti Murhesa,Itara,,Centre de Santé,Itara,GRID3_24E38A36A0
Sud-Kivu,Miti Murhesa,Kahungu,,Centre de Santé,Kahungu,GRID3_F7775F0AE2
Sud-Kivu,Miti Murhesa,Kajeje,,Poste de Santé,Biru Bifuko,GRID3_38F0A43A8D
Sud-Kivu,Miti Murhesa,Kajeje,,Centre de Santé,Kajeje,GRID3_424167E705
Sud-Kivu,Miti Murhesa,Kalwa,,Centre de Santé,Kalwa,GRID3_8855AFFC94
Sud-Kivu,Miti Murhesa,Kashusha,,Poste de Santé,Kabuga,GRID3_48908C7AB6
Sud-Kivu,Miti Murhesa,Kashusha,,Centre de Santé,Kashusha,GRID3_70DF0E20A1
Sud-Kivu,Miti Murhesa,Kashusha,,Dispensaire,Mululu,GRID3_A3163695B1
Sud-Kivu,Miti Murhesa,Kavumu,,Poste de Santé,Bahati,GRID3_B7953A69CF
Sud-Kivu,Miti Murhesa,Kavumu,,Centre de Santé,Kavumu,GRID3_8AD1FA116B
Sud-Kivu,Miti Murhesa,Kavumu,,Centre Hopitalier,Kavumu,GRID3_CD3E9F1F27
Sud-Kivu,Miti Murhesa,Kavumu,,Centre Médical,Musamaria,GRID3_AEE99DC26A
Sud-Kivu,Miti Murhesa,Lwiro,,Hôpital,Lwiro,GRID3_461EB36B06
Sud-Kivu,Miti Murhesa,Lwiro,,Centre de Santé,Lwiro,GRID3_A3580F9511
Sud-Kivu,Miti Murhesa,Mbayo,,Centre de Santé,Mbayo,GRID3_8E72ACB50F
Sud-Kivu,Miti Murhesa,Muganzo,,Centre de Santé,Muganzo,GRID3_4AA69834D4
Sud-Kivu,Miti Murhesa,Mulungu INERA,,Hôpital Général de Référence,Miti,GRID3_C92E777099
Sud-Kivu,Miti Murhesa,Mulungu INERA,,Centre de Santé,Mulungu,GRID3_1EE1990269
Sud-Kivu,Miti Murhesa,Mulungu INERA,,Centre de Santé,Mulungu Inera,GRID3_67B37CF4AE
Sud-Kivu,Miti Murhesa,Murhesa,,Centre de Santé,Murhesa,GRID3_66848ED127
Sud-Kivu,Miti Murhesa,Mushungurhi,,Centre de Santé,Mushungurhi,GRID3_D2E2CCEDD1
Sud-Kivu,Miti Murhesa,Mushungurhi,,Poste de Santé,Nyakaliba,GRID3_17EACA4439
Sud-Kivu,Miti Murhesa,Saint Pie X,,Poste de Santé,Konge,GRID3_F7172E2D42
Sud-Kivu,Miti Murhesa,Saint Pie X,,Centre de Santé,Saint Pie X,GRID3_770F2C74F2
Sud-Kivu,Mubumbano,Burhuza,,Centre de Santé,Burhuza,GRID3_A905CA776A
Sud-Kivu,Mubumbano,Burhuza,,Poste de Santé,Muleke,GRID3_0911B2AA08
Sud-Kivu,Mubumbano,Bwahungu,,Centre de Santé,Bwahungu,GRID3_4D8EFE62BD
Sud-Kivu,Mubumbano,Ciherano,,Centre de Santé,Ciherano,GRID3_C027C1D527
Sud-Kivu,Mubumbano,Cihusi Etat,,Poste de Santé,Cihusi,GRID3_D6471AB5A7
Sud-Kivu,Mubumbano,Cihusi Etat,,Centre de Santé,Cihusi,GRID3_967E833338
Sud-Kivu,Mubumbano,Cinda,,Centre de Santé,Cinda,GRID3_49D1322927
Sud-Kivu,Mubumbano,Cinda,,Poste de Santé,Nabiridja,GRID3_DB80CA54B2
Sud-Kivu,Mubumbano,Cizi,,Poste de Santé,Cizi,GRID3_D721FFE725
Sud-Kivu,Mubumbano,Ibanda De Mubumbano,,Centre Hopitalier,Ibanda,GRID3_9C23858F37
Sud-Kivu,Mubumbano,Ibanda De Mubumbano,,Centre de Santé,Ibanda Mubumbano,GRID3_7A652CDF6C
Sud-Kivu,Mubumbano,Ibula,,Centre de Santé,Ibula,GRID3_B9FC7E878E
Sud-Kivu,Mubumbano,Irongo,,Centre de Santé,Irongo,GRID3_1DC3BDC2C1
Sud-Kivu,Mubumbano,Irongo,,Centre Hopitalier,Padeko,GRID3_3E0463FCEF
Sud-Kivu,Mubumbano,Kakono,,Centre de Santé,Kakono,GRID3_A4142DBA40
Sud-Kivu,Mubumbano,Kamikonzi,,Centre de Santé,Kamikonzi,GRID3_F20550EC44
Sud-Kivu,Mubumbano,Lubona,,Centre de Santé,Lubona,GRID3_2A4E268F12
Sud-Kivu,Mubumbano,Mubumbano,,Centre de Santé,Mubumbano,GRID3_938587D32C
Sud-Kivu,Mubumbano,Mubumbano,,Hôpital Général de Référence,Mubumbano,GRID3_211B439E3C
Sud-Kivu,Mubumbano,Mukungwe,,Centre de Santé,Mukungwe,GRID3_1D204FCB4F
Sud-Kivu,Mubumbano,Muzinzi De Mubumbano,,Centre de Santé,Muzinzi Mubumbano,GRID3_82F1E122C0
Sud-Kivu,Mubumbano,Muzinzi De Mubumbano,,Poste de Santé,Muzinzi Mubumbano,GRID3_138A7E10C4
Sud-Kivu,Mubumbano,Tubimbi,,Centre Hopitalier,Tubimbi,GRID3_802CC1B29B
Sud-Kivu,Mubumbano,Tubimbi,,Centre de Santé,Tubimbi,GRID3_49B3AA2A11
Sud-Kivu,Mulungu,Byangama,,Centre de Santé,Byangama,GRID3_835DD58163
Sud-Kivu,Mulungu,Idunga,,Poste de Santé,Methodiste Tchambugu,GRID3_2F21B42694
Sud-Kivu,Mulungu,Ikunza,,Centre de Santé,Ikunza,GRID3_D945186FD8
Sud-Kivu,Mulungu,Kalaga,,Centre de Santé,Kalaga,GRID3_5AA3246EFC
Sud-Kivu,Mulungu,Kamulila,,Centre de Santé,Kamulila,GRID3_F9223565C2
Sud-Kivu,Mulungu,Kamulila,,Poste de Santé,Kibombo,GRID3_B78E48B9B7
Sud-Kivu,Mulungu,Kamulila,,Poste de Santé,Musingi,GRID3_E8C651ACC0
Sud-Kivu,Mulungu,Kamulila,,Centre Médical,Muzombo,GRID3_DEEC5AE916
Sud-Kivu,Mulungu,Katusi,,Centre de Santé,Katusi,GRID3_33F2C2843E
Sud-Kivu,Mulungu,Kigulube,,Centre de Santé,5 E Celpa,GRID3_46814922A8
Sud-Kivu,Mulungu,Kigulube,,Poste de Santé,Bulumbu,GRID3_D29C94FF63
Sud-Kivu,Mulungu,Kigulube,,Poste de Santé,Keba,GRID3_E67EDFCA32
Sud-Kivu,Mulungu,Kigulube,,Hôpital Général de Référence,Kigulube,GRID3_05151B7875
Sud-Kivu,Mulungu,Kigulube,,Centre de Santé,Kigulube,GRID3_B69C6C35E0
Sud-Kivu,Mulungu,Kigulube,,Hôpital Général de Référence,Mulungu,GRID3_BAA10B034B
Sud-Kivu,Mulungu,Kiluma,,Centre de Santé,Isezya,GRID3_AEDD04EBDA
Sud-Kivu,Mulungu,Kiluma,,Poste de Santé,Isezya,GRID3_E3DF2224E4
Sud-Kivu,Mulungu,Kiluma,,Centre de Santé,Kiluma,GRID3_154BBCBFF9
Sud-Kivu,Mulungu,Kiluma,,Poste de Santé,Lutika,GRID3_0598D68E88
Sud-Kivu,Mulungu,Kiseku,,Poste de Santé,Bukama,GRID3_FA56A360F5
Sud-Kivu,Mulungu,Kiseku,,Centre de Santé,Kiseku,GRID3_1D7F8BCB50
Sud-Kivu,Mulungu,Kiseku,,Poste de Santé,Kisima,GRID3_8A30504774
Sud-Kivu,Mulungu,Kisuku,,Centre de Santé,Kisuku,GRID3_2552E09DE3
Sud-Kivu,Mulungu,Kolula,,Centre Médical,Baraka Mizango,GRID3_E04EB36951
Sud-Kivu,Mulungu,Kolula,,Centre de Santé,Kolula,GRID3_252B0B573A
Sud-Kivu,Mulungu,Lubila,,Centre de Santé,Lubila,GRID3_3DF5E76BB8
Sud-Kivu,Mulungu,Luyuyu,,Centre de Santé,Luyuyu,GRID3_2632D4FD78
Sud-Kivu,Mulungu,Lwigi,,Poste de Santé,Kansambi,GRID3_951E4AD7EC
Sud-Kivu,Mulungu,Lwigi,,Centre de Santé,Lwigi,GRID3_8E57E045CE
Sud-Kivu,Mulungu,Mulolo,,Centre de Santé,Mulolo,GRID3_7FDD97A2ED
Sud-Kivu,Mulungu,Mulumba,,Centre de Santé,Mulumba,GRID3_2AF85F1C5B
Sud-Kivu,Mulungu,Mulungu,,Centre de Santé,Mulungu,GRID3_DE5142E220
Sud-Kivu,Mulungu,Mulungu,,Centre Médical,Mulungu,GRID3_BF624A137F
Sud-Kivu,Mulungu,Mulungu,,Centre de Santé,Mulungu de Miti,GRID3_86376AA8D0
Sud-Kivu,Mulungu,Myanzi,,Centre de Santé,Myanzi,GRID3_7EBAA46DFD
Sud-Kivu,Mulungu,Nyalubemba,,Poste de Santé,Ngolombe,GRID3_BC1C35949A
Sud-Kivu,Mulungu,Nyalubemba,,Centre de Santé,Nyalubemba,GRID3_789C3A7AF5
Sud-Kivu,Mulungu,Nzovu,,Poste de Santé,Kabilu,GRID3_A951140E29
Sud-Kivu,Mulungu,Nzovu,,Centre de Santé,Nzovu,GRID3_B3723CB5F2
Sud-Kivu,Mulungu,Tchelamazi,,Poste de Santé,Nyakibizye,GRID3_7CF161D86F
Sud-Kivu,Mulungu,Tchelamazi,,Centre de Santé,Tchelamazi,GRID3_58BBFA69E0
Sud-Kivu,Mwana,Buhamba,,Centre de Santé,Buhamba,GRID3_BE2BEA55EC
Sud-Kivu,Mwana,Buhamba,,Poste de Santé,Cinjira,GRID3_EEB5E2A44E
Sud-Kivu,Mwana,Ciburhi,,Centre de Santé,Ciburhi,GRID3_495DBD77BB
Sud-Kivu,Mwana,Ciburhi,,Poste de Santé,Lwarhamba,GRID3_D18ED93FC2
Sud-Kivu,Mwana,Ifendula,,Centre de Santé,Ifendula,GRID3_A51B18DC2F
Sud-Kivu,Mwana,Ifendula,,Poste de Santé,Makala,GRID3_17C9C52166
Sud-Kivu,Mwana,Kakwende,,Poste de Santé,Ibuga,GRID3_69B7CB5A7B
Sud-Kivu,Mwana,Kakwende,,Centre de Santé,Kakwende,GRID3_47F0172A8E
Sud-Kivu,Mwana,Kalamo Luduha,,Centre de Santé,Kalamo Luduha,GRID3_949E74BCBE
Sud-Kivu,Mwana,Karhala,,Centre de Santé,Karhala,GRID3_715663BA66
Sud-Kivu,Mwana,Kashadu,,Centre de Santé,Kashadu,GRID3_77472DACEF
Sud-Kivu,Mwana,Kasihe,,Centre de Santé,Kasihe,GRID3_736A8F527C
Sud-Kivu,Mwana,Kasihe,,Centre de Santé,Kasihe,GRID3_BBA9BB730B
Sud-Kivu,Mwana,Kimalanjala,,Poste de Santé,Kahanda,GRID3_591F2F1FE5
Sud-Kivu,Mwana,Kimalanjala,,Centre de Santé,Kimalanjala,GRID3_A944E02986
Sud-Kivu,Mwana,Kimalanjala,,Poste de Santé,Kitwabaluzi,GRID3_D6FFC1F815
Sud-Kivu,Mwana,Kimalanjala,,,Poc Kilungutwe,GRID3_0332D34309
Sud-Kivu,Mwana,Luciga,,Centre de Santé,Luciga,GRID3_C1E8532A42
Sud-Kivu,Mwana,Lurhala,,Centre de Santé,Lurhala,GRID3_06E909E40A
Sud-Kivu,Mwana,Mugamba,,Centre de Santé,Mugamba,GRID3_756B93F7CE
Sud-Kivu,Mwana,Mulama,,Poste de Santé,Cironge,GRID3_DB0E80BC2E
Sud-Kivu,Mwana,Mulama,,Centre de Santé,Mulama,GRID3_D2537E4626
Sud-Kivu,Mwana,Mulambi,,Poste de Santé,Bugobe,GRID3_353B7FCEB7
Sud-Kivu,Mwana,Mulambi,,Poste de Santé,Karhendezi,GRID3_A2B3F4B41F
Sud-Kivu,Mwana,Mulambi,,Centre de Santé,Mulambi,GRID3_674A1E161D
Sud-Kivu,Mwana,Ntondo,,Centre de Santé,Ntondo,Acasus_A686924227
Sud-Kivu,Mwana,Ntondo,,Poste de Santé,Twangitsa,GRID3_0F4D721329
Sud-Kivu,Mwenga,Bisembe,,Centre de Santé,Bisembe,GRID3_737F5F5314
Sud-Kivu,Mwenga,Bisembe,,Poste de Santé,Kisubi,GRID3_81EBC74DC6
Sud-Kivu,Mwenga,Bisembe,,Poste de Santé,Mizulo,GRID3_6A36855DA7
Sud-Kivu,Mwenga,Bisembe,,Poste de Santé,Tubaka,GRID3_13D7BEFA8B
Sud-Kivu,Mwenga,Buziba,,Centre de Santé,Buziba,GRID3_543B224274
Sud-Kivu,Mwenga,Buziba,,Poste de Santé,Chai,GRID3_DE2D9C6A99
Sud-Kivu,Mwenga,Buziba,,Clinique,Makimbiliyo,GRID3_62E6D71D54
Sud-Kivu,Mwenga,Buziba,,Autre,Poc Buziba,GRID3_EFFE199A59
Sud-Kivu,Mwenga,Cowe,,Centre de Santé,Cowe,GRID3_222C8FB760
Sud-Kivu,Mwenga,Cowe,,Poste de Santé,Kilungutu,GRID3_95F37BC999
Sud-Kivu,Mwenga,Iganda,,Poste de Santé,Butezi,GRID3_EF34916F67
Sud-Kivu,Mwenga,Iganda,,Centre Médical,Esor Isanza,GRID3_39B6660E16
Sud-Kivu,Mwenga,Iganda,,Centre de Santé,Iganda,GRID3_04188F3AE8
Sud-Kivu,Mwenga,Irangi,,Centre de Santé,Irangi,GRID3_040C5AAD2C
Sud-Kivu,Mwenga,Kalambi,,Centre Hopitalier,Kalambi,GRID3_C7289AF654
Sud-Kivu,Mwenga,Kalambi,,Centre de Santé,Kalambi,GRID3_061BC83CFA
Sud-Kivu,Mwenga,Kalambi,,Dispensaire,Myngu Ni Jibu,GRID3_AD0E68DF79
Sud-Kivu,Mwenga,Kalole,,Autre,Cobra Zima Yote,GRID3_254647E1A9
Sud-Kivu,Mwenga,Kalole,,Dispensaire,Fondation Rugendo,GRID3_55837BD172
Sud-Kivu,Mwenga,Kalole,,Centre de Santé,Kalole,GRID3_EF98A11621
Sud-Kivu,Mwenga,Kalole,,Dispensaire,Kwalenge,GRID3_073BBE1933
Sud-Kivu,Mwenga,Kalole,,Centre Médical,Maranatha,GRID3_676D00BB45
Sud-Kivu,Mwenga,Kalole,,Dispensaire,Umoja Moyo,GRID3_5525D8A0B6
Sud-Kivu,Mwenga,Kasika,,Dispensaire,Croix Rouge,GRID3_BA2F5C3096
Sud-Kivu,Mwenga,Kasika,,Poste de Santé,Don Dieu Adps,GRID3_60CD558415
Sud-Kivu,Mwenga,Kasika,,Centre de Santé,Kasika,GRID3_3D96ACBE56
Sud-Kivu,Mwenga,Kasika,,Poste de Santé,Kasika Etat,GRID3_4BC68BD251
Sud-Kivu,Mwenga,Kasika,,Poste de Santé,Kidasa,GRID3_ED83385D13
Sud-Kivu,Mwenga,Kasika,,Centre de Santé de Référence,Mukasa Kasika,GRID3_B5BB02DB05
Sud-Kivu,Mwenga,Kasika,,Dispensaire,Promidd,GRID3_B2E760F74A
Sud-Kivu,Mwenga,Kibanda,,Centre de Santé,Kibanda,GRID3_5A22CB8CFF
Sud-Kivu,Mwenga,Kilambwigali,,Poste de Santé,Kalama,GRID3_189DB16AE6
Sud-Kivu,Mwenga,Kilambwigali,,Centre de Santé,Kilambwigali,GRID3_4DC21E1376
Sud-Kivu,Mwenga,Kilambwigali,,Autre,Mwenga Msf,GRID3_F7463F6279
Sud-Kivu,Mwenga,Kilambwigali,,Autre,Ramazani,GRID3_CBB8DCF28E
Sud-Kivu,Mwenga,Kilimbwe,,Centre de Santé,Kilimbwe,GRID3_BCD5B46353
Sud-Kivu,Mwenga,Kilimbwe,,Poste de Santé,Ngingu,GRID3_B09133BE8B
Sud-Kivu,Mwenga,Kitagana,,Centre de Santé,Kitagana,GRID3_3AE2FC4676
Sud-Kivu,Mwenga,Kitagana,,Poste de Santé,Masasu,GRID3_E23EC6B2C7
Sud-Kivu,Mwenga,Kitagana,,Poste de Santé,Muzombo,GRID3_A631E8C7B6
Sud-Kivu,Mwenga,Kitamba,,Centre de Santé,Kitamba,GRID3_C5253E36D0
Sud-Kivu,Mwenga,Mbobole,,Centre de Santé,Mbobole,GRID3_085889FE85
Sud-Kivu,Mwenga,Mbobole,,Poste de Santé,Wimbi,GRID3_87C04FE117
Sud-Kivu,Mwenga,Mulombozi,,Centre de Santé,Mulombozi,GRID3_EFBC457092
Sud-Kivu,Mwenga,Ngando,,Centre de Santé,Ngando,GRID3_E774228762
Sud-Kivu,Mwenga,Sungwe,,Poste de Santé,Kibumba,GRID3_AA3F50A219
Sud-Kivu,Mwenga,Sungwe,,Centre de Santé,Sungwe,GRID3_EEFAC2132D
Sud-Kivu,Mwenga,Tuseswa,,Clinique,Adonai,GRID3_0C5069C4E7
Sud-Kivu,Mwenga,Tuseswa,,Dispensaire,Baraka,GRID3_56BE75D364
Sud-Kivu,Mwenga,Tuseswa,,Centre Médical,La Misericorde Divine,GRID3_5B751B7271
Sud-Kivu,Mwenga,Tuseswa,,Bureau Central de la Zone de Santé,Mwenga,GRID3_E4678D4626
Sud-Kivu,Mwenga,Tuseswa,,Hôpital Général de Référence,Mwenga,GRID3_EE6438BC17
Sud-Kivu,Mwenga,Tuseswa,,Clinique,Smirna,GRID3_76BC2E167C
Sud-Kivu,Mwenga,Tuseswa,,Dispensaire,St Honore,GRID3_477086660D
Sud-Kivu,Mwenga,Tuseswa,,Centre de Santé,Tuseswa,GRID3_A039248403
Sud-Kivu,Nundu,Abala,,Centre de Santé,Abala,GRID3_C14C3375AC
Sud-Kivu,Nundu,Abeka,,Centre de Santé,Abeka,GRID3_1BDF90F7DF
Sud-Kivu,Nundu,Abeka,,Centre Hopitalier,Abeka,GRID3_582AB9AB1A
Sud-Kivu,Nundu,Abeka,,Centre Hopitalier,D'Abeka,GRID3_009687E7BC
Sud-Kivu,Nundu,Ake,,Centre de Santé,Ake,GRID3_A1B3ABD6A5
Sud-Kivu,Nundu,Bitobolo,,Centre de Santé,Bitobolo,GRID3_2AD091A2F5
Sud-Kivu,Nundu,Iamba / Makobola 2,,Centre de Santé,Iamba,GRID3_526AA6AF44
Sud-Kivu,Nundu,Kaboke 2,,Centre de Santé,Kaboke 2,GRID3_4DFCDF3238
Sud-Kivu,Nundu,Kabondozi,,Centre de Santé,Kabondozi,GRID3_46604C071D
Sud-Kivu,Nundu,Kabumbe,,Centre de Santé,Kabumbe,GRID3_444C5B05FD
Sud-Kivu,Nundu,Kanguli,,Centre de Santé,Kanguli,GRID3_2E8E1629AD
Sud-Kivu,Nundu,Kenya,,Centre de Santé,Kenya,GRID3_B0B45FE1D9
Sud-Kivu,Nundu,Kilumbi,,Centre de Santé,Kilumbi,GRID3_68355537B8
Sud-Kivu,Nundu,Lusenda,,Poste de Santé,Camp Des Refugies Burundais Lusenda,GRID3_2D5ACF9598
Sud-Kivu,Nundu,Lusenda,,Centre de Santé,Lusenda,GRID3_5CEE3E71F2
Sud-Kivu,Nundu,Lutabura,,Centre de Santé,Lutabura,GRID3_47269A7F06
Sud-Kivu,Nundu,Lweba,,Centre de Santé,Lweba,GRID3_8E12B826CD
Sud-Kivu,Nundu,Mboko,,Centre de Santé,Mboko,GRID3_A24162D803
Sud-Kivu,Nundu,Mukolwe,,Centre de Santé,Mukolwe,GRID3_1E88EB6001
Sud-Kivu,Nundu,Munene,,Centre de Santé,Munene,GRID3_9C44FA4FB4
Sud-Kivu,Nundu,Nakiele,,Centre Hopitalier,Nakiele,GRID3_885B20F42E
Sud-Kivu,Nundu,Nakiele,,Centre de Santé,Nakiele,GRID3_1C85D068A0
Sud-Kivu,Nundu,Nundu,,Hôpital Général de Référence,Nundu,GRID3_8591DD9EA2
Sud-Kivu,Nundu,Nundu,,Centre de Santé,Nundu,GRID3_DA35F648A1
Sud-Kivu,Nundu,Pungu,,Centre de Santé,Pungu,GRID3_0B50C252CB
Sud-Kivu,Nundu,Swima,,Centre de Santé,Swima,GRID3_B7614EBC85
Sud-Kivu,Nyangezi,Bushigi,,Poste de Santé,Bushanyi,GRID3_D7464CA012
Sud-Kivu,Nyangezi,Bushigi,,Centre de Santé,Bushigi,GRID3_2D6A29BC37
Sud-Kivu,Nyangezi,Camasiga,,,Camasiga,GRID3_C550B6371B
Sud-Kivu,Nyangezi,Ibambiro,,Centre de Santé,Ibambiro,GRID3_9DD787497F
Sud-Kivu,Nyangezi,Ibambiro,,Poste de Santé,Ruduha,GRID3_433935E26E
Sud-Kivu,Nyangezi,Kahinga,,Centre de Santé,Kahinga,GRID3_14BEBB3614
Sud-Kivu,Nyangezi,Kalengera,,Polyclinque,Chilo,GRID3_A4AD583966
Sud-Kivu,Nyangezi,Kalengera,,Centre de Santé,Kalengera,GRID3_8D6B368A76
Sud-Kivu,Nyangezi,Kalunga,,Centre de Santé,Kalunga,GRID3_0BDAA60FC1
Sud-Kivu,Nyangezi,Kamanyola,,Poste de Santé,Hewa Bora,GRID3_DBEC847F35
Sud-Kivu,Nyangezi,Kamanyola,,Centre de Santé,Kamanyola,GRID3_1340AE9EC4
Sud-Kivu,Nyangezi,Kamisimbi,,Centre de Santé,Kamisimbi,GRID3_50D38FDCB8
Sud-Kivu,Nyangezi,Kamisimbi,,Centre Hopitalier,Kamisimbi,GRID3_DAABDF9100
Sud-Kivu,Nyangezi,Kashenyi,,Dispensaire,Bora Uzima,GRID3_E0ADA3FCEA
Sud-Kivu,Nyangezi,Kashenyi,,Centre de Santé,Kashenyi,GRID3_01C921B475
Sud-Kivu,Nyangezi,Kashenyi,,Centre Médical,Mere Enfant,GRID3_0952EB2FD9
Sud-Kivu,Nyangezi,Mazigiro,,Centre de Santé,Mazigiro,GRID3_BB45EDF1D7
Sud-Kivu,Nyangezi,Munya,,Centre de Santé,Munya,GRID3_980EF24CE7
Sud-Kivu,Nyangezi,Munya,,Hôpital Général de Référence,Nyangezi,GRID3_6DBCB67C08
Sud-Kivu,Nyangezi,Muzinzi,,Centre de Santé,Muzinzi,GRID3_9B6BEE45EB
Sud-Kivu,Nyantende,Buhozi,,Centre de Santé,Buhozi,GRID3_A46F0AF808
Sud-Kivu,Nyantende,Cirhagabwa,,Centre Hopitalier,Aeo,GRID3_4A2B19F45B
Sud-Kivu,Nyantende,Cirhagabwa,,Centre de Santé,Cirhagabwa,GRID3_5338CB655D
Sud-Kivu,Nyantende,Cirhagabwa,,Poste de Santé,Mungu Ni Pendo,GRID3_A4C47C3D9B
Sud-Kivu,Nyantende,Cirhegera,,Centre de Santé,Cirhegera,GRID3_5190A33950
Sud-Kivu,Nyantende,Cirhegera,,Dispensaire,Morale,GRID3_BCD45A086B
Sud-Kivu,Nyantende,Cirhegera,,Poste de Santé,Nyamuruza,GRID3_9E6AD2BCBD
Sud-Kivu,Nyantende,Igoki,,Centre de Santé,Igoki,GRID3_272C547A6A
Sud-Kivu,Nyantende,Igoki,,Dispensaire,Sadmo,GRID3_E13760D46E
Sud-Kivu,Nyantende,Ihemba,,Centre de Santé,Ihemba,GRID3_C6CED40C3A
Sud-Kivu,Nyantende,Ishungu,,Centre de Santé,Ishungu,GRID3_A07917D189
Sud-Kivu,Nyantende,Ishungu,,Poste de Santé,Kalazi,GRID3_4FA44BB399
Sud-Kivu,Nyantende,Kalagane,,Centre de Santé,Kalagane,GRID3_DF8F1AFDDB
Sud-Kivu,Nyantende,Kalagane,,Poste de Santé,Nyengo,GRID3_785E84BE36
Sud-Kivu,Nyantende,Kalangwe Kabungo,,Centre de Santé,Kalangwe Kabungo,GRID3_A7B38BB170
Sud-Kivu,Nyantende,Mudusa,,Centre de Santé,Mudusa,GRID3_99E3C610B0
Sud-Kivu,Nyantende,Mumosho,,Poste de Santé,Burhembo,GRID3_A17581E3CC
Sud-Kivu,Nyantende,Mumosho,,Centre de Santé,Mumosho,GRID3_D3066F991B
Sud-Kivu,Nyantende,Nyantende,,Centre de Santé,Nyantende,GRID3_7D9B0D8D7E
Sud-Kivu,Nyantende,Nyantende,,Hôpital Général de Référence,Nyantende,GRID3_55BDF80D7C
Sud-Kivu,Ruzizi,Biriba,,Centre de Santé,Biriba,GRID3_7A0416C958
Sud-Kivu,Ruzizi,Bulindwe,,Centre de Santé,Bulindwe,GRID3_8C2FACF5F2
Sud-Kivu,Ruzizi,Bwiza,,Centre de Santé,Bwiza,GRID3_F4DBF83CC6
Sud-Kivu,Ruzizi,Cbca Kiliba,,Centre de Santé,Cbca Kiliba,GRID3_2699AE9D86
Sud-Kivu,Ruzizi,Hongero,,Centre de Santé,Hongero,GRID3_952E4DB726
Sud-Kivu,Ruzizi,Kagando,,Centre de Santé,Kagando,GRID3_D08BED97BB
Sud-Kivu,Ruzizi,Kazimwe,,Centre de Santé,Kazimwe,GRID3_630EB62FC1
Sud-Kivu,Ruzizi,Kibogoye,,Centre de Santé,Kibogoye,GRID3_F4F4562427
Sud-Kivu,Ruzizi,Kigoma,,Poste de Santé,Kanga,GRID3_FC76DF2633
Sud-Kivu,Ruzizi,Kigoma,,Centre de Santé,Kigoma,GRID3_F7682DBC77
Sud-Kivu,Ruzizi,Kigurwe,,Centre de Santé,Kigurwe,GRID3_CB1E47A60C
Sud-Kivu,Ruzizi,Kiliba Cepac,,Centre de Santé,Kiliba Cepac,GRID3_A6BBB877F2
Sud-Kivu,Ruzizi,Kiliba Cepac,,,Kiliba Cepac,GRID3_6CCE58F1BF
Sud-Kivu,Ruzizi,Kiliba Sucki,,Centre de Santé,Kiliba Sucki,GRID3_1E2FC297B3
Sud-Kivu,Ruzizi,Kimuka,,Centre de Santé,Kimuka,GRID3_613528F56C
Sud-Kivu,Ruzizi,Luberizi,,Centre de Santé,Luberizi,GRID3_3F5CF285D2
Sud-Kivu,Ruzizi,Luhito,,Centre de Santé,Luhito,GRID3_B7F79E8462
Sud-Kivu,Ruzizi,Mangwa,,Centre de Santé,Mangwa,GRID3_AE9D25D177
Sud-Kivu,Ruzizi,Mugaja,,Centre de Santé,Mugaja,GRID3_ACF39AA564
Sud-Kivu,Ruzizi,Mutarule,,Centre de Santé,Mutarule,GRID3_59841DC657
Sud-Kivu,Ruzizi,Mutarule,,Poste de Santé,Rwenena,GRID3_9604803B34
Sud-Kivu,Ruzizi,Nazareno,,Centre de Santé,Nazareno,GRID3_26D0960613
Sud-Kivu,Ruzizi,Ndunda,,Centre de Santé,Ndunda,GRID3_053341D7F3
Sud-Kivu,Ruzizi,Nyakabere,,Centre de Santé,Nyakabere,GRID3_B102D9E378
Sud-Kivu,Ruzizi,Nyakabere,,Poste de Santé,Nyakabere 1,GRID3_A6A1089B57
Sud-Kivu,Ruzizi,Runingu,,Poste de Santé,Mikamba,GRID3_5C8C1A46C0
Sud-Kivu,Ruzizi,Runingu,,Centre de Santé,Runingu,GRID3_3FB4D0E44F
Sud-Kivu,Ruzizi,Rusabagi,,Centre de Santé,Rusabagi,GRID3_2976D93AD6
Sud-Kivu,Ruzizi,Sange Cepac,,Centre de Santé,Cepac,GRID3_1D83743EBA
Sud-Kivu,Ruzizi,Sange Etat,,Hôpital Général de Référence,Ruzizi,GRID3_4497C0029E
Sud-Kivu,Ruzizi,Sange Etat,,Centre de Santé,Sange Etat,GRID3_426C790704
Sud-Kivu,Shabunda,Bubila,,Centre de Santé,Bubila,GRID3_03269C8693
Sud-Kivu,Shabunda,Dima,,Centre de Santé,Dima,GRID3_F8DC788AA9
Sud-Kivu,Shabunda,Kalole Nord,,Poste de Santé,Kalipa,GRID3_3E5DDFC063
Sud-Kivu,Shabunda,Kalole Nord,,Centre de Santé,Kalole Nord,GRID3_A40140631F
Sud-Kivu,Shabunda,Kasa,,Centre de Santé,Kasa,GRID3_2C8DD51BCA
Sud-Kivu,Shabunda,Kikamba,,Centre de Santé,Kikamba,GRID3_DCD7BAF584
Sud-Kivu,Shabunda,Kimbondi,,Centre de Santé,Kimbondi,GRID3_7B1D5E0408
Sud-Kivu,Shabunda,Kipulu,,Poste de Santé,Kazozola,GRID3_53BF5D4130
Sud-Kivu,Shabunda,Kipulu,,Centre de Santé,Kipulu,GRID3_D44DD264A3
Sud-Kivu,Shabunda,Lupimbi,,Centre de Santé,Lupimbi,GRID3_47C8AEBD6A
Sud-Kivu,Shabunda,Lwampongo,,Centre de Santé,Lwampongo,GRID3_E2FBA1FC4D
Sud-Kivu,Shabunda,Makese,,Centre de Santé,Makese,GRID3_2D6F51EE74
Sud-Kivu,Shabunda,Mankulu,,Poste de Santé,Mankulu,GRID3_D94F3FD441
Sud-Kivu,Shabunda,Mapela,,Centre de Santé,Mapela,GRID3_731B465113
Sud-Kivu,Shabunda,Masanga Sud,,Centre de Santé,Masanga Sud,GRID3_4D08843D5C
Sud-Kivu,Shabunda,Matili,,Poste de Santé,8 E Cepac,GRID3_29277C0075
Sud-Kivu,Shabunda,Matili,,Centre Hopitalier,Matili,GRID3_85E5C18730
Sud-Kivu,Shabunda,Matili,,Centre de Santé,Matili 5 E Celpa,GRID3_14D0E0B782
Sud-Kivu,Shabunda,Mbangayo,,Centre de Santé,Mbangayo,GRID3_8072F232D8
Sud-Kivu,Shabunda,Miswaki,,Poste de Santé,Kabilu,GRID3_CEA124EB41
Sud-Kivu,Shabunda,Miswaki,,Centre de Santé,Miswaki,GRID3_9612811B58
Sud-Kivu,Shabunda,Mungembe,,Centre Hopitalier,Mungembe,GRID3_F59B49B390
Sud-Kivu,Shabunda,Mungembe,,Centre de Santé,Mungembe/Kib,GRID3_3D9628648B
Sud-Kivu,Shabunda,Ngingi,,Centre de Santé,Ngingi,GRID3_1E44465B09
Sud-Kivu,Shabunda,Nyalubwe,,Poste de Santé,Keisha,GRID3_816113B580
Sud-Kivu,Shabunda,Nyalubwe,,Centre de Santé,Nyalubwe,GRID3_615D285347
Sud-Kivu,Shabunda,Tchombi,,Centre de Santé,Tchombi,GRID3_F308F5E6B1
Sud-Kivu,Shabunda,Tukumbi,,Centre de Santé,Tukumbi,GRID3_BA44D85B74
Sud-Kivu,Shabunda,Tuntungulu,,Centre de Santé,Tuntungulu,GRID3_2BCDA4DA26
Sud-Kivu,Shabunda,Tusisi,,Centre de Santé,Tusisi,GRID3_AA6644BB64
Sud-Kivu,Uvira,Kabimba,,Dispensaire,26 E Cmlc,GRID3_6A91A782EC
Sud-Kivu,Uvira,Kabimba,,Centre de Santé,Kabimba,GRID3_B016CABDCB
Sud-Kivu,Uvira,Kabindula,,Centre de Santé,Kabindula,GRID3_90B8909DE4
Sud-Kivu,Uvira,Kalundu Catholique,,Centre de Santé,Kalundu Catholique,GRID3_BA95C31F27
Sud-Kivu,Uvira,Kalundu Cepac,,Centre de Santé,Kalundu Cepac,GRID3_76E49CBC18
Sud-Kivu,Uvira,Kalundu Etat,,Centre de Santé,Kalundu Etat,GRID3_1EE0756B29
Sud-Kivu,Uvira,Kanvivira,,Centre de Santé,Kanvivira,GRID3_CF334A6E31
Sud-Kivu,Uvira,Kasenga Cepac,,Hôpital,Kasenga,GRID3_2013D6BF39
Sud-Kivu,Uvira,Kasenga Cepac,,Centre de Santé,Kasenga Cepac,GRID3_AA2D52F5F2
Sud-Kivu,Uvira,Kasenga Cepac,,Poste de Santé,Kitundu,GRID3_83F0E79846
Sud-Kivu,Uvira,Kasenga Etat,,Centre de Santé,Kasenga Etat,GRID3_DAD2A4DF14
Sud-Kivu,Uvira,Kigongo,,Centre de Santé,Kigongo,GRID3_8A70DAC605
Sud-Kivu,Uvira,Kilomoni,,Centre de Santé,Kilomoni,GRID3_537C1F81A3
Sud-Kivu,Uvira,Kimanga,,Centre de Santé,Kimanga,GRID3_9EFE329778
Sud-Kivu,Uvira,Kimanga,,Centre Médical,Pnc,GRID3_18D6DB3A27
Sud-Kivu,Uvira,Kirungu,,Centre de Santé,Kirungu,GRID3_C812D00E68
Sud-Kivu,Uvira,Kiyaya,,Poste de Santé,8 E Cepac Kiyaya,GRID3_6CF5DCF426
Sud-Kivu,Uvira,Kiyaya,,Centre de Santé,Kiyaya,GRID3_8B295ABB64
Sud-Kivu,Uvira,Makobola 1,,Centre de Santé,Makobola,GRID3_B056E871A8
Sud-Kivu,Uvira,Mario Vannucci,,Centre de Santé,Mario Vannucci,GRID3_AEAC0B1F68
Sud-Kivu,Uvira,Mario Vannucci,,Centre Hopitalier,Mario Vanucci,GRID3_807CCB3BBF
Sud-Kivu,Uvira,Mario Vannucci,,Centre Hopitalier,Mario Vanucci,GRID3_F68EFDC808
Sud-Kivu,Uvira,Mitumba,,Centre de Santé,Mitumba,GRID3_5FF829B1CC
Sud-Kivu,Uvira,Mulongwe,,Centre de Santé,Mulongwe,GRID3_D693822618
Sud-Kivu,Uvira,Nyamianda,,Centre de Santé,Bien Mal Acquis,GRID3_1ECC158F4E
Sud-Kivu,Uvira,Nyamianda,,Centre Hopitalier,Nyamianda,GRID3_42BB2CBD02
Sud-Kivu,Uvira,Rombe,,Centre de Santé,Rombe,GRID3_092FE4DCA4
Sud-Kivu,Uvira,Saint Paul,,Centre de Santé,Saint Paul,GRID3_A2048F92BD
Sud-Kivu,Uvira,Sos Kala,,Centre de Santé,Sos Kala,GRID3_1B4514CC0F
Sud-Kivu,Uvira,Tanganyika,,Centre de Santé,Tanganyika,GRID3_A55609E790
Sud-Kivu,Uvira,Tanganyika,,Hôpital Général de Référence,Uvira,GRID3_33EAEA4893
Sud-Kivu,Walungu,Bideka,,Poste de Santé,Bava Etat,GRID3_D0B9024C2B
Sud-Kivu,Walungu,Bideka,,Centre de Santé de Référence,Bideka,GRID3_78B5261983
Sud-Kivu,Walungu,Burhale,,Centre de Santé,Burhale,GRID3_1E57925C80
Sud-Kivu,Walungu,Burhale,,Poste de Santé,Cihambe,GRID3_3FECBED6AE
Sud-Kivu,Walungu,Burhale,,Poste de Santé,Luhoko,GRID3_2FEC2007CE
Sud-Kivu,Walungu,Burhale,,Centre Médical,Malkiya Wa Amani,GRID3_131860DCE6
Sud-Kivu,Walungu,Burhale,,Centre Médical,St Venant,GRID3_0366208552
Sud-Kivu,Walungu,Cagombe,,Centre de Santé,Cagombe,GRID3_F9542C6BB4
Sud-Kivu,Walungu,Cazi,,Centre de Santé,Cazi,GRID3_F59156465F
Sud-Kivu,Walungu,Cazi,,Poste de Santé,Kalambo Cazi,GRID3_32F79D28A0
Sud-Kivu,Walungu,Cigukiro,,Centre de Santé,Cigukiro,GRID3_857DA32A19
Sud-Kivu,Walungu,Ibinza,,Centre de Santé,Ibinza,GRID3_CD244FACCF
Sud-Kivu,Walungu,Ikoma,,Centre de Santé,Ikoma,GRID3_3754B45DF0
Sud-Kivu,Walungu,Izirangabo,,Centre de Santé,Izirangabo,GRID3_6E2029DE93
Sud-Kivu,Walungu,Kalole,,Centre de Santé,Kalole,GRID3_8C65DCD126
Sud-Kivu,Walungu,Kampuse,,Centre de Santé,Kampuse,GRID3_33B1D516E1
Sud-Kivu,Walungu,Karhundu,,Centre de Santé,Karhundu,GRID3_FDD2E541E9
Sud-Kivu,Walungu,Kazimu,,Centre de Santé,Kazimu,GRID3_AF73BD7EFF
Sud-Kivu,Walungu,Kidodobo,,Poste de Santé,Canampanzi,GRID3_9559AEC031
Sud-Kivu,Walungu,Kidodobo,,Centre de Santé,Kidodobo,GRID3_7046984586
Sud-Kivu,Walungu,Lurhala,,Poste de Santé,Cirhaga,GRID3_E7D11F73E2
Sud-Kivu,Walungu,Lurhala,,Centre de Santé,Lurhala,GRID3_58D2F6FC1B
Sud-Kivu,Walungu,Mugogo,,Centre de Santé,Mugogo,GRID3_3C211E55C9
Sud-Kivu,Walungu,Muku,,Centre Hopitalier,Muku,GRID3_AB4E5AF1A5
Sud-Kivu,Walungu,Muku,,Centre de Santé,Muku,GRID3_D616BC2DA1
Sud-Kivu,Walungu,Mulamba,,Poste de Santé,Mirhumba,GRID3_4586AA18C9
Sud-Kivu,Walungu,Mulamba,,Centre Médical,Mulamba,GRID3_495AB41194
Sud-Kivu,Walungu,Mulamba,,Centre de Santé,Mulamba,GRID3_D9B10AB576
Sud-Kivu,Walungu,Mwendo,,Centre de Santé,Mwendo,GRID3_3D4F9358E5
Sud-Kivu,Walungu,Mwendo,,Poste de Santé,Nehemiya Mwendo,GRID3_59C895F3EE
Sud-Kivu,Walungu,Nyakakoba,,Centre de Santé,Nyakakoba,GRID3_99ECE689FA
Sud-Kivu,Walungu,Nyandja,,Centre de Santé,Nyandja,GRID3_B2590716AC
Sud-Kivu,Walungu,Rukwende,,Centre de Santé,Rukwende,GRID3_503A724B12
Sud-Kivu,Walungu,Rushindye,,Centre de Santé,Rushindye,GRID3_C884708CF8
Sud-Kivu,Walungu,Walungu,,Poste de Santé,Bugala,GRID3_0685F63E89
Sud-Kivu,Walungu,Walungu,,Poste de Santé,Bugala Walungu,GRID3_FC894D108E
Sud-Kivu,Walungu,Walungu,,Poste de Santé,Canjavu Walungu,GRID3_667699CD65
Sud-Kivu,Walungu,Walungu,,Centre de Santé,Canjavu Walungu,GRID3_BC76B69E0F
Sud-Kivu,Walungu,Walungu,,Hôpital Général de Référence,Fski,GRID3_258A557A1B
Sud-Kivu,Walungu,Walungu,,Centre de Santé,Walungu,GRID3_639DE61EC5
Tshopo,Bafwagbogbo,Bafwadili,Bavadili,Poste de Santé,Baraka,KSPH_TP_248807D8F5
Tshopo,Bafwagbogbo,Bafwadili,Bavadili,Centre de Santé de Référence,Bavadili,KSPH_TP_8F0D7E2A2D
Tshopo,Bafwagbogbo,Bafwadili,Bafwanibi,Poste de Santé,Grace A Dieu,KSPH_TP_A0089A4B7E
Tshopo,Bafwagbogbo,Bafwadili,Bavadili,Dispensaire,Le Vainqueur,KSPH_TP_3495BE94FE
Tshopo,Bafwagbogbo,Bafwadili,Bavadili,Poste de Santé,Salama,KSPH_TP_26D0293BC2
Tshopo,Bafwagbogbo,Bafwadili,Bavadili,Centre de Santé,Source Vie,KSPH_TP_8DBC11107E
Tshopo,Bafwagbogbo,Bafwadili,Bavadili,Poste de Santé,Ushindi,KSPH_TP_0E66BCEAA0
Tshopo,Bafwagbogbo,Bafwagamia,Bafwagamia,Poste de Santé,Arche Noe,KSPH_TP_3687E89502
Tshopo,Bafwagbogbo,Bafwagamia,Bafwagamia,Centre de Santé,Bafwagamia,KSPH_TP_1902E00075
Tshopo,Bafwagbogbo,Bafwagamia,,Site Soin Communautaire,Bafwakiseni,GRID3_80E716D20A
Tshopo,Bafwagbogbo,Bafwakozuo,Bafwakonzuo,Centre de Santé,Bafwakozuo,KSPH_TP_0396C9EC4B
Tshopo,Bafwagbogbo,Bafwakozuo,Bafwasengi,Site Soin Communautaire,Bafwasengi,KSPH_TP_152F305788
Tshopo,Bafwagbogbo,Bafwamane,Bafwabuku,Site Soin Communautaire,Bafwabuku,KSPH_TP_47DCC4FDBC
Tshopo,Bafwagbogbo,Bafwamane,Bafwamane,Centre de Santé,Bafwamane,KSPH_TP_C4F8602A48
Tshopo,Bafwagbogbo,Bafwamane,Bafwamamba 2,Poste de Santé,Bamadia,KSPH_TP_C5C57485A5
Tshopo,Bafwagbogbo,Bafwamane,Bafwandabo,Poste de Santé,Christ Roi,KSPH_TP_E293174347
Tshopo,Bafwagbogbo,Bafwamane,Baika,Poste de Santé,Communaute Baita,KSPH_TP_1440EEC744
Tshopo,Bafwagbogbo,Bafwamate,Bafwamate,Centre de Santé,Bafwamate,KSPH_TP_7A0FE18391
Tshopo,Bafwagbogbo,Bafwamate,Bavagbolo,Site Soin Communautaire,Bavagbolo,KSPH_TP_BB23DD1009
Tshopo,Bafwagbogbo,Bafwambongo,Bafwambongo,Centre de Santé,Bafwambongo,KSPH_TP_343593787D
Tshopo,Bafwagbogbo,Bafwambongo,Bafwatibi 3,Poste de Santé,Bafwatibi 3,KSPH_TP_D4884D07E0
Tshopo,Bafwagbogbo,Bafwambongo,Kimbanseke,Site Soin Communautaire,Cite Kimbanseke,KSPH_TP_067AF127D4
Tshopo,Bafwagbogbo,Bafwamungu,Bafwamungu,Poste de Santé,Bafwamungu,KSPH_TP_4A7506ED1C
Tshopo,Bafwagbogbo,Bafwamungu,Bengwe,Centre de Santé,Bafwamungu,KSPH_TP_DD4951F604
Tshopo,Bafwagbogbo,Bafwamungu,Bevenzeke,Poste de Santé,Bevenzeke,KSPH_TP_5993A3CDF8
Tshopo,Bafwagbogbo,Bafwamungu,Monina,Site Soin Communautaire,Monina,KSPH_TP_FD333A7B84
Tshopo,Bafwagbogbo,Bafwandomo,Bafwabipoyo,Poste de Santé,Bafwabipoyo,KSPH_TP_5F8A8F5B57
Tshopo,Bafwagbogbo,Bafwandomo,Bafwandomo,Centre de Santé,Bafwandomo,KSPH_TP_59BC0BC984
Tshopo,Bafwagbogbo,Bafwandomo,Bafwandomo,Poste de Santé,Christ Roi,KSPH_TP_93F7E1C007
Tshopo,Bafwagbogbo,Bafwangbe,Bafwanakokoko,Site Soin Communautaire,Bafwanakokoko,KSPH_TP_503DBF515B
Tshopo,Bafwagbogbo,Bafwangbe,Bafwangbe,Centre de Santé,Bafwangbe,KSPH_TP_8EA3305411
Tshopo,Bafwagbogbo,Bafwangbogo,Bafwangbogo,Centre de Santé,Bafwagbogo,KSPH_TP_94912C58F7
Tshopo,Bafwagbogbo,Bafwangbogo,Bavasiambo,Site Soin Communautaire,Bavasiambo,KSPH_TP_151F74D469
Tshopo,Bafwagbogbo,Bafwangbogo,Bavate,Poste de Santé,Bavate,KSPH_TP_14254CCB87
Tshopo,Bafwagbogbo,Bafwaseba,Bafwasalia,Site Soin Communautaire,Bafwasalia,KSPH_TP_AE511BE51E
Tshopo,Bafwagbogbo,Bafwaseba,Bafwaseba,Centre de Santé,Bafwaseba,KSPH_TP_72B3F698AB
Tshopo,Bafwagbogbo,Bafwaseba,Balama,Site Soin Communautaire,Balama,KSPH_TP_6ECCE9A3FD
Tshopo,Bafwagbogbo,Bafwazio,,Site Soin Communautaire,Bafwayabo,GRID3_2CF9F52A10
Tshopo,Bafwagbogbo,Bafwazio,Bafwazio,Centre de Santé,Bafwazio,KSPH_TP_732B14682D
Tshopo,Bafwagbogbo,Bafwazio,Kinshasa,Site Soin Communautaire,Kinshasa,KSPH_TP_D1B537F613
Tshopo,Bafwagbogbo,Bafwazio,Litama,Poste de Santé,Litama,KSPH_TP_5D58E881C7
Tshopo,Bafwagbogbo,Bafwazio,Singamwambe,Poste de Santé,Singamwambe,KSPH_TP_74D5DDCEC9
Tshopo,Bafwagbogbo,Bangwabi,Bafwombo,Poste de Santé,Bafwombo,KSPH_TP_4448A29925
Tshopo,Bafwagbogbo,Bangwabi,Bambanga,Centre de Santé,Bangwabi,KSPH_TP_A5EF311F91
Tshopo,Bafwagbogbo,Bavabu,Bafwangwama 1,Poste de Santé,Bafwangwama 1,KSPH_TP_55DEE0C8A3
Tshopo,Bafwagbogbo,Bavabu,Balambi,Poste de Santé,Balambi,KSPH_TP_509DF0F207
Tshopo,Bafwagbogbo,Bavabu,Bafwagbanda,Centre de Santé,Bavabu,KSPH_TP_ABC3BB7A48
Tshopo,Bafwagbogbo,Bavabu,Bafwamadibo,Site Soin Communautaire,Mafwamadibo,KSPH_TP_168535C70B
Tshopo,Bafwagbogbo,Bomili,Babitolo,Site Soin Communautaire,Babitolo,KSPH_TP_335AD1F30D
Tshopo,Bafwagbogbo,Bomili,Bafwaboto,Poste de Santé,Bafwaboto,KSPH_TP_C3DA25FDDB
Tshopo,Bafwagbogbo,Bomili,Bafwagali,Site Soin Communautaire,Bafwagali,KSPH_TP_E6EFF8B608
Tshopo,Bafwagbogbo,Bomili,Bomili,Hôpital Général de Référence,Bafwagbogbo,KSPH_TP_66F33F4040
Tshopo,Bafwagbogbo,Bomili,Bomili,Bureau Central de la Zone de Santé,Bafwagbogbo,KSPH_TP_BCA0C4AE7B
Tshopo,Bafwagbogbo,Bomili,Bomili,Centre de Santé de Référence,Bomili,KSPH_TP_3C10322100
Tshopo,Bafwagbogbo,Bomili,Buambi,Poste de Santé,Cecca 16 Bowambi,KSPH_TP_A9ADD16C2D
Tshopo,Bafwagbogbo,Bomili,Bomili,Poste de Santé,Cecca 40,KSPH_TP_805D068A7A
Tshopo,Bafwagbogbo,Kabuka,Azunu,Centre de Santé,Kabuka,KSPH_TP_D693C2B5BA
Tshopo,Bafwagbogbo,Kabuka,Village Mambusu,Site Soin Communautaire,Mambusu,KSPH_TP_27FDFF532A
Tshopo,Bafwagbogbo,Kabuka,Mambusu,Poste de Santé,Mambusu,KSPH_TP_FFE3FC75BC
Tshopo,Bafwagbogbo,Kabuka,Mangobo,Poste de Santé,Mangobo,KSPH_TP_F3FAFA7BEC
Tshopo,Bafwagbogbo,Kabuka,Nyonga,Poste de Santé,Nyonga,KSPH_TP_48EFF758ED
Tshopo,Bafwagbogbo,Kondolole,Bafwangobi,Site Soin Communautaire,Bafwangbobi,KSPH_TP_909947421F
Tshopo,Bafwagbogbo,Kondolole,Bafwanabolowa,Site Soin Communautaire,Bafwanobolowa,KSPH_TP_340E1E2F76
Tshopo,Bafwagbogbo,Kondolole,Bafwangobi,Centre de Santé de Référence,Kondolole,KSPH_TP_BDAB24E957
Tshopo,Bafwagbogbo,Kondolole,Bafwangobi,Poste de Santé,Rapha,KSPH_TP_E7C18D6ADF
Tshopo,Bafwagbogbo,Mapanza,Makpaka,Poste de Santé,Makpaka,KSPH_TP_C14AF0E053
Tshopo,Bafwagbogbo,Mapanza,Jesus,Centre de Santé,Mapanza,KSPH_TP_CEF09E399D
Tshopo,Bafwagbogbo,Mapanza,Mapanza Pigeon,Site Soin Communautaire,Mapanza Pigeon,KSPH_TP_C7247B9C30
Tshopo,Bafwasende,Baego,Baego,Centre de Santé de Référence,Baego,KSPH_TP_AE90CBB492
Tshopo,Bafwasende,Baego,Baliko 2,Poste de Santé,Baliko,KSPH_TP_586478DEAD
Tshopo,Bafwasende,Baego,,Site Soin Communautaire,Baliko 2,GRID3_93ADABB4F5
Tshopo,Bafwasende,Baego,,Site Soin Communautaire,Basugo,GRID3_B0590E2944
Tshopo,Bafwasende,Bafwabalinga,Bafwabalinga Centre,Centre de Santé,Bafwabalinga,KSPH_TP_C0BB1F3FCF
Tshopo,Bafwasende,Bafwabalinga,Bafwametinda,Poste de Santé,Bafwametinda,KSPH_TP_E494367A19
Tshopo,Bafwasende,Bafwabalinga,Bafwatukwele,Poste de Santé,Bafwananzili,KSPH_TP_DC6E569EAF
Tshopo,Bafwasende,Bafwabalinga,Bafwabalinga Centre,Site Soin Communautaire,Bafwanezo,KSPH_TP_29CDF8E97D
Tshopo,Bafwasende,Bafwabalinga,Bafwangalago,Site Soin Communautaire,Bafwangalago,KSPH_TP_038485FDD9
Tshopo,Bafwasende,Bafwabalinga,Bafwabalinga Centre,Poste de Santé,Neema,KSPH_TP_16100AEF77
Tshopo,Bafwasende,Bafwabenze,Bafwakage,Centre de Santé,Bafwabenze,KSPH_TP_E27FD783C1
Tshopo,Bafwasende,Bafwabenze,Bafwabenze,Poste de Santé,Bafwabenze,KSPH_TP_A3F46E37B4
Tshopo,Bafwasende,Bafwabenze,,Site Soin Communautaire,Bafwandjekule,GRID3_09EEAFC13B
Tshopo,Bafwasende,Bafwabenze,,Site Soin Communautaire,Basua,GRID3_1E061E8645
Tshopo,Bafwasende,Bafwabenze,Basua,Poste de Santé,Basua 2,KSPH_TP_FDEC67B39E
Tshopo,Bafwasende,Bafwabianga,Bafwabianga,Centre de Santé,Bafwabianga,KSPH_TP_F3ABD3E361
Tshopo,Bafwasende,Bafwabianga,Bafwagono,Site Soin Communautaire,Bafwagono,KSPH_TP_90275E4AE6
Tshopo,Bafwasende,Bafwabianga,Bafwazenge,Site Soin Communautaire,Bafwazenge,KSPH_TP_29BAF6F0EC
Tshopo,Bafwasende,Bafwagali,Bafwagbebu,Centre de Santé,Bafwagali,KSPH_TP_EB4DD445F4
Tshopo,Bafwasende,Bafwagali,Bafwakolio,Site Soin Communautaire,Bafwakolio,KSPH_TP_2F3E7DDC9C
Tshopo,Bafwasende,Bafwagali,Toko,Site Soin Communautaire,Toko,KSPH_TP_7D641A534A
Tshopo,Bafwasende,Bafwandambo,Bafwandambo 1,Centre de Santé,Bafwandambo,KSPH_TP_7FA79B1A2A
Tshopo,Bafwasende,Bafwandambo,Bavakondima,Site Soin Communautaire,Bafwandambo,KSPH_TP_0CFC139C6A
Tshopo,Bafwasende,Bafwandambo,10 Carrieres,Site Soin Communautaire,Des Carrieres (Lobilo),KSPH_TP_E97F883DFD
Tshopo,Bafwasende,Bafwandambo,Ngelingeli,Poste de Santé,Ngelingeli,KSPH_TP_0C6DA6F1F9
Tshopo,Bafwasende,Bafwanduo,Avakubi,Poste de Santé,Avakubi,KSPH_TP_A78C81EA49
Tshopo,Bafwasende,Bafwanduo,Badumbu,Poste de Santé,Badumbu,KSPH_TP_67068F6973
Tshopo,Bafwasende,Bafwanduo,Bafwamiti,Site Soin Communautaire,Bafwamiti 2,KSPH_TP_6E48CC148B
Tshopo,Bafwasende,Bafwanduo,Bafwanduo,Centre de Santé de Référence,Bafwanduo,KSPH_TP_AB263494C1
Tshopo,Bafwasende,Bafwanduo,Bafwapoka,Poste de Santé,Bafwapoka,KSPH_TP_BE0A48BCA3
Tshopo,Bafwasende,Bafwanduo,Bamgbita,Site Soin Communautaire,Bangbita,KSPH_TP_7D80F6B9E9
Tshopo,Bafwasende,Bafwanduo,,Poste de Santé,Papa Tangbo,GRID3_6B4E5591F1
Tshopo,Bafwasende,Bafwazana,Bafwanjegule 1,Poste de Santé,Bafwajegule 1,KSPH_TP_D9A0ED5614
Tshopo,Bafwasende,Bafwazana,Bafwangbouma,Site Soin Communautaire,Bafwangbouma,KSPH_TP_E5FEF716B2
Tshopo,Bafwasende,Bafwazana,Bafwapaya 2,Site Soin Communautaire,Bafwapaya 2,KSPH_TP_ACB1E221B0
Tshopo,Bafwasende,Bafwazana,Bafwazana Centre,Centre de Santé,Bafwazana,KSPH_TP_32F4737233
Tshopo,Bafwasende,Bambodi,Bakakolo,Site Soin Communautaire,Bakakolo,KSPH_TP_554CCF37AB
Tshopo,Bafwasende,Bambodi,Bambodi,Centre de Santé,Bambodi,KSPH_TP_7CA3D98509
Tshopo,Bafwasende,Bambodi,,Site Soin Communautaire,Basse,GRID3_5E396C30DB
Tshopo,Bafwasende,Bambodi,,Site Soin Communautaire,Manzi,GRID3_955DF3CAEF
Tshopo,Bafwasende,Belika,Bafwalongo,Site Soin Communautaire,Bafwalongo,KSPH_TP_24A2C028A9
Tshopo,Bafwasende,Belika,Bazingina,Site Soin Communautaire,Bazingina,KSPH_TP_6DC837CF4B
Tshopo,Bafwasende,Belika,Bafwapada 2,Centre de Santé de Référence,Belika,KSPH_TP_1677C9BC60
Tshopo,Bafwasende,Belika,Bapaya,Poste de Santé,Ngandilama,KSPH_TP_9888E8E569
Tshopo,Bafwasende,Boyulu,Bafwakepuo,Poste de Santé,Bafwakepuo,KSPH_TP_EB12D6CD47
Tshopo,Bafwasende,Boyulu,Bafwasnasande,Poste de Santé,Bafwanasande,KSPH_TP_798D01C334
Tshopo,Bafwasende,Boyulu,Boyulu,Centre de Santé,Boyulu,KSPH_TP_EFA0C5C1ED
Tshopo,Bafwasende,Kenge,9 E,Poste de Santé,Anyobi,KSPH_TP_62B744E9CB
Tshopo,Bafwasende,Kenge,Ligili And Bavaluza,Hôpital Général de Référence,Bafwasende,KSPH_TP_BEBAF16FE8
Tshopo,Bafwasende,Kenge,Ligili And Bavaluza,Bureau Central de la Zone de Santé,Bafwasende,KSPH_TP_1CCF614E9D
Tshopo,Bafwasende,Kenge,Bavaluza,Site Soin Communautaire,Bavaluza,KSPH_TP_9F556C3608
Tshopo,Bafwasende,Kenge,6 E,Poste de Santé,Bora Uzima,KSPH_TP_6CE83AF62D
Tshopo,Bafwasende,Kenge,7 E,Poste de Santé,Grace A Dieu,KSPH_TP_2C39400E32
Tshopo,Bafwasende,Kenge,4 Eme,Centre de Santé,Kenge,KSPH_TP_9C6A7E9FEA
Tshopo,Bafwasende,Kenge,Qua?tier Mangada,Site Soin Communautaire,Kenge 2,KSPH_TP_D0A0F74A0C
Tshopo,Bafwasende,Kenge,2 Eme,Centre Médical,Pnc,KSPH_TP_D3CBC98BC5
Tshopo,Bafwasende,Kenge,7 E,Clinique,Progres,KSPH_TP_9BC370C72B
Tshopo,Bafwasende,Kenge,6 E,Dispensaire,Secours,KSPH_TP_722432F11F
Tshopo,Bafwasende,Kenge,Qua?tier Mangada,Centre Médical,Tout Va Bien Avec Jesus,KSPH_TP_5BAF8FF11C
Tshopo,Bafwasende,Lindi,Bafwambako,Centre de Santé,Lindi,KSPH_TP_D0DB30035F
Tshopo,Bafwasende,Lindi,Mangumbele,Site Soin Communautaire,Mungumbele,KSPH_TP_A7DB6B7A61
Tshopo,Bafwasende,Lindi,2 Eme,Poste de Santé,Muyisa,KSPH_TP_B9059E34CB
Tshopo,Bafwasende,Umoja,Bavadodi,Site Soin Communautaire,Bavadodi,KSPH_TP_150024E71B
Tshopo,Bafwasende,Umoja,Bavoy,Poste de Santé,Bavoy,KSPH_TP_B1EB44242E
Tshopo,Bafwasende,Umoja,,Poste de Santé,Maison Medicale,GRID3_703154E529
Tshopo,Bafwasende,Umoja,Ndonga,Site Soin Communautaire,Ndonga,KSPH_TP_A4F59E1570
Tshopo,Bafwasende,Umoja,Bamundulu,Dispensaire,NgelEDA,KSPH_TP_AD56A78E05
Tshopo,Bafwasende,Umoja,Batama,Poste de Santé,Saint Joseph (Batama),KSPH_TP_42F22776BD
Tshopo,Bafwasende,Umoja,Bafwaneto,Centre de Santé,Umoja,KSPH_TP_5A4FDB446C
Tshopo,Banalia,Akuma,Akuma,Centre de Santé,Akuma,KSPH_TP_1A6B14812A
Tshopo,Banalia,Akuma,Bogbolo,Poste de Santé,Bogbolo,KSPH_TP_E23B4B4740
Tshopo,Banalia,Akuma,Bombana,Site Soin Communautaire,Bombana,KSPH_TP_F42EE6C35B
Tshopo,Banalia,Akuma,Bombano,Site Soin Communautaire,Bombano,KSPH_TP_9A947F01E4
Tshopo,Banalia,Akuma,Boumbwa,Poste de Santé,Bumbua,KSPH_TP_267683B8AB
Tshopo,Banalia,Akuma,Dongo,Poste de Santé,Dongo,KSPH_TP_AB8421DD6A
Tshopo,Banalia,Alolo,Bolima,Centre de Santé,Alolo,KSPH_TP_5462CE85C2
Tshopo,Banalia,Alolo,Bandangi,Poste de Santé,Bandangi,KSPH_TP_4D63229A9C
Tshopo,Banalia,Alolo,Bandindi,Site Soin Communautaire,Bandindi,KSPH_TP_E28EB79D20
Tshopo,Banalia,Alolo,Bogbolo,Poste de Santé,Bogbolo,KSPH_TP_A494E55746
Tshopo,Banalia,Alolo,Liambongo,Poste de Santé,Ngoa,KSPH_TP_F013106907
Tshopo,Banalia,Babise,Babey,Poste de Santé,Babey,KSPH_TP_438381E7DE
Tshopo,Banalia,Babise,Babise,Centre de Santé,Babise,KSPH_TP_40D82062BA
Tshopo,Banalia,Babise,Mobo,Site Soin Communautaire,Babise,KSPH_TP_406612D9B7
Tshopo,Banalia,Babise,Bamdongoy,Site Soin Communautaire,Bamdongoy,KSPH_TP_DE378D00A2
Tshopo,Banalia,Babise,Bapele,Poste de Santé,Bapele,KSPH_TP_552A94EEB3
Tshopo,Banalia,Babise,,Poste de Santé,Baraka,GRID3_2EB86BD426
Tshopo,Banalia,Babise,,Poste de Santé,Basadjo,GRID3_EE7D5FE368
Tshopo,Banalia,Babise,,Poste de Santé,CNCA,GRID3_486E1F4BBC
Tshopo,Banalia,Babise,Bage,Centre Médical,Gfadec,KSPH_TP_9372B9D92A
Tshopo,Banalia,Babise,Bokope,Poste de Santé,Mahibo,KSPH_TP_FF28693C7E
Tshopo,Banalia,Babise,Mobo,Poste de Santé,Mobo,KSPH_TP_E6BE4A3540
Tshopo,Banalia,Baloma,,Site Soin Communautaire,Badjambo,GRID3_06215ED22D
Tshopo,Banalia,Baloma,Bambule,Centre de Santé,Baloma,KSPH_TP_B2DEB79B88
Tshopo,Banalia,Baloma,Bandjambo,Site Soin Communautaire,Baloma,KSPH_TP_2FD3C61A30
Tshopo,Banalia,Baloma,Bobiti,Site Soin Communautaire,Bobiti,KSPH_TP_D0EDB7C0FA
Tshopo,Banalia,Baloma,Botopi,Poste de Santé,Bodinga,KSPH_TP_C11E0082B7
Tshopo,Banalia,Baloma,Botuba,Poste de Santé,Botuba,KSPH_TP_41E839931D
Tshopo,Banalia,Baloma,,Poste de Santé,Nembikina,GRID3_43D167A597
Tshopo,Banalia,Bethsaida,Bagbunda 2,Poste de Santé,Bangbunda,KSPH_TP_24E55BA869
Tshopo,Banalia,Bethsaida,Boyanga,Site Soin Communautaire,Bethsaida,KSPH_TP_247EF791DB
Tshopo,Banalia,Bethsaida,Hopital,Centre de Santé,Bethsaida,KSPH_TP_9D8B4D528A
Tshopo,Banalia,Bethsaida,Ngode,Poste de Santé,Ngode,KSPH_TP_A56C3299FC
Tshopo,Banalia,Bodela,Bodela,Centre de Santé,Bodela,KSPH_TP_493082D2CC
Tshopo,Banalia,Bodela,Bodjoa,Site Soin Communautaire,Bodela,KSPH_TP_268B350F0B
Tshopo,Banalia,Bodela,Bondokpe,Site Soin Communautaire,Bodela Pk 15,KSPH_TP_FE4650F2A9
Tshopo,Banalia,Bodela,Bokpeku,Poste de Santé,Bokpeku,KSPH_TP_06F6163AA5
Tshopo,Banalia,Bodela,,Poste de Santé,Bongbae,GRID3_A1126F6B41
Tshopo,Banalia,Bongonza,Bawenza,Poste de Santé,Bokpadisa,KSPH_TP_953BFA35A3
Tshopo,Banalia,Bongonza,Bongondza,Centre de Santé,Bongonza,KSPH_TP_DF5BCAB6BF
Tshopo,Banalia,Bongonza,Bosula,Poste de Santé,Bosula,KSPH_TP_E356EC6A66
Tshopo,Banalia,Bongonza,Bozezo,Site Soin Communautaire,Bozezo,KSPH_TP_B87C401879
Tshopo,Banalia,Bongonza,Carriere A,Poste de Santé,Zuwa Ide,KSPH_TP_096274036C
Tshopo,Banalia,Bopepe,Bodjaba,Poste de Santé,21 Eme Communaute Christ En Afrique Et Au Congo,KSPH_TP_75A6734B23
Tshopo,Banalia,Bopepe,,Poste de Santé,Bomahey,GRID3_81033804E9
Tshopo,Banalia,Bopepe,Bondjala,Poste de Santé,Bondjala,KSPH_TP_8E02D5A82F
Tshopo,Banalia,Bopepe,Bapando,Poste de Santé,Bopando,KSPH_TP_F9889A901A
Tshopo,Banalia,Bopepe,Bomahe,Site Soin Communautaire,Bopepe,KSPH_TP_15586CCDF9
Tshopo,Banalia,Bopepe,Bopepe,Centre de Santé,Bopepe,KSPH_TP_7FF3A8B267
Tshopo,Banalia,Bopepe,Yambuya 1,Dispensaire,Yambuya 1,KSPH_TP_2C4F316DDA
Tshopo,Banalia,Dikwa,Badenga,Poste de Santé,Badenga,KSPH_TP_D2C1C2DC2F
Tshopo,Banalia,Dikwa,Bobolia,Poste de Santé,Bobolia,KSPH_TP_F2F88117E5
Tshopo,Banalia,Dikwa,Bobolia,Poste de Santé,Bobolia 1,KSPH_TP_3AB238D9C9
Tshopo,Banalia,Dikwa,Bomaa,Poste de Santé,Bomaa,KSPH_TP_57CEAEE85A
Tshopo,Banalia,Dikwa,Bomisa,Poste de Santé,Bomisa,KSPH_TP_17D4EFC8E2
Tshopo,Banalia,Dikwa,,Site Soin Communautaire,CCR,GRID3_D5320BB22B
Tshopo,Banalia,Dikwa,,Poste de Santé,Dieu Guerit,GRID3_747C934A0E
Tshopo,Banalia,Dikwa,Bombano,Centre de Santé,Dikwa,KSPH_TP_50EA5EC995
Tshopo,Banalia,Dikwa,Bondani,Site Soin Communautaire,Dikwa,KSPH_TP_29B5E4E72B
Tshopo,Banalia,Dikwa,Bodunda,Dispensaire,Dr Gabi,KSPH_TP_E2C8BDC36F
Tshopo,Banalia,Dr Sharp,Bogungu,Site Soin Communautaire,Basale,KSPH_TP_6445B64C55
Tshopo,Banalia,Dr Sharp,Bobiti,Site Soin Communautaire,Bobiti,KSPH_TP_5DA1E0DDB2
Tshopo,Banalia,Dr Sharp,Bogbama,Poste de Santé,Bogbama Pk 9 Buta,KSPH_TP_2620FDC608
Tshopo,Banalia,Dr Sharp,Afilondo,Centre de Santé,Dr Sharp,KSPH_TP_7179BD1FC9
Tshopo,Banalia,Kole,,Poste de Santé,Bogupa,GRID3_D54420E685
Tshopo,Banalia,Kole,Bokpamba,Poste de Santé,Bokpamba,KSPH_TP_B1D05AEB42
Tshopo,Banalia,Kole,Bongbogo,Poste de Santé,Bongbogo,KSPH_TP_335BF488E4
Tshopo,Banalia,Kole,Bongolobo,Poste de Santé,Bongolobo,KSPH_TP_3DAB4FFCD5
Tshopo,Banalia,Kole,Loila,Centre de Santé de Référence,Kole,KSPH_TP_5AFB2B4693
Tshopo,Banalia,Kole,Saio,Site Soin Communautaire,Saio,KSPH_TP_AFFF038264
Tshopo,Banalia,Lukelo,Bodia,Hôpital Général de Référence,Banalia,KSPH_TP_C61D4B04B5
Tshopo,Banalia,Lukelo,Bodia,Bureau Central de la Zone de Santé,Banalia,KSPH_TP_357E781BCE
Tshopo,Banalia,Lukelo,Bokasola,Site Soin Communautaire,Bokasola,KSPH_TP_6616A7140B
Tshopo,Banalia,Lukelo,Bahayo,Centre de Santé de Référence,Lipotolo,KSPH_TP_545681457F
Tshopo,Banalia,Lukelo,Bahayo,Poste de Santé,Lipotolo,KSPH_TP_0E51D7244F
Tshopo,Banalia,Lukelo,Mission Kimbanguiste,Centre de Santé,Lukelo,KSPH_TP_250C5E72DF
Tshopo,Banalia,Mangala,,Site Soin Communautaire,Bagbadje,GRID3_A646DC2ABB
Tshopo,Banalia,Mangala,Bangoli,Poste de Santé,Bangoli,KSPH_TP_69783E21A0
Tshopo,Banalia,Mangala,Bobanda,Poste de Santé,Bobanda,KSPH_TP_4FD8B780E1
Tshopo,Banalia,Mangala,Bongbendia,Site Soin Communautaire,Bobanda,KSPH_TP_BD7F41695B
Tshopo,Banalia,Mangala,Lolima,Poste de Santé,Lolima,KSPH_TP_CA3E2C5389
Tshopo,Banalia,Mangala,Bombolongo,Centre de Santé,Mangala,KSPH_TP_9A01109539
Tshopo,Banalia,Mangi,Mangi,Centre Hopitalier,Amani Mangi,KSPH_TP_61985E9C31
Tshopo,Banalia,Mangi,Mangi,Poste de Santé,Baabo,KSPH_TP_007637F90D
Tshopo,Banalia,Mangi,Balisi,Poste de Santé,Balisi,KSPH_TP_A3E1BE23B1
Tshopo,Banalia,Mangi,Mangi,Centre Médical,Baraka,KSPH_TP_A8CC03589F
Tshopo,Banalia,Mangi,Bodoma,Site Soin Communautaire,Bodoma,KSPH_TP_00A49BBC30
Tshopo,Banalia,Mangi,Bopago,Site Soin Communautaire,Bopago,KSPH_TP_CAF7FA1ACD
Tshopo,Banalia,Mangi,Citron,Poste de Santé,Citron,KSPH_TP_8BB93BD632
Tshopo,Banalia,Mangi,Mangi,Dispensaire,Gopher,KSPH_TP_9DCB410CEE
Tshopo,Banalia,Mangi,Israel,Poste de Santé,Israel,KSPH_TP_821D2EAF92
Tshopo,Banalia,Mangi,Mangi,Centre Médical,Lokandola,KSPH_TP_64F7CAC30B
Tshopo,Banalia,Mangi,Mangi,Centre Médical,Mabogi,KSPH_TP_835AB2F120
Tshopo,Banalia,Mangi,Mangi,Centre de Santé,Mangi,KSPH_TP_E3C872AF48
Tshopo,Banalia,Mangi,Mangi,Poste de Santé,Ngonga,KSPH_TP_0E564C77A9
Tshopo,Banalia,Mangi,Mangi,Centre Médical,Shaloom,KSPH_TP_86B334E5A1
Tshopo,Banalia,Mangi,Mangi,Dispensaire,Umoja,KSPH_TP_E742F12AC5
Tshopo,Banalia,Mosanda,Bongbamboli,Poste de Santé,Bongbamboli,KSPH_TP_46E8C2552A
Tshopo,Banalia,Mosanda,Bongoy,Poste de Santé,Bongoyi,KSPH_TP_69AC52943F
Tshopo,Banalia,Mosanda,Bakango,Site Soin Communautaire,Cnca,KSPH_TP_7BEB63DBD7
Tshopo,Banalia,Mosanda,Bokpi,Poste de Santé,Mapiso,KSPH_TP_7EA423E8F7
Tshopo,Banalia,Mosanda,Badumbe,Centre de Santé de Référence,Mosanda,KSPH_TP_00A2F2E58C
Tshopo,Banalia,Mosanda,Bakeri,Site Soin Communautaire,Mosanda,KSPH_TP_0FDD6B4CB6
Tshopo,Banalia,Mosanda,Bandima,Poste de Santé,Mosanda,KSPH_TP_4BBB96440F
Tshopo,Banalia,Motoma,Bobenge,Poste de Santé,Bobenge,KSPH_TP_E3DF47A0AD
Tshopo,Banalia,Motoma,Bobole,Site Soin Communautaire,Bobole,KSPH_TP_9454A7453C
Tshopo,Banalia,Motoma,Bolima,Site Soin Communautaire,Bolima,KSPH_TP_C6A03042E9
Tshopo,Banalia,Motoma,Bokita 1,Centre de Santé,Motoma,KSPH_TP_011B968898
Tshopo,Banalia,Panga,Panga Pakpulo,Poste de Santé,Anuarite,KSPH_TP_A141FD83B4
Tshopo,Banalia,Panga,Babendja,Poste de Santé,Babendja,KSPH_TP_BB3C06B732
Tshopo,Banalia,Panga,,Site Soin Communautaire,Badili,GRID3_FC658E57B8
Tshopo,Banalia,Panga,Bakombe,Site Soin Communautaire,Bakombe,KSPH_TP_2E44B10681
Tshopo,Banalia,Panga,Bamboloi 2,Poste de Santé,Bangbo,KSPH_TP_D99ED6EB17
Tshopo,Banalia,Panga,Panga Pakpulo,Poste de Santé,Infirmier Soigne Dieu Guerrit,KSPH_TP_72A0664251
Tshopo,Banalia,Panga,Bamboloi 2,Centre Médical,Maradri,KSPH_TP_E4FD5DB745
Tshopo,Banalia,Panga,Mopepe,Poste de Santé,Mopepe,KSPH_TP_6EE3667412
Tshopo,Banalia,Panga,Panga Aguba,Centre de Santé,Panga,KSPH_TP_ED69438B9E
Tshopo,Banalia,St Elisabeth,Longala,Poste de Santé,Longala,KSPH_TP_32D9F1638D
Tshopo,Banalia,St Elisabeth,Abangandongo 1,Centre de Santé,St Elisabeth,KSPH_TP_CF8C198649
Tshopo,Banalia,St Elisabeth,Bokote 2,Site Soin Communautaire,St Elisabeth,KSPH_TP_69B6046C7F
Tshopo,Banalia,Tele,Bombanzo,Site Soin Communautaire,Bobati,KSPH_TP_B01B478C98
Tshopo,Banalia,Tele,Bodoba,Site Soin Communautaire,Bomaa,KSPH_TP_37E35C861D
Tshopo,Banalia,Tele,Bogbunda,Site Soin Communautaire,Botembe,KSPH_TP_D83D58D855
Tshopo,Banalia,Tele,Mongboloso,Poste de Santé,Mongboloso,KSPH_TP_AD9190AF70
Tshopo,Banalia,Tele,Tele,Centre de Santé,Tele,KSPH_TP_5C2378479C
Tshopo,Banalia,Zambeke,Bodikpa,Poste de Santé,Bobenge,KSPH_TP_4F56E911CD
Tshopo,Banalia,Zambeke,Zambeke Centre,Dispensaire,La Divinite,KSPH_TP_145D4A6C73
Tshopo,Banalia,Zambeke,Bozendo,Site Soin Communautaire,Zambeke,KSPH_TP_FD150703D5
Tshopo,Banalia,Zambeke,Bobene,Centre de Santé,Zambeke,KSPH_TP_E5BA38D0C6
Tshopo,Basali,Bagbetambi,Bagbetambi,Centre de Santé,Bagbetambi,KSPH_TP_C26C610AC7
Tshopo,Basali,Bagbetambi,,Site Soin Communautaire,Bokongolia,GRID3_C123F87573
Tshopo,Basali,Bagbetambi,Bomenge Plaine,Poste de Santé,Bomenge Rive,KSPH_TP_076C0342CA
Tshopo,Basali,Bagbetambi,,Site Soin Communautaire,Gangala,GRID3_ED1DB4A73E
Tshopo,Basali,Bagbetambi,,Site Soin Communautaire,Yamatua,GRID3_034F087960
Tshopo,Basali,Bakere,Yandjo,Centre de Santé,Bakere,KSPH_TP_06C50B7589
Tshopo,Basali,Bakere,Bomenge,Poste de Santé,Bomenge,KSPH_TP_37C5C4F390
Tshopo,Basali,Bakere,Campement Mokeke,Site Soin Communautaire,Mokeke,KSPH_TP_BA62AF1452
Tshopo,Basali,Bakere,,Site Soin Communautaire,Ngbejiaka,GRID3_8D99516153
Tshopo,Basali,Bakere,Yekombe,Site Soin Communautaire,Yekombe,KSPH_TP_5C14588717
Tshopo,Basali,Banyungu,Banyungu,Centre de Santé,Banyungu,KSPH_TP_4AA3407A9B
Tshopo,Basali,Banyungu,Bogbalambongo,Poste de Santé,Bogbalambongo,KSPH_TP_6A72371A7B
Tshopo,Basali,Banyungu,Bondjoa,Site Soin Communautaire,Bogogo,KSPH_TP_02DED909D8
Tshopo,Basali,Banyungu,Bokangela,Site Soin Communautaire,Bokangela,KSPH_TP_6D9D39D710
Tshopo,Basali,Banyungu,Madidi,Site Soin Communautaire,Bongbalambongo,KSPH_TP_4FD69A3C30
Tshopo,Basali,Basali,Basali,Hôpital Général de Référence,Basali,KSPH_TP_2DDF08F8CF
Tshopo,Basali,Basali,Boyanga,Centre de Santé,Basali,KSPH_TP_48D80BE101
Tshopo,Basali,Basali,Basali,Bureau Central de la Zone de Santé,Basali,KSPH_TP_7BE93B6EC1
Tshopo,Basali,Basali,Koka,Site Soin Communautaire,Koka,KSPH_TP_3550FBAF29
Tshopo,Basali,Basali,Likele,Site Soin Communautaire,Lekele,KSPH_TP_FABE0E7804
Tshopo,Basali,Bogbogbo,Bogbale,Site Soin Communautaire,Bogbale,KSPH_TP_3A63D46960
Tshopo,Basali,Bogbogbo,Bogbogbo,Centre de Santé,Bogbogbo,KSPH_TP_98F18FA700
Tshopo,Basali,Bogbogbo,Bondambo,Poste de Santé,Bondambo,KSPH_TP_A23626C003
Tshopo,Basali,Bogbogbo,Boyanga,Site Soin Communautaire,Boyanga,KSPH_TP_34614F73D4
Tshopo,Basali,Bolika,Bolika,Centre de Santé,Bolika,KSPH_TP_7A9E27D2C6
Tshopo,Basali,Bolika,Bombase,Site Soin Communautaire,Bombase,KSPH_TP_54DC0B6E1D
Tshopo,Basali,Bolika,Bomenge Plaine,Poste de Santé,Bomenge Plaine,KSPH_TP_D4F7FD578C
Tshopo,Basali,Bolika,,Site Soin Communautaire,Likputu,GRID3_CBAAC6382B
Tshopo,Basali,Bolika,Lokenge,Site Soin Communautaire,Lokenge,KSPH_TP_B29D6A3715
Tshopo,Basali,Bolika,Yabwa,Site Soin Communautaire,Yagwa,KSPH_TP_83B0A9917C
Tshopo,Basali,Bombongo,Bodinga,Site Soin Communautaire,Bodinga,KSPH_TP_9573E7229B
Tshopo,Basali,Bombongo,Bombongo 2,Poste de Santé,Bodinga,KSPH_TP_DBBD6E843A
Tshopo,Basali,Bombongo,Bombongo 1,Centre de Santé,Bombongo,KSPH_TP_A39765BCEC
Tshopo,Basali,Bombongo,Bombongo 2,Centre de Santé,Bunga,KSPH_TP_4CFE3E31F4
Tshopo,Basali,Bombongo,,Site Soin Communautaire,Ziliba,GRID3_4C40ED6874
Tshopo,Basali,Bongbola,Bogbake,Site Soin Communautaire,Bogbake,KSPH_TP_8F8B7C0184
Tshopo,Basali,Bongbola,Bolombo,Site Soin Communautaire,Bolambo,KSPH_TP_CF121B1B57
Tshopo,Basali,Bongbola,Bongbola,Centre de Santé,Bongbola,KSPH_TP_9A08393A14
Tshopo,Basali,Bongbola,,Poste de Santé,Bongondjo,GRID3_1231ED045A
Tshopo,Basali,Bongbola,Botiba,Site Soin Communautaire,Botiba,KSPH_TP_0CCFE2382A
Tshopo,Basali,Bongbola,Ligoga,Poste de Santé,Ligoga,KSPH_TP_BEFF74A40D
Tshopo,Basali,Bunga,Badumbe,Poste de Santé,Badumbe,KSPH_TP_7DD2214C29
Tshopo,Basali,Bunga,Bakpamba 2,Site Soin Communautaire,Bokpamba,KSPH_TP_6B69337D40
Tshopo,Basali,Bunga,Bokpamba,Poste de Santé,Bokpamba,KSPH_TP_053C0CF181
Tshopo,Basali,Bunga,Buhanga 1,Poste de Santé,Bunga,KSPH_TP_4264A9CA9B
Tshopo,Basali,Bunga,Buhanga 2,Centre de Santé,Bunga,KSPH_TP_CE41ACDFD4
Tshopo,Basali,Bunga,,Site Soin Communautaire,Iboyi,GRID3_E5765376A9
Tshopo,Basali,Lileko,Bosau,Poste de Santé,Bosau,KSPH_TP_FABEDE2295
Tshopo,Basali,Lileko,Briques,Site Soin Communautaire,Bricque,KSPH_TP_28CD2C44C3
Tshopo,Basali,Lileko,Lileko,Centre de Santé,Lileko,KSPH_TP_15B80D19D4
Tshopo,Basali,Lileko,Mibongo 2,Site Soin Communautaire,Mibongo 2,KSPH_TP_61A38FC878
Tshopo,Basali,Lileko,Monda,Poste de Santé,Monda,KSPH_TP_37461D9D0D
Tshopo,Basali,Lileko,Forabola,Dispensaire,Sodefor,KSPH_TP_C6C2065F9B
Tshopo,Basali,Mongandjo,Bobati,Poste de Santé,Bobati,KSPH_TP_03052C20C7
Tshopo,Basali,Mongandjo,Bobaula,Poste de Santé,Bobaula,KSPH_TP_614F3B3AF7
Tshopo,Basali,Mongandjo,,Centre de Santé,Diocesaine,GRID3_4754A8E49B
Tshopo,Basali,Mongandjo,Gongota,Poste de Santé,Kitenge Lola Gongota,KSPH_TP_821CE49399
Tshopo,Basali,Mongandjo,Kulumete,Site Soin Communautaire,Kulumete,KSPH_TP_8CB4F3F560
Tshopo,Basali,Mongandjo,Licencie,Site Soin Communautaire,Licencie,KSPH_TP_A8FCF32097
Tshopo,Basali,Mongandjo,Mongandjo Poste,Centre de Santé,Mongandjo,KSPH_TP_46189320DA
Tshopo,Basali,Mongandjo,Mongandjo Poste,Site Soin Communautaire,Mongandjo,KSPH_TP_5061CB44BF
Tshopo,Basali,Mongandjo,Bobaula,Site Soin Communautaire,Pumuzika,KSPH_TP_343F395E18
Tshopo,Basali,Yambomba,Kpelekpele,Site Soin Communautaire,Kpelekpele,KSPH_TP_6D07DF8C7B
Tshopo,Basali,Yambomba,Likombe Katanga,Site Soin Communautaire,Likombe Katanga,KSPH_TP_B1442E712A
Tshopo,Basali,Yambomba,Yambomba,Dispensaire,Sodefor,KSPH_TP_863113C9AC
Tshopo,Basali,Yambomba,Yambomba,Centre de Santé,Yambomba,KSPH_TP_1E2D0DF0D8
Tshopo,Basali,Yambula,Libandi,Site Soin Communautaire,Libandi,KSPH_TP_C5A70F4F3A
Tshopo,Basali,Yambula,Yambula 1,Centre de Santé,Yambula,KSPH_TP_BD0E71410E
Tshopo,Basali,Yambula,Yambula 2,Poste de Santé,Yambula 2,KSPH_TP_52B6B551B1
Tshopo,Basali,Yambula,,Poste de Santé,yaluta,GRID3_05C32D2E5A
Tshopo,Basali,Yangbulu,,Site Soin Communautaire,Ndjanga,GRID3_E8441F2B55
Tshopo,Basali,Yangbulu,,Site Soin Communautaire,Yamatili,GRID3_881766E145
Tshopo,Basali,Yangbulu,Yamoloko,Poste de Santé,Yamokolo,KSPH_TP_955E73D0A7
Tshopo,Basali,Yangbulu,Yangbulu,Centre de Santé,Yangbulu,KSPH_TP_3FDFB0D4CC
Tshopo,Basoko,Ambambe,Bomba Nzoto,Poste de Santé,Bekitaka,KSPH_TP_F79D8118A3
Tshopo,Basoko,Ambambe,C C,Centre de Santé,Diocesain,KSPH_TP_6F419B3683
Tshopo,Basoko,Ambambe,Bomba Nzoto,Poste de Santé,Kisolokele,KSPH_TP_BA4F11C6DC
Tshopo,Basoko,Ambambe,Makele 2,Poste de Santé,La Grace,KSPH_TP_D3DCB3C489
Tshopo,Basoko,Ambambe,Makele 2,Poste de Santé,La Grace,KSPH_TP_AF41F72580
Tshopo,Basoko,Ambambe,Bandal,Poste de Santé,PNC,KSPH_TP_EA0F4446EB
Tshopo,Basoko,Ambambe,Yalinonge,Poste de Santé,Papa Louis Pasteur,KSPH_TP_A3BF19B3D8
Tshopo,Basoko,Ambambe,Bandal,Centre Médical,Salem,KSPH_TP_52137FF546
Tshopo,Basoko,Bafamba,Yakindua,Centre de Santé,Bafamba,KSPH_TP_B2212FC5F0
Tshopo,Basoko,Bafamba,Isako,Poste de Santé,Isako,KSPH_TP_EECFF998CE
Tshopo,Basoko,Bafamba,Mbutu,Poste de Santé,Mbutu,KSPH_TP_0FDB115671
Tshopo,Basoko,Bafamba,Yakindua,Poste de Santé,Yakindua,KSPH_TP_B9070F851E
Tshopo,Basoko,Bafamba,Yasambe,Site Soin Communautaire,Yasambe,KSPH_TP_DCFA83231B
Tshopo,Basoko,Bandu Cité,Saliboko,Centre de Santé,Bandu Cite,KSPH_TP_72CDDCED2F
Tshopo,Basoko,Bandu Cité,Salongo,Poste de Santé,Cmel,KSPH_TP_2FA144015F
Tshopo,Basoko,Bandu Cité,Molende,Centre de Santé,Molende,KSPH_TP_7B09C418D8
Tshopo,Basoko,Bandu Cité,Esangamawa,Poste de Santé,Salem,KSPH_TP_4108EEE06A
Tshopo,Basoko,Bandu Cité,Yangoma Molifa,Site Soin Communautaire,Yangoma,KSPH_TP_D6FBF3099F
Tshopo,Basoko,Bandu Collectivite,Yamoela,Centre de Santé,Bandu Collectivite,KSPH_TP_FF178C3069
Tshopo,Basoko,Bandu Collectivite,Iyenge,Poste de Santé,Iyenge,KSPH_TP_07455BE2BA
Tshopo,Basoko,Bandu Collectivite,Losilo,Poste de Santé,Lobiko,KSPH_TP_DCB5D559B2
Tshopo,Basoko,Bandu Collectivite,Ngima,Poste de Santé,Ngima,KSPH_TP_FCC46F7AF3
Tshopo,Basoko,Bandu Collectivite,Yaboloko,Site Soin Communautaire,Yaboloko,KSPH_TP_E0C0631212
Tshopo,Basoko,Bandu Collectivite,Yekakule,Poste de Santé,Yakakule,KSPH_TP_276C3036FF
Tshopo,Basoko,Bandu Collectivite,Yambienene,Poste de Santé,Yambienene,KSPH_TP_4CF9502151
Tshopo,Basoko,Bokondo,Basakani,Poste de Santé,Basakani,KSPH_TP_5FBCEABD5A
Tshopo,Basoko,Bokondo,Bokondo,Centre de Santé,Bokondo,KSPH_TP_D070B52766
Tshopo,Basoko,Bokondo,Yabibi,Site Soin Communautaire,Bokondo,KSPH_TP_46A142032E
Tshopo,Basoko,Bolikango,Baonde 1,Centre de Santé,Baonde,KSPH_TP_A5715A6C29
Tshopo,Basoko,Bolikango,Bolikango 1,Poste de Santé,Bolikango,KSPH_TP_64E983E9C6
Tshopo,Basoko,Bolikango,Bomboma,Poste de Santé,Bomboma,KSPH_TP_BCD6034E06
Tshopo,Basoko,Bolikango,Longa,Site Soin Communautaire,Longa,KSPH_TP_836C65BC06
Tshopo,Basoko,Boulo,Boulo,Centre de Santé,Boulo,KSPH_TP_87EC71B936
Tshopo,Basoko,Boulo,Ewolo,Poste de Santé,Ewolo,KSPH_TP_532B29FBB7
Tshopo,Basoko,Bumane,Baswa,Poste de Santé,Baswa,KSPH_TP_AB4BD7E18D
Tshopo,Basoko,Bumane,Yamotumbia,Centre de Santé,Bumane,KSPH_TP_D4E1C12843
Tshopo,Basoko,Bumane,Yakoyo,Poste de Santé,Yakoyo,KSPH_TP_F4828FBBFD
Tshopo,Basoko,Bumane,Yambese Mbutu,Poste de Santé,Yambese Mbutu,KSPH_TP_A139DB933B
Tshopo,Basoko,Liambe,,Poste de Santé,Bokpolua,GRID3_B83A473B10
Tshopo,Basoko,Liambe,Liambe 1,Centre de Santé,Liambe,KSPH_TP_2854C46AC2
Tshopo,Basoko,Libamba,6 E,Centre de Santé,Bolingo,KSPH_TP_2663966035
Tshopo,Basoko,Libamba,13 Avenue,Dispensaire,Lys,KSPH_TP_415E5EB368
Tshopo,Basoko,Libamba,1 E Bis,Poste de Santé,Nuee,KSPH_TP_1D6980C9D0
Tshopo,Basoko,Lisalama,Lisalama,Centre de Santé,Lisalama,KSPH_TP_65F3057BB3
Tshopo,Basoko,Lisalama,Matale,Site Soin Communautaire,Lisalama,KSPH_TP_876831FD19
Tshopo,Basoko,Lisalama,Nsele,Poste de Santé,Nsele,KSPH_TP_6C972721D3
Tshopo,Basoko,Lisalama,Yamangele,Poste de Santé,Saleme,KSPH_TP_315DCD3A5D
Tshopo,Basoko,Lokumete,Yalifombo,Centre Médical,Bethsaida,KSPH_TP_B6559FE5E6
Tshopo,Basoko,Lokumete,Likoy,Centre de Santé,Lokumete,KSPH_TP_7C741BFC85
Tshopo,Basoko,Lokumete,Yalifombo,Site Soin Communautaire,Lokumete,KSPH_TP_DBD1D5DEAF
Tshopo,Basoko,Lokumete,C Hopital,Hôpital,Lokumete Phc,KSPH_TP_BEDEF5E9D9
Tshopo,Basoko,Lokumete,Yalifombo,Poste de Santé,Yalifombo Rive,KSPH_TP_24A0AF8425
Tshopo,Basoko,Lokutu,Independance,Poste de Santé,Esole,KSPH_TP_0C6FBB65A6
Tshopo,Basoko,Lokutu,Mission Cath,Centre de Santé,Marie Louise,KSPH_TP_8406FD1E84
Tshopo,Basoko,Lokutu,Makongo,Hôpital,Phc Lokutu,KSPH_TP_2F33E92B72
Tshopo,Basoko,Mambandu,Simisimi,Centre Médical,El Simisimi Basoko,KSPH_TP_3A1325D1C4
Tshopo,Basoko,Mambandu,2 E 2 E Office,Centre Médical,Lunite Basoko,KSPH_TP_F42479DAB1
Tshopo,Basoko,Mambandu,Aswanga,Site Soin Communautaire,Mambandu,KSPH_TP_29E2FDD023
Tshopo,Basoko,Mambandu,1 E 1 E Office,Centre de Santé,Umoja,KSPH_TP_0B29812F7A
Tshopo,Basoko,Sokinex,Botende,Site Soin Communautaire,Botende,KSPH_TP_FE56DE24D4
Tshopo,Basoko,Sokinex,Sokinex,Centre de Santé,Sokinex,KSPH_TP_30EDAB95B0
Tshopo,Basoko,Toyokana,General,Hôpital Général de Référence,Basoko,KSPH_TP_7D777181AB
Tshopo,Basoko,Toyokana,Yeno Administr,Bureau Central de la Zone de Santé,Basoko,KSPH_TP_FDC6247FBC
Tshopo,Basoko,Toyokana,Koki,Poste de Santé,Koki,KSPH_TP_180DEA8F5A
Tshopo,Basoko,Toyokana,Bongbakpa,Centre de Santé,Toyokana,KSPH_TP_5169CABB3A
Tshopo,Basoko,Toyokana,Songomani,Poste de Santé,Toyokana,KSPH_TP_69AC827F57
Tshopo,Basoko,Toyokana,Yamaele 2,Site Soin Communautaire,Toyokana,KSPH_TP_B63D622B75
Tshopo,Basoko,Yalemba,Bokondo Rive,Poste de Santé,Bokondo Rive,KSPH_TP_D6FAC80E9D
Tshopo,Basoko,Yalemba,Yaolo,Centre Médical,Gloire A Dieu,KSPH_TP_34217543F9
Tshopo,Basoko,Yalemba,Yabibi Rive,Site Soin Communautaire,Yabibi,KSPH_TP_270C34F516
Tshopo,Basoko,Yalemba,Mission,Centre de Santé de Référence,Yalemba,KSPH_TP_93374FF4C2
Tshopo,Basoko,Yalemba,Yebisa,Poste de Santé,Yebisa,KSPH_TP_34ABD61EA6
Tshopo,Basoko,Yamokanda,Yandani,Centre Médical,La Visitation Divine,KSPH_TP_B9F44AB55B
Tshopo,Basoko,Yamokanda,Yamofilele,Poste de Santé,Yamofilele,KSPH_TP_306844D29F
Tshopo,Basoko,Yamokanda,Bosuku,Site Soin Communautaire,Yamokanda,KSPH_TP_9E56785089
Tshopo,Basoko,Yamokanda,Yamokanda,Centre de Santé,Yamokanda,KSPH_TP_1B78F292A1
Tshopo,Basoko,Yamokanda,Yangomu,Poste de Santé,Yangomu,KSPH_TP_D57DD85956
Tshopo,Basoko,Yangbongbo,Bomenge,Poste de Santé,Yabangia,KSPH_TP_4E2BA2C1AC
Tshopo,Basoko,Yangbongbo,Yalikanza,Poste de Santé,Yalikanza,KSPH_TP_2FCD3F3F79
Tshopo,Basoko,Yangbongbo,Yamanbgolia,Site Soin Communautaire,Yamangbolia,KSPH_TP_C4238D5464
Tshopo,Basoko,Yangbongbo,Yamokatu,Poste de Santé,Yamokatu,KSPH_TP_C34D2E9ECA
Tshopo,Basoko,Yangbongbo,Yamosenge,Poste de Santé,Yamosenge,KSPH_TP_5614F555F3
Tshopo,Basoko,Yangbongbo,Yangbongbo,Centre de Santé,Yangbongbo,KSPH_TP_6CD02DB5E4
Tshopo,Basoko,Yaonga,Yaelanga,Poste de Santé,Wawa Odue,KSPH_TP_7C71C12253
Tshopo,Basoko,Yaonga,Yadjegele,Site Soin Communautaire,Yadjegele,KSPH_TP_5112ABC0B8
Tshopo,Basoko,Yaonga,Yakuki,Site Soin Communautaire,Yakuki,KSPH_TP_DFFA83E2FD
Tshopo,Basoko,Yaonga,Yalimbili,Poste de Santé,Yalimbili,KSPH_TP_D2CCD7F99A
Tshopo,Basoko,Yaonga,Yamokwa,Poste de Santé,Yamokwa,KSPH_TP_537AC7E988
Tshopo,Basoko,Yaonga,Yaonga,Centre de Santé,Yaonga,KSPH_TP_E56D7D5BFE
Tshopo,Basoko,Yawinawina,Bondika,Poste de Santé,Bondika,KSPH_TP_482A46C68C
Tshopo,Basoko,Yawinawina,Yaelimu,Poste de Santé,Yaelimu,KSPH_TP_B88B905A75
Tshopo,Basoko,Yawinawina,Yalulu,Poste de Santé,Yalulu,KSPH_TP_35A095814B
Tshopo,Basoko,Yawinawina,Yangombi,Poste de Santé,Yangombi,KSPH_TP_8328E38AB8
Tshopo,Basoko,Yawinawina,Yangwa,Poste de Santé,Yangwa,KSPH_TP_F6D837A337
Tshopo,Basoko,Yawinawina,Yasomboni,Poste de Santé,Yasomboni,KSPH_TP_55DCAAF0C7
Tshopo,Basoko,Yawinawina,Yawinawina,Centre de Santé,Yawinawina,KSPH_TP_F573DFBEF0
Tshopo,Basoko,Yawinawina,Yaeloti,Site Soin Communautaire,Yawinawina,KSPH_TP_AAB13D4B82
Tshopo,Bengamisa,Abulakama,Angbangba,Site Soin Communautaire,Abulakama,KSPH_TP_F60CA12FA3
Tshopo,Bengamisa,Abulakama,Abulakama,Centre de Santé,Abulakama,KSPH_TP_854304DB60
Tshopo,Bengamisa,Abulakama,Amboleka,Site Soin Communautaire,Amboleka,KSPH_TP_746B5309A9
Tshopo,Bengamisa,Abulakama,Bagbanye,Poste de Santé,Bagbanye,KSPH_TP_6C2B14953F
Tshopo,Bengamisa,Abulakama,Bandangbe 1,Poste de Santé,Bandangbe 1,KSPH_TP_3099A59AA7
Tshopo,Bengamisa,Abulakama,Bangoli,Site Soin Communautaire,Bangoli,KSPH_TP_2CCF7CB026
Tshopo,Bengamisa,Abulakama,Banyoe,Site Soin Communautaire,Banyoe,KSPH_TP_521A8F5714
Tshopo,Bengamisa,Badambila,Badambila,Centre de Santé,Badambila,KSPH_TP_2389C12FFA
Tshopo,Bengamisa,Badambila,Badjoge,Poste de Santé,Badjoge,KSPH_TP_685459DFF0
Tshopo,Bengamisa,Badambila,Bahale,Site Soin Communautaire,Bahale,KSPH_TP_AA6819DEDA
Tshopo,Bengamisa,Badambila,Bambae 1,Site Soin Communautaire,Bambae 1,KSPH_TP_06EF9333F2
Tshopo,Bengamisa,Badambila,Palia,Site Soin Communautaire,Palia,KSPH_TP_0F9AF652F1
Tshopo,Bengamisa,Badambila,Badjoge,Poste de Santé,Uzima,KSPH_TP_9AAF063F36
Tshopo,Bengamisa,Bagbanye,,Site Soin Communautaire,Alohale,GRID3_4C2A13E10C
Tshopo,Bengamisa,Bagbanye,Alohale,Site Soin Communautaire,Bagbanye,KSPH_TP_D013277AC5
Tshopo,Bengamisa,Bagbanye,Bagbanye,Centre de Santé de Référence,Bagbanye,KSPH_TP_5EBE18C2A6
Tshopo,Bengamisa,Bagbanye,Bakobi,Poste de Santé,Bakobi,KSPH_TP_DDA5313AED
Tshopo,Bengamisa,Bakobo,Bakuti,Poste de Santé,Bakobo,KSPH_TP_9D09603513
Tshopo,Bengamisa,Bakobo,Bambudje,Site Soin Communautaire,Bakobo,KSPH_TP_7392268AF5
Tshopo,Bengamisa,Bakobo,Bogboa,Centre de Santé,Bakobo,KSPH_TP_C3578BF7EA
Tshopo,Bengamisa,Bakobo,Bambade,Dispensaire,Ngoma,KSPH_TP_612352EB3A
Tshopo,Bengamisa,Bakobo,Bambade,Centre Médical,Wello,KSPH_TP_E4A82778E7
Tshopo,Bengamisa,Bambane,Bambane 1,Poste de Santé,Bambane,KSPH_TP_F3B1F669A5
Tshopo,Bengamisa,Bambane,Bambane 3,Centre de Santé,Bambane,KSPH_TP_EB0528807D
Tshopo,Bengamisa,Bambane,Bambane 3,Dispensaire,Gloire A Dieu,KSPH_TP_F9E408EA9B
Tshopo,Bengamisa,Bambane,Baombi Chute,Site Soin Communautaire,Wamba Baombi Chute,KSPH_TP_353D2AC336
Tshopo,Bengamisa,Bambue,Bambue,Centre de Santé de Référence,Bambue,KSPH_TP_86DA950507
Tshopo,Bengamisa,Bambue,Baume,Site Soin Communautaire,Bambue,KSPH_TP_521214F819
Tshopo,Bengamisa,Bambue,Baume,Dispensaire,Benediction,KSPH_TP_3F98F666ED
Tshopo,Bengamisa,Bambue,Bambue,Dispensaire,Gloire A Dieu,KSPH_TP_1C9337EB69
Tshopo,Bengamisa,Bambue,,Site Soin Communautaire,Kpobo,GRID3_0771CCE590
Tshopo,Bengamisa,Bambue,,Site Soin Communautaire,Liambo,GRID3_4ACD45AB38
Tshopo,Bengamisa,Bambue,Bagbamboli,Dispensaire,Lobiko,KSPH_TP_D5EA78BD62
Tshopo,Bengamisa,Bambue,,Site Soin Communautaire,Mwambi,GRID3_8A426F7C6C
Tshopo,Bengamisa,Bangole,Basolombi 1,Poste de Santé,Akebo,KSPH_TP_CC0792A518
Tshopo,Bengamisa,Bangole,Bangole 2,Centre de Santé,Bangole,KSPH_TP_53B98206FA
Tshopo,Bengamisa,Bangole,Bayangene,Site Soin Communautaire,Bangole,KSPH_TP_D231CB9319
Tshopo,Bengamisa,Bangole,Bakombile 1,Dispensaire,Isaba,KSPH_TP_0EE1029004
Tshopo,Bengamisa,Bangole,Basolombi 1,Dispensaire,Pilipili,KSPH_TP_EF3D289C21
Tshopo,Bengamisa,Banjwade,Azolo,Site Soin Communautaire,Azolo,KSPH_TP_60B7B98B1C
Tshopo,Bengamisa,Banjwade,Badui,Poste de Santé,Badui,KSPH_TP_3A01824476
Tshopo,Bengamisa,Banjwade,Banjwade,Centre de Santé,Banjwade,KSPH_TP_0A9A36F494
Tshopo,Bengamisa,Banjwade,Baume,Site Soin Communautaire,Baume 3,KSPH_TP_F62ECC38F2
Tshopo,Bengamisa,Banjwade,Transco,Poste de Santé,Belgika,KSPH_TP_543DAB3812
Tshopo,Bengamisa,Banjwade,Belgika,Dispensaire,Bon Samaritain,KSPH_TP_E334032757
Tshopo,Bengamisa,Banjwade,Belgika,Dispensaire,Bora Uzuma,KSPH_TP_DD4B0A068C
Tshopo,Bengamisa,Banjwade,Transco,Centre Médical,Brama,KSPH_TP_AF16D7C2F7
Tshopo,Bengamisa,Banjwade,Boliambe,Poste de Santé,Imani Ni Dawa,KSPH_TP_BD836DBC44
Tshopo,Bengamisa,Banjwade,Belgika,Dispensaire,Lilemo,KSPH_TP_F2A63433D1
Tshopo,Bengamisa,Banjwade,Transco,Centre Médical,Lumiere,KSPH_TP_9AEFAE5D84
Tshopo,Bengamisa,Bawi,Amex Bois,Site Soin Communautaire,Amex Bois,KSPH_TP_E103790B2A
Tshopo,Bengamisa,Bawi,Bawi,Centre de Santé,Bawi,KSPH_TP_75993E0EDC
Tshopo,Bengamisa,Bawi,Amex Bois,Dispensaire,Emergence,KSPH_TP_253322B4A5
Tshopo,Bengamisa,Bawi,Bawi,Dispensaire,Mapamboli,KSPH_TP_CF8FE94C2E
Tshopo,Bengamisa,Bawi,Bawi,Dispensaire,Saint Thomas,KSPH_TP_3FBE5C83D3
Tshopo,Bengamisa,Bawi,Bayanguma,Dispensaire,Tumaini,KSPH_TP_FA81ADDDF5
Tshopo,Bengamisa,Bayangene,Bagbukome,Site Soin Communautaire,Bagbukamo,KSPH_TP_9AD7802636
Tshopo,Bengamisa,Bayangene,Bandjae,Site Soin Communautaire,Bandjae,KSPH_TP_42008DAAE3
Tshopo,Bengamisa,Bayangene,Bayangene,Centre de Santé,Bayangene,KSPH_TP_0379811273
Tshopo,Bengamisa,Bayangene,Bayasangi,Poste de Santé,Bayasangi,KSPH_TP_930EF3AC7D
Tshopo,Bengamisa,Bayangene,Bayangene,Dispensaire,Dieu Des Miracles,KSPH_TP_C47ACE6AC1
Tshopo,Bengamisa,Bayanguma,Bambae,Site Soin Communautaire,Bambae,KSPH_TP_D53F17E6D6
Tshopo,Bengamisa,Bayanguma,Bayanguma,Centre de Santé,Bayanguma,KSPH_TP_2A877761AD
Tshopo,Bengamisa,Bayanguma,Bayanguma,Dispensaire,Don Dieu,KSPH_TP_28EF72B87D
Tshopo,Bengamisa,Bayanguma,Bambae,Dispensaire,Merveille Dieu,KSPH_TP_04D83F02EB
Tshopo,Bengamisa,Bengamisa Cath,Bayangonde,Site Soin Communautaire,Bayakonge,KSPH_TP_7EE2E9F738
Tshopo,Bengamisa,Bengamisa Cath,Bengamisa Poste,Hôpital Général de Référence,Bengamisa,KSPH_TP_E8D66036D1
Tshopo,Bengamisa,Bengamisa Cath,Bengamisa Poste,Bureau Central de la Zone de Santé,Bengamisa,KSPH_TP_D99C0B77A6
Tshopo,Bengamisa,Bengamisa Cath,Bambawe,Centre de Santé,Bengamisa Cath,KSPH_TP_91076C5270
Tshopo,Bengamisa,Bengamisa Cath,Bamboloi 1,Poste de Santé,Chez Isaba,KSPH_TP_A1C4E25611
Tshopo,Bengamisa,Bengamisa Cath,Yambelo,Poste de Santé,Chez Wiston,KSPH_TP_C0F0C5A5E3
Tshopo,Bengamisa,Bengamisa Cath,Isea,Poste de Santé,Isea,KSPH_TP_DBD8DBE5C7
Tshopo,Bengamisa,Bengamisa Cath,Bamboloi 1,Poste de Santé,Yambelo,KSPH_TP_50B7DFF102
Tshopo,Bengamisa,Bobiti,Badile,Dispensaire,Aime Senga,KSPH_TP_2CF259EEC5
Tshopo,Bengamisa,Bobiti,Badile,Dispensaire,Badile 1,KSPH_TP_60ED76C5E9
Tshopo,Bengamisa,Bobiti,Badile,Site Soin Communautaire,Badile Vrai,KSPH_TP_2467F82ECD
Tshopo,Bengamisa,Bobiti,Bgbume,Site Soin Communautaire,Bagbume,KSPH_TP_E135385BC9
Tshopo,Bengamisa,Bobiti,Bobiti 1,Centre de Santé,Bobiti,KSPH_TP_07687A8D23
Tshopo,Bengamisa,Bobiti,Bobiti 2,Site Soin Communautaire,Bobiti 2,KSPH_TP_2B94680166
Tshopo,Bengamisa,Kapalata,Bangwade,Dispensaire,Apidu,KSPH_TP_60E8D6BA7D
Tshopo,Bengamisa,Kapalata,Bagbanye,Poste de Santé,Bagbanye,KSPH_TP_5FC3ADF1A0
Tshopo,Bengamisa,Kapalata,Bawombi,Site Soin Communautaire,Bawombi,KSPH_TP_D8B96F136F
Tshopo,Bengamisa,Kapalata,Bayanguma,Site Soin Communautaire,Bayanguma,KSPH_TP_CF0BBE3CB7
Tshopo,Bengamisa,Kapalata,Bangbungbe,Poste de Santé,Dieu Voit Tout Papo Adawa,KSPH_TP_ED01E25B1F
Tshopo,Bengamisa,Kapalata,Bangwade,Centre de Santé,Kapalata,KSPH_TP_AFCFB596CB
Tshopo,Bengamisa,Lokeli,Yambuya 2,Poste de Santé,Bahuamba,KSPH_TP_7114289021
Tshopo,Bengamisa,Lokeli,Bandele 2,Site Soin Communautaire,Bandele,KSPH_TP_268A95A5CB
Tshopo,Bengamisa,Lokeli,Bandele 3,Poste de Santé,Bandele,KSPH_TP_854467332C
Tshopo,Bengamisa,Lokeli,Bendakay,Site Soin Communautaire,Bendakay,KSPH_TP_68CBFF044B
Tshopo,Bengamisa,Lokeli,Lokeli 1,Centre de Santé,Lokeli,KSPH_TP_4428F544CD
Tshopo,Bengamisa,Lokeli,Lokeli 2,Site Soin Communautaire,Lokeli,KSPH_TP_06A0947A56
Tshopo,Bengamisa,Mambo,Banyoi,Poste de Santé,Banyoi,KSPH_TP_E8DC4FE1D4
Tshopo,Bengamisa,Mambo,Bangboa,Centre de Santé,Mambo,KSPH_TP_50CF1E7B35
Tshopo,Bengamisa,Mambo,Salisama,Site Soin Communautaire,Mambo,KSPH_TP_875F301712
Tshopo,Bengamisa,Mambo,Bodjakede,Poste de Santé,Pk 101,KSPH_TP_AA88EF9558
Tshopo,Bengamisa,Mambo,Badjamane,Dispensaire,Pour Tous,KSPH_TP_18BF2223ED
Tshopo,Bengamisa,Mambo,,Site Soin Communautaire,Salisama,GRID3_BD9AA2E310
Tshopo,Bengamisa,Mambo,Bogbende,Dispensaire,Uzima,KSPH_TP_CFBD31C91D
Tshopo,Bengamisa,Pont Lindi,Batchutche,Poste de Santé,Batchutche,KSPH_TP_D0C8B9BADC
Tshopo,Bengamisa,Pont Lindi,Bayaswa,Dispensaire,Cpecok,KSPH_TP_40DE0C02FB
Tshopo,Bengamisa,Pont Lindi,Badile,Dispensaire,Jeremie,KSPH_TP_FE63FE12F6
Tshopo,Bengamisa,Pont Lindi,Bayaswa,Dispensaire,Nzambe Azali,KSPH_TP_7445C61FE9
Tshopo,Bengamisa,Pont Lindi,Badile,Centre de Santé,Pont Lindi,KSPH_TP_14BF3B10C7
Tshopo,Isangi,Baonga,Yamoto,Centre de Santé,Baonga,KSPH_TP_A110EAF6DB
Tshopo,Isangi,Baonga,Yeoli,Poste de Santé,Mangala,KSPH_TP_AEFCDB1F23
Tshopo,Isangi,Baonga,Yengela,Site Soin Communautaire,Yengela,KSPH_TP_0752E8B513
Tshopo,Isangi,Ekutsu,Ekutsu,Centre de Santé,Ekutsu,KSPH_TP_03D90C936F
Tshopo,Isangi,Ekutsu,Ekutsu,Dispensaire,Inera Ekutsu,KSPH_TP_5FABBD58FB
Tshopo,Isangi,Ilambi,Ilambi Etat,Centre de Santé,Ilambi,KSPH_TP_B0AD06ED3F
Tshopo,Isangi,Ilambi,Lieki,Poste de Santé,Lieki,KSPH_TP_9973EF3B22
Tshopo,Isangi,Ilambi,Lionga,Poste de Santé,Lionga,KSPH_TP_A0F62B8016
Tshopo,Isangi,Ilambi,Yakatu,Site Soin Communautaire,Yakatu,KSPH_TP_E1959331C1
Tshopo,Isangi,Ilondo,Ilondo,Centre de Santé,Ilondo,KSPH_TP_B3FA0617CF
Tshopo,Isangi,Ilondo,Campement Lifoto,Site Soin Communautaire,Lifoto,KSPH_TP_04F10E97F5
Tshopo,Isangi,Ilondo,Yamesema,Poste de Santé,Yamesema,KSPH_TP_832B39ABB9
Tshopo,Isangi,Ilondo,Yabisa 1,Poste de Santé,Yebisa 1,KSPH_TP_346B95368A
Tshopo,Isangi,Inera,Likango,Poste de Santé,Ewaya,KSPH_TP_940F69F32B
Tshopo,Isangi,Inera,Likango,Centre Hopitalier,Inera,KSPH_TP_7B7DABD0C8
Tshopo,Isangi,Inera,Bangala,Centre de Santé,Inera Bangala,KSPH_TP_EF58295963
Tshopo,Isangi,Inera,Lumumba,Poste de Santé,Lumumba,KSPH_TP_5EC4D254B7
Tshopo,Isangi,Inera,Moussa,Site Soin Communautaire,Moussa,KSPH_TP_BCF98A2D27
Tshopo,Isangi,Inera,Bangala,Centre de Santé,Prive Dieu Merci,KSPH_TP_B1A2C78774
Tshopo,Isangi,Lilanda,Yaekama,Poste de Santé,Inera Yaekama,KSPH_TP_03D838CDD9
Tshopo,Isangi,Lilanda,Lilanda,Centre de Santé,Lilanda,KSPH_TP_F3F60F7649
Tshopo,Isangi,Lilanda,Yaekama,Poste de Santé,Yaekama Village,KSPH_TP_7D86571362
Tshopo,Isangi,Lilanda,Yaekela,Poste de Santé,Yaekela,KSPH_TP_D736AE379E
Tshopo,Isangi,Loholo,Bieti,Poste de Santé,Bieti,KSPH_TP_C6C74881BF
Tshopo,Isangi,Loholo,Bieti,Site Soin Communautaire,Bieti,KSPH_TP_DB552CEF7D
Tshopo,Isangi,Loholo,Loholo,Centre de Santé,Loholo,KSPH_TP_4D492FA2CA
Tshopo,Isangi,Loholo,Yandja Lac,Site Soin Communautaire,Yandja Lac,KSPH_TP_B85F67A8C9
Tshopo,Isangi,Loholo,Yaosayo,Poste de Santé,Yaosayo,KSPH_TP_2F95533826
Tshopo,Isangi,Lomboto,Lomboto,Poste de Santé,La Grace,KSPH_TP_84B81F9E56
Tshopo,Isangi,Lomboto,Commercial,Centre de Santé de Référence,Lomboto Referance,KSPH_TP_6B211DAD29
Tshopo,Isangi,Lomboto,Commercial,Centre de Santé,Mapendo,KSPH_TP_07AFA9E2AE
Tshopo,Isangi,Lomboto,Commercial,Centre Hopitalier,Pnc,KSPH_TP_5B4CBF848F
Tshopo,Isangi,Lusambila,Lusambila,Poste de Santé,Bondeko,KSPH_TP_D2922E9A41
Tshopo,Isangi,Lusambila,Ifa,Poste de Santé,Ifa,KSPH_TP_080DD32877
Tshopo,Isangi,Lusambila,Lusambila,Centre de Santé,Lusambila,KSPH_TP_D957FBB4C3
Tshopo,Isangi,Weko,Ngawi,Poste de Santé,Agapao,KSPH_TP_7792AD12D0
Tshopo,Isangi,Weko,Ndjiapanda,Poste de Santé,Bethsaida,KSPH_TP_CC669C3006
Tshopo,Isangi,Weko,Yambau,Site Soin Communautaire,Bolembe,KSPH_TP_83F01F9373
Tshopo,Isangi,Weko,Ngawi,Poste de Santé,Inera Ngazi,KSPH_TP_7AE47CCCBD
Tshopo,Isangi,Weko,Ndjiapanda,Centre Médical,Shalom,KSPH_TP_FF31EF94EF
Tshopo,Isangi,Weko,Weko,Centre de Santé,Weko,KSPH_TP_9F5A69F114
Tshopo,Isangi,Weko,Yaliboto,Site Soin Communautaire,Yaliboto,KSPH_TP_06FF713CCE
Tshopo,Isangi,Weko,Yalibwa,Poste de Santé,Yalibua,KSPH_TP_DC41F60BF3
Tshopo,Isangi,Weko,Yambau,Poste de Santé,Yambau,KSPH_TP_C92A8DDA9A
Tshopo,Isangi,Yabasabola,Loleka Et Ebolo,Site Soin Communautaire,Lokoka,KSPH_TP_AB65BCDE37
Tshopo,Isangi,Yabasabola,Yabasabola 1,Centre de Santé,Yabasabola,KSPH_TP_6F42E5E40D
Tshopo,Isangi,Yabongengo,Yabongengo,Poste de Santé,Yabongengo,KSPH_TP_A73E7A4082
Tshopo,Isangi,Yabongengo,Yagole,Poste de Santé,Yagole,KSPH_TP_387217F96C
Tshopo,Isangi,Yabongengo,Yalokaya,Poste de Santé,Yalokaya,KSPH_TP_8B9C4539CE
Tshopo,Isangi,Yabongengo,Yandjambi,Poste de Santé,Yandjambi 2,KSPH_TP_701304089B
Tshopo,Isangi,Yabongengo,Yanginda,Site Soin Communautaire,Yanginda,KSPH_TP_3E3671BEA5
Tshopo,Isangi,Yabongengo,Yabongonga,Centre de Santé de Référence,Yankeleli Yabongengo,KSPH_TP_D338D4A716
Tshopo,Isangi,Yabotianongo,Booto,Centre de Santé,Yabotianongo,KSPH_TP_642B0CBFDF
Tshopo,Isangi,Yabotianongo,Yaitalema,Poste de Santé,Yaitalema,KSPH_TP_948D9FF45B
Tshopo,Isangi,Yabotianongo,Yalikako,Site Soin Communautaire,Yalikako,KSPH_TP_1921CA01CE
Tshopo,Isangi,Yabotianongo,Yalosambo 1,Site Soin Communautaire,Yalosambo 1,KSPH_TP_F966C4FD9F
Tshopo,Isangi,Yabotianongo,Yamboy,Poste de Santé,Yamboy,KSPH_TP_B22832D4AE
Tshopo,Isangi,Yabotianongo,Yasendola Yalomongo,Site Soin Communautaire,Yasendola Yalomongo,KSPH_TP_B0DA03E9BD
Tshopo,Isangi,Yaelomba,Libunga,Centre de Santé,Yaelomba,KSPH_TP_D0424D390F
Tshopo,Isangi,Yaelomba,Yandjali,Poste de Santé,Yandjali,KSPH_TP_AEE4E472AB
Tshopo,Isangi,Yaelomba,Yangonda,Poste de Santé,Yangonda,KSPH_TP_FD684E66A5
Tshopo,Isangi,Yaelomba,Yatula,Poste de Santé,Yatula,KSPH_TP_EE15B9A4EE
Tshopo,Isangi,Yafunga,Bondjele,Poste de Santé,Bondjele,KSPH_TP_8C3436E859
Tshopo,Isangi,Yafunga,Bondjele,Site Soin Communautaire,Ibukele Bukele,KSPH_TP_46599CE9EE
Tshopo,Isangi,Yafunga,Yafolo,Poste de Santé,Yafolo,KSPH_TP_B8E0B5692E
Tshopo,Isangi,Yafunga,Yafunga,Centre de Santé,Yafunga,KSPH_TP_209EB0F709
Tshopo,Isangi,Yafunga,Yalufi,Poste de Santé,Yalufi,KSPH_TP_83C18FC65D
Tshopo,Isangi,Yafunga,Yalufi,Centre Médical,Yalufi Capital,KSPH_TP_55D2D1C4D6
Tshopo,Isangi,Yalikina,,Site Soin Communautaire,Esilo,GRID3_F81A7B3766
Tshopo,Isangi,Yalikina,Yalikina Mipila Yaohend,Bureau Central de la Zone de Santé,Isangi,KSPH_TP_2A7A9E322C
Tshopo,Isangi,Yalikina,Yalikina Mipila Yaohend,Hôpital Général de Référence,Isangi,KSPH_TP_9D2000E524
Tshopo,Isangi,Yalikina,Yalikina Mipila Yaohend,Poste de Santé,La Grace,KSPH_TP_3534D1DA93
Tshopo,Isangi,Yalikina,Yalikina Mipila Yaohend,Poste de Santé,Malaika,KSPH_TP_D67871FB01
Tshopo,Isangi,Yalikina,Yalikina Mipila Yaohend,Centre de Santé,Yalikina,KSPH_TP_85084B72DD
Tshopo,Isangi,Yalikina,Yasangandia,Poste de Santé,Yasangandia,KSPH_TP_CE87CD535B
Tshopo,Isangi,Yalikina,Yatuto,Site Soin Communautaire,Yatuto,KSPH_TP_0D99EDE857
Tshopo,Isangi,Yalosase,Yalongolo 1,Centre de Santé,Yalosase,KSPH_TP_49DC92FAB4
Tshopo,Isangi,Yalosuna,Bula 1,Poste de Santé,Bula 1,KSPH_TP_6F6C313464
Tshopo,Isangi,Yalosuna,Yalosuna,Centre de Santé,Yalosuna,KSPH_TP_1F7EA81810
Tshopo,Isangi,Yandja,Yachela,Centre de Santé,Yandja Rive,KSPH_TP_560498CEE6
Tshopo,Isangi,Yandja,Yalifele,Site Soin Communautaire,Yandja Rive,KSPH_TP_1BF3C916FD
Tshopo,Isangi,Yandja,Yaki,Poste de Santé,Yanyongo,KSPH_TP_55FF8E481D
Tshopo,Isangi,Yanfole,Yabolako,Site Soin Communautaire,Yabaka Yabolako,KSPH_TP_5159A24CC4
Tshopo,Isangi,Yanfole,Yabasaka,Poste de Santé,Yabasaka,KSPH_TP_72F4B4BD3C
Tshopo,Isangi,Yanfole,Yanfole,Centre de Santé,Yanfole,KSPH_TP_CFB12C408F
Tshopo,Isangi,Yaokasanga,Yambasi,Site Soin Communautaire,Lobaye,KSPH_TP_199ADCA601
Tshopo,Isangi,Yaokasanga,Yaokasanga,Site Soin Communautaire,Shonga,KSPH_TP_90713EEFA4
Tshopo,Isangi,Yaokasanga,Yaliombo,Poste de Santé,Yaliombo,KSPH_TP_9B6DD0039C
Tshopo,Isangi,Yaokasanga,Yambasi,Poste de Santé,Yambasi,KSPH_TP_89AFD902A6
Tshopo,Isangi,Yaokasanga,Yaokasanga,Centre de Santé,Yaokasanga,KSPH_TP_C739FCC501
Tshopo,Isangi,Yaokwamu,Bolanda,Poste de Santé,Bolanda,KSPH_TP_FAE6CE2B1A
Tshopo,Isangi,Yaokwamu,Bolinga Rive,Poste de Santé,Bolinga Rive,KSPH_TP_23B655B4D1
Tshopo,Isangi,Yaokwamu,Yaelelya,Site Soin Communautaire,Yaelilia,KSPH_TP_E26B71FAD1
Tshopo,Isangi,Yaokwamu,Yaokwamu,Centre de Santé,Yaokwamu,KSPH_TP_6FE5B58D8B
Tshopo,Isangi,Yaokwamu,Bolinga Rive,Site Soin Communautaire,Yasingi,KSPH_TP_2F5F3AEDCF
Tshopo,Isangi,Yaombole,Yandjali Bosolo,Poste de Santé,Yandjali Bosolo,KSPH_TP_1EBF6F4D26
Tshopo,Isangi,Yaombole,Yaombole,Centre de Santé,Yaombole,KSPH_TP_4BCBD368D6
Tshopo,Isangi,Yasanga,Lileke,Site Soin Communautaire,Lileke,KSPH_TP_598D5887D0
Tshopo,Isangi,Yasanga,Yaotonga,Poste de Santé,Yaotonga,KSPH_TP_587DF44E38
Tshopo,Isangi,Yasanga,Yasanga,Centre de Santé,Yasanga,KSPH_TP_7992F6848D
Tshopo,Kabondo,Bolongue,4 Eme Trans,Poste de Santé,Alpha 2,KSPH_TP_91DC0FEE94
Tshopo,Kabondo,Bolongue,6 Eme Trans,Centre de Santé,Bolongue,KSPH_TP_4BCEAA9A70
Tshopo,Kabondo,Bolongue,4 Eme Trans,Centre de Santé,La Charite,KSPH_TP_A5702F015A
Tshopo,Kabondo,Bolongue,15Ème Trans,Centre Médical,Les Merveilles Dieu,KSPH_TP_15226B0B19
Tshopo,Kabondo,Bolongue,18 Eme Trans,Centre de Santé,Tout Est Grace,KSPH_TP_8C96116DF3
Tshopo,Kabondo,Bolongue,5 Eme Trans,Centre de Santé,Yakungu,KSPH_TP_DE9103E7AA
Tshopo,Kabondo,Bon Samaritain,11 Eme,Centre de Santé,Bon Samaritain,KSPH_TP_FE3F57CE0A
Tshopo,Kabondo,Bon Samaritain,10 Eme Bis,Poste de Santé,Eloime,KSPH_TP_6CD8121C52
Tshopo,Kabondo,Bon Samaritain,9 Eme Bis,Centre Médical,Good Shepherd,KSPH_TP_4F226A5249
Tshopo,Kabondo,Foyer,5 Eme Trans,Centre de Santé de Référence,Foyer,KSPH_TP_80331134A0
Tshopo,Kabondo,Foyer,13 Eme,Centre Médical,La Guerison,KSPH_TP_E8AF9002C5
Tshopo,Kabondo,Gloria,17 Eme,Centre de Santé,Gloria,KSPH_TP_F3EB9CFD17
Tshopo,Kabondo,Gloria,18 Eme,Polyclinque,Recapi,KSPH_TP_1B6212715C
Tshopo,Kabondo,Kandangwa,Mambili,Site Soin Communautaire,Bambili 1,KSPH_TP_1F52F545C6
Tshopo,Kabondo,Kandangwa,Mugba 1,Poste de Santé,Grace A Dieu,KSPH_TP_878ECF97C2
Tshopo,Kabondo,Kandangwa,Kandangwa,Centre de Santé,Kandangwa,KSPH_TP_47031B809C
Tshopo,Kabondo,Kandangwa,Kandangwa,Site Soin Communautaire,Kandangwa,KSPH_TP_DDC2ED3521
Tshopo,Kabondo,Kandangwa,Maluku,Site Soin Communautaire,Libumu Djala,KSPH_TP_1881949053
Tshopo,Kabondo,Kandangwa,Lipopo,Site Soin Communautaire,Lipopo,KSPH_TP_15C51D8816
Tshopo,Kabondo,Kandangwa,Mabiba,Site Soin Communautaire,Mabiba,KSPH_TP_420FC95C36
Tshopo,Kabondo,Kandangwa,Maigboma,Site Soin Communautaire,Maigboma,KSPH_TP_06AD7C5B07
Tshopo,Kabondo,Kandangwa,Mugba 1,Poste de Santé,Mugbambole 1,KSPH_TP_323C47839E
Tshopo,Kabondo,Kandolo,Pk 17,Poste de Santé,Eliwe,KSPH_TP_948FFDDA00
Tshopo,Kabondo,Kandolo,Esanga Mabe,Site Soin Communautaire,Esanga Mabe,KSPH_TP_5C05DCAAB1
Tshopo,Kabondo,Kandolo,Kakolo,Site Soin Communautaire,Kakolo,KSPH_TP_364C55F0D1
Tshopo,Kabondo,Kandolo,Pk 17,Centre de Santé,Kandolo,KSPH_TP_69C51E4103
Tshopo,Kabondo,Kandolo,Mayangayanga,Site Soin Communautaire,Mayangayanga,KSPH_TP_F3955E23C5
Tshopo,Kabondo,Kandolo,Pk 15,Poste de Santé,Umoja,KSPH_TP_A8C34FDE17
Tshopo,Kabondo,Kibibi,Avakubi,Centre Médical,Africa,KSPH_TP_E0BE059BA4
Tshopo,Kabondo,Kibibi,,Dispensaire,Anide,KSPH_TP_CAE32A56EA
Tshopo,Kabondo,Kibibi,Bangasu,Centre Médical,Bethsaida,KSPH_TP_415C64F629
Tshopo,Kabondo,Kibibi,Nepoko A,Centre de Santé,Kibibi,KSPH_TP_343AC9BBF0
Tshopo,Kabondo,Kibibi,12 Eme Trans,Centre Médical,Tony,KSPH_TP_D7A9751666
Tshopo,Kabondo,Kibibi,3 Eme Trans,Poste de Santé,Tropical,KSPH_TP_152AE6CD6B
Tshopo,Kabondo,Mokili,2 Eme,Centre de Santé,Amis La,KSPH_TP_040FE0BB7F
Tshopo,Kabondo,Mokili,6 Eme Trans,Centre Médical,Ange Gabrielle,KSPH_TP_D092D9D65F
Tshopo,Kabondo,Mokili,4 Eme Trans,Poste de Santé,Fraternity Hospital,KSPH_TP_77343A8850
Tshopo,Kabondo,Mokili,5 Eme,Centre Médical,La Benediction,KSPH_TP_EC57308023
Tshopo,Kabondo,Mokili,7 Eme Trans,Centre Médical,Mama Ni Mama,KSPH_TP_95ACD0BE24
Tshopo,Kabondo,Mokili,5 Eme Trans,Centre de Santé de Référence,Mokili,KSPH_TP_19B816805D
Tshopo,Kabondo,Mukwanga,Hotel Devillage,Site Soin Communautaire,Hotel Ville,KSPH_TP_C7118281B1
Tshopo,Kabondo,Mukwanga,Bafabele,Centre de Santé,Mukwanga,KSPH_TP_9CB7A40F4A
Tshopo,Kabondo,Mukwanga,Mukwanga 1,Poste de Santé,Mukwanga,KSPH_TP_41756C6030
Tshopo,Kabondo,Muungano,34 Eme Trans,Centre de Santé,Chistelle,KSPH_TP_79D0CD7A8E
Tshopo,Kabondo,Muungano,18 Eme Avenue,Centre Médical,Christ Roi,KSPH_TP_AD0223AACD
Tshopo,Kabondo,Muungano,24 Eme Trans,Centre Médical,Christ Viens Bien Tot,KSPH_TP_F87FC4BE86
Tshopo,Kabondo,Muungano,26Eme Trans,Centre de Santé,El Shadai,KSPH_TP_0F2C4040CB
Tshopo,Kabondo,Muungano,16 Eme Trans,Centre Médical,Kamba Nga Yesu,KSPH_TP_656E135779
Tshopo,Kabondo,Muungano,Kpakpa,Site Soin Communautaire,Kpakpa,KSPH_TP_51B5E8FF2F
Tshopo,Kabondo,Muungano,13 Eme Rue,Centre Médical,La Famille,KSPH_TP_710D11626B
Tshopo,Kabondo,Muungano,16 Eme Trans,Centre Médical,La Main L'Eternel,KSPH_TP_0F0ADEC2CC
Tshopo,Kabondo,Muungano,33 Eme Trans,Centre Médical,Lutula,KSPH_TP_F9D8CCCC86
Tshopo,Kabondo,Muungano,24 Eme Trans,Centre Médical,Mali Ya Bwana,KSPH_TP_D4DD524B65
Tshopo,Kabondo,Muungano,11 Eme Trans,Centre de Santé,Muungano,KSPH_TP_3D8126AD4C
Tshopo,Kabondo,Ngenengene,Abunakenge,Site Soin Communautaire,Abunakenge,KSPH_TP_0C598ECED0
Tshopo,Kabondo,Ngenengene,Maleke,Dispensaire,Avant Tout Jesus,KSPH_TP_066232BEB9
Tshopo,Kabondo,Ngenengene,Bilingoni,Centre Médical,Bon Samaritain,KSPH_TP_97EBC9DF80
Tshopo,Kabondo,Ngenengene,Likenga,Centre Médical,Honorable Mwamini,KSPH_TP_C8AFE44E61
Tshopo,Kabondo,Ngenengene,Batiakanga,Site Soin Communautaire,Japon,KSPH_TP_268F0B4E6F
Tshopo,Kabondo,Ngenengene,Likenga,Centre Médical,La D'Abord,KSPH_TP_11BA18DE31
Tshopo,Kabondo,Ngenengene,Machini,Site Soin Communautaire,Machini,KSPH_TP_53E4B1197A
Tshopo,Kabondo,Ngenengene,Likenga,Centre Médical,Mapendo,KSPH_TP_A42CD8FAE9
Tshopo,Kabondo,Ngenengene,Masue Sue,Site Soin Communautaire,Masue Sue,KSPH_TP_C1AA41DC78
Tshopo,Kabondo,Ngenengene,Likenga,Centre Médical,Neema,KSPH_TP_FA0582695E
Tshopo,Kabondo,Ngenengene,Ngenengene,Centre de Santé,Ngene,KSPH_TP_09DE3DE8F6
Tshopo,Kabondo,St Camille,13 Eme,Centre Médical,Ismarajah,KSPH_TP_7E55125A46
Tshopo,Kabondo,St Camille,14 Eme,Dispensaire,Jerusalem,KSPH_TP_6411392724
Tshopo,Kabondo,St Camille,Bloc Artisanal,Hôpital Général de Référence,Kabondo,KSPH_TP_EAE205AA98
Tshopo,Kabondo,St Camille,Bloc Artisanal,Bureau Central de la Zone de Santé,Kabondo,KSPH_TP_BFB135C1B5
Tshopo,Kabondo,St Camille,15 Eme,Centre Médical,Papa Lingofo,KSPH_TP_8F88379782
Tshopo,Kabondo,St Camille,14 Eme Bis B,Centre de Santé,St Camille,KSPH_TP_AB481C2439
Tshopo,Kabondo,St Camille,12 Eme Bis,Centre Médical,Undugu,KSPH_TP_E37CE9E9CB
Tshopo,Kabondo,Umoja,24 Eme,Centre Médical,Abu Djanati,KSPH_TP_F2E49CB94B
Tshopo,Kabondo,Umoja,8 Eme,Centre Médical,Batangi,KSPH_TP_271FD22CD2
Tshopo,Kabondo,Umoja,23 Eme,Centre Médical,Club Des Auditeurs Rtnc,KSPH_TP_93EBD1E90F
Tshopo,Kabondo,Umoja,Pk 8,Centre Médical,Kitumaini,KSPH_TP_7FD0705BCB
Tshopo,Kabondo,Umoja,27 Eme,Dispensaire,La Charite,KSPH_TP_F25C0A8792
Tshopo,Kabondo,Umoja,Cite Lupia,Centre Médical,La Dabord,KSPH_TP_BE98403AAE
Tshopo,Kabondo,Umoja,Cite Lupia,Centre Médical,La Solution,KSPH_TP_D804BAC145
Tshopo,Kabondo,Umoja,26 Eme,Dispensaire,Le Bostino,KSPH_TP_046B5450DD
Tshopo,Kabondo,Umoja,Cite Lupia,Centre Médical,Lubenga,KSPH_TP_A12D0319CF
Tshopo,Kabondo,Umoja,18 Eme,Centre de Santé,Maman Mwamini,KSPH_TP_DDC3B109C3
Tshopo,Kabondo,Umoja,18 Eme,Centre de Santé,Mapendo,KSPH_TP_0CA2FE256C
Tshopo,Kabondo,Umoja,16 Eme,Poste de Santé,Mwana Mupendwa,KSPH_TP_D193200BD7
Tshopo,Kabondo,Umoja,Cite Lupia,Centre Médical,Pvi,KSPH_TP_E946542366
Tshopo,Kabondo,Umoja,Pk 8,Centre Médical,Sadi,KSPH_TP_9C17B5DB16
Tshopo,Kabondo,Umoja,10 Eme,Centre Médical,Shukrani,KSPH_TP_881CF87A6A
Tshopo,Kabondo,Umoja,Pk 8,Centre Médical,Tropical,KSPH_TP_1EC18AA797
Tshopo,Kabondo,Umoja,Cite Lupia,Poste de Santé,Tusaidiane,KSPH_TP_E85B005735
Tshopo,Kabondo,Umoja,14 Eme,Centre de Santé,Umoja,KSPH_TP_9700523C69
Tshopo,Kabondo,Umoja,Cite Lupia,Centre Médical,Upendo Kivu,KSPH_TP_3F5C105B3E
Tshopo,Kabondo,Wandugu,12 Eme Trans,Centre Médical,Bolibo 1,KSPH_TP_F8E89B8C8E
Tshopo,Kabondo,Wandugu,21 Eme Trans,Poste de Santé,Bondeko,KSPH_TP_434BC10204
Tshopo,Kabondo,Wandugu,17 Eme Trans,Centre Hopitalier,Djamaa,KSPH_TP_09A19F302F
Tshopo,Kabondo,Wandugu,15 Eme Trans,Centre Médical,Humanitas,KSPH_TP_7AA44DD487
Tshopo,Kabondo,Wandugu,21 Eme Trans,Centre Médical,La Grace,KSPH_TP_A96EEABFD9
Tshopo,Kabondo,Wandugu,16 Eme Trans,Centre de Santé,Wandugu,KSPH_TP_48973D27D3
Tshopo,Kabondo,Ya Biso,6 Eme,Centre Médical,Shukrani,KSPH_TP_DB0C49C8FC
Tshopo,Kabondo,Ya Biso,6 Eme,Centre de Santé,Ya Biso,KSPH_TP_6EBAB70AD3
Tshopo,Kabondo,Zawadi,2 Eme,Centre Hopitalier,Je Suis,KSPH_TP_49BDBF8270
Tshopo,Kabondo,Zawadi,4 Eme Bis,Centre Médical,La Grace,KSPH_TP_FD5C87D981
Tshopo,Kabondo,Zawadi,4 Eme,Centre de Santé,Zawadi,KSPH_TP_0D98AF1A52
Tshopo,Lowa,Bambay,Bambay,Centre de Santé,Bambay,KSPH_TP_31DD2E837F
Tshopo,Lowa,Bambay,Banakelecha,Site Soin Communautaire,Banakelecha,KSPH_TP_31B1CDB92A
Tshopo,Lowa,Batiezue,Batiesiki,Poste de Santé,Batiasiki,KSPH_TP_D10C42179A
Tshopo,Lowa,Batiezue,Batiazue,Centre de Santé,Batiezue,KSPH_TP_D2F2B15142
Tshopo,Lowa,Batiezue,Bayelima,Poste de Santé,Bayelima,KSPH_TP_937E044AEB
Tshopo,Lowa,Batiezue,Kailenge,Site Soin Communautaire,Kailenge,KSPH_TP_6B6C1B9BF5
Tshopo,Lowa,Batiezue,Batiekei,Centre de Santé,Matumaini,KSPH_TP_41090220AA
Tshopo,Lowa,Bavili,Bagwasa,Site Soin Communautaire,Bagwasa,KSPH_TP_11847DA1A9
Tshopo,Lowa,Bavili,Briki 1,Poste de Santé,Bariki 1,KSPH_TP_BE702F8D0B
Tshopo,Lowa,Bavili,Briki 3,Site Soin Communautaire,Bariki 3,KSPH_TP_881AC25505
Tshopo,Lowa,Bavili,Bavili,Centre de Santé,Bavili,KSPH_TP_3472F030FA
Tshopo,Lowa,Bimbi,Banakwenga,Poste de Santé,Banakwenga,KSPH_TP_D346A36A1D
Tshopo,Lowa,Bimbi,Balikumu,Centre de Santé,Bimbi,KSPH_TP_317BDE48F9
Tshopo,Lowa,Itondo,Itondo,Centre de Santé,Itondo,KSPH_TP_C035E2C8A4
Tshopo,Lowa,Itondo,Kengesunga,Poste de Santé,Kengesunga,KSPH_TP_354D5CB468
Tshopo,Lowa,Itondo,Mokanda,Poste de Santé,Mukanda,KSPH_TP_D6DA5880A2
Tshopo,Lowa,Itondo,Mokuma Fleuve,Site Soin Communautaire,Mukuma Fleuve,KSPH_TP_51D641C263
Tshopo,Lowa,Itondo,Ngoma,Poste de Santé,Ngoma,KSPH_TP_A79850AFD2
Tshopo,Lowa,Kalindula,Baikuba,Centre de Santé,Kalindula,KSPH_TP_D92B859C07
Tshopo,Lowa,Lichomoya,Dumba Dumba,Poste de Santé,Dumbadumba,KSPH_TP_212768149B
Tshopo,Lowa,Lichomoya,Kibonge,Poste de Santé,Kitumaine,KSPH_TP_94BDB8316F
Tshopo,Lowa,Lichomoya,Litchomoya,Centre de Santé,Lichomoya,KSPH_TP_EE4C567563
Tshopo,Lowa,Lichomoya,Mbala Mbala,Poste de Santé,Mbala Mbala,KSPH_TP_FA48A7A74E
Tshopo,Lowa,Lichomoya,Mupira,Poste de Santé,Mupira,KSPH_TP_BBCDF5939E
Tshopo,Lowa,Lokani,Batiamayumba,Poste de Santé,Batiamaya,KSPH_TP_E03B8D375F
Tshopo,Lowa,Lokani,Batiefanga,Poste de Santé,Batiefanga,KSPH_TP_9FAA13CE89
Tshopo,Lowa,Lokani,Batikaonga,Poste de Santé,Batikaonga,KSPH_TP_CCB07F2195
Tshopo,Lowa,Lokani,Batiogoyo,Poste de Santé,Batiogoyo,KSPH_TP_398593B8B0
Tshopo,Lowa,Lokani,Lokani,Centre de Santé,Lokani,KSPH_TP_CCF7F901CF
Tshopo,Lowa,Lokani,Ulema,Poste de Santé,Ulema,KSPH_TP_39FF989F80
Tshopo,Lowa,Lokani,Vatican,Poste de Santé,Vatican,KSPH_TP_EAC82D8389
Tshopo,Lowa,Mamboleo,Kisale,Poste de Santé,Kisale,KSPH_TP_90718D6E87
Tshopo,Lowa,Mamboleo,Mamboleo,Centre de Santé,Mamboleo,KSPH_TP_57A02B9D93
Tshopo,Lowa,Mamboleo,Mashindano,Poste de Santé,Mashindano,KSPH_TP_CE94E0834B
Tshopo,Lowa,Mamboleo,Mbilinyama,Poste de Santé,Mbilinyama,KSPH_TP_C388221289
Tshopo,Lowa,Masiri,Kitambala,Poste de Santé,Kitambala,KSPH_TP_685BD921C5
Tshopo,Lowa,Masiri,Lumbulu,Poste de Santé,Lumbulu,KSPH_TP_FFFDC8C337
Tshopo,Lowa,Masiri,Masiri,Centre de Santé,Masiri,KSPH_TP_0DD413F2EA
Tshopo,Lowa,Matumaini Lowa,Kilamamba,Site Soin Communautaire,Kilamba,KSPH_TP_857B2D000C
Tshopo,Lowa,Matumaini Lowa,Hopital,Hôpital Général de Référence,Lowa,KSPH_TP_3DDE616BF1
Tshopo,Lowa,Matumaini Lowa,Hopital,Bureau Central de la Zone de Santé,Lowa,KSPH_TP_A30F20CE19
Tshopo,Lowa,Matumaini Lowa,Mission Catholique,Centre de Santé,Matumaini,KSPH_TP_9E8EF7A6DA
Tshopo,Lowa,Mayunga,Mayunga,Centre de Santé de Référence,Mayunga,KSPH_TP_C489B47968
Tshopo,Lowa,Mayunga,Mwarabu,Site Soin Communautaire,Mwarabu,KSPH_TP_2D0677CD55
Tshopo,Lowa,Mokini,Mambalu,Poste de Santé,Baraka,KSPH_TP_55E4668B7F
Tshopo,Lowa,Mokini,Cecca 16,Centre de Santé,Mokini,KSPH_TP_1AAC27FE54
Tshopo,Lowa,Muchaliko,Baileko,Poste de Santé,Baileko,KSPH_TP_F0C74D89D7
Tshopo,Lowa,Muchaliko,Banamolio,Site Soin Communautaire,Banamolio,KSPH_TP_7436F46D7C
Tshopo,Lowa,Muchaliko,Batiabembi,Poste de Santé,Batiabembi,KSPH_TP_AC9BF09955
Tshopo,Lowa,Muchaliko,Bimbi,Centre de Santé de Référence,Muchaliko,KSPH_TP_CEFE8E6C50
Tshopo,Lowa,Ongoka,Ongoka,Centre de Santé,Ongoka,KSPH_TP_9AD1FCE104
Tshopo,Lowa,Ongoka,Ngbagu,Site Soin Communautaire,Sayuni,KSPH_TP_A9F463090A
Tshopo,Lowa,Otiolio,Kakolo,Poste de Santé,Kakolo,KSPH_TP_30C06CBE79
Tshopo,Lowa,Otiolio,Batiobea,Poste de Santé,Mayani Busombo,KSPH_TP_EC4100A883
Tshopo,Lowa,Otiolio,Utiolio,Centre de Santé,Otiolio,KSPH_TP_70CA75ED16
Tshopo,Lowa,Yesse,Banamisoli,Poste de Santé,Banamisuli,KSPH_TP_BD448AA233
Tshopo,Lowa,Yesse,Yesse,Centre de Santé,Yesse,KSPH_TP_B474B8C179
Tshopo,Lubunga,Bambole,Opala,Dispensaire,Bafine,KSPH_TP_8FEDB87BB3
Tshopo,Lubunga,Bambole,Bambole,Centre de Santé,Bambole,KSPH_TP_23AB2E72A7
Tshopo,Lubunga,Biaro Embouchure,,Site Soin Communautaire,Babokoti,GRID3_E0179FA4CD
Tshopo,Lubunga,Biaro Embouchure,,Centre de Santé,Biaro Embouchure,Acasus_988D5041F2
Tshopo,Lubunga,Biaro Embouchure,,Site Soin Communautaire,Linda,GRID3_3CF32AFB38
Tshopo,Lubunga,Biatiamendje,,Centre de Santé,Batiamendje,Acasus_62B32BDD07
Tshopo,Lubunga,Biatiamendje,,Site Soin Communautaire,Ilongo,GRID3_AC84F9EC38
Tshopo,Lubunga,Biatiamendje,,Site Soin Communautaire,Lokele,GRID3_A72AE40EA1
Tshopo,Lubunga,Biatiamendje,,Site Soin Communautaire,Malende 2,GRID3_1C22E5E527
Tshopo,Lubunga,Isange Makutano,,Site Soin Communautaire,Bagwasende,GRID3_C22D5F7C5C
Tshopo,Lubunga,Isange Makutano,,Centre de Santé,Isange Makutano,Acasus_F2983EB40B
Tshopo,Lubunga,Isange Makutano,,Site Soin Communautaire,Linda,GRID3_4F8BC91654
Tshopo,Lubunga,Isange Makutano,,Site Soin Communautaire,Mondial,GRID3_92E836E4E1
Tshopo,Lubunga,Kubagu,,Centre de Santé,Kubagu,Acasus_2708381060
Tshopo,Lubunga,Kubagu,,Site Soin Communautaire,Lokowa,GRID3_039AB303E1
Tshopo,Lubunga,Kubagu,,Site Soin Communautaire,Malende Meningi,GRID3_FFFCF59566
Tshopo,Lubunga,Lando,Kalembe Lembe,Centre Médical,La Renaissance,KSPH_TP_9CA936167D
Tshopo,Lubunga,Lando,Kinshasa,Centre de Santé,Lando,KSPH_TP_80F9475409
Tshopo,Lubunga,Lando,Opala,Dispensaire,Umodja,KSPH_TP_0321A3AB47
Tshopo,Lubunga,Losoko,Babama,Site Soin Communautaire,Babama,KSPH_TP_43099702E8
Tshopo,Lubunga,Losoko,Babusoko,Site Soin Communautaire,Babusoko,KSPH_TP_12823DA089
Tshopo,Lubunga,Losoko,Ikokomela,Centre de Santé,Compagnie Agro Pastorale Congo,KSPH_TP_20A1FD901E
Tshopo,Lubunga,Losoko,Ikokomela,Site Soin Communautaire,Ikokomela,KSPH_TP_10E68FEABB
Tshopo,Lubunga,Losoko,Lokelelokele,Site Soin Communautaire,Lokelokele,KSPH_TP_61D14C7890
Tshopo,Lubunga,Losoko,Kongolo 2,Centre de Santé,Losoko,KSPH_TP_DB3463247C
Tshopo,Lubunga,Losoko,Kayumba,Dispensaire,Mapendo,KSPH_TP_7EAF44F013
Tshopo,Lubunga,Losoko,Lokelelokele,Poste de Santé,Secours Militaire,KSPH_TP_33E879AEC8
Tshopo,Lubunga,Lukusa,General,Centre de Santé de Référence,Lukusa,KSPH_TP_D3D24FD2B9
Tshopo,Lubunga,Mako,Cdt Loso,Centre Médical,Baraka,KSPH_TP_1919877DA8
Tshopo,Lubunga,Mako,Lubunda Bis,Centre de Santé,Mako,KSPH_TP_2E34CF0CDB
Tshopo,Lubunga,Masengo,,Site Soin Communautaire,Kaningo,GRID3_139D699D34
Tshopo,Lubunga,Masengo,,Site Soin Communautaire,Manyange,GRID3_3A0B886C7A
Tshopo,Lubunga,Masengo,,Centre de Santé,Masengo,Acasus_974A1175F8
Tshopo,Lubunga,Ngene Ngene,,Site Soin Communautaire,Bioko,GRID3_4139393980
Tshopo,Lubunga,Ngene Ngene,,Site Soin Communautaire,Kaningo 1,GRID3_24A92E2860
Tshopo,Lubunga,Ngene Ngene,,Site Soin Communautaire,Lokata 1,GRID3_29D9C61F5C
Tshopo,Lubunga,Ngene Ngene,,Site Soin Communautaire,Lokata 2,GRID3_E54D7A821B
Tshopo,Lubunga,Ngene Ngene,,Site Soin Communautaire,Lokata 4,GRID3_047726ECDD
Tshopo,Lubunga,Ngene Ngene,,Centre de Santé,Ngene Ngene,Acasus_3579998243
Tshopo,Lubunga,Osio 16,,Site Soin Communautaire,Kosaka,GRID3_E9BD7370D9
Tshopo,Lubunga,Osio 16,,Site Soin Communautaire,Lokele Lokele,GRID3_A0701CB040
Tshopo,Lubunga,Osio 16,,Centre de Santé,Osio 16,Acasus_894689C71D
Tshopo,Lubunga,Osio 16,,Site Soin Communautaire,Tokomeka,GRID3_59EB31183A
Tshopo,Lubunga,Osio 21,,Site Soin Communautaire,Isakasaka,GRID3_1B16FF882C
Tshopo,Lubunga,Osio 21,,Site Soin Communautaire,Mbimbitsha,GRID3_376609FE5A
Tshopo,Lubunga,Osio 21,,Centre de Santé,Osio 21,Acasus_0A71ED2760
Tshopo,Lubunga,Osio 21,,Poste de Santé,Osio 28,DHIS2_2577
Tshopo,Lubunga,Pecheur d'Hommes,Baluba Bis,Centre Médical,El Shadai,KSPH_TP_4366FB49AE
Tshopo,Lubunga,Pecheur d'Hommes,Singa,Centre Médical,Maman Mwamini Leonie Irene,KSPH_TP_FF0204C149
Tshopo,Lubunga,Pecheur d'Hommes,Katilisa,Dispensaire,Mungu Na Sisi Tuta Weza,KSPH_TP_8AEBD7FEE3
Tshopo,Lubunga,Pecheur d'Hommes,Moscou Bis,Centre de Santé,Pecheur D'Hommes,KSPH_TP_B66165C4A7
Tshopo,Lubunga,Pecheur d'Hommes,Singa,Dispensaire,Shekinah,KSPH_TP_384A98F404
Tshopo,Lubunga,Pecheur d'Hommes,Kotakoli,Centre Médical,Uzima,KSPH_TP_A79C228C54
Tshopo,Lubunga,Saint Andre,Lotissement 41 Atsholo,Centre Médical,Baraka 2,KSPH_TP_3FFEBC5772
Tshopo,Lubunga,Saint Andre,Mifundu,Poste de Santé,Geko,KSPH_TP_5F0CA69077
Tshopo,Lubunga,Saint Andre,Amundala,Centre Médical,Maman Regine,KSPH_TP_B3208F7199
Tshopo,Lubunga,Saint Andre,Binaikembe,Centre de Santé,Saint Andre,KSPH_TP_E88B1EDDBE
Tshopo,Lubunga,Saint Andre,Mifundu,Dispensaire,Yeba Bomoyi,KSPH_TP_9E6CD4BB02
Tshopo,Lubunga,Sncc,De La Gare,Poste de Santé,Cesimev,KSPH_TP_B5DCC700D7
Tshopo,Lubunga,Sncc,Aketi Bis,Poste de Santé,Nehema,KSPH_TP_B800CE19E7
Tshopo,Lubunga,Sncc,Bld Kasavubu,Poste de Santé,Police Nationale Congolaise,KSPH_TP_4571BA809E
Tshopo,Lubunga,Sncc,Maiko,Centre de Santé,Sncc,KSPH_TP_87A9DC2D09
Tshopo,Lubunga,Uzima,Buta,Hôpital Général de Référence,Lubunga,KSPH_TP_F9783192E4
Tshopo,Lubunga,Uzima,Buta,Bureau Central de la Zone de Santé,Lubunga,KSPH_TP_7BB4E696D3
Tshopo,Lubunga,Uzima,Punia,Dispensaire,Raiya,KSPH_TP_C5D5A54661
Tshopo,Lubunga,Uzima,Hassani,Centre de Santé,Uzima,KSPH_TP_6727D733F3
Tshopo,Lubunga,Yalisombo,Babudjango,Site Soin Communautaire,Babudjango,KSPH_TP_FD5C5E1FA5
Tshopo,Lubunga,Yalisombo,Bokuma,Site Soin Communautaire,Bokuma,KSPH_TP_E3515CB0BB
Tshopo,Lubunga,Yalisombo,Alinda,Site Soin Communautaire,Ilinda,KSPH_TP_D16DFAFE0E
Tshopo,Lubunga,Yalisombo,Yawembe 1,Centre de Santé,Yalisombo,KSPH_TP_B8FD501139
Tshopo,Makiso Kisangani,Alabul,Kasanda,Centre de Santé,Alabul,KSPH_TP_F14C359E20
Tshopo,Makiso Kisangani,Alabul,Bloc Saio,Centre Médical,La Consolation,KSPH_TP_4CAC7F1643
Tshopo,Makiso Kisangani,Alabul,Bloc Saio,Poste de Santé,Saio,KSPH_TP_BAB84206AC
Tshopo,Makiso Kisangani,Banduku,Bac Lindi,Site Soin Communautaire,Banduku,KSPH_TP_ED05FE8150
Tshopo,Makiso Kisangani,Banduku,Kimbangu,Centre de Santé,Banduku,KSPH_TP_09A35452D4
Tshopo,Makiso Kisangani,Banduku,Magopi,Centre Médical,Humanitaire,KSPH_TP_BCAA77503E
Tshopo,Makiso Kisangani,Banduku,Magopi,Centre Médical,La Grace L'Eternel,KSPH_TP_16CB4A1BE9
Tshopo,Makiso Kisangani,Banduku,Koy,Centre Médical,Lisungi,KSPH_TP_9C6BEE97D3
Tshopo,Makiso Kisangani,Banduku,,Site Soin Communautaire,Lokolongo,GRID3_EA718C2845
Tshopo,Makiso Kisangani,Banduku,Magopi,Poste de Santé,Mokote,KSPH_TP_D5B4E13719
Tshopo,Makiso Kisangani,Banduku,Magopi,Centre Hopitalier,Saint Luc,KSPH_TP_1FC366EFA6
Tshopo,Makiso Kisangani,Banduku,Riche Lieu,Centre Médical,Salem,KSPH_TP_893B9794E6
Tshopo,Makiso Kisangani,Boyoma,Bloc Hopital,Centre de Santé de Référence,Alwaleed,KSPH_TP_CD48634A1A
Tshopo,Makiso Kisangani,Boyoma,Bloc Hopital,Centre de Santé,Boyoma,KSPH_TP_492778BA3D
Tshopo,Makiso Kisangani,Boyoma,Bloc Unikis,Dispensaire,Cedri,KSPH_TP_9B9BF5F92C
Tshopo,Makiso Kisangani,Boyoma,Bloc Unikis,Dispensaire,Chem Chem,KSPH_TP_5031D6203A
Tshopo,Makiso Kisangani,Boyoma,Bloc Kitenge,Centre Médical,Christevie,KSPH_TP_1580F291F2
Tshopo,Makiso Kisangani,Boyoma,Bloc Hopital,Clinique,Des Anges,KSPH_TP_0DC362F822
Tshopo,Makiso Kisangani,Boyoma,Bloc Hopital,Centre de Santé,Isc,KSPH_TP_18668F6BB2
Tshopo,Makiso Kisangani,Boyoma,Bloc Kitenge,Centre Médical,La Gradi,KSPH_TP_431A4E76F8
Tshopo,Makiso Kisangani,Boyoma,Bloc Hopital,Hôpital Général de Référence,Makiso,KSPH_TP_E32CBA1AFD
Tshopo,Makiso Kisangani,Boyoma,Bloc Hopital,Bureau Central de la Zone de Santé,Makiso Kisangani,KSPH_TP_314B0280A5
Tshopo,Makiso Kisangani,Boyoma,Bloc Kitenge,Centre Médical,Medico Chirurgical La Cacaoyere Bengamisa,KSPH_TP_56AAC1B544
Tshopo,Makiso Kisangani,Boyoma,Bloc Hopital,Hôpital,Militaire,KSPH_TP_574FE0F59B
Tshopo,Makiso Kisangani,Boyoma,Bloc Hopital,Poste de Santé,Militaire Garde Republicaine,KSPH_TP_6500692C40
Tshopo,Makiso Kisangani,Boyoma,Bloc Unikis,Centre Médical,Peniel,KSPH_TP_CE5112759F
Tshopo,Makiso Kisangani,Boyoma,Bloc Meteo,Centre Médical,Rva,KSPH_TP_121CE5EF2D
Tshopo,Makiso Kisangani,Boyoma,Bloc Meteo,Centre Médical,Sans Risque,KSPH_TP_C562AAD760
Tshopo,Makiso Kisangani,Boyoma,Bloc Hopital,Centre de Santé,Unikis,KSPH_TP_EEB56E0FC4
Tshopo,Makiso Kisangani,Boyoma,Bloc Hopital,Clinique,Universitaires Kisangani,KSPH_TP_5FFBB47129
Tshopo,Makiso Kisangani,Cokis,Bini,Centre de Santé,Cokis,KSPH_TP_50D80DE39A
Tshopo,Makiso Kisangani,Cokis,Tshatshi,Centre Médical,Maison,KSPH_TP_BAE2FC6BA4
Tshopo,Makiso Kisangani,Cokis,Tshatshi,Centre Hopitalier,Regideso,KSPH_TP_2A5F16CE62
Tshopo,Makiso Kisangani,Cokis,Kiwele,Centre Médical,Saint Laurent,KSPH_TP_767C32DFFE
Tshopo,Makiso Kisangani,Cokis,Bini,Centre Médical,Simama,KSPH_TP_02335321A0
Tshopo,Makiso Kisangani,Imani,Abbee Olombe,Centre Hopitalier,Hebron,KSPH_TP_EA35EDA179
Tshopo,Makiso Kisangani,Imani,De La Reine,Centre de Santé de Référence,Imani,KSPH_TP_145CFE5F80
Tshopo,Makiso Kisangani,Imani,De La Reine,Centre Hopitalier,La Police,KSPH_TP_E23CDD23A8
Tshopo,Makiso Kisangani,Imani,6 E Avennue,Polyclinque,Millenaire,KSPH_TP_80045B90DA
Tshopo,Makiso Kisangani,Imani,2 Eme,Centre Hopitalier,Nouveau Village Pediatrie,KSPH_TP_0F98EF19BD
Tshopo,Makiso Kisangani,Imani,3 Eavenue,Poste de Santé,Promotion La Femme,KSPH_TP_8F77C83446
Tshopo,Makiso Kisangani,Imani,7 Eme,Centre Hopitalier,Universitaire Libre Kisangani,KSPH_TP_A8E3CBD127
Tshopo,Makiso Kisangani,Jamaa,Munyororo,Dispensaire,Asipiro,KSPH_TP_4B26F84895
Tshopo,Makiso Kisangani,Jamaa,Parc B,Centre Hopitalier,Bolila,KSPH_TP_66DA04909D
Tshopo,Makiso Kisangani,Jamaa,De La Tshopo,Centre Médical,Bon Samaritain,KSPH_TP_65ED2463EF
Tshopo,Makiso Kisangani,Jamaa,Boulevard Mangala,Centre de Santé,Chaloom,KSPH_TP_11C82FED76
Tshopo,Makiso Kisangani,Jamaa,Banande,Dispensaire,Esperance,KSPH_TP_668250F831
Tshopo,Makiso Kisangani,Jamaa,8Minutes,Dispensaire,Fraternite,KSPH_TP_D7073C84ED
Tshopo,Makiso Kisangani,Jamaa,Triban,Centre de Santé,Jamaa,KSPH_TP_79E1E94329
Tshopo,Makiso Kisangani,Jamaa,Kinshasa,Centre de Santé de Référence,La Joie,KSPH_TP_8D83259DF0
Tshopo,Makiso Kisangani,Jamaa,Getumbe,Centre Hopitalier,Masikilizano,KSPH_TP_43193B3A42
Tshopo,Makiso Kisangani,Jamaa,Kinshasa,Centre Médical,Renouveau 2,KSPH_TP_26FB02A74E
Tshopo,Makiso Kisangani,Jamaa,Yaweli 1,Centre de Santé,Yalikina,KSPH_TP_A5B7077695
Tshopo,Makiso Kisangani,Kapela,Bloc Centenaire,Centre Médical,Eben Ezer,KSPH_TP_05731B75AA
Tshopo,Makiso Kisangani,Kapela,Bloc,Centre Médical,Efata,KSPH_TP_1EBB8A3665
Tshopo,Makiso Kisangani,Kapela,Bloc Kapela,Centre Médical,Exauce,KSPH_TP_4702D863DE
Tshopo,Makiso Kisangani,Kapela,Bloc Centenaire,Centre Médical,Healing Sayjo,KSPH_TP_7F357D0DB6
Tshopo,Makiso Kisangani,Kapela,Bloc Maluku,Centre Médical,Hospitalo Universitaire Cepromad Heshima Hospital,KSPH_TP_9AD934E0E3
Tshopo,Makiso Kisangani,Kapela,Bloc Centenaire,Centre de Santé,Kapela,KSPH_TP_F1D59169F5
Tshopo,Makiso Kisangani,Kapela,Bloc Mosunga,Dispensaire,La Divinite,KSPH_TP_7A0C70AD39
Tshopo,Makiso Kisangani,Kapela,Bloc Cimesta,Centre Médical,Liza,KSPH_TP_A220F5CA64
Tshopo,Makiso Kisangani,Kapela,Bloc Centenaire,Centre Médical,Sainte Therese,KSPH_TP_B8A7BDDEE4
Tshopo,Makiso Kisangani,Kapela,Bloc Centenaire,Centre Médical,Salama,KSPH_TP_4FC56EEC9E
Tshopo,Makiso Kisangani,Kilanga,Route Aeroport,Centre Médical,Chirurgical Horizon,KSPH_TP_43EECE5412
Tshopo,Makiso Kisangani,Kilanga,Cimesta,Centre Médical,Eliezer,KSPH_TP_27CFD72D10
Tshopo,Makiso Kisangani,Kilanga,Maole,Polyclinque,Favor,KSPH_TP_01CE0B510C
Tshopo,Makiso Kisangani,Kilanga,Maole,Centre Médical,Fundi,KSPH_TP_5B1973EE01
Tshopo,Makiso Kisangani,Kilanga,Maole,Dispensaire,Gasamir 3,KSPH_TP_230F896A59
Tshopo,Makiso Kisangani,Kilanga,Willy Poyepoye,Centre de Santé,Kilanga,KSPH_TP_5B39C180D8
Tshopo,Makiso Kisangani,Kilanga,Willy Poyepoye,Centre Médical,Kitumaini,KSPH_TP_301DAD3F58
Tshopo,Makiso Kisangani,Kilanga,Maole,Dispensaire,La Piscine,KSPH_TP_CABD13707A
Tshopo,Makiso Kisangani,Kilanga,Tchamunyonge,Centre Médical,La Promesse Dieu,KSPH_TP_DD2CC40D71
Tshopo,Makiso Kisangani,Kilanga,Willy Poyepoye,Centre Médical,Lubenga 1,KSPH_TP_916BEE91F0
Tshopo,Makiso Kisangani,Kilanga,Bloc Kilanga,Dispensaire,Mwana Bwato,KSPH_TP_88030F714B
Tshopo,Makiso Kisangani,Kilanga,Maole,Centre Médical,Nouvelle Jerusalem,KSPH_TP_821142DDFD
Tshopo,Makiso Kisangani,Kilanga,Tchamunyonge,Centre Médical,Saint Molengo,KSPH_TP_BDE4A9D01A
Tshopo,Makiso Kisangani,Kilanga,Kapela,Centre Hopitalier,Solidarite D Esperence Pour Le Developpement La Femme,KSPH_TP_5DB704DA05
Tshopo,Makiso Kisangani,Kilanga,Avenue  Linampongo,Centre Médical,Upendo,KSPH_TP_897BA5D57A
Tshopo,Makiso Kisangani,Konga Konga,Bloc Tshakulomba,Centre Médical,Acclamation,KSPH_TP_7325DFC857
Tshopo,Makiso Kisangani,Konga Konga,Bloc Foda,Centre Médical,Eben Ezer,KSPH_TP_6BCB976AD6
Tshopo,Makiso Kisangani,Konga Konga,Bloc Stade,Poste de Santé,Islamique Salut,KSPH_TP_C585D39797
Tshopo,Makiso Kisangani,Konga Konga,Bloc Tshakulomba,Dispensaire,Issa Muhamed,KSPH_TP_BEA9BECFC2
Tshopo,Makiso Kisangani,Konga Konga,Bloc Foda,Centre de Santé,Konga Konga,KSPH_TP_CFD12DA8C7
Tshopo,Makiso Kisangani,Konga Konga,Bloc Tshakulomba,Centre Hopitalier,Lubemba,KSPH_TP_CE8339416D
Tshopo,Makiso Kisangani,Konga Konga,Bloc Foda,Dispensaire,Lubenga,KSPH_TP_F2CD603508
Tshopo,Makiso Kisangani,Konga Konga,Bloc Mushapa,Dispensaire,Nouvelle Betsaida,KSPH_TP_377059B59E
Tshopo,Makiso Kisangani,Konga Konga,Omari Mayutu,Poste de Santé,Radio Club 1,KSPH_TP_99F5A5DAAC
Tshopo,Makiso Kisangani,Konga Konga,Bloc Mosunga,Poste de Santé,Radio Club 2,KSPH_TP_D870AD9F9F
Tshopo,Makiso Kisangani,Libota,Armee Salut,Hôpital,Cinquantenaire,KSPH_TP_1192827021
Tshopo,Makiso Kisangani,Libota,Bloc Ketele,Centre de Santé,Ketele,KSPH_TP_6454E439CB
Tshopo,Makiso Kisangani,Libota,Armee Salut,Centre Médical,L'Espoir,KSPH_TP_80E29241BA
Tshopo,Makiso Kisangani,Libota,Katako,Centre Médical,La Rosette,KSPH_TP_368888477F
Tshopo,Makiso Kisangani,Libota,Armee Salut,Centre de Santé,Libota,KSPH_TP_B17F02E898
Tshopo,Makiso Kisangani,Mac Millan,Alinyama,Site Soin Communautaire,Alinyama,KSPH_TP_5ABCE9FD7F
Tshopo,Makiso Kisangani,Mac Millan,Cite Paradis Pk 5,Centre Hopitalier,Angenonga,KSPH_TP_3111BD021C
Tshopo,Makiso Kisangani,Mac Millan,Angombode,Site Soin Communautaire,Angombode,KSPH_TP_BD7C71A21A
Tshopo,Makiso Kisangani,Mac Millan,Cite Paradis Pk 5,Centre Hopitalier,Dieu Merci,KSPH_TP_DEEC0B139E
Tshopo,Makiso Kisangani,Mac Millan,Kulubu,Site Soin Communautaire,Kulubu,KSPH_TP_DE151F2792
Tshopo,Makiso Kisangani,Mac Millan,Cite Basayi,Centre Médical,La Famille,KSPH_TP_3DD82B146C
Tshopo,Makiso Kisangani,Mac Millan,Cite Darwezi,Centre Médical,La Foi Gueri,KSPH_TP_A640CD7332
Tshopo,Makiso Kisangani,Mac Millan,Batiambale 1,Centre de Santé,Mac Millan,KSPH_TP_90EFCD9473
Tshopo,Makiso Kisangani,Mac Millan,Okuti Olei,Site Soin Communautaire,Okuti Olei,KSPH_TP_076DE9C4C4
Tshopo,Makiso Kisangani,Mac Millan,Cite Basayi,Centre Médical,Usiano,KSPH_TP_E1B299DB78
Tshopo,Makiso Kisangani,Mac Millan,Batiambale 2,Centre Médical,Wale Utshumbe,KSPH_TP_5E295193F4
Tshopo,Makiso Kisangani,Makiso,Du 30 Octobre,Centre Hopitalier,Barlovatz,KSPH_TP_698F756F8C
Tshopo,Makiso Kisangani,Makiso,Fonction Publique,Polyclinque,Canon,KSPH_TP_30F51793EB
Tshopo,Makiso Kisangani,Makiso,Fonction Publique,Centre Médical,La Paix,KSPH_TP_54E2B234BA
Tshopo,Makiso Kisangani,Makiso,Des Eurables,Centre de Santé,Makiso,KSPH_TP_9F25E07D5E
Tshopo,Makiso Kisangani,Makiso,Fonction Publique,Centre Médical,Moyo Wa Yesu,KSPH_TP_C88A40535C
Tshopo,Makiso Kisangani,Makiso,Fonction Publique,Centre Médical,PSSP,KSPH_TP_5D49226F3C
Tshopo,Makiso Kisangani,Makiso,Gnl Mulamba,Centre de Santé,Prison,KSPH_TP_452A878CD1
Tshopo,Makiso Kisangani,Makiso,Fonction Publique,Centre Médical,Vita Nova,KSPH_TP_B0F66527ED
Tshopo,Makiso Kisangani,Mandombe,Batiamalisa,Centre Médical,Aime Rose,KSPH_TP_F089AB4FCE
Tshopo,Makiso Kisangani,Mandombe,Bangbokakamango,Centre Médical,Amani,KSPH_TP_7FE626B060
Tshopo,Makiso Kisangani,Mandombe,Babula,Centre Médical,Angundia,KSPH_TP_5D9DC647B8
Tshopo,Makiso Kisangani,Mandombe,Babula,Site Soin Communautaire,Babula,KSPH_TP_AD7CC5D19B
Tshopo,Makiso Kisangani,Mandombe,Bangbokakamango,Poste de Santé,Baraka,KSPH_TP_D4E1EE9A1A
Tshopo,Makiso Kisangani,Mandombe,Muti Andeke,Centre Médical,Camp Bauma,KSPH_TP_DD7E30A5C6
Tshopo,Makiso Kisangani,Mandombe,Bangboka Aeroport,Poste de Santé,Depot Pour La Conservation Des Vaccins Et Autres Produits,KSPH_TP_CABA7D020D
Tshopo,Makiso Kisangani,Mandombe,Babula,Centre Médical,Gazellle,KSPH_TP_EF91714764
Tshopo,Makiso Kisangani,Mandombe,Batiakanga,Centre de Santé,Mandombe,KSPH_TP_8F4A38BAA8
Tshopo,Makiso Kisangani,Mandombe,Puku Kaningo,Site Soin Communautaire,Puku Kaningo,KSPH_TP_3FA99B3DDD
Tshopo,Makiso Kisangani,Mandombe,Puku Likungu,Site Soin Communautaire,Puku Likungu,KSPH_TP_C897C51086
Tshopo,Makiso Kisangani,Mandombe,Puku Akoko,Poste de Santé,Puku Ukuku,KSPH_TP_07DA93548A
Tshopo,Makiso Kisangani,Mandombe,Bangboka Aeroport,Poste de Santé,Saio 3,KSPH_TP_E205732CAE
Tshopo,Makiso Kisangani,Mandombe,Bangbokakamango,Poste de Santé,Saio 3,KSPH_TP_C4DCEAA0B1
Tshopo,Makiso Kisangani,Mandombe,Batiamalisa,Centre de Santé,Santre Upendo,KSPH_TP_AE782F758C
Tshopo,Makiso Kisangani,Mandombe,Bangboka Aeroport,Dispensaire,Secouer,KSPH_TP_ECDFB5356E
Tshopo,Makiso Kisangani,Mokela,Bloc N'Sele,Poste de Santé,Beaka,KSPH_TP_1C22211433
Tshopo,Makiso Kisangani,Mokela,Bloc Chololo,Centre Hopitalier,Benediction,KSPH_TP_4E8A858500
Tshopo,Makiso Kisangani,Mokela,Bloc Mabe Sabiti,Centre Médical,Jiwe Kubwa,KSPH_TP_37CE2A7BC9
Tshopo,Makiso Kisangani,Mokela,Bloc Katako,Centre de Santé,Mokela,KSPH_TP_852567B358
Tshopo,Makiso Kisangani,Mokela,Bloc Mabe Sabiti,Dispensaire,Uzima,KSPH_TP_6C77D406E2
Tshopo,Makiso Kisangani,Motumbe,Minganzi 1 And 2 And 3,Centre Hopitalier,Jimk,KSPH_TP_25EE71C2D1
Tshopo,Makiso Kisangani,Motumbe,Mon Ngaliema Et Bis,Centre de Santé,Motumbe,KSPH_TP_96F40BC24E
Tshopo,Makiso Kisangani,Motumbe,Grand Seminaire,Centre de Santé,Motumbe,KSPH_TP_A263482491
Tshopo,Makiso Kisangani,Motumbe,Inga 1 And 2 And 3,Centre de Santé,Shafi,KSPH_TP_6F809A794B
Tshopo,Makiso Kisangani,Motumbe,Musa,Poste de Santé,Tumaini,KSPH_TP_34C52CEB6E
Tshopo,Makiso Kisangani,Neema,Boende,Centre Hopitalier,Abraham,KSPH_TP_59BC35A253
Tshopo,Makiso Kisangani,Neema,Zongia,Polyclinque,Adveniat Regnum Tuum,KSPH_TP_AA78DE4BC6
Tshopo,Makiso Kisangani,Neema,Boende,Centre Médical,Baraka,KSPH_TP_374034A644
Tshopo,Makiso Kisangani,Neema,8 Emtrans,Centre Hopitalier,Bon Berger,KSPH_TP_BE0108AA89
Tshopo,Makiso Kisangani,Neema,Qg,Poste de Santé,Et Developpement,KSPH_TP_1805A33C20
Tshopo,Makiso Kisangani,Neema,Zongia,Centre Médical,Mali Ya Bwana,KSPH_TP_9CF3641C22
Tshopo,Makiso Kisangani,Neema,Bunia,Centre de Santé de Référence,Neema,KSPH_TP_DBC854A128
Tshopo,Makiso Kisangani,Neema,Av Boulevard Lumumba,Polyclinque,Seleste,KSPH_TP_0405AF0793
Tshopo,Makiso Kisangani,Omari Mayuto,Bloc Omari Mayuto,Dispensaire,La Merveille,KSPH_TP_5BCA61F4F6
Tshopo,Makiso Kisangani,Omari Mayuto,Omari Mayutu,Centre de Santé,Omari Mayuto,KSPH_TP_4EEFF56AFC
Tshopo,Makiso Kisangani,Omari Mayuto,Bloc Omari Mayuto,Centre Médical,Radio Club,KSPH_TP_F7BA3BA3CB
Tshopo,Makiso Kisangani,Omari Mayuto,Bloc Baleka,Dispensaire,Yahwe Schamma,KSPH_TP_999EB1F267
Tshopo,Makiso Kisangani,Omari Mayuto,Bloc Omari Mayuto,Centre Médical,Zamu Zamu,KSPH_TP_EBAEF3E559
Tshopo,Makiso Kisangani,Paix,Boulevard Mangala,Centre de Santé,Goshen,KSPH_TP_AD7AF90B34
Tshopo,Makiso Kisangani,Paix,Getumbe,Centre de Santé,La Paix,KSPH_TP_80A47431EF
Tshopo,Makiso Kisangani,Paix,Lokinda,Centre de Santé,Trinite,KSPH_TP_4C2B28FC61
Tshopo,Makiso Kisangani,Rosaria,Axe Central,Centre Hopitalier,Celpa,KSPH_TP_826914FBCD
Tshopo,Makiso Kisangani,Rosaria,Axe Central,Centre Hopitalier,Cohesion Sociale,KSPH_TP_8D1842BADF
Tshopo,Makiso Kisangani,Rosaria,Axe Central,Polyclinque,Evangelique Kisangani,KSPH_TP_73FE672381
Tshopo,Makiso Kisangani,Rosaria,Islamique,Clinique,Hosanna,KSPH_TP_EBA4EE9D71
Tshopo,Makiso Kisangani,Rosaria,Axe Central,Centre de Santé,Rosaria,ACASUS_C980EF6B62
Tshopo,Makiso Kisangani,St Pierre,Bazula,Centre Médical,Makosi,KSPH_TP_01764129F9
Tshopo,Makiso Kisangani,St Pierre,Dunia,Centre Médical,Philadelphie,KSPH_TP_ED32486A22
Tshopo,Makiso Kisangani,St Pierre,Dunia,Centre de Santé,Saint Pierre,KSPH_TP_44069C7AA0
Tshopo,Makiso Kisangani,St Pierre,Yasanga,Poste de Santé,Tolimo,KSPH_TP_E6A95342D5
Tshopo,Makiso Kisangani,St Pierre,Bazula,Centre Médical,Yaamujibu,KSPH_TP_1D7840710D
Tshopo,Makiso Kisangani,Ville,,Centre Médical,CNSS,GRID3_92736FA412
Tshopo,Makiso Kisangani,Ville,De La Radio,Centre Hopitalier,Rtnc,KSPH_TP_0916DF4399
Tshopo,Makiso Kisangani,Ville,Victime De L A Rebelion,Polyclinque,Saint Gaspard,KSPH_TP_1B5BB59AA4
Tshopo,Makiso Kisangani,Ville,Marche,Clinique,Stanley,KSPH_TP_B626EE726A
Tshopo,Makiso Kisangani,Ville,Munyororo,Centre de Santé,Ville,KSPH_TP_65DEB9938E
Tshopo,Makiso Kisangani,Yetu,Bloc Artisanal,Centre Médical,Afya Plus,KSPH_TP_21CD519CC8
Tshopo,Makiso Kisangani,Yetu,Bloc Kilanga 1,Centre Médical,Alfajiri,KSPH_TP_4584CC8D3D
Tshopo,Makiso Kisangani,Yetu,Bloc Artisanal,Centre Médical,Amani,KSPH_TP_97ED20C6D9
Tshopo,Makiso Kisangani,Yetu,Bloc Artisanal,Centre Hopitalier,Cecca 16,KSPH_TP_44F4D4CC17
Tshopo,Makiso Kisangani,Yetu,Bloc Kilanga 1,Centre Médical,La Gazelle,KSPH_TP_341E354629
Tshopo,Makiso Kisangani,Yetu,Bloc Kilanga 1,Dispensaire,La Lumiere,KSPH_TP_DC3B5A590D
Tshopo,Makiso Kisangani,Yetu,Bloc Artisanal,Centre Médical,Siloe,KSPH_TP_EBF8AEC3DD
Tshopo,Makiso Kisangani,Yetu,Bloc Artisanal,Centre Médical,Thembo,KSPH_TP_E3597A478D
Tshopo,Makiso Kisangani,Yetu,Bloc Artisanal,Centre de Santé,Yetu Etat,KSPH_TP_2B028014B4
Tshopo,Makiso Kisangani,Yetu,Bloc Artisanal,Centre de Santé,Yetu La Croix Rouge,KSPH_TP_77EB3F9D43
Tshopo,Mangobo,Anoalite,Basoko,Centre de Santé,Anoalite,KSPH_TP_2CE3D39F89
Tshopo,Mangobo,Anoalite,Bangwandi,Centre de Santé,Des Nations,KSPH_TP_7E323656E8
Tshopo,Mangobo,Anoalite,Bambole,Centre Médical,Rogerti,KSPH_TP_1537E6096D
Tshopo,Mangobo,Bethsaida,Bloc Baboa,Centre de Santé,Bethsaida,KSPH_TP_0CF5864660
Tshopo,Mangobo,Bethsaida,Bloc Azande,Centre Médical,La Promesse Divine,KSPH_TP_F58A233FB4
Tshopo,Mangobo,Bethsaida,Bloc Alur,Centre Médical,La Victoire,KSPH_TP_FC08373AA3
Tshopo,Mangobo,Bethsaida,Bloc Azande,Clinique,Orient,KSPH_TP_9D779B29FA
Tshopo,Mangobo,Bethsaida,Bloc Azande,Centre Médical,Shalom,KSPH_TP_DAAA038872
Tshopo,Mangobo,Bombula,Avabattoire,Centre de Santé,Bombula,KSPH_TP_C5A761D87E
Tshopo,Mangobo,Bondeko,Mulamba,Centre de Santé,Bondeko,KSPH_TP_03215613CF
Tshopo,Mangobo,Bondeko,Boulevard Cabine,Clinique,Kawaki,KSPH_TP_860863F7F7
Tshopo,Mangobo,Bondeko,Lugwara 1,Centre Médical,La Main Divine,KSPH_TP_852A3CA935
Tshopo,Mangobo,Bondeko,Avenue Wamenga,Centre Médical,Sunao,KSPH_TP_3600906F86
Tshopo,Mangobo,Confiance,Mangobo,Centre Hopitalier,La Compassion,KSPH_TP_8CE8763D4C
Tshopo,Mangobo,Confiance,Botanique Conf,Centre de Santé,La Confiance,KSPH_TP_8181B09C93
Tshopo,Mangobo,Confiance,Botanique Conf,Centre de Santé,Tosalisana,KSPH_TP_521BCC1CE7
Tshopo,Mangobo,Confiance,Fataki,Centre Médical,Wale Otshumbe,KSPH_TP_70B1800E0F
Tshopo,Mangobo,Famille,Bangbetu,Centre de Santé,Bethlem,KSPH_TP_E0026C5BFB
Tshopo,Mangobo,Famille,Mabudu Onl,Centre de Santé,Famille,KSPH_TP_F589D0B66E
Tshopo,Mangobo,Famille,Mabudu Bis,Centre de Santé,Jehova Jire 1,KSPH_TP_82E3F3D987
Tshopo,Mangobo,Famille,Bangelema,Centre de Santé,Jehova Jire 2,KSPH_TP_7D84A61FAC
Tshopo,Mangobo,Fedi,Kokonyange Bis,Poste de Santé,Cebtre Bethlehem 2,KSPH_TP_7E1C76A5D6
Tshopo,Mangobo,Fedi,Bongila Bis,Site Soin Communautaire,Fedi,KSPH_TP_8B8A7677D0
Tshopo,Mangobo,Fedi,Libenge Bis,Centre de Santé,Fedi,KSPH_TP_C3812270A8
Tshopo,Mangobo,Fedi,Mangobo Bis,Centre de Santé,Jacques Chirac,KSPH_TP_EAB5A47C97
Tshopo,Mangobo,Kondima,Bamanga,Centre de Santé,Don Dieu,KSPH_TP_92257C0CEC
Tshopo,Mangobo,Kondima,Bakumu,Dispensaire,Faradja 2,KSPH_TP_A6E33B908F
Tshopo,Mangobo,Kondima,Sotraco 1,Centre de Santé,Kondima,KSPH_TP_36BEBBDB51
Tshopo,Mangobo,Maman Mwilu,,Clinique,Daniela,GRID3_1D4F78F253
Tshopo,Mangobo,Maman Mwilu,Walengola 1,Centre Médical,Lifita,KSPH_TP_AC5CF54EF9
Tshopo,Mangobo,Maman Mwilu,Walengola 1,Centre de Santé,Maman Mwilu,KSPH_TP_227D41298B
Tshopo,Mangobo,Maman Mwilu,Walengola 1,Centre Hopitalier,Methodiste Kabondo,KSPH_TP_49BB139203
Tshopo,Mangobo,Marie Antoinette,Mituku 2,Centre Médical,Desire,KSPH_TP_8DCBD18EF2
Tshopo,Mangobo,Marie Antoinette,Lumbulumbu 1,Polyclinque,Lotoyano,KSPH_TP_9924F8D5A6
Tshopo,Mangobo,Marie Antoinette,Mituku 3,Hôpital Général de Référence,Mangobo,KSPH_TP_24E66A3F32
Tshopo,Mangobo,Marie Antoinette,Mituku 2,Bureau Central de la Zone de Santé,Mangobo,KSPH_TP_A9B2C2B2A3
Tshopo,Mangobo,Marie Antoinette,Orphelinat,Centre de Santé,Marie Antoinette,KSPH_TP_FD24349A5F
Tshopo,Mangobo,Matete,Du Congo,Centre Médical,La Divinite,KSPH_TP_B086500E48
Tshopo,Mangobo,Matete,Lindi Mat,Centre de Santé de Référence,Matete,KSPH_TP_22F11A79B1
Tshopo,Mangobo,Okapi,Bloc Lomoyo,Centre de Santé,Bethanie,KSPH_TP_51C6EE57DE
Tshopo,Mangobo,Okapi,Bonganga,Site Soin Communautaire,Bobokoli,KSPH_TP_7332956A65
Tshopo,Mangobo,Okapi,Avenue Grace  A Dieu,Poste de Santé,Grace A Dieu,KSPH_TP_F32A8B34D2
Tshopo,Mangobo,Okapi,Bloc Lomoyo,Centre Hopitalier,Imbolo,KSPH_TP_658BD0E17F
Tshopo,Mangobo,Okapi,Boolo,Centre de Santé,Jourdain,KSPH_TP_DA16B8773A
Tshopo,Mangobo,Okapi,Bloc Lomoyo,Centre de Santé,La Main Dieu,KSPH_TP_73DF34D2E4
Tshopo,Mangobo,Okapi,Bloc Lomoyo,Poste de Santé,La Parite,KSPH_TP_BEC528A62A
Tshopo,Mangobo,Okapi,Mosite,Centre de Santé,Okapi,KSPH_TP_A59047A224
Tshopo,Mangobo,Okapi,Bloc Lomoyo,Centre Médical,Vert Blanc 2,KSPH_TP_8140933376
Tshopo,Mangobo,Profession,Sotraco 3,Centre de Santé,La Profession,KSPH_TP_F017D2737E
Tshopo,Mangobo,Profession,Bloc Sotexki,Centre Médical,Sotexki,KSPH_TP_DC872FF0AB
Tshopo,Mangobo,Profession,Sotraco 2,Centre Médical,Vert Blanc,KSPH_TP_B2A1DAA5AF
Tshopo,Mangobo,Salama,Bahema 2,Dispensaire,Renouveau,KSPH_TP_67451FE348
Tshopo,Mangobo,Salama,Bahema Bis,Centre de Santé,Salama,KSPH_TP_D648D18475
Tshopo,Mangobo,Salama,Bahema 2,Clinique,William,KSPH_TP_3EAE8A5B16
Tshopo,Mangobo,Segama,Blv Baelongandi Bis,Centre Médical,Bolangi 2,KSPH_TP_B0A21822A3
Tshopo,Mangobo,Segama,Du Congo 3,Centre de Santé,Bonne,KSPH_TP_E66FEC7D81
Tshopo,Mangobo,Segama,,Centre Hopitalier,Bonne Santé,GRID3_55E0C3992F
Tshopo,Mangobo,Segama,Mboka Ya Sika,Centre Médical,Dieu Gueri 2,KSPH_TP_9D9FC9E774
Tshopo,Mangobo,Segama,Mboka Ya Sika,Centre Médical,Dieu Merci,KSPH_TP_1EA84654A0
Tshopo,Mangobo,Segama,Du Congo 3,Centre de Santé,Espoir,KSPH_TP_FF8B38A414
Tshopo,Mangobo,Segama,Nzinzi,Site Soin Communautaire,Nzinzi Ey,KSPH_TP_DC83D441D9
Tshopo,Mangobo,Segama,Akwete,Centre de Santé,Segama,KSPH_TP_8EAFEC3A90
Tshopo,Mangobo,Segama,Du Congo 3,Centre Médical,Shalom,KSPH_TP_5D7A795BA1
Tshopo,Mangobo,Siloe,Balese Bis,Centre Médical,Ngbanga Ahepa,KSPH_TP_2DAB41D141
Tshopo,Mangobo,Siloe,Balese Onl,Centre de Santé,Siloe,KSPH_TP_17134A9276
Tshopo,Mangobo,Siloe,Balese Onl,Centre de Santé,Umoja,KSPH_TP_EEE34D3D4D
Tshopo,Mangobo,Tibafa,Kasobia Tib,Poste de Santé,Alaska,KSPH_TP_8DB710A1CA
Tshopo,Mangobo,Tibafa,Kasobia Tib,Dispensaire,La Guerison,KSPH_TP_CD7144A987
Tshopo,Mangobo,Tibafa,Lofoli Tib,Centre de Santé,Tibafa,KSPH_TP_4DE34B9B00
Tshopo,Mangobo,Uzima,Medje 1,Centre Médical,Kolamungu,KSPH_TP_553E568BD2
Tshopo,Mangobo,Uzima,Turumbu 2,Centre Médical,La Lumiere,KSPH_TP_DC7BB8AE3C
Tshopo,Mangobo,Uzima,Medje 1,Centre Médical,Promedie,KSPH_TP_0131B89BDB
Tshopo,Mangobo,Uzima,Medje 2,Centre de Santé,Uzima,KSPH_TP_C2DA4920BD
Tshopo,Opala,Bongona,Bongona,Centre de Santé,Bongona,KSPH_TP_5818413EE7
Tshopo,Opala,Bongona,Lekatelo,Poste de Santé,Lekatelo,KSPH_TP_26E41E6D37
Tshopo,Opala,Bongona,Lekolisa 1,Poste de Santé,Lekolisa 1,KSPH_TP_ED546E3058
Tshopo,Opala,Bongona,Lekolisa 2,Site Soin Communautaire,Lekolisa 2,KSPH_TP_894C0349CA
Tshopo,Opala,Bongona,Yafakitulu,Poste de Santé,Yafakitulu,KSPH_TP_57BE7592ED
Tshopo,Opala,Irema,Irema,Centre de Santé,Irema,KSPH_TP_2CA3260B30
Tshopo,Opala,Irema,Lisuma 3,Poste de Santé,Lisuma 3,KSPH_TP_7AB399CBF3
Tshopo,Opala,Irema,Yalipanga,Site Soin Communautaire,Yalipanga,KSPH_TP_3F342BC702
Tshopo,Opala,Irema,Yaohu Litale,Site Soin Communautaire,Yaohu Litale,KSPH_TP_0BF0279966
Tshopo,Opala,Irema,Yaolika,Poste de Santé,Yaolika,KSPH_TP_10368BF003
Tshopo,Opala,Kenake,Kenake Plantation,Centre de Santé de Référence,Kenake,KSPH_TP_50DF142211
Tshopo,Opala,Kenake,Likekese,Site Soin Communautaire,Likekese,KSPH_TP_722680C69D
Tshopo,Opala,Kenake,Lonyeki 1,Site Soin Communautaire,Lonyeki 1,KSPH_TP_3121A183BD
Tshopo,Opala,Kenake,Mayoko 1,Poste de Santé,Mayoko 1,KSPH_TP_5128C92EF2
Tshopo,Opala,Kenake,Mayoko 3,Poste de Santé,Mayoko 3,KSPH_TP_10EEC77915
Tshopo,Opala,Kenake,Nongo Wanga 1,Poste de Santé,Nongo Wanga 1,KSPH_TP_CD41284BA8
Tshopo,Opala,Kenake,Osomba 1,Poste de Santé,Osomba 1,KSPH_TP_AB79498245
Tshopo,Opala,Lal'ekili,,Poste de Santé,Asoko Kumi,GRID3_C961EC0AE7
Tshopo,Opala,Lal'ekili,Lalekili,Centre de Santé,Lal'Ekili,KSPH_TP_CDCAE94767
Tshopo,Opala,Lal'ekili,,Poste de Santé,Lieke Songe,GRID3_24CE648950
Tshopo,Opala,Lal'ekili,Litale 1,Poste de Santé,Litale,KSPH_TP_21C661CB13
Tshopo,Opala,Lal'ekili,,Poste de Santé,Loola,GRID3_0721F6C4D3
Tshopo,Opala,Lal'ekili,Okasa,Poste de Santé,Okasa,KSPH_TP_C8F211AB8D
Tshopo,Opala,Lal'ekili,Yatembe,Site Soin Communautaire,Yatembe,KSPH_TP_0686795C26
Tshopo,Opala,Lal'ekili,Yoko Suku,Site Soin Communautaire,Yoko Suku,KSPH_TP_622D9E3B7F
Tshopo,Opala,Lekatero 1,Isangapaka,Poste de Santé,Isangapaka,KSPH_TP_91FF5FD497
Tshopo,Opala,Lekatero 1,Lekatero 1,Centre de Santé,Lekatero 1,KSPH_TP_EC3219BE90
Tshopo,Opala,Lekatero 1,Lekatero 2,Poste de Santé,Lekatero 2,KSPH_TP_EE3E07D06F
Tshopo,Opala,Lekatero 1,Lelende,Poste de Santé,Lelende,KSPH_TP_CBCE7E4BD2
Tshopo,Opala,Lekatero 1,Yaokandja,Site Soin Communautaire,Yaokandja,KSPH_TP_4F7F71D3ED
Tshopo,Opala,Lerema Kembe,Boliti,Site Soin Communautaire,Boliti,KSPH_TP_8EA8BA472C
Tshopo,Opala,Lerema Kembe,Lekatelo,Poste de Santé,Lekatelo,KSPH_TP_249AB15CFC
Tshopo,Opala,Lerema Kembe,Lerema,Centre de Santé,Lerema Kembe,KSPH_TP_D1641D4ED5
Tshopo,Opala,Lerema Kembe,Liasa,Poste de Santé,Liasa,KSPH_TP_3529742132
Tshopo,Opala,Lerema Kembe,Lisuma 1,Poste de Santé,Lisuma 1,KSPH_TP_960A86837F
Tshopo,Opala,Lerema Kembe,Loseke,Poste de Santé,Lokandu,KSPH_TP_034AF8B653
Tshopo,Opala,Lerema Kembe,Lisuma Yeye,Poste de Santé,Osuma Yeye,KSPH_TP_F8A71973C7
Tshopo,Opala,Lerema Yalingo,Elengalale,Poste de Santé,Elengalale,KSPH_TP_2A0550065C
Tshopo,Opala,Lerema Yalingo,Lerema Yalingo,Centre de Santé,Lerema Yalingo,KSPH_TP_D334650597
Tshopo,Opala,Lerema Yalingo,Loseke Monene,Poste de Santé,Liseke Monene,KSPH_TP_15276DF16C
Tshopo,Opala,Lerema Yalingo,Losele 2,Site Soin Communautaire,Losele,KSPH_TP_0CB0584741
Tshopo,Opala,Lerema Yalingo,,Poste de Santé,Losele 1,GRID3_8D37277D98
Tshopo,Opala,Lerema Yalingo,,Poste de Santé,Otunga,GRID3_99B7592A38
Tshopo,Opala,Letutu Simbele,Lalekongo,Site Soin Communautaire,Lalelekongo,KSPH_TP_CAB9357EF5
Tshopo,Opala,Letutu Simbele,Lelende Monene,Poste de Santé,Lelende Monene,KSPH_TP_3214CE7A53
Tshopo,Opala,Letutu Simbele,Letutu Simbele,Centre de Santé,Letutu Simbele,KSPH_TP_533749A082
Tshopo,Opala,Letutu Simbele,Lomasi Motema,Poste de Santé,Lomasikotema,KSPH_TP_AAB500BB6D
Tshopo,Opala,Letutu Simbele,Osuke,Site Soin Communautaire,Osuke,KSPH_TP_0762B12F53
Tshopo,Opala,Letutu Simbele,Liseki Wete,Poste de Santé,Osuke Songe Pk 12,KSPH_TP_A1E7E0CAAA
Tshopo,Opala,Letutu Yakuma,,Poste de Santé,Lefundelo,GRID3_496DDC78B2
Tshopo,Opala,Letutu Yakuma,Yakuma,Centre de Santé,Letutu Yakuma,KSPH_TP_E2B3C56AB4
Tshopo,Opala,Letutu Yakuma,,Site Soin Communautaire,Lokambo,GRID3_5373C975A9
Tshopo,Opala,Letutu Yakuma,,Poste de Santé,Yaata,GRID3_F88278A20F
Tshopo,Opala,Letutu Yakuma,Yanga,Site Soin Communautaire,Yanga,KSPH_TP_93603A7EC7
Tshopo,Opala,Letutu Yakuma,Liseki Losingo,Poste de Santé,Yemaka Lombo,KSPH_TP_287FB5337B
Tshopo,Opala,Lieke Lesole,Lieke Asangu,Poste de Santé,Lieke Asango,KSPH_TP_3C95A05B87
Tshopo,Opala,Lieke Lesole,Lieke Lesole,Centre de Santé,Lieke Lesole,KSPH_TP_EEF607168F
Tshopo,Opala,Lieke Lesole,Likako,Poste de Santé,Likako,KSPH_TP_80DB6953FB
Tshopo,Opala,Lieke Lesole,Lonyeki,Site Soin Communautaire,Lonyeki,KSPH_TP_CD67A39D23
Tshopo,Opala,Lieke Lesole,Okasa,Poste de Santé,Okasa,KSPH_TP_EDE7E77E36
Tshopo,Opala,Lifulututu,Bolongo,Site Soin Communautaire,Bolongo,KSPH_TP_42F55A59D5
Tshopo,Opala,Lifulututu,Elome,Poste de Santé,Elome,KSPH_TP_A05243BFB2
Tshopo,Opala,Lifulututu,Lifulututu,Centre de Santé,Lifulututu,ACASUS_B122D68378
Tshopo,Opala,Lifulututu,Lokoto 1,Poste de Santé,Lokoto 1,KSPH_TP_06318C14A8
Tshopo,Opala,Lifulututu,Makandja,Poste de Santé,Makandja,KSPH_TP_6B1C1A885C
Tshopo,Opala,Lifulututu,Nongo,Poste de Santé,Nongo,KSPH_TP_08C5293E67
Tshopo,Opala,Lifulututu,Lifulututu,Centre Médical,Sainte Lifulututu,KSPH_TP_B8E4826EF8
Tshopo,Opala,Lifulututu,Tozongela,Poste de Santé,Tozongela,KSPH_TP_5D6AC70C96
Tshopo,Opala,Lifulututu,Yalinga 1,Poste de Santé,Yalinga 1,KSPH_TP_04F88CE51C
Tshopo,Opala,Lifulututu,Yalinga 2,Poste de Santé,Yalinga 2,KSPH_TP_EF3D6A84F9
Tshopo,Opala,Lilanga Mongo,Ikoso,Site Soin Communautaire,Des Ikoso,KSPH_TP_039E667385
Tshopo,Opala,Lilanga Mongo,Ilondo,Poste de Santé,Ilondo,KSPH_TP_CCD5BDE1A7
Tshopo,Opala,Lilanga Mongo,Lilanga Yambo,Centre de Santé,Lilanga Mongo,KSPH_TP_4416BD571E
Tshopo,Opala,Lilanga Mongo,Oseki Yandjate,Poste de Santé,Oseki Yandjate,KSPH_TP_0F407F20F0
Tshopo,Opala,Lilanga Mongo,Oseki Yandjate,Site Soin Communautaire,Oseki Yandjate,KSPH_TP_715B607F5B
Tshopo,Opala,Lilanga Mongo,Yasonge,Poste de Santé,Yasonge,KSPH_TP_4158C36B33
Tshopo,Opala,Lilanga Mongo,Yoko Yandjate,Poste de Santé,Yoko Yandjate,KSPH_TP_DD70E5175D
Tshopo,Opala,Lisanga,Bokaa,Poste de Santé,Bokaa,KSPH_TP_BE24C71D6E
Tshopo,Opala,Lisanga,Yalowali,Site Soin Communautaire,Des Yalowali,KSPH_TP_08A516418B
Tshopo,Opala,Lisanga,Yaolonga,Centre de Santé,Lisanga,KSPH_TP_A46FF522E5
Tshopo,Opala,Lisanga,Yambale,Poste de Santé,Yambale,KSPH_TP_828C723871
Tshopo,Opala,Lisanga,Yaokasa,Poste de Santé,Yaokasa,KSPH_TP_705E67198E
Tshopo,Opala,Lisanga,Yaolonga,Site Soin Communautaire,Yaolonga,KSPH_TP_BC32D68232
Tshopo,Opala,Lisanga,Yaotike,Poste de Santé,Yaotike,KSPH_TP_7B6746A960
Tshopo,Opala,Lohumonoko,Elengalale,Poste de Santé,Elengalale,KSPH_TP_C2361D909C
Tshopo,Opala,Lohumonoko,Lohumonoko,Centre de Santé,Lohumuonoko,KSPH_TP_ADAC466F9A
Tshopo,Opala,Lohumonoko,Obenge,Poste de Santé,Obenge,KSPH_TP_15D7F79F66
Tshopo,Opala,Lohumonoko,Osemaki,Site Soin Communautaire,Osemeki,KSPH_TP_D163501C5F
Tshopo,Opala,Lohumonoko,,Poste de Santé,Osongi 1,GRID3_1717573960
Tshopo,Opala,Lokilo Etat,Bofaka,Site Soin Communautaire,Bofaka,KSPH_TP_2EFB59D8CA
Tshopo,Opala,Lokilo Etat,Kis Yalina 1,Poste de Santé,Kis Yalina 1,KSPH_TP_C1E97C8B9D
Tshopo,Opala,Lokilo Etat,Kis Yalina 2,Poste de Santé,Kis Yalina 2,KSPH_TP_9F8C565EFC
Tshopo,Opala,Lokilo Etat,Kis Yalina 3,Poste de Santé,Kis Yalina 3,KSPH_TP_4DEF5FE931
Tshopo,Opala,Lokilo Etat,Liloko,Poste de Santé,Liloko,KSPH_TP_F570AD5638
Tshopo,Opala,Lokilo Etat,Ikangamba,Centre de Santé de Référence,Lokilo Etat,KSPH_TP_3A6A35BE2A
Tshopo,Opala,Lokilo Etat,Yamboloko,Poste de Santé,Yamboloko,KSPH_TP_836FB3CD69
Tshopo,Opala,Lolenga,Ekonge 2,Poste de Santé,Ekonge 2,KSPH_TP_9B4FA4ACD6
Tshopo,Opala,Lolenga,Lisomo 1,Poste de Santé,Lisomo 1,KSPH_TP_18EAE41FF0
Tshopo,Opala,Lolenga,Lolenga 1,Centre de Santé,Lolenga,KSPH_TP_2625058D40
Tshopo,Opala,Lolenga,,Site Soin Communautaire,Matoko,GRID3_C1C70F06E6
Tshopo,Opala,Lolenga,Osoko,Poste de Santé,Osoko 1,KSPH_TP_D75FACD20B
Tshopo,Opala,Lolenga,Otala,Site Soin Communautaire,Otala,KSPH_TP_85571805E9
Tshopo,Opala,Lolenga,,Poste de Santé,Otala,GRID3_796AEC58FA
Tshopo,Opala,Lomami,Likundu,Centre Médical,Likunda,KSPH_TP_82FF96CBC9
Tshopo,Opala,Lomami,Likundu,Centre de Santé,Lomami,KSPH_TP_D18C10BBC6
Tshopo,Opala,Lomami,Makako 2,Site Soin Communautaire,Makako,KSPH_TP_8EA9ADC8C1
Tshopo,Opala,Lomami,Bokulu,Centre de Santé,Okanisaka 2,KSPH_TP_8D4B677F62
Tshopo,Opala,Lomami,Iteli Bis,Hôpital Général de Référence,Opala,KSPH_TP_518D9E1A3A
Tshopo,Opala,Lomami,Camp Etat,Bureau Central de la Zone de Santé,Opala,KSPH_TP_24458CDA6F
Tshopo,Opala,Losokola,Lale Liloka,Poste de Santé,Lale Liloka,KSPH_TP_5D73E77A44
Tshopo,Opala,Losokola,Losokola,Centre de Santé,Losokola,KSPH_TP_F1470DF21C
Tshopo,Opala,Losokola,Oilafao,Poste de Santé,Oilafao,KSPH_TP_778725F6A9
Tshopo,Opala,Losokola,Opala Moke,Site Soin Communautaire,Opala Moke,KSPH_TP_8719CE3EFB
Tshopo,Opala,Losokola,,Poste de Santé,Otonolene,GRID3_2E9883C0F2
Tshopo,Opala,Nongo Likenge,Efefia,Poste de Santé,Efefia,KSPH_TP_9171FEEB15
Tshopo,Opala,Nongo Likenge,Osilelo,Poste de Santé,Gambele,KSPH_TP_E614C7A0B9
Tshopo,Opala,Nongo Likenge,Lilanga 2,Site Soin Communautaire,Lilanga 2,KSPH_TP_C551D66627
Tshopo,Opala,Nongo Likenge,Lilanga 1,Centre de Santé de Référence,Nongolikenge,KSPH_TP_B161404189
Tshopo,Opala,Nongo Likenge,Omongoyawanga,Poste de Santé,Omongo Yawanga,KSPH_TP_91A95199F9
Tshopo,Opala,Nongo Likenge,Osoko 2,Poste de Santé,Osoko 2,KSPH_TP_D88E8F8D44
Tshopo,Opala,Omongo,Lekatero 3,Poste de Santé,Lekatero 3,KSPH_TP_13232FC4E8
Tshopo,Opala,Omongo,Lekolisa,Poste de Santé,Lekolisa,KSPH_TP_A3295E754D
Tshopo,Opala,Omongo,Leselesele,Poste de Santé,Leselesele,KSPH_TP_F0B4CC4BE8
Tshopo,Opala,Omongo,Omongo,Centre de Santé,Omongo,KSPH_TP_255E346EFE
Tshopo,Opala,Omongo,Osuke 2,Site Soin Communautaire,Osuke 2,KSPH_TP_CC92A5C6BA
Tshopo,Opala,Opala 1,,Poste de Santé,Liloko,GRID3_B046B4153C
Tshopo,Opala,Opala 1,,Poste de Santé,Okasa,GRID3_6F282BBCDE
Tshopo,Opala,Opala 1,Yaoleka,Centre de Santé,Opala 1,KSPH_TP_3142F5B549
Tshopo,Opala,Songe Yomay,Leyaya,Poste de Santé,Leyaya,KSPH_TP_D59260AE01
Tshopo,Opala,Songe Yomay,Lokambo,Poste de Santé,Lokambo,KSPH_TP_0C39C3E409
Tshopo,Opala,Songe Yomay,Ohuna,Poste de Santé,Ohuna,KSPH_TP_C329610370
Tshopo,Opala,Songe Yomay,Okasa,Poste de Santé,Okasa,KSPH_TP_8904EDDDD1
Tshopo,Opala,Songe Yomay,Lowaka,Site Soin Communautaire,Oloke Lowaka,KSPH_TP_E30A623B49
Tshopo,Opala,Songe Yomay,Osongi 1,Poste de Santé,Osongi 1,KSPH_TP_3C7646B39B
Tshopo,Opala,Songe Yomay,Osongi 2,Poste de Santé,Osongi 2,KSPH_TP_5460AAC69E
Tshopo,Opala,Songe Yomay,Songe,Centre de Santé,Songeyomay,KSPH_TP_9A4A9B5129
Tshopo,Opala,Yokoko Yambwa,Ekoli,Poste de Santé,Ekoli,KSPH_TP_C5DA9C962E
Tshopo,Opala,Yokoko Yambwa,Yakongolo,Site Soin Communautaire,Yakongolo,KSPH_TP_202F1B9123
Tshopo,Opala,Yokoko Yambwa,Yokoko 1,Centre Médical,Yokoko,KSPH_TP_52E66EDDC6
Tshopo,Opala,Yokoko Yambwa,Yambwa,Centre de Santé,Yokoko Yambwa,KSPH_TP_8FA920D6A1
Tshopo,Opienge,Angamapasa,,Centre de Santé,Angamapasa,Acasus_1A061B0690
Tshopo,Opienge,Babagolo,Babagolo,Centre de Santé,Babagolo,KSPH_TP_1117A35C74
Tshopo,Opienge,Babagolo,Babagolo,Site Soin Communautaire,Mapendo,KSPH_TP_349F6C72A2
Tshopo,Opienge,Babokabi,,Centre de Santé,Babokabi,Acasus_0B78B4022A
Tshopo,Opienge,Babokabi,,Site Soin Communautaire,Badumbe,GRID3_9378BF2AEA
Tshopo,Opienge,Babomongo,,Site Soin Communautaire,Andanga,GRID3_75B791DBF0
Tshopo,Opienge,Babomongo,,Centre de Santé,Babomongo,Acasus_7B0C19B25B
Tshopo,Opienge,Babule,Babule,Centre de Santé,Babule,KSPH_TP_84A1A9A87A
Tshopo,Opienge,Babule,Balegi 2,Poste de Santé,Balegi 2,KSPH_TP_C40F1CE027
Tshopo,Opienge,Babule,Basakoy,Site Soin Communautaire,Basakoy,KSPH_TP_A998650A26
Tshopo,Opienge,Bakoroy,Bakoroy,Centre de Santé,Bakoroy,KSPH_TP_7D0FA2331C
Tshopo,Opienge,Bakoroy,Bakoy,Site Soin Communautaire,Bakoy,KSPH_TP_31A7C6A46B
Tshopo,Opienge,Bakoroy,Bangbabi,Poste de Santé,Bangbabi,KSPH_TP_DFA91B2950
Tshopo,Opienge,Bakoroy,Bangbabi,Site Soin Communautaire,Ombiamedra,KSPH_TP_671D092A4D
Tshopo,Opienge,Balobe,,Centre de Santé,Balobe,Acasus_B86D322DFE
Tshopo,Opienge,Balobe,,Centre de Santé,Balobe,GRID3_0A624C6AD1
Tshopo,Opienge,Balobe,,Poste de Santé,Belgique,GRID3_4F7AB09096
Tshopo,Opienge,Balobe,,Site Soin Communautaire,Mangobo,GRID3_69677EC29F
Tshopo,Opienge,Balobe,,Site Soin Communautaire,Singamwambi,GRID3_7427A0E807
Tshopo,Opienge,Bandiko,,Site Soin Communautaire,Anyede,GRID3_EE143B069B
Tshopo,Opienge,Bandiko,,Site Soin Communautaire,Bafwabala,GRID3_11FF80AABB
Tshopo,Opienge,Bandiko,,Site Soin Communautaire,Bafwakengo,GRID3_A7CA34A3A6
Tshopo,Opienge,Bandiko,Bakiliso,Poste de Santé,Bakiliso,KSPH_TP_86C8F9E425
Tshopo,Opienge,Bandiko,Bandiko,Centre de Santé,Bandiko,KSPH_TP_1BB7025179
Tshopo,Opienge,Bangarey,Bangarey,Centre de Santé,Bangarey,KSPH_TP_EE49F0A9CE
Tshopo,Opienge,Bangarey,Bangenge,Site Soin Communautaire,Bangiengie,KSPH_TP_77F7729096
Tshopo,Opienge,Bangarey,,Site Soin Communautaire,Batubey,GRID3_48C44CADF8
Tshopo,Opienge,Basaula,Bandangbo,Centre de Santé,Basaula,KSPH_TP_09FC386571
Tshopo,Opienge,Basaula,,Site Soin Communautaire,Sengwatiti,GRID3_6CE3D2D06B
Tshopo,Opienge,Elonga,,Centre de Santé,Elonga,ACASUS_309168C796
Tshopo,Opienge,Makalado,,Centre de Santé,Makalado,Acasus_8F25162C8D
Tshopo,Opienge,Makalado,,Site Soin Communautaire,Okelu,GRID3_87100A6194
Tshopo,Opienge,Ndrekoko,Banginda,Poste de Santé,Banginda,KSPH_TP_F4DD0BB231
Tshopo,Opienge,Ndrekoko,Bangombe,Site Soin Communautaire,Bangombe,KSPH_TP_7609F864C5
Tshopo,Opienge,Ndrekoko,Banguruy,Site Soin Communautaire,Banguruy,KSPH_TP_37B69E5EAF
Tshopo,Opienge,Ndrekoko,Bazabi,Site Soin Communautaire,Bazabi,KSPH_TP_31995F4E42
Tshopo,Opienge,Ndrekoko,Besele,Poste de Santé,Besele,KSPH_TP_13E78DB295
Tshopo,Opienge,Ndrekoko,Ndrekoko,Centre de Santé de Référence,Ndrekoko,KSPH_TP_87A510B1F8
Tshopo,Opienge,Nyasi,Bolingo,Site Soin Communautaire,Bolingo,KSPH_TP_024EB1D5EA
Tshopo,Opienge,Nyasi,Bafwagombe,Site Soin Communautaire,Mambika,KSPH_TP_59C06460C4
Tshopo,Opienge,Nyasi,Nyasi,Centre de Santé,Nyasi,KSPH_TP_24657F5884
Tshopo,Opienge,Opienge,Balegi 1,Site Soin Communautaire,Balegi 1,KSPH_TP_4F56821935
Tshopo,Opienge,Opienge,Baliba,Centre de Santé,Baliba,KSPH_TP_312BDF07FC
Tshopo,Opienge,Opienge,,Site Soin Communautaire,Bandene,GRID3_7892BBAE98
Tshopo,Opienge,Opienge,Opienge Centre,Centre Médical,Djudjukani,KSPH_TP_E62329F874
Tshopo,Opienge,Opienge,Opienge Centre,Poste de Santé,Mapendano,KSPH_TP_086FD6DD4C
Tshopo,Opienge,Opienge,Opienge Centre,Poste de Santé,Matumaini,KSPH_TP_BC50D405C0
Tshopo,Opienge,Opienge,Opienge Centre,Poste de Santé,Mukoko,KSPH_TP_9F7DF39CF9
Tshopo,Opienge,Opienge,Opienge Centre,Centre de Santé,Opienge,KSPH_TP_462E4DC4CD
Tshopo,Opienge,Opienge,Opienge Centre,Hôpital Général de Référence,Opienge,KSPH_TP_D5A538C652
Tshopo,Opienge,Opienge,Opienge Centre,Bureau Central de la Zone de Santé,Opienge,KSPH_TP_609D9E1618
Tshopo,Opienge,Opienge,Opienge Centre,Poste de Santé,Tuendelee,KSPH_TP_2B909D35B6
Tshopo,Opienge,Opienge,Opienge Centre,Poste de Santé,Umoja,KSPH_TP_F60710A300
Tshopo,Tshopo,Batiakoko,Akodale,Site Soin Communautaire,Akodale,KSPH_TP_728DE8FD4A
Tshopo,Tshopo,Batiakoko,Batiakoko,Centre de Santé,Batiakoko,KSPH_TP_439138D736
Tshopo,Tshopo,Batiakoko,Batikaiya,Site Soin Communautaire,Batikaiya,KSPH_TP_4CE96A3F13
Tshopo,Tshopo,Batiakoko,Batikaiya,Centre de Santé,Bombele Gisele,KSPH_TP_F13753068D
Tshopo,Tshopo,Batiakoko,,Centre de Santé,Lotokila,GRID3_9D8B4F2CE0
Tshopo,Tshopo,Bavatete,Alibuku,Centre de Santé,Bavatete,KSPH_TP_7C88C39B32
Tshopo,Tshopo,Bavatete,Kasombo,Centre de Santé,Dr Ken,KSPH_TP_E0B6CD6DE9
Tshopo,Tshopo,Bavatete,Badombi,Site Soin Communautaire,Kakole,KSPH_TP_C7466BCA16
Tshopo,Tshopo,Bavatete,Kasombo,Centre de Santé,Kasombo,KSPH_TP_19E56EB666
Tshopo,Tshopo,Bavatete,,Site Soin Communautaire,Kasombo,GRID3_0152615427
Tshopo,Tshopo,Bavatete,Litoy,Site Soin Communautaire,Litoy,KSPH_TP_846711EEFB
Tshopo,Tshopo,Bavatete,Alibuku,Centre Médical,Mwamini,KSPH_TP_3641442ED6
Tshopo,Tshopo,Bon Samaritain,19 Eme,Centre de Santé,Bon Samaritain,KSPH_TP_8345D1BA38
Tshopo,Tshopo,Bon Samaritain,16 Eme,Centre Médical,Hospice Des Viellards,KSPH_TP_7A34A7D0DF
Tshopo,Tshopo,Bon Samaritain,17 Eme Bis,Polyclinque,Sauvons Des Vies,KSPH_TP_534034EAE8
Tshopo,Tshopo,Kumbakisaka,14 Eme Bis,Centre Médical,Kanana,KSPH_TP_6E7CFCF746
Tshopo,Tshopo,Kumbakisaka,14 Eme Bis,Centre de Santé,Kumbakisaka,KSPH_TP_52DAD091B2
Tshopo,Tshopo,Kwetu,12 Eme,Centre Médical,Alegresse,KSPH_TP_64D36289B8
Tshopo,Tshopo,Kwetu,Kitenge,Centre de Santé,Evangelique,KSPH_TP_8A1B3A86E9
Tshopo,Tshopo,Kwetu,10 Eme,Centre de Santé,Kwetu,KSPH_TP_EF898B62AC
Tshopo,Tshopo,Kwetu,10 Eme,Centre Médical,La Merveille,KSPH_TP_8E35BCF09F
Tshopo,Tshopo,Kwetu,Tokomeka,Poste de Santé,Tokolonga,KSPH_TP_B5D144E141
Tshopo,Tshopo,Lobiko,Lisala,Poste de Santé,Batikaiya,KSPH_TP_F39A53E290
Tshopo,Tshopo,Lobiko,,Centre Médical,Benediction,GRID3_7449783AC3
Tshopo,Tshopo,Lobiko,Bolobo,Centre de Santé,Lobiko,KSPH_TP_4C292C0B67
Tshopo,Tshopo,Lobiko,Ikela,Centre Médical,Peniel,KSPH_TP_B8A8A8A203
Tshopo,Tshopo,Makutano,Agbokanga,Site Soin Communautaire,Agbokanga,KSPH_TP_9806DD1806
Tshopo,Tshopo,Makutano,Ngeno,Centre de Santé,Ifco Ngeno,KSPH_TP_8BF9EC9274
Tshopo,Tshopo,Makutano,Likoko,Poste de Santé,Likoko,KSPH_TP_4DAC33C840
Tshopo,Tshopo,Makutano,,Poste de Santé,Mabanga Poso Ya Nguma,GRID3_1B9DF505D2
Tshopo,Tshopo,Makutano,Village Makonga,Poste de Santé,Makonga,KSPH_TP_C0D1717CBD
Tshopo,Tshopo,Makutano,Pumuzika,Centre de Santé,Makutano,KSPH_TP_CD3DA2745C
Tshopo,Tshopo,Makutano,,Poste de Santé,Mapilipili,GRID3_18B6BFB99A
Tshopo,Tshopo,Makutano,Matombili,Site Soin Communautaire,Matombili,KSPH_TP_C62D26AFFB
Tshopo,Tshopo,Malkia,Qua?tier Zoo,Centre de Santé de Référence,Baraka,KSPH_TP_7C280002A8
Tshopo,Tshopo,Malkia,,Site Soin Communautaire,Batikaiya,GRID3_D17592FB48
Tshopo,Tshopo,Malkia,Qua?tier Kapalata,Poste de Santé,Camps Kapalata,KSPH_TP_D0B00048EE
Tshopo,Tshopo,Malkia,Qua?tier Zoo,Centre Médical,Center Company Sendwe,KSPH_TP_ED27A5271E
Tshopo,Tshopo,Malkia,Qua?tier Kapalata,Centre de Santé,Des Saints,KSPH_TP_9EA57F90FD
Tshopo,Tshopo,Malkia,Qua?tier Kapalata,Centre Médical,La Source,KSPH_TP_50E75CCADD
Tshopo,Tshopo,Malkia,Qua?tier Zoo,Centre de Santé,Malkia,KSPH_TP_64E164AD87
Tshopo,Tshopo,Malkia,Qua?tier Kapalata,Centre Médical,Odile Center,KSPH_TP_A10A97B613
Tshopo,Tshopo,Malkia,Qua?tier Zoo,Centre Médical,Siloe,KSPH_TP_7C1A0E5B81
Tshopo,Tshopo,Massina,9 Eme,Clinique,Famillia,KSPH_TP_E29D13049C
Tshopo,Tshopo,Massina,11 Eme Bis,Centre de Santé,Massina,KSPH_TP_F932A7790F
Tshopo,Tshopo,Mbilinga,,Site Soin Communautaire,Angombodi,GRID3_E858195BE0
Tshopo,Tshopo,Mbilinga,,Site Soin Communautaire,Badombi,GRID3_468469D162
Tshopo,Tshopo,Mbilinga,Badombi,Site Soin Communautaire,Bambane 2,KSPH_TP_4C6B87BBC8
Tshopo,Tshopo,Mbilinga,Batiamaduka,Poste de Santé,Bon Samaritain,KSPH_TP_F9278DD573
Tshopo,Tshopo,Mbilinga,Batiadobe,Clinique,Good Shepherd,KSPH_TP_4BE498EA0C
Tshopo,Tshopo,Mbilinga,Batiamaduka,Centre de Santé,Mbilinga,KSPH_TP_C83C3472AA
Tshopo,Tshopo,Mbilinga,Babofolo,Poste de Santé,Nehema 2,KSPH_TP_0FC4B5F79E
Tshopo,Tshopo,Merdi,Zoo,Site Soin Communautaire,Abua Nyongomeka Dinalia,KSPH_TP_7FDD7288CE
Tshopo,Tshopo,Merdi,,Site Soin Communautaire,Batiambomake,GRID3_9AEECB3E8D
Tshopo,Tshopo,Merdi,Zoo,Poste de Santé,Bethsaida,KSPH_TP_E71AA8AF58
Tshopo,Tshopo,Merdi,Zoo,Centre Hopitalier,Merdi,KSPH_TP_12B2E0E96C
Tshopo,Tshopo,Merdi,Zoo,Centre de Santé,Merdi,KSPH_TP_BE4775AC9E
Tshopo,Tshopo,Merdi,Zoo,Poste de Santé,Misericorde,KSPH_TP_6657D369ED
Tshopo,Tshopo,Merdi,Kapalata,Dispensaire,Ninive,KSPH_TP_5A331C166E
Tshopo,Tshopo,Merdi,Kapalata,Site Soin Communautaire,Papa Saidi Wely,KSPH_TP_E8CD453E93
Tshopo,Tshopo,Merdi,Zoo,Centre de Santé,Paradoxe,KSPH_TP_C10ABD28B6
Tshopo,Tshopo,Merdi,Zoo,Centre de Santé,Usiano 2,KSPH_TP_E99A1644CA
Tshopo,Tshopo,Pumuzika,5 Eme Pum,Centre Médical,Bralima,KSPH_TP_28295C7F5A
Tshopo,Tshopo,Pumuzika,19 Eme,Centre de Santé,Pumuzika,KSPH_TP_8D9CB063F5
Tshopo,Tshopo,Pumuzika,19 Eme,Centre Médical,Tuungane 2,KSPH_TP_6E44956B79
Tshopo,Tshopo,St Pierre,11 Eme,Centre de Santé de Référence,Saint Joseph,KSPH_TP_235F7077A0
Tshopo,Tshopo,St Pierre,10 Eme,Centre de Santé,St Pierre,KSPH_TP_2009D38B92
Tshopo,Tshopo,Tshopo 1,2 E Depotoire,Centre Médical,Bel Ange,KSPH_TP_21EA697758
Tshopo,Tshopo,Tshopo 1,3 E Tshopo Bis,Centre Médical,Bethanie,KSPH_TP_D12B64090C
Tshopo,Tshopo,Tshopo 1,,Centre de Santé,Gloria,GRID3_DF93AC3ADB
Tshopo,Tshopo,Tshopo 1,2 E Tshopo,Centre Médical,Tolingana,KSPH_TP_A5FBDD63CF
Tshopo,Tshopo,Tshopo 1,1 Ere Combattant,Hôpital Général de Référence,Tshopo,KSPH_TP_E48B0C6420
Tshopo,Tshopo,Tshopo 1,1 Ere Combattant,Bureau Central de la Zone de Santé,Tshopo,KSPH_TP_7AEF6196C8
Tshopo,Tshopo,Tshopo 2,13 Eme,Centre Médical,El Shadai,KSPH_TP_E9E66EA5E2
Tshopo,Tshopo,Tshopo 2,11 Eme Bis,Centre de Santé,Pharmat,KSPH_TP_E40E3D3623
Tshopo,Tshopo,Tuungane,5 Eme,Centre Médical,La Solution,KSPH_TP_68727DB986
Tshopo,Tshopo,Tuungane,5 Eme,Centre Médical,Tout Va Bien,KSPH_TP_A198E9009C
Tshopo,Tshopo,Tuungane,5 Eme Bis,Centre de Santé,Tuungane,KSPH_TP_8B7ABEBBF3
Tshopo,Tshopo,Tuungane,4 Eme Bis,Clinique,Yaiso,KSPH_TP_13F236E628
Tshopo,Ubundu,Babusoko,Babusoko 1,Centre de Santé,Babusoko,KSPH_TP_B1FB261A2F
Tshopo,Ubundu,Babusoko,,Poste de Santé,Batiabentu,GRID3_E655DE3A74
Tshopo,Ubundu,Bamanga,Bamanga,Centre de Santé,Bamanga,KSPH_TP_FA0498EBE9
Tshopo,Ubundu,Bamanga,Balokele,Site Soin Communautaire,Kisauwa,KSPH_TP_A281F1B0A1
Tshopo,Ubundu,Bamini,Bafale,Poste de Santé,Bafale,KSPH_TP_08D9007221
Tshopo,Ubundu,Bamini,Bamini 1,Centre de Santé,Bamini 1,KSPH_TP_FCBBA1C2E9
Tshopo,Ubundu,Banandjale,Bamini 2,Poste de Santé,Bamini 2,KSPH_TP_A751E019F0
Tshopo,Ubundu,Banandjale,Banakalanga,Site Soin Communautaire,Banakalanga,KSPH_TP_3BC5CD45AA
Tshopo,Ubundu,Banandjale,Banandjale,Centre de Santé,Banandjale,KSPH_TP_FE8A9D8E7A
Tshopo,Ubundu,Banandjale,Baoto,Poste de Santé,Baoto,KSPH_TP_1D45791C7D
Tshopo,Ubundu,Banandjale,Batiamukuku,Poste de Santé,Batiamukuku,KSPH_TP_9ADBBCC913
Tshopo,Ubundu,Bananguma,Bagwase 1,Poste de Santé,Bagwase,KSPH_TP_B05BDC0376
Tshopo,Ubundu,Bananguma,,Centre de Santé,Banaguma,GRID3_F86D387833
Tshopo,Ubundu,Bananguma,Bananguma 1,Centre de Santé,Bananguma,KSPH_TP_C0EC1A6EE2
Tshopo,Ubundu,Bananguma,Bananguma 2,Site Soin Communautaire,Bananguma 2,KSPH_TP_D7255E1466
Tshopo,Ubundu,Bananguma,Bayandjo,Poste de Santé,Bayandjo,KSPH_TP_A0ABE932C4
Tshopo,Ubundu,Bandu,Bandu,Centre de Santé,Bandu,KSPH_TP_204D1A5753
Tshopo,Ubundu,Basua,Basua,Centre de Santé,Basua,KSPH_TP_7D37E8D45E
Tshopo,Ubundu,Basua,Batiamondulu,Poste de Santé,Batiamundula,KSPH_TP_0AE12254A3
Tshopo,Ubundu,Basua,Batisela 1,Site Soin Communautaire,Batiasela,KSPH_TP_955477FD3C
Tshopo,Ubundu,Basua,Batiengo,Poste de Santé,Batiengo,KSPH_TP_4695FA894B
Tshopo,Ubundu,Basua,Batisela 1,Site Soin Communautaire,Batisela 1,KSPH_TP_73C93DE94E
Tshopo,Ubundu,Basua,Bore,Site Soin Communautaire,Bore,KSPH_TP_9E4CC3A16A
Tshopo,Ubundu,Batiamoyowa,Batiakayandja,Site Soin Communautaire,Batiakayandja,KSPH_TP_887393AB0E
Tshopo,Ubundu,Batiamoyowa,Batimoyowa,Centre de Santé,Batiamoyowa,KSPH_TP_BF24CDC981
Tshopo,Ubundu,Biaro,Biaro,Centre de Santé,Biaro,KSPH_TP_2798287AF4
Tshopo,Ubundu,Kirundu,Babimbi,Poste de Santé,Babimbi,KSPH_TP_BE806C3257
Tshopo,Ubundu,Kirundu,Baluko,Poste de Santé,Baluko,KSPH_TP_289FA03258
Tshopo,Ubundu,Kirundu,Batiakwendo,Site Soin Communautaire,Batiakwendo,KSPH_TP_9D5C3AAB8F
Tshopo,Ubundu,Kirundu,Katende 1,Poste de Santé,Katende,KSPH_TP_1DE20B596A
Tshopo,Ubundu,Kirundu,Kirundu,Centre de Santé,Kirundu,KSPH_TP_22CCB31E31
Tshopo,Ubundu,Masimango,Banabio 1,Site Soin Communautaire,Banabio 1,KSPH_TP_1476FC9BFA
Tshopo,Ubundu,Masimango,Banambeya,Site Soin Communautaire,Banambeya,KSPH_TP_AE02D42B9A
Tshopo,Ubundu,Masimango,Banakebuka,Poste de Santé,Banikoke,KSPH_TP_60B6921B7A
Tshopo,Ubundu,Masimango,Banyakirundu,Site Soin Communautaire,Banyakirundu,KSPH_TP_4A5D3AE9CD
Tshopo,Ubundu,Masimango,Kauka Lilo,Poste de Santé,Kauka Lilo,KSPH_TP_5E01F78332
Tshopo,Ubundu,Masimango,Kanyonyo,Centre de Santé de Référence,Masimango,KSPH_TP_6788101693
Tshopo,Ubundu,Mungamba Fataki,,Poste de Santé,Babundjoli,GRID3_70F54E9EEE
Tshopo,Ubundu,Mungamba Fataki,,Poste de Santé,Batiamaduka,GRID3_3517658035
Tshopo,Ubundu,Mungamba Fataki,Batiofe,Site Soin Communautaire,Batiofe,KSPH_TP_85A127FC95
Tshopo,Ubundu,Mungamba Fataki,Batiuta,Poste de Santé,Bayugu,KSPH_TP_59C9CB7023
Tshopo,Ubundu,Mungamba Fataki,Mungamba Fataki,Centre de Santé,Mungamba Fataki,KSPH_TP_B71EA8E708
Tshopo,Ubundu,Mungamba Fataki,Mungamba Fataki,Site Soin Communautaire,Mungambafataki,KSPH_TP_B8F5C4C5F7
Tshopo,Ubundu,Mungamba Fataki,Obiatuku,Poste de Santé,Obiatuku,KSPH_TP_55238C9B20
Tshopo,Ubundu,Munyonge,Babote Sud,Poste de Santé,Babote Sud,KSPH_TP_846525F008
Tshopo,Ubundu,Munyonge,Batiamoliko,Site Soin Communautaire,Batiamoliko,KSPH_TP_3F61C6A46B
Tshopo,Ubundu,Munyonge,Batiokungu 1,Poste de Santé,Batiokungu 1,KSPH_TP_EE4F254AF9
Tshopo,Ubundu,Munyonge,Munyonge,Centre de Santé de Référence,Munyonge,KSPH_TP_AC5CCD164B
Tshopo,Ubundu,Ndjale,Bakebena,Poste de Santé,Bakebena,KSPH_TP_B883CBD355
Tshopo,Ubundu,Ndjale,Banataba,Site Soin Communautaire,Banataba,KSPH_TP_668A63A370
Tshopo,Ubundu,Ndjale,Cafco Lilo,Poste de Santé,Cafco Lilo,KSPH_TP_E51742B1B4
Tshopo,Ubundu,Ndjale,Misenge Usimame,Site Soin Communautaire,Misenge Usimame,KSPH_TP_21D187A3C8
Tshopo,Ubundu,Ndjale,Ndjale 3,Centre de Santé,Ndjale,KSPH_TP_AC552B6268
Tshopo,Ubundu,Obilo,Bagwase 2,Poste de Santé,Lusa,KSPH_TP_E5AD88F5FD
Tshopo,Ubundu,Obilo,Obilo,Centre de Santé de Référence,Obilo,KSPH_TP_F0CED18E43
Tshopo,Ubundu,Obilo,Pk 73,Poste de Santé,Oluko,KSPH_TP_8CF210D92D
Tshopo,Ubundu,Obilo,,Poste de Santé,Pk93,GRID3_4CF08436AC
Tshopo,Ubundu,St Casimir,P K 25,Centre de Santé,St Casimir,KSPH_TP_0C48CE9414
Tshopo,Ubundu,Ubundu,Bamuyungu,Site Soin Communautaire,Babolemba,KSPH_TP_6B9B0AB3F9
Tshopo,Ubundu,Ubundu,Commercial,Hôpital Général de Référence,Ubundu,KSPH_TP_2AF2D7C3AC
Tshopo,Ubundu,Ubundu,Bakumu,Centre de Santé,Ubundu,KSPH_TP_90472F5655
Tshopo,Ubundu,Ubundu,Commercial,Bureau Central de la Zone de Santé,Ubundu,KSPH_TP_A21772DC71
Tshopo,Wanierukula,Azambao,Azambao,Centre de Santé de Référence,Azambao,KSPH_TP_1E03D5EC31
Tshopo,Wanierukula,Azambao,Bamakembe,Poste de Santé,Bamakembe,KSPH_TP_CEF548FB86
Tshopo,Wanierukula,Azambao,Bamunya,Poste de Santé,Bamunya,KSPH_TP_609ADF56C0
Tshopo,Wanierukula,Azambao,Banie Mumbu,Poste de Santé,Banyamumbu,KSPH_TP_3A25A4ACE2
Tshopo,Wanierukula,Azambao,,Site Soin Communautaire,Koleta,GRID3_1F9941659A
Tshopo,Wanierukula,Azambao,Bamongoi,Poste de Santé,Ngela,KSPH_TP_059D2D37FA
Tshopo,Wanierukula,Babingi,Wanie Kimba 1,Site Soin Communautaire,Babingi,KSPH_TP_7992506E32
Tshopo,Wanierukula,Babingi,Babingi,Centre de Santé,Babingi,KSPH_TP_F724F807FB
Tshopo,Wanierukula,Babingi,Babingi,Poste de Santé,Umoja Bdom,KSPH_TP_D23393A2D3
Tshopo,Wanierukula,Babogena,Babongena 2,Centre de Santé,Babongena,KSPH_TP_88B2BCD8E4
Tshopo,Wanierukula,Babogena,Balamboli,Poste de Santé,Balambola,KSPH_TP_8C8DFC8660
Tshopo,Wanierukula,Babogena,Bambakita,Poste de Santé,Bambakita,KSPH_TP_F31C92BF0C
Tshopo,Wanierukula,Babogombe,Babogombe,Centre de Santé,Babogombe,KSPH_TP_41DA38B469
Tshopo,Wanierukula,Babogombe,Base Obilo,Site Soin Communautaire,Baselobilo,KSPH_TP_6079D3D89B
Tshopo,Wanierukula,Babogombe,Batende,Poste de Santé,Batende,KSPH_TP_DE4DADE01E
Tshopo,Wanierukula,Babogombe,Batikaboya,Poste de Santé,Batikaboya,KSPH_TP_8518AE8EA7
Tshopo,Wanierukula,Babogombe,,Site Soin Communautaire,Intervention,GRID3_AC3A34817E
Tshopo,Wanierukula,Babogombe,Maiko,Poste de Santé,Maiko,KSPH_TP_B9E7E9AA6F
Tshopo,Wanierukula,Bafwaboli,Badibu 1,Poste de Santé,Badibu,KSPH_TP_C1BC4A3B85
Tshopo,Wanierukula,Bafwaboli,Badibu 2,Centre de Santé,Bafwaboli,KSPH_TP_85BF783CAE
Tshopo,Wanierukula,Bafwaboli,Babudjango,Site Soin Communautaire,Bafwaboli,KSPH_TP_599E645841
Tshopo,Wanierukula,Basukwambao,Basukwambao,Centre de Santé,Basukwambao,KSPH_TP_29587DB380
Tshopo,Wanierukula,Kipokoso,Sometra,Poste de Santé,Cnca,KSPH_TP_A6AE7D7E8A
Tshopo,Wanierukula,Kipokoso,Bambundje 3,Poste de Santé,Kayete,KSPH_TP_2C34583086
Tshopo,Wanierukula,Kipokoso,Kipokoso,Centre de Santé,Kipokoso,KSPH_TP_C222467795
Tshopo,Wanierukula,Kipokoso,Bambundje 2,Hôpital Général de Référence,Wanierukula,KSPH_TP_1D807A1E5E
Tshopo,Wanierukula,Kipokoso,Sometra,Bureau Central de la Zone de Santé,Wanierukula,KSPH_TP_0F215DF787
Tshopo,Wanierukula,Logale,Bafwabolii,Centre de Santé,Logale,KSPH_TP_E728E57572
Tshopo,Wanierukula,Madula,Baliambobi,Poste de Santé,Bethsaida,KSPH_TP_B4AF116E08
Tshopo,Wanierukula,Madula,Babombilo 1,Centre de Santé,Madula,KSPH_TP_A483E167B1
Tshopo,Wanierukula,Madula,Babombilo 1,Poste de Santé,Salama,KSPH_TP_1EDDAC0315
Tshopo,Wanierukula,Madula,Sinia,Site Soin Communautaire,Sinia,KSPH_TP_2E9C84A3B6
Tshopo,Wanierukula,Makana,Banakanuke 3,Centre de Santé,Bethsaida,KSPH_TP_B713C2CC62
Tshopo,Wanierukula,Makana,Banakanuke 3,Centre Médical,Et Aidema,KSPH_TP_872D088185
Tshopo,Wanierukula,Makana,Bakilo 2,Centre de Santé de Référence,Makana,KSPH_TP_31269B3E86
Tshopo,Wanierukula,Makana,Bayangana,Site Soin Communautaire,Makana,KSPH_TP_5E32962102
Tshopo,Wanierukula,Makana,Scipec,Centre Médical,Scipec,KSPH_TP_46ECD97091
Tshopo,Wanierukula,Mobi,Bakuba,Centre de Santé,Mobi,KSPH_TP_C1492D9398
Tshopo,Wanierukula,Mobi,Batiabolemba,Dispensaire,Saint Luc,KSPH_TP_2C98E3A289
Tshopo,Wanierukula,Parizi,Bangose,Poste de Santé,Bangose,KSPH_TP_9DD352C473
Tshopo,Wanierukula,Parizi,Batianguma,Poste de Santé,Batianguma,KSPH_TP_4BD2EC35C5
Tshopo,Wanierukula,Parizi,,Site Soin Communautaire,Batieti,GRID3_626A06C1F7
Tshopo,Wanierukula,Parizi,Mondeke,Poste de Santé,Mondeke,KSPH_TP_D7D6026A20
Tshopo,Wanierukula,Parizi,Mbao,Centre de Santé de Référence,Parizi,KSPH_TP_3AC03F056D
Tshopo,Wanierukula,Salambongo,,Site Soin Communautaire,Lokenya,GRID3_55F28D438F
Tshopo,Wanierukula,Salambongo,Babaguluii,Centre de Santé,Salambongo,KSPH_TP_A5F8B94CC0
Tshopo,Wanierukula,Uma,,Site Soin Communautaire,Laamu,GRID3_8FB1132182
Tshopo,Wanierukula,Uma,Umai,Centre de Santé,Uma,KSPH_TP_DD610241EF
Tshopo,Wanierukula,Uma,Babogombe,Site Soin Communautaire,Uma,KSPH_TP_5FB835FA92
Tshopo,Wanierukula,Uma,Basukwambula,Site Soin Communautaire,Uma,KSPH_TP_5CC4895423
Tshopo,Yabaondo,Baluola,Yabealea,Centre de Santé,Baluola,KSPH_TP_1115908D7F
Tshopo,Yabaondo,Baluola,Itendele,Site Soin Communautaire,Itendele,KSPH_TP_63A9D2F77B
Tshopo,Yabaondo,Baluola,Yalosambo,Bureau Central de la Zone de Santé,Yabaondo,KSPH_TP_534EF09167
Tshopo,Yabaondo,Baluola,Yalosambo,Hôpital Général de Référence,Yabaondo,KSPH_TP_DABDACA525
Tshopo,Yabaondo,Baluola,Yawenga,Site Soin Communautaire,Yawenga,KSPH_TP_5AAC7047AB
Tshopo,Yabaondo,Bohuma,Yabolenga,Centre de Santé,Bohuma,KSPH_TP_ED85766440
Tshopo,Yabaondo,Bohuma,Yabwamela,Centre de Santé,Jordanie,KSPH_TP_52BBA7C62F
Tshopo,Yabaondo,Bohuma,Mbole Bohuma,Poste de Santé,Mbole Bohuma,KSPH_TP_44BF08B47B
Tshopo,Yabaondo,Bohuma,Yaetalema,Site Soin Communautaire,Se Yaitalema,KSPH_TP_2C7E91838B
Tshopo,Yabaondo,Botumanya,Botumanya,Centre de Santé,Botumanya,KSPH_TP_22DE4AA7AA
Tshopo,Yabaondo,Botumanya,Lisumba,Poste de Santé,Lisumba,KSPH_TP_D7BEDA84E2
Tshopo,Yabaondo,Botumanya,Yaeguma,Poste de Santé,Yaeguma,KSPH_TP_3738023C2A
Tshopo,Yabaondo,Ifulu,Bolumbu,Poste de Santé,Bolumbu,KSPH_TP_F8BA751025
Tshopo,Yabaondo,Ifulu,Boulu,Poste de Santé,Boulu,KSPH_TP_7494AFB9D4
Tshopo,Yabaondo,Ifulu,Boulu,Site Soin Communautaire,Boulu,KSPH_TP_DFB41A5535
Tshopo,Yabaondo,Ifulu,Campement Lokoka,Site Soin Communautaire,Ifulu,KSPH_TP_39E57B412B
Tshopo,Yabaondo,Ifulu,Ifulu,Centre de Santé,Ifulu,KSPH_TP_9A74819C50
Tshopo,Yabaondo,Imbolo,Tolima,Poste de Santé,Aluwa,KSPH_TP_DA536E5469
Tshopo,Yabaondo,Imbolo,Kafalay,Centre Hopitalier,Imbolo,KSPH_TP_58D70CD683
Tshopo,Yabaondo,Imbolo,Tolima,Poste de Santé,Lacomm,KSPH_TP_CAEF049FA5
Tshopo,Yabaondo,Imbolo,Tolima,Site Soin Communautaire,Liboyo,KSPH_TP_8EF1301CFC
Tshopo,Yabaondo,Itenge Haut,Yaboila Botowa,Poste de Santé,Botowa,KSPH_TP_B690A95C17
Tshopo,Yabaondo,Itenge Haut,Yambula,Centre de Santé,Itenge Haut,KSPH_TP_940F2F34AA
Tshopo,Yabaondo,Itenge Haut,,Poste de Santé,Matale,GRID3_C4A885A960
Tshopo,Yabaondo,Itenge Haut,Yaboila Botowa,Site Soin Communautaire,Yaboila Botoa,KSPH_TP_5A11BC2362
Tshopo,Yabaondo,Ligasa Ancien,Dembole,Poste de Santé,Dembole,KSPH_TP_CE1FEDE989
Tshopo,Yabaondo,Ligasa Ancien,Ibole,Centre de Santé,Ibole,KSPH_TP_B8BBD1EEB8
Tshopo,Yabaondo,Ligasa Ancien,Liolua,Centre de Santé,Ligasa Ancien,KSPH_TP_1DDCB09A2D
Tshopo,Yabaondo,Ligasa Ancien,Yaombiti,Poste de Santé,Yaombiti,KSPH_TP_99F7F594EE
Tshopo,Yabaondo,Ligasa Ancien,Yaombiti,Site Soin Communautaire,Yaombiti Lobanga,KSPH_TP_2FB6CF65E1
Tshopo,Yabaondo,Ligasa Etat,Balembe,Poste de Santé,Balembe,KSPH_TP_8C67934760
Tshopo,Yabaondo,Ligasa Etat,Bautu,Site Soin Communautaire,Bautu 2,KSPH_TP_6CCFE2AD5C
Tshopo,Yabaondo,Ligasa Etat,Bombula,Poste de Santé,Bombula,KSPH_TP_261F409FF8
Tshopo,Yabaondo,Ligasa Etat,Ligasa Etat,Centre de Santé,Ligasa Etat,KSPH_TP_A005CDFA4F
Tshopo,Yabaondo,Ligasa Etat,Ligasa Etat,Site Soin Communautaire,Ligasa Etat,KSPH_TP_739E9E3ADE
Tshopo,Yabaondo,Ligasa Etat,Mosenge,Site Soin Communautaire,Mosenge,KSPH_TP_3E82796ED9
Tshopo,Yabaondo,Logoge,Lihombo,Poste de Santé,Lihombo,KSPH_TP_FECCC1DA0D
Tshopo,Yabaondo,Logoge,Bwembe,Centre de Santé,Logoge,KSPH_TP_36DA00D373
Tshopo,Yabaondo,Logoge,Yamolinga,Site Soin Communautaire,Yamolinga,KSPH_TP_B100BEB238
Tshopo,Yabaondo,Malinda,Bolea,Centre Médical,Bethsaida,KSPH_TP_7642121E69
Tshopo,Yabaondo,Malinda,Bokone,Poste de Santé,Bokone,KSPH_TP_6E1D5AE21B
Tshopo,Yabaondo,Malinda,Bolea,Site Soin Communautaire,Bolea,KSPH_TP_95410E3E75
Tshopo,Yabaondo,Malinda,Ibila,Poste de Santé,Ibila Bolea,KSPH_TP_F9B597EE94
Tshopo,Yabaondo,Malinda,Malinda,Centre de Santé,Malinda,KSPH_TP_4CD90F4DD8
Tshopo,Yabaondo,Malinda,Mwembe,Site Soin Communautaire,Mwembe,KSPH_TP_89A8C19CDA
Tshopo,Yabaondo,Mumba Losuna,Mumba Losuna,Centre de Santé,Mumba,KSPH_TP_7C44B69487
Tshopo,Yabaondo,Mumba Losuna,Mumba Losuna,Centre de Santé de Référence,Mumba Losuna,KSPH_TP_E9CA19620E
Tshopo,Yabaondo,Mumba Losuna,Yabeonda,Site Soin Communautaire,Yabeonda,KSPH_TP_F394E7FA35
Tshopo,Yabaondo,Mumba Losuna,Yamofaya,Poste de Santé,Yamofaya,KSPH_TP_CCA5F493BA
Tshopo,Yabaondo,Mumba Losuna,Yema,Site Soin Communautaire,Yema,KSPH_TP_FDB28149CA
Tshopo,Yabaondo,Yabetuta,Bolene,Site Soin Communautaire,Bolene,KSPH_TP_70D7F4C884
Tshopo,Yabaondo,Yabetuta,Bolinga,Poste de Santé,Bolinga,KSPH_TP_6E0EF916A5
Tshopo,Yabaondo,Yabetuta,Bolinga,Site Soin Communautaire,Bolinga,KSPH_TP_6FC1C5EAFD
Tshopo,Yabaondo,Yabetuta,Yabetuta,Centre de Santé,Yabetuta,KSPH_TP_04400F37FC
Tshopo,Yabaondo,Yabetuta,Yailombo,Poste de Santé,Yailombo 2,KSPH_TP_07F395F978
Tshopo,Yabaondo,Yabetuta,Yaonda ' E 2,Poste de Santé,Yaondaie,KSPH_TP_74E49A6A4B
Tshopo,Yabaondo,Yabetuta,Yatwengo,Poste de Santé,Yatwengo Village,KSPH_TP_B63ACD1728
Tshopo,Yabaondo,Yabetuta,Yaula 1,Site Soin Communautaire,Yaula 1,KSPH_TP_5DC8B4BC1B
Tshopo,Yabaondo,Yaboila,Bosuka,Poste de Santé,Bosaka,KSPH_TP_FE0BFD8B0A
Tshopo,Yabaondo,Yaboila,Bosuka,Site Soin Communautaire,Bosaka,KSPH_TP_7C10DF7FA4
Tshopo,Yabaondo,Yaboila,Liombo,Poste de Santé,Liombo,KSPH_TP_8B0376ECD5
Tshopo,Yabaondo,Yaboila,Yaboila,Centre de Santé,Yaboila,KSPH_TP_E13717DAA3
Tshopo,Yabaondo,Yaboila,Yafeta,Poste de Santé,Yaenge Yafeta,KSPH_TP_A1B307F5F8
Tshopo,Yabaondo,Yabolonga,Itenge Bas,Poste de Santé,Itenge Bas,KSPH_TP_CA8A12016B
Tshopo,Yabaondo,Yabolonga,Yabolonga,Centre de Santé,Yabolonga,KSPH_TP_BF30DD4E5C
Tshopo,Yabaondo,Yabolonga,Yabotumelase 1,Poste de Santé,Yabotumelase 2,KSPH_TP_0E564231F2
Tshopo,Yabaondo,Yaboseo,Iyomoi,Site Soin Communautaire,Iyomoi,KSPH_TP_A1D4D312B7
Tshopo,Yabaondo,Yaboseo,Yaboseo,Poste de Santé,Lingungu,KSPH_TP_DC0C179335
Tshopo,Yabaondo,Yaboseo,Loali,Site Soin Communautaire,Loali,KSPH_TP_0482AA0CD8
Tshopo,Yabaondo,Yaboseo,Yaboseo,Centre de Santé,Yaboseo,KSPH_TP_E537F6EC52
Tshopo,Yabaondo,Yaboseo,Yabwesu 1,Poste de Santé,Yabwesu,KSPH_TP_1FC0E4425C
Tshopo,Yabaondo,Yabwanza,Tolaw Central,Poste de Santé,Tolaw,KSPH_TP_A60A053593
Tshopo,Yabaondo,Yabwanza,Yabwanza,Centre de Santé,Yabwanza,KSPH_TP_816BDD20F4
Tshopo,Yabaondo,Yabwanza,Yalomba,Poste de Santé,Yalomba,KSPH_TP_895B2F4D1B
Tshopo,Yabaondo,Yabwanza,Yalomba,Site Soin Communautaire,Yalomba,KSPH_TP_16BD7707A9
Tshopo,Yabaondo,Yaenisa,Yaenisa 1,Centre de Santé,Yaenisa,KSPH_TP_1BB2E7181A
Tshopo,Yabaondo,Yaenisa,Yaenesa 2,Site Soin Communautaire,Yaenisa 2,KSPH_TP_84D0C8FEC8
Tshopo,Yabaondo,Yaenisa,Yangandi,Poste de Santé,Yangandi,KSPH_TP_7A0B16769E
Tshopo,Yabaondo,Yafunga,Boele,Poste de Santé,Boele,KSPH_TP_B164D7EB82
Tshopo,Yabaondo,Yafunga,Saf Bois,Poste de Santé,Safbois Jadora,KSPH_TP_BE5FC43966
Tshopo,Yabaondo,Yafunga,Yafunga,Centre de Santé,Yafunga,KSPH_TP_89877B5891
Tshopo,Yabaondo,Yafunga,Yatwengo Plantation,Dispensaire,Yatwengo Plantation,KSPH_TP_62A9B312F7
Tshopo,Yabaondo,Yafunga,Yolema,Poste de Santé,Yolema,KSPH_TP_EA3787B6F9
Tshopo,Yabaondo,Yalisingo,Bobela 1,Poste de Santé,Bobela,KSPH_TP_C795FEC47E
Tshopo,Yabaondo,Yalisingo,Bobela 1,Site Soin Communautaire,Bobela,KSPH_TP_A6DD7EA045
Tshopo,Yabaondo,Yalisingo,Yabealea 2,Poste de Santé,Yabealea 2,KSPH_TP_9E0ECBE8B9
Tshopo,Yabaondo,Yalisingo,Yabogole,Centre de Santé,Yalisingo,KSPH_TP_60C419AA90
Tshopo,Yabaondo,Yalisingo,Village  Yalisingo,Site Soin Communautaire,Yalisingo,KSPH_TP_39808D7970
Tshopo,Yabaondo,Yalisingo,Yalomba 2,Site Soin Communautaire,Yalomba 2,KSPH_TP_364D939910
Tshopo,Yabaondo,Yamohambe,Lisala Ngomba,Site Soin Communautaire,Lisala Ngomba,KSPH_TP_F7B2622F6C
Tshopo,Yabaondo,Yamohambe,Yabongonda,Poste de Santé,Yabongonda,KSPH_TP_1BD5B9A5AF
Tshopo,Yabaondo,Yamohambe,Yamohambe,Centre de Santé,Yamohambe,KSPH_TP_FF4214BA80
Tshopo,Yabaondo,Yanfira,Yanfira,Centre de Santé,Bomboko,KSPH_TP_569F282A11
Tshopo,Yabaondo,Yanfira,Ila Matonge,Poste de Santé,Ilambi Moke,KSPH_TP_97CBD6F298
Tshopo,Yabaondo,Yanfira,Yalolongi,Site Soin Communautaire,Yalolongi,KSPH_TP_4D05F1AEE7
Tshopo,Yabaondo,Yanfira,Yandjali 1,Poste de Santé,Yandjali,KSPH_TP_74B47F6376
Tshopo,Yabaondo,Yanfira,Yanfira,Centre de Santé,Yanfira,KSPH_TP_6FE1457366
Tshopo,Yabaondo,Yanguba,Bolanda,Poste de Santé,Bolanda,KSPH_TP_B0123BD3CB
Tshopo,Yabaondo,Yanguba,Bolanda,Site Soin Communautaire,Bolanda,KSPH_TP_8A2F8C31F3
Tshopo,Yabaondo,Yanguba,Djabir,Poste de Santé,Djabir,KSPH_TP_CB67EA9DF2
Tshopo,Yabaondo,Yanguba,Litongo,Site Soin Communautaire,Litongo,KSPH_TP_78B25D7BA1
Tshopo,Yabaondo,Yanguba,Matale,Poste de Santé,Matale,KSPH_TP_763B2BA060
Tshopo,Yabaondo,Yanguba,Yanguba,Centre de Santé,Yanguba,KSPH_TP_A25E14504C
Tshopo,Yabaondo,Yanguba,Yetoli,Poste de Santé,Yetoli,KSPH_TP_619822DFB2
Tshopo,Yabaondo,Yanguba,Yetoli,Site Soin Communautaire,Yetoli,KSPH_TP_9385B8A0FB
Tshopo,Yabaondo,Yatumbo,Yatumbo 1,Site Soin Communautaire,Yabumbo 1,KSPH_TP_893D24FA5B
Tshopo,Yabaondo,Yatumbo,Yatumbo 2,Centre de Santé,Yatumbo,KSPH_TP_AC4E56C6C6
Tshopo,Yabaondo,Yatumbo,Yatumbo 1,Poste de Santé,Yatumbo 1,KSPH_TP_550F20C77F
Tshopo,Yahisuli,Bolongo Bas,Bolongo Bas,Centre de Santé,Bolongo Bas,KSPH_TP_B76368C9CA
Tshopo,Yahisuli,Bolongo Bas,Bolongo Haut,Poste de Santé,Bolongo Haut,KSPH_TP_D11651B62F
Tshopo,Yahisuli,Bolongo Bas,Iziro,Site Soin Communautaire,Iziro,KSPH_TP_68CAA39456
Tshopo,Yahisuli,Bolongo Bas,Olongo,Poste de Santé,Olongo,KSPH_TP_F1CFCBADD7
Tshopo,Yahisuli,Bolongo Bas,Ombesanga,Poste de Santé,Ombesanga,KSPH_TP_0D95A7C5BE
Tshopo,Yahisuli,Bolongo Bas,Yalitolombo,Site Soin Communautaire,Yatilombo,KSPH_TP_A0F527F065
Tshopo,Yahisuli,Ekondi,Yalimo,Centre de Santé,Ekondi,KSPH_TP_68DF4B3CD8
Tshopo,Yahisuli,Ekondi,Lingudia,Site Soin Communautaire,Lingudia,KSPH_TP_ECDBB50222
Tshopo,Yahisuli,Ekondi,Yandia,Poste de Santé,Yandia,KSPH_TP_6F6B88CD7F
Tshopo,Yahisuli,Ekondi,Yatola 1,Site Soin Communautaire,Yatola 1,KSPH_TP_4BFD2399C2
Tshopo,Yahisuli,Likolo,Basingo,Site Soin Communautaire,Basingo 1,KSPH_TP_0E7A1767CF
Tshopo,Yahisuli,Likolo,Matongo,Site Soin Communautaire,Basingo 2 Matongo,KSPH_TP_DFE618B523
Tshopo,Yahisuli,Likolo,Yabiango,Centre de Santé,Likolo,KSPH_TP_2B00D2CF8A
Tshopo,Yahisuli,Likolo,Yaileko,Site Soin Communautaire,Likolo,KSPH_TP_1DCCC17305
Tshopo,Yahisuli,Likolo,Wety,Poste de Santé,Weti,KSPH_TP_FEA5D03455
Tshopo,Yahisuli,Likolo,Yailonde,Site Soin Communautaire,Yailonde,KSPH_TP_DF13372EC5
Tshopo,Yahisuli,Loya,Basongo,Site Soin Communautaire,Loya,KSPH_TP_7AA1DD8608
Tshopo,Yahisuli,Loya,Yaolifa,Centre de Santé,Loya,KSPH_TP_683FFEB005
Tshopo,Yahisuli,Loya,Yailombo,Poste de Santé,Yailombo,KSPH_TP_02A1EC02EB
Tshopo,Yahisuli,Mokombe,Mokombe,Centre Médical,Bondeko 1,KSPH_TP_DFFD6B210F
Tshopo,Yahisuli,Mokombe,Yasanga 1,Centre Médical,Bondeko 3,KSPH_TP_F1FDF2A786
Tshopo,Yahisuli,Mokombe,Mokombe,Centre de Santé de Référence,Mokombe,KSPH_TP_9E1055AAF6
Tshopo,Yahisuli,Mokombe,Mokombe,Site Soin Communautaire,Mokombe,KSPH_TP_6547760354
Tshopo,Yahisuli,Mokombe,Yasanga 2,Site Soin Communautaire,Wehe,KSPH_TP_32AE2C578A
Tshopo,Yahisuli,Mokombe,Yaokondou,Poste de Santé,Yaokondou,KSPH_TP_B97FD2459A
Tshopo,Yahisuli,Mokombe,Yasanga 1,Poste de Santé,Yasanga 1,KSPH_TP_0F0167D0B6
Tshopo,Yahisuli,Mokombe,Yasanga 3,Poste de Santé,Yasanga 3,KSPH_TP_6E6FFC2506
Tshopo,Yahisuli,Monoli,Liotu Ancien,Poste de Santé,Liutu Ancien,KSPH_TP_D6BBCABED3
Tshopo,Yahisuli,Monoli,Monoli 2,Centre de Santé,Monoli,KSPH_TP_051D7B8F86
Tshopo,Yahisuli,Monoli,Monoli 3,Site Soin Communautaire,Monoli 3,KSPH_TP_8C85BE4507
Tshopo,Yahisuli,Monoli,Monoli 4,Poste de Santé,Monoli 4,KSPH_TP_3A5D22A4F1
Tshopo,Yahisuli,Monoli,Yaosamo,Poste de Santé,Yausamo,KSPH_TP_C37E3B5385
Tshopo,Yahisuli,Monoli,Yaosamo,Site Soin Communautaire,Yausamo,KSPH_TP_F04EA55D46
Tshopo,Yahisuli,Wenge Bas,Localite Wenge Bas,Dispensaire,Renewable Solution,KSPH_TP_12C411F226
Tshopo,Yahisuli,Wenge Bas,Ilamba,Site Soin Communautaire,Wenge Bas,KSPH_TP_853D0C4B54
Tshopo,Yahisuli,Wenge Bas,Localite Wenge Bas,Centre de Santé de Référence,Wenge Bas,KSPH_TP_E7F088765C
Tshopo,Yahisuli,Wenge Bas,Yambula,Poste de Santé,Yambula,KSPH_TP_30DE9F7B49
Tshopo,Yahisuli,Wenge Bas,Yambula,Site Soin Communautaire,Yambula,KSPH_TP_B2E41F3476
Tshopo,Yahisuli,Wenge Bas,Yasanga,Site Soin Communautaire,Yasanga Rive,KSPH_TP_A0900D9B06
Tshopo,Yahisuli,Wenge Bas,Yasanga,Poste de Santé,Yasanga Rive,KSPH_TP_3E92DFD905
Tshopo,Yahisuli,Wenge Bas,Yekongo,Site Soin Communautaire,Yekongo,KSPH_TP_65C7608DE6
Tshopo,Yahisuli,Wenge Haut,Litho Rive,Site Soin Communautaire,Litho Rive Ekeli,KSPH_TP_CD82FA003B
Tshopo,Yahisuli,Wenge Haut,Litho Rive,Site Soin Communautaire,Litho Rive Molokayi,KSPH_TP_3900FB386C
Tshopo,Yahisuli,Wenge Haut,Litho Route,Poste de Santé,Litho Route,KSPH_TP_3796EBA4AB
Tshopo,Yahisuli,Wenge Haut,Wenge Haut,Centre de Santé,Wenge Haut,KSPH_TP_35619C4E41
Tshopo,Yahisuli,Wenge Haut,Yakoko,Poste de Santé,Yakoko,KSPH_TP_05D0A260CF
Tshopo,Yahisuli,Wenge Haut,Yaolombo Rive,Site Soin Communautaire,Yaolombo Rive,KSPH_TP_E8CF27926E
Tshopo,Yahisuli,Yaeme,Yawembo,Dispensaire,Baluolambila,KSPH_TP_5C81914D17
Tshopo,Yahisuli,Yaeme,Lingundja,Site Soin Communautaire,Lingundja,KSPH_TP_B48C26017A
Tshopo,Yahisuli,Yaeme,Yaeme,Centre de Santé,Yaeme,KSPH_TP_F8CCE3B603
Tshopo,Yahisuli,Yaeme,Yafala,Site Soin Communautaire,Yafala,KSPH_TP_0C556191C3
Tshopo,Yahisuli,Yaeme,Yaolenda,Site Soin Communautaire,Yaolenda,KSPH_TP_2B47D5C885
Tshopo,Yahisuli,Yaeme,Yasuma,Poste de Santé,Yasuma,KSPH_TP_FDD9626061
Tshopo,Yahisuli,Yaeme,Yawembo,Poste de Santé,Yawembo,KSPH_TP_9865820E4B
Tshopo,Yahisuli,Yafala,Lisimo,Site Soin Communautaire,Lisimo,KSPH_TP_49B031F8E3
Tshopo,Yahisuli,Yafala,,Site Soin Communautaire,Toshimo,GRID3_2E912743C1
Tshopo,Yahisuli,Yafala,Yafalai,Centre de Santé,Yafala,KSPH_TP_53CF0324EB
Tshopo,Yahisuli,Yafeta,Lianga,Site Soin Communautaire,Lianga,KSPH_TP_BAC7CB55C4
Tshopo,Yahisuli,Yafeta,Yaelinda,Site Soin Communautaire,Yaelinda,KSPH_TP_3C60709EBA
Tshopo,Yahisuli,Yafeta,Yafeta,Centre de Santé,Yafeta,KSPH_TP_C8B100F69A
Tshopo,Yahisuli,Yafeta,Yandibi,Poste de Santé,Yandibi,KSPH_TP_4F31CD76D9
Tshopo,Yahisuli,Yafeta,Yaolelemu,Poste de Santé,Yaolelemu,KSPH_TP_1D80E7BCF5
Tshopo,Yahisuli,Yafeta,Yaolelemu,Site Soin Communautaire,Yaolelemu,KSPH_TP_BBA37B1C00
Tshopo,Yahisuli,Yafeta,Yaondaie,Poste de Santé,Yaondaie,KSPH_TP_505131EC64
Tshopo,Yahisuli,Yafeta,Yaondaie,Site Soin Communautaire,Yaondaie,KSPH_TP_6F9128DF4E
Tshopo,Yahisuli,Yahisuli,Yahisuli,Centre Médical,Bolingo,KSPH_TP_EB70EB14A9
Tshopo,Yahisuli,Yahisuli,Litho,Site Soin Communautaire,Liitho Salongo,KSPH_TP_5F84A68251
Tshopo,Yahisuli,Yahisuli,Litho,Centre de Santé,Lito,KSPH_TP_38C7C275E5
Tshopo,Yahisuli,Yahisuli,Yahisuli,Hôpital Général de Référence,Yahisuli,KSPH_TP_D195AB365A
Tshopo,Yahisuli,Yahisuli,Yahisuli,Poste de Santé,Yahisuli,KSPH_TP_8A6F35151C
Tshopo,Yahisuli,Yahisuli,Yahisuli,Bureau Central de la Zone de Santé,Yahisuli,KSPH_TP_0640D7DF53
Tshopo,Yahisuli,Yahisuli,Yailongo,Site Soin Communautaire,Yailongo,KSPH_TP_AFC944FE3E
Tshopo,Yahisuli,Yahisuli,Ya Tiri Rive,Poste de Santé,Yatili Rive,KSPH_TP_44B885644F
Tshopo,Yahisuli,Yaokoli,Boye,Poste de Santé,Boye,KSPH_TP_73426F6523
Tshopo,Yahisuli,Yaokoli,Yaokoli 3,Poste de Santé,Kimbanguiste Baundukulu,KSPH_TP_B634C56879
Tshopo,Yahisuli,Yaokoli,Liutru Londo,Poste de Santé,Liotu Loondo,KSPH_TP_2580AEC9CF
Tshopo,Yahisuli,Yaokoli,Loha,Poste de Santé,Loha,KSPH_TP_1AEF38F229
Tshopo,Yahisuli,Yaokoli,Yafine,Site Soin Communautaire,Yafine,KSPH_TP_6F3E0BEB29
Tshopo,Yahisuli,Yaokoli,Yaokili 1,Centre de Santé,Yaokoli,KSPH_TP_AF4A3AE51A
Tshopo,Yahisuli,Yaokoli,Yaongo,Site Soin Communautaire,Yaongo,KSPH_TP_963385D431
Tshopo,Yahisuli,Yaokoli,Yaongo,Poste de Santé,Yaongo,KSPH_TP_18577CCCDB
Tshopo,Yahisuli,Yaokoli,Yaongo,Poste de Santé,Yaongo,KSPH_TP_2D04952135
Tshopo,Yahisuli,Yaolenga,Essi,Poste de Santé,Issi,KSPH_TP_14E87CDD15
Tshopo,Yahisuli,Yaolenga,Yakaka,Poste de Santé,Luezi,KSPH_TP_7F2D5DE630
Tshopo,Yahisuli,Yaolenga,Wete,Site Soin Communautaire,Wete,KSPH_TP_63D83E2B07
Tshopo,Yahisuli,Yaolenga,Yaetala,Site Soin Communautaire,Yaetala,KSPH_TP_6F558EF034
Tshopo,Yahisuli,Yaolenga,Yakanga 2,Site Soin Communautaire,Yakanga 2,KSPH_TP_653B19B4F7
Tshopo,Yahisuli,Yaolenga,Yaolenga,Centre de Santé de Référence,Yaolenga,KSPH_TP_1DC1A18E07
Tshopo,Yahisuli,Yaolombo,Yaekalamba,Poste de Santé,Yaekalamba,KSPH_TP_C8216428E3
Tshopo,Yahisuli,Yaolombo,Yaekalamba,Site Soin Communautaire,Yaekalamba 1,KSPH_TP_E665C99B19
Tshopo,Yahisuli,Yaolombo,Yandjali,Site Soin Communautaire,Yandjali,KSPH_TP_AE8460F889
Tshopo,Yahisuli,Yaolombo,Yaolombo,Centre de Santé,Yaolombo,KSPH_TP_2573A3E1C7
Tshopo,Yahisuli,Yaolombo,Yaotikali,Poste de Santé,Yaotikali,KSPH_TP_4E402CA1F7
Tshopo,Yahisuli,Yasunga,Yalofombo,Centre Médical,Kintuadi,KSPH_TP_677604023B
Tshopo,Yahisuli,Yasunga,Yalofombo,Poste de Santé,Yalofombo,KSPH_TP_DBC58C3E58
Tshopo,Yahisuli,Yasunga,Yasunga,Centre de Santé,Yasunga,KSPH_TP_9658F1DEF6
Tshopo,Yahisuli,Yasunga,Ya Tili Tokoke,Site Soin Communautaire,Yasunga,KSPH_TP_B6104A7211
Tshopo,Yahisuli,Yasunga,Ya Tiri Interieur,Poste de Santé,Yatili Interieur,KSPH_TP_E1CFB8B38B
Tshopo,Yahisuli,Yauta,Yambiso,Poste de Santé,Yambiso,KSPH_TP_7BB0CFC812
Tshopo,Yahisuli,Yauta,Yauta,Centre de Santé,Yauta,KSPH_TP_5A1081218B
Tshopo,Yahuma,Bayolo,Bayolo Route,Centre de Santé,Bayolo,KSPH_TP_97484E03A7
Tshopo,Yahuma,Bayolo,Likakasa,Site Soin Communautaire,Bayolo,KSPH_TP_DE3ECB1900
Tshopo,Yahuma,Bayolo,Likakasa,Dispensaire,Irumu,KSPH_TP_8EDD054177
Tshopo,Yahuma,Bayolo,Somboko,Centre de Santé,Katako Kombe,KSPH_TP_E39EB0C3FD
Tshopo,Yahuma,Bayolo,Makau,Dispensaire,Makau,KSPH_TP_39B83B02A9
Tshopo,Yahuma,Bayolo,Wenze,Dispensaire,Wenze,KSPH_TP_6EDF7A0D98
Tshopo,Yahuma,Bolea,Mbinza,Dispensaire,Bolanga,KSPH_TP_AAF45E7E31
Tshopo,Yahuma,Bolea,Bolea,Centre de Santé,Bolea,KSPH_TP_D9CC12DCB6
Tshopo,Yahuma,Bolea,Lileko Ngungu,Site Soin Communautaire,Bolea,KSPH_TP_1326350CB5
Tshopo,Yahuma,Bolea,Mbinza,Poste de Santé,Mbinza,KSPH_TP_DD16B2D399
Tshopo,Yahuma,Bolea,Ngungu Garage,Dispensaire,Ngungu,KSPH_TP_2BCC251AE4
Tshopo,Yahuma,Bondamba,Bondamba,Centre de Santé de Référence,Bondamba,KSPH_TP_2DBA6241CE
Tshopo,Yahuma,Bondamba,Yambango,Poste de Santé,Yambango,KSPH_TP_019979606C
Tshopo,Yahuma,Bondamba,Yasamola,Poste de Santé,Yasamola,KSPH_TP_A990EFBC3A
Tshopo,Yahuma,Hembe 1,Yalikunda,Centre de Santé de Référence,Hembe,KSPH_TP_6A30018A82
Tshopo,Yahuma,Hembe 1,Likoso,Poste de Santé,Likoso,KSPH_TP_1DE53B03B7
Tshopo,Yahuma,Hembe 1,Yamaita 1,Poste de Santé,Yamaita,KSPH_TP_B18CFA3F1D
Tshopo,Yahuma,Hembe 2,Yaliutu,Centre de Santé,Hembe 2,KSPH_TP_9D02C1C3F4
Tshopo,Yahuma,Hembe 2,Yawaka,Poste de Santé,Yawaka,KSPH_TP_CE6F617430
Tshopo,Yahuma,Koret Loota,Bolanda,Poste de Santé,Bolanda,KSPH_TP_7CE74C6E77
Tshopo,Yahuma,Koret Loota,Ikela,Poste de Santé,Ikela,KSPH_TP_270CAD8050
Tshopo,Yahuma,Koret Loota,Koret,Centre de Santé de Référence,Koret Loota,KSPH_TP_540604828F
Tshopo,Yahuma,Koret Loota,Liyembe,Poste de Santé,Liyembe,KSPH_TP_D9FDAE4F67
Tshopo,Yahuma,Koret Loota,Lolingo,Poste de Santé,Lolingo,KSPH_TP_AF57C65956
Tshopo,Yahuma,Koret Loota,Yatshimba,Site Soin Communautaire,Yatshimba,KSPH_TP_B2DBB1A0EE
Tshopo,Yahuma,Lieki,Lieki,Centre de Santé,Lieki,KSPH_TP_57EA5746F7
Tshopo,Yahuma,Lieki,Ndongo,Poste de Santé,Ndongo,KSPH_TP_5D4B827BE2
Tshopo,Yahuma,Lieki,Ngima,Poste de Santé,Ngima,KSPH_TP_6DEDC80295
Tshopo,Yahuma,Lieki,Campement Ngombe 2,Poste de Santé,Ngombe 2,KSPH_TP_D4387715B5
Tshopo,Yahuma,Lieki,Yaoliko,Poste de Santé,Yaoliko,KSPH_TP_06721F32CA
Tshopo,Yahuma,Lifumba,Koret Batawatshe,Poste de Santé,Koret,KSPH_TP_E57577DA50
Tshopo,Yahuma,Lifumba,Lifumba,Centre de Santé,Lifumba,KSPH_TP_6A9F7C339B
Tshopo,Yahuma,Lifumba,Yapetshi,Poste de Santé,Yapetshi,KSPH_TP_D0FD11601D
Tshopo,Yahuma,Lisoku,Bofele,Site Soin Communautaire,Bofele,KSPH_TP_7CD658CF16
Tshopo,Yahuma,Lisoku,Lisoku,Centre de Santé,Lisoku,KSPH_TP_CB91907B54
Tshopo,Yahuma,Lisoku,Yaokana Plantation,Poste de Santé,Yaokana Platation,KSPH_TP_A66F6E5CE0
Tshopo,Yahuma,Lisoku,Yaokanavillage,Site Soin Communautaire,Yaokana Village,KSPH_TP_1C63BA0628
Tshopo,Yahuma,Lobolo,Liande,Poste de Santé,Liande,KSPH_TP_CC09948740
Tshopo,Yahuma,Lobolo,Yamongu,Site Soin Communautaire,Lobolo,KSPH_TP_DCF3CE19E5
Tshopo,Yahuma,Lobolo,Lobolo,Centre de Santé,Lobolo,KSPH_TP_3ABFF1205F
Tshopo,Yahuma,Lobolo,Yaolia,Poste de Santé,Yaolia,KSPH_TP_97999372B5
Tshopo,Yahuma,Mokeke,Bonama,Poste de Santé,Bonama,KSPH_TP_53BEF57A7B
Tshopo,Yahuma,Mokeke,Yafoli,Centre de Santé,Mokeke,KSPH_TP_868892366D
Tshopo,Yahuma,Mokeke,Mokeke,Site Soin Communautaire,Mokeke,KSPH_TP_313B29686E
Tshopo,Yahuma,Mombole,Mombole,Centre de Santé,Mombole,KSPH_TP_B1EA6D503E
Tshopo,Yahuma,Mombole,Yasalakumi,Poste de Santé,Yasalakumi,KSPH_TP_9B444F4162
Tshopo,Yahuma,Mombongo 1,Bangelema,Poste de Santé,Cbfc,KSPH_TP_4A6E95D903
Tshopo,Yahuma,Mombongo 1,Yamongala,Site Soin Communautaire,Mombongo,KSPH_TP_4743D5B538
Tshopo,Yahuma,Mombongo 1,Ingoapolo,Centre de Santé,Mombongo,KSPH_TP_3AA3195759
Tshopo,Yahuma,Mombongo 2,Bosomela,Centre de Santé de Référence,Communaute Evangelique Ubangi Mongala,KSPH_TP_4CE3CB0FB9
Tshopo,Yahuma,Mombongo 2,Yetembe,Poste de Santé,Isolamu,KSPH_TP_0B8EE72C7C
Tshopo,Yahuma,Mombongo 2,Yaliambi,Site Soin Communautaire,Mombongo 2,KSPH_TP_F6F888445C
Tshopo,Yahuma,Mombongo 2,Centre,Centre de Santé de Référence,Mombongo 2,KSPH_TP_E65D357405
Tshopo,Yahuma,Mosite Etat,Bohema 2,Poste de Santé,Bohema,KSPH_TP_DCC7D9B6CB
Tshopo,Yahuma,Mosite Etat,Lomboto,Poste de Santé,Cadap,KSPH_TP_44E1674F16
Tshopo,Yahuma,Mosite Etat,Kimbaseke,Centre de Santé de Référence,Mosite Etat,KSPH_TP_A9A25FF10F
Tshopo,Yahuma,Mosite Etat,Kimbaseke,Centre de Santé,Plantation Huilerie Congo,KSPH_TP_3DB8E98FAC
Tshopo,Yahuma,Mosite Etat,Yambula,Poste de Santé,Yambula,KSPH_TP_701951152D
Tshopo,Yahuma,Mosite Etat,Yambula,Poste de Santé,Yambula Plantation Huilerie Congo,KSPH_TP_BFC3794E61
Tshopo,Yahuma,Mosite Etat,Yaokoka,Site Soin Communautaire,Yaokoka,KSPH_TP_0ED00FB404
Tshopo,Yahuma,Simba,Jombolanda,Poste de Santé,Jombolanda,KSPH_TP_5527A52588
Tshopo,Yahuma,Simba,Simba,Centre de Santé de Référence,Simba,KSPH_TP_B94FE30603
Tshopo,Yahuma,Simba,Yekonga,Poste de Santé,Yekonga,KSPH_TP_4985E83AE0
Tshopo,Yahuma,Simba,Yofeko,Poste de Santé,Yofeko,KSPH_TP_CCBCEB1BE4
Tshopo,Yahuma,Yahuma,Yahuma Centre,Hôpital Général de Référence,Yahuma,KSPH_TP_4324658051
Tshopo,Yahuma,Yahuma,Yahuma Localite,Centre de Santé,Yahuma,KSPH_TP_FA9D31F2FB
Tshopo,Yahuma,Yahuma,Yahuma Centre,Bureau Central de la Zone de Santé,Yahuma,KSPH_TP_609CCF97C2
Tshopo,Yahuma,Yalikito,Bokala,Poste de Santé,Bokala,KSPH_TP_194E50FFF4
Tshopo,Yahuma,Yalikito,Campement Israel,Poste de Santé,Bongemba,KSPH_TP_A242F7DF1D
Tshopo,Yahuma,Yalikito,Kotakoli,Poste de Santé,Kotakoli,KSPH_TP_A4A854C71A
Tshopo,Yahuma,Yalikito,Wamba,Dispensaire,Wamba,KSPH_TP_26833D37C1
Tshopo,Yahuma,Yalikito,Central Pise,Centre de Santé,Yalikito,KSPH_TP_4EF7E77C42
Tshopo,Yahuma,Yalikito,Yalikito,Site Soin Communautaire,Yalikito,KSPH_TP_6E405F746A
Tshopo,Yahuma,Yalokolonga,Yaolongo,Poste de Santé,Famille Lokundo,KSPH_TP_4AEC18BAA4
Tshopo,Yahuma,Yalokolonga,Yaolongo,Poste de Santé,Florence,KSPH_TP_A07EB9EC83
Tshopo,Yahuma,Yalokolonga,Yalokolonga,Centre de Santé,Yalokolonga,KSPH_TP_33D7BEBDE1
Tshopo,Yahuma,Yalombuka,Loali,Poste de Santé,Loali,KSPH_TP_BEC1C1EF1F
Tshopo,Yahuma,Yalombuka,Yalombuka,Centre de Santé,Yalombuka,KSPH_TP_79B33C8133
Tshopo,Yahuma,Yalombuka,,Site Soin Communautaire,Yambaya,GRID3_4F3403D479
Tshopo,Yahuma,Yalonde,Lolingo 2,Poste de Santé,Lolingo 2,KSPH_TP_47792A8166
Tshopo,Yahuma,Yalonde,Mafele,Site Soin Communautaire,Mafele,KSPH_TP_C035F69F1D
Tshopo,Yahuma,Yalonde,Yalonde,Centre de Santé,Yalonde,KSPH_TP_D80225885F
Tshopo,Yahuma,Yalongwa,Etoka Mission,Poste de Santé,Etoka Mission,KSPH_TP_D7FB8ED6AD
Tshopo,Yahuma,Yalongwa,Yumbi 1,Site Soin Communautaire,Yalongwa,KSPH_TP_7D5EA8DB16
Tshopo,Yahuma,Yalongwa,Yalongwa,Centre de Santé,Yalongwa,KSPH_TP_3DA15C4A64
Tshopo,Yahuma,Yalongwa,Yohe,Site Soin Communautaire,Yohe,KSPH_TP_F72E7F3410
Tshopo,Yahuma,Yaloola,Owama,Poste de Santé,Kimbangu,KSPH_TP_D32C9DCF73
Tshopo,Yahuma,Yaloola,Owama,Site Soin Communautaire,Owama,KSPH_TP_BA174736C8
Tshopo,Yahuma,Yaloola,Yaokanga,Poste de Santé,Yalomanga,KSPH_TP_FE878984F5
Tshopo,Yahuma,Yaloola,Yaloola,Centre de Santé,Yaloola,KSPH_TP_6F676EC0A3
Tshopo,Yahuma,Yaloola,Yongolokonga,Site Soin Communautaire,Yongolokonga,KSPH_TP_BAA83EF576
Tshopo,Yahuma,Yaolema,Yaolema,Centre de Santé,Yaolema,KSPH_TP_EABC881893
Tshopo,Yahuma,Yaolema,Boleko,Site Soin Communautaire,Yaolema,KSPH_TP_FD2CE54774
Tshopo,Yahuma,Yaomanga,Vatican,Site Soin Communautaire,Vatican,KSPH_TP_BCF6F3FA9E
Tshopo,Yahuma,Yaomanga,Yaomanga 2,Centre de Santé,Yaomanga,KSPH_TP_FD57932196
Tshopo,Yahuma,Yaosola,Yanzala,Poste de Santé,Yanzala,KSPH_TP_3E327720BB
Tshopo,Yahuma,Yaosola,Yaosola,Centre de Santé,Yaosola,KSPH_TP_E72C04FC08
Tshopo,Yahuma,Yapete,Ilombisa,Poste de Santé,Ilombisa,KSPH_TP_CEF249C0DA
Tshopo,Yahuma,Yapete,Lolingo,Site Soin Communautaire,Lolingo,KSPH_TP_2A02376108
Tshopo,Yahuma,Yapete,Ndonga,Poste de Santé,Ndonga,KSPH_TP_E129F9DDF3
Tshopo,Yahuma,Yapete,Yampete 2,Centre de Santé,Yapete,KSPH_TP_019EF3B31B
Tshopo,Yakusu,Bolongo 2,Bolongo 2,Centre de Santé,Bolongo 2,KSPH_TP_4797C2A8F4
Tshopo,Yakusu,Bolongo 2,Likoku,Site Soin Communautaire,Likoku,KSPH_TP_16C8D35B26
Tshopo,Yakusu,Bolongo 2,Bolongo 2,Centre de Santé,Pentecote,KSPH_TP_08C0D22DE4
Tshopo,Yakusu,Bolongo 2,Yakondi,Poste de Santé,Yakondi,KSPH_TP_F75275F003
Tshopo,Yakusu,Ikongo,Bokuma,Site Soin Communautaire,Bokuma,KSPH_TP_DC9772AAEF
Tshopo,Yakusu,Ikongo,Ikongo,Centre de Santé,Ikongo,KSPH_TP_BC2D31B5CE
Tshopo,Yakusu,Ikongo,Utisongo,Poste de Santé,Utisongo,KSPH_TP_40539B9243
Tshopo,Yakusu,Ikongo,Yainyongo,Site Soin Communautaire,Yainyongo Romain 2,KSPH_TP_900EFFF43C
Tshopo,Yakusu,Ikongo,Yaomba,Site Soin Communautaire,Yaomba,KSPH_TP_4EA7C8FB00
Tshopo,Yakusu,Ikongo,Yatuka,Site Soin Communautaire,Yatuka,KSPH_TP_3A3771503E
Tshopo,Yakusu,Ilota,Ilota 5,Poste de Santé,Alifaki,KSPH_TP_8F6694572E
Tshopo,Yakusu,Ilota,Bohamo,Site Soin Communautaire,Bohamo,KSPH_TP_ADCA7D0093
Tshopo,Yakusu,Ilota,Bomongo,Site Soin Communautaire,Bomongo,KSPH_TP_9423F7A7CB
Tshopo,Yakusu,Ilota,Ilota 1,Centre de Santé,Ilota,KSPH_TP_46F97E9444
Tshopo,Yakusu,Ilota,Saka,Site Soin Communautaire,Ilota,KSPH_TP_58303D6730
Tshopo,Yakusu,Lotokila Etat,Likolo,Poste de Santé,Ali,KSPH_TP_6A7060BAC7
Tshopo,Yakusu,Lotokila Etat,Lotokila,Centre de Santé,Lotokila Etat,KSPH_TP_C4667E406A
Tshopo,Yakusu,Lotokila Etat,Yakondi,Site Soin Communautaire,Yakondi,KSPH_TP_E27E346238
Tshopo,Yakusu,Yaboya,Tabora,Site Soin Communautaire,Tabora,KSPH_TP_14F6D85897
Tshopo,Yakusu,Yaboya,Yaboya 1,Centre de Santé de Référence,Yaboya 1,KSPH_TP_FE269B436D
Tshopo,Yakusu,Yaesea,Yaesea,Poste de Santé,Guerison,KSPH_TP_D61500C1C5
Tshopo,Yakusu,Yaesea,Yaesea,Centre de Santé,Yaesea,KSPH_TP_9B7BD65586
Tshopo,Yakusu,Yaesea,Yakoo,Site Soin Communautaire,Yaesea,KSPH_TP_A827D8DE8E
Tshopo,Yakusu,Yaesea,Yakoo,Poste de Santé,Yakoo,KSPH_TP_A6E1A3E85E
Tshopo,Yakusu,Yaesea,Yaolonga,Poste de Santé,Yaolonga,KSPH_TP_56B62A870A
Tshopo,Yakusu,Yakungu,Campement Mongo,Site Soin Communautaire,Campement Mongo,KSPH_TP_6982F2CCA8
Tshopo,Yakusu,Yakungu,Yakungu,Centre de Santé,Yakungu,KSPH_TP_ADFFECD905
Tshopo,Yakusu,Yakungu,Yalikutu,Poste de Santé,Yalikutu,KSPH_TP_44C22680EB
Tshopo,Yakusu,Yakungu,Yaosenge,Site Soin Communautaire,Yaosenge,KSPH_TP_CFE3EE6436
Tshopo,Yakusu,Yalanga,Tofeko,Poste de Santé,Tofeko,KSPH_TP_40E70F812B
Tshopo,Yakusu,Yalanga,Tofeko,Site Soin Communautaire,Tofeko,KSPH_TP_1D4F422A30
Tshopo,Yakusu,Yalanga,Yalanga,Centre de Santé,Yalanga,KSPH_TP_6225BE2165
Tshopo,Yakusu,Yalokombe,Baisoefoko,Site Soin Communautaire,Baisoefoko,KSPH_TP_9154190B5F
Tshopo,Yakusu,Yalokombe,Yalokombe,Centre de Santé,Yalokombe,KSPH_TP_D7998C84C6
Tshopo,Yakusu,Yalokombe,Yawalo,Poste de Santé,Yawalo,KSPH_TP_43403BAAE5
Tshopo,Yakusu,Yalolia,Bolongo 1,Poste de Santé,Bolongo,KSPH_TP_8178814190
Tshopo,Yakusu,Yalolia,Yalolia,Centre de Santé,Yalolia,KSPH_TP_CC810FC492
Tshopo,Yakusu,Yalolia,Yaondolo,Site Soin Communautaire,Yaondolo 1,KSPH_TP_F1CF037928
Tshopo,Yakusu,Yalolia,Yaowamia,Poste de Santé,Yaowamia,KSPH_TP_87B64EDE15
Tshopo,Yakusu,Yalongosa,Yalongosa,Centre de Santé,Yalongosa,KSPH_TP_C3937A8E8A
Tshopo,Yakusu,Yalongosa,Yaosuka,Site Soin Communautaire,Yaosuka,KSPH_TP_967CC12925
Tshopo,Yakusu,Yalongosa,Yasekwe,Poste de Santé,Yasekwe,KSPH_TP_712F02E820
Tshopo,Yakusu,Yalongosa,Yatchaefe,Poste de Santé,Yatchaefe,KSPH_TP_184A833179
Tshopo,Yakusu,Yalotcha,Complexe,Poste de Santé,Complexe,KSPH_TP_5F774A3536
Tshopo,Yakusu,Yalotcha,Complexe,Site Soin Communautaire,Sakina,KSPH_TP_644BBB028D
Tshopo,Yakusu,Yalotcha,Yalotcha,Centre de Santé,Yalotcha,KSPH_TP_008D3DB4E6
Tshopo,Yakusu,Yalotcha,Yalutcha,Poste de Santé,Yalutcha,KSPH_TP_820E4C3714
Tshopo,Yakusu,Yalotcha,Yelimba,Site Soin Communautaire,Yelimba,KSPH_TP_46905CE1BA
Tshopo,Yakusu,Yanonge,Centre 1,Dispensaire,Prive Leon Lifita,KSPH_TP_A009307F29
Tshopo,Yakusu,Yanonge,Solola,Site Soin Communautaire,Solola,KSPH_TP_A3BC052905
Tshopo,Yakusu,Yanonge,Pk 5,Poste de Santé,Tuungane,KSPH_TP_20FECFDCF3
Tshopo,Yakusu,Yanonge,Yakutu,Dispensaire,Yakutu,KSPH_TP_7A59CA388B
Tshopo,Yakusu,Yanonge,Centre 2,Centre de Santé de Référence,Yanonge,KSPH_TP_F2D46F1A5F
Tshopo,Yakusu,Yaokombo,Boamba,Site Soin Communautaire,Bowamba,KSPH_TP_1A4394EC80
Tshopo,Yakusu,Yaokombo,Yalikombo,Poste de Santé,Yalikombo,KSPH_TP_AEDAB302F9
Tshopo,Yakusu,Yaokombo,Yaokombo,Centre de Santé de Référence,Yaokombo,KSPH_TP_F940A2516A
Tshopo,Yakusu,Yaokombo,Yetole,Site Soin Communautaire,Yetole,KSPH_TP_DB233C165F
Tshopo,Yakusu,Yaoseko,Bakota,Poste de Santé,Bakota,KSPH_TP_644DA8C273
Tshopo,Yakusu,Yaoseko,Lumbulumbu,Site Soin Communautaire,Lumbulumbu,KSPH_TP_8E10A148D7
Tshopo,Yakusu,Yaoseko,Yaoseko,Centre de Santé,Yaoseko,KSPH_TP_A42892DE53
Tshopo,Yakusu,Yaosenge,Celco,Site Soin Communautaire,Celco,KSPH_TP_438FAF8CCE
Tshopo,Yakusu,Yaosenge,Galilee,Site Soin Communautaire,Galilee,KSPH_TP_13DB5A2313
Tshopo,Yakusu,Yaosenge,Yangandi,Poste de Santé,Yakayanga,KSPH_TP_125A992CC9
Tshopo,Yakusu,Yaosenge,Localite,Centre de Santé,Yaosenge,KSPH_TP_156DB29E9D
Tshopo,Yakusu,Yaosenge,Centre,Centre de Santé,Yaosenge Etat,KSPH_TP_C510812C8E
Tshopo,Yakusu,Yaotike,Kamanyola,Site Soin Communautaire,Kamanyola,KSPH_TP_3E444BC330
Tshopo,Yakusu,Yaotike,Yaotike,Centre de Santé,Yaotike,KSPH_TP_4D7D1176C7
Tshopo,Yakusu,Yaselia,Bosukulu,Poste de Santé,Bosukulu,KSPH_TP_E70E4A428E
Tshopo,Yakusu,Yaselia,Lokombelokombe,Site Soin Communautaire,Lokombelokombe,KSPH_TP_AE6E6B172C
Tshopo,Yakusu,Yaselia,Yakako,Site Soin Communautaire,Yakako 2,KSPH_TP_E34676FDE6
Tshopo,Yakusu,Yaselia,Yaondolo 2,Poste de Santé,Yandimbia,KSPH_TP_77144DD7BB
Tshopo,Yakusu,Yaselia,Yaselia,Centre de Santé,Yaselia,KSPH_TP_905E8A2EB2
Tshopo,Yakusu,Yasendo,Yasendo,Poste de Santé,Benediction,KSPH_TP_938BDE4E8F
Tshopo,Yakusu,Yasendo,Celco,Site Soin Communautaire,Celco,KSPH_TP_B5D153E029
Tshopo,Yakusu,Yasendo,Yasendo,Centre de Santé,Yasendo,KSPH_TP_228980B181
Tshopo,Yakusu,Yawenda,Lofi,Centre Hopitalier,Lofi,KSPH_TP_584DF8231D
Tshopo,Yakusu,Yawenda,Yawenda,Centre de Santé,Yawenda,KSPH_TP_F476237DD5
Tshopo,Yakusu,Yelenge,Linoko,Site Soin Communautaire,Linoko,KSPH_TP_9DCB540A82
Tshopo,Yakusu,Yelenge,Lokolongo,Site Soin Communautaire,Lokolongo,KSPH_TP_B6256CDF67
Tshopo,Yakusu,Yelenge,Yelenge,Centre de Santé,Yelenge,KSPH_TP_FC87D31C57
Tshopo,Yakusu,Yubo,Kabalo,Site Soin Communautaire,Kabalo,KSPH_TP_C6D6A9B8AD
Tshopo,Yakusu,Yubo,Mission Yakusu,Bureau Central de la Zone de Santé,Yakusu,KSPH_TP_9AFCCC27C6
Tshopo,Yakusu,Yubo,Mission Yakusu,Hôpital Général de Référence,Yakusu,KSPH_TP_7185DF8D88
Tshopo,Yakusu,Yubo,Yakosovillage,Centre de Santé,Yubo,KSPH_TP_4A2303F561
Tshopo,Yakusu,Yubo,Yatumbo,Site Soin Communautaire,Yubo,KSPH_TP_01F20FB1B8
Tshopo,Yaleko,Itokola,Itokola,Centre de Santé,Itokola,KSPH_TP_7536847156
Tshopo,Yaleko,Itokola,Itokola,Poste de Santé,Ongapla,KSPH_TP_7036F41DAC
Tshopo,Yaleko,Itokola,Yalosuka,Poste de Santé,Yalosuka,KSPH_TP_3BF5D39D11
Tshopo,Yaleko,Itokola,Yaofalu,Poste de Santé,Yaofalu Umoja,KSPH_TP_84B406C8BA
Tshopo,Yaleko,Itokola,Yasonge 1,Site Soin Communautaire,Yasonge 1,KSPH_TP_B02CEF7544
Tshopo,Yaleko,Likundu,Yaoluwa,Poste de Santé,Bolingo,KSPH_TP_EBD1C13C0F
Tshopo,Yaleko,Likundu,Bosua,Site Soin Communautaire,Bosoa,KSPH_TP_8E8CA1342F
Tshopo,Yaleko,Likundu,Yakumba,Centre de Santé,Likundu,KSPH_TP_80DE52A301
Tshopo,Yaleko,Likundu,Makala,Site Soin Communautaire,Makala,KSPH_TP_DF253FBED7
Tshopo,Yaleko,Likundu,Yaohu,Poste de Santé,Yaohu,KSPH_TP_AA2B164111
Tshopo,Yaleko,Lisuma,Elome,Site Soin Communautaire,Elome,KSPH_TP_382CE20960
Tshopo,Yaleko,Lisuma,Lisuma,Centre de Santé,Lisuma,KSPH_TP_CD2F5F6C86
Tshopo,Yaleko,Lisuma,Litoko,Site Soin Communautaire,Litoko,KSPH_TP_2DB6719240
Tshopo,Yaleko,Lisuma,Oyoleyole,Poste de Santé,Oyoleyole,KSPH_TP_38E7B3E310
Tshopo,Yaleko,Lisuma,Yalokwa,Poste de Santé,Yalokua,KSPH_TP_C5D367F8A2
Tshopo,Yaleko,Lisuma,Yanongo,Poste de Santé,Yanongo,KSPH_TP_584391031F
Tshopo,Yaleko,Losanganya,Yauke,Poste de Santé,Boboto,KSPH_TP_90A2A20A6B
Tshopo,Yaleko,Losanganya,Yalifoka,Poste de Santé,Kimbangu,KSPH_TP_12DB554E89
Tshopo,Yaleko,Losanganya,Losanganya,Centre de Santé,Losanganya,KSPH_TP_7076551453
Tshopo,Yaleko,Losanganya,Yataka 1,Poste de Santé,Ongapla,KSPH_TP_5EA48C81EB
Tshopo,Yaleko,Losanganya,Yalifoka,Poste de Santé,Yalifoka,KSPH_TP_A6CC3D7F8A
Tshopo,Yaleko,Losanganya,Yauke,Site Soin Communautaire,Yaoke,KSPH_TP_5699ABB3DF
Tshopo,Yaleko,Losanganya,Yataka 1,Poste de Santé,Yataka,KSPH_TP_E500FB36FE
Tshopo,Yaleko,Saint Nicolas,Lisami,Poste de Santé,Lisami,KSPH_TP_134BB2787A
Tshopo,Yaleko,Saint Nicolas,Yalokula Yamba,Centre de Santé,St Nicolas,KSPH_TP_8FDE8F42F1
Tshopo,Yaleko,Saint Nicolas,Toshimo Lioko,Site Soin Communautaire,Toshimo,KSPH_TP_1CE764751B
Tshopo,Yaleko,Saint Nicolas,Yalekovillage,Poste de Santé,Yaleko,KSPH_TP_A274711C1D
Tshopo,Yaleko,Saint Nicolas,Yaofalu 1,Hôpital Général de Référence,Yaleko,KSPH_TP_7B5F16DC38
Tshopo,Yaleko,Saint Nicolas,Yaofalu 1,Bureau Central de la Zone de Santé,Yaleko,KSPH_TP_81493D518D
Tshopo,Yaleko,Saint Nicolas,Yalokula Itowa,Site Soin Communautaire,Yalukula Itowa,KSPH_TP_355E40C921
Tshopo,Yaleko,Yahila,Ilonga 1,Poste de Santé,Cas Durgence Ilonga,KSPH_TP_20983332C2
Tshopo,Yaleko,Yahila,Trois  Maisons,Site Soin Communautaire,Trois Maisons,KSPH_TP_89CD95C795
Tshopo,Yaleko,Yahila,Celco,Centre de Santé,Yahila,KSPH_TP_801FB87417
Tshopo,Yaleko,Yahila,Yalilo,Poste de Santé,Yalilo,KSPH_TP_846C7224A7
Tshopo,Yaleko,Yahila,Yatonoli,Poste de Santé,Yatonoli,KSPH_TP_9EFB993C83
Tshopo,Yaleko,Yainelo,Yaengala,Site Soin Communautaire,Yaengala,KSPH_TP_4BE5C33610
Tshopo,Yaleko,Yainelo,Yainelo,Centre de Santé,Yainelo,KSPH_TP_EC9ABDDB1B
Tshopo,Yaleko,Yainelo,Yalikaka,Poste de Santé,Yalikaka,KSPH_TP_4E8A1A4F9C
Tshopo,Yaleko,Yakamba,Bomongo,Poste de Santé,Bokuma,KSPH_TP_87FBDE80AA
Tshopo,Yaleko,Yakamba,Ikote Celco,Poste de Santé,Ikote Celco,KSPH_TP_B60ABC0F22
Tshopo,Yaleko,Yakamba,Yakamba,Centre de Santé,Yakamba,KSPH_TP_E125A800C6
Tshopo,Yaleko,Yakamba,Yawambe,Site Soin Communautaire,Yawambe,KSPH_TP_D871DD44C3
Tshopo,Yaleko,Yakoko,Boyokani,Poste de Santé,Boyokani 1,KSPH_TP_65853C877D
Tshopo,Yaleko,Yakoko,Yaotenga,Poste de Santé,Diangienda Kututukidi,KSPH_TP_1318129407
Tshopo,Yaleko,Yakoko,Etonga,Poste de Santé,Ekeli,KSPH_TP_A8BFA8B7BA
Tshopo,Yaleko,Yakoko,Kimoto,Site Soin Communautaire,Kimoto,KSPH_TP_4C7DEF0237
Tshopo,Yaleko,Yakoko,Etonga,Poste de Santé,Lisanga,KSPH_TP_CFE70BA9E7
Tshopo,Yaleko,Yakoko,Etonga,Poste de Santé,Loboko Na Nzambe,KSPH_TP_51E223EA1B
Tshopo,Yaleko,Yakoko,Etonga,Poste de Santé,Loseya,KSPH_TP_FC00A80C4D
Tshopo,Yaleko,Yakoko,Etonga,Poste de Santé,Lumumba,KSPH_TP_537AFBB53F
Tshopo,Yaleko,Yakoko,Yahisili 1,Poste de Santé,Yahisili 1,KSPH_TP_FACCB3F8D2
Tshopo,Yaleko,Yakoko,Yakoko,Centre de Santé de Référence,Yakoko,KSPH_TP_331CF90984
Tshopo,Yaleko,Yakoko,Yalifoka 1,Poste de Santé,Yalifoka,KSPH_TP_0393E8672C
Tshopo,Yaleko,Yalokombe,Yaketo Atale,Site Soin Communautaire,Yaketo Atale,KSPH_TP_9EDA6C5AF9
Tshopo,Yaleko,Yalokombe,Yakolombe,Centre de Santé,Yakolombe,KSPH_TP_3EA430B10B
Tshopo,Yaleko,Yalokombe,Yaluwe Lelende,Poste de Santé,Yaluwe,KSPH_TP_3DD364C385
Tshopo,Yaleko,Yalokundola,Yehela,Poste de Santé,Yaehela,KSPH_TP_4FC900D7D2
Tshopo,Yaleko,Yalokundola,Yaelengo 1,Poste de Santé,Yaelengo 1,KSPH_TP_3C69647E60
Tshopo,Yaleko,Yalokundola,Yaelengo 2,Poste de Santé,Yaelongo 2,KSPH_TP_83B1AAE19C
Tshopo,Yaleko,Yalokundola,Yalianda,Site Soin Communautaire,Yaliyanda,KSPH_TP_B670DF14C5
Tshopo,Yaleko,Yalokundola,Yalokundola,Centre de Santé,Yalokundola,KSPH_TP_743F601FCA
Tshopo,Yaleko,Yambela,Losaie,Site Soin Communautaire,Losaie,KSPH_TP_0E9FC1CE98
Tshopo,Yaleko,Yambela,Yalokombe,Poste de Santé,Yalokombe,KSPH_TP_638B399B4F
Tshopo,Yaleko,Yambela,Yambela,Centre de Santé,Yambela,KSPH_TP_02014325EF
Tshopo,Yaleko,Yambela,Yaotumbe,Site Soin Communautaire,Yaotumbe,KSPH_TP_CAC19328EF
Tshopo,Yaleko,Yaolonga,Yaolonga (Yaweneke),Poste de Santé,Cenca,KSPH_TP_0873A31BE6
Tshopo,Yaleko,Yaolonga,Yapehe Celco,Poste de Santé,Debout Opala,KSPH_TP_6AF5716C32
Tshopo,Yaleko,Yaolonga,Yafanda,Site Soin Communautaire,Yafanda,KSPH_TP_9453B24663
Tshopo,Yaleko,Yaolonga,Yaolonga (Yalokela 2),Centre de Santé,Yaolonga,KSPH_TP_45400398FF
Tshopo,Yaleko,Yaolonga,Yapehe Celco,Poste de Santé,Yapehe Celco,KSPH_TP_696AAD0C12
Tshopo,Yaleko,Yaolonga,Yapehevillage,Poste de Santé,Yapehe Village,KSPH_TP_D659398F5C
Tshopo,Yaleko,Yaolonga,Yawissa 2,Poste de Santé,Yawisa 2,KSPH_TP_B0675834DE
Tshopo,Yaleko,Yaolonga,Yawissa 1,Poste de Santé,Yawissa 1,KSPH_TP_50E0A8E776
Tshopo,Yaleko,Yaolonga,Yawissa 3,Poste de Santé,Yawissa 3,KSPH_TP_6F92462140
Tshopo,Yaleko,Yaongama,Celco,Poste de Santé,Celco,KSPH_TP_1C6DB35050
Tshopo,Yaleko,Yaongama,Yaongama,Poste de Santé,Makanza,KSPH_TP_36CD8FB530
Tshopo,Yaleko,Yaongama,Yaongama,Centre de Santé,Yaongama,KSPH_TP_C7E1D1F973
Tshopo,Yaleko,Yaongendja,Yaliembe,Site Soin Communautaire,Yaliembe,KSPH_TP_36ADD54323
Tshopo,Yaleko,Yaongendja,Yaongendja,Centre de Santé,Yaongendja,KSPH_TP_53CA324C59
Tshopo,Yaleko,Yaosio,Olife,Poste de Santé,Lefundelo,KSPH_TP_AC18130259
Tshopo,Yaleko,Yaosio,Okolokoto,Site Soin Communautaire,Okolokoto,KSPH_TP_EECAB70470
Tshopo,Yaleko,Yaosio,Olife,Site Soin Communautaire,Olife,KSPH_TP_F69E0355C7
Tshopo,Yaleko,Yaosio,Yaosio 1,Centre de Santé de Référence,Yaosio,KSPH_TP_96FFDF7220
Tshopo,Yaleko,Yaosio,Yate,Poste de Santé,Yate,KSPH_TP_53128DC12C
Tshopo,Yaleko,Yaosio,Yawaka,Poste de Santé,Yawaka,KSPH_TP_BF03A8588A
Tshopo,Yaleko,Yasongo,Celco,Site Soin Communautaire,Celco,KSPH_TP_58147C5121
Tshopo,Yaleko,Yasongo,Yalikanda,Poste de Santé,Yalikanda,KSPH_TP_7B5A639FB2
Tshopo,Yaleko,Yasongo,Yalikanda,Site Soin Communautaire,Yalikanda,KSPH_TP_41FF7A0337
Tshopo,Yaleko,Yasongo,Yasongo,Centre de Santé,Yasongo,KSPH_TP_E73827D3AC
Tshopo,Yaleko,Yatanda,Litale,Site Soin Communautaire,Litale,KSPH_TP_8C561DCA56
Tshopo,Yaleko,Yatanda,Yalifonde,Poste de Santé,Yalifonde,KSPH_TP_906CD16BF6
Tshopo,Yaleko,Yatanda,Yaombo 1,Poste de Santé,Yaombo 1,KSPH_TP_6E1FCCADF4
Tshopo,Yaleko,Yatanda,Yanganga,Centre de Santé,Yatanda,KSPH_TP_39A9F0CF3D
Tshopo,Yaleko,Yatange,Yalokombe,Poste de Santé,Yalokombe,KSPH_TP_908830C8D7
Tshopo,Yaleko,Yatange,Yatange,Centre de Santé,Yatange,KSPH_TP_372C9EDC88
Tshopo,Yaleko,Yatange,Yaune,Site Soin Communautaire,Yaune,KSPH_TP_BBBD09E741
Tshopo,Yaleko,Yatolema,Yafata,Poste de Santé,5 Eme Celpa Yatolema,KSPH_TP_E46E260DD9
Tshopo,Yaleko,Yatolema,Yatolemavillage,Poste de Santé,Ejctlm Eglise Jesus Christ Sur La Terre Lumiere Monde,KSPH_TP_8310766858
Tshopo,Yaleko,Yatolema,Yatolemavillage,Poste de Santé,Faradja,KSPH_TP_7B65D53477
Tshopo,Yaleko,Yatolema,Celco,Poste de Santé,Institut Technique Agricole,KSPH_TP_A9E31D3C32
Tshopo,Yaleko,Yatolema,Yaengo,Poste de Santé,Itphar,KSPH_TP_79A2F8C98B
Tshopo,Yaleko,Yatolema,Limanga,Poste de Santé,Mapendo,KSPH_TP_A4AE85F43C
Tshopo,Yaleko,Yatolema,Tchachacha,Poste de Santé,Ongapla,KSPH_TP_B884AB56FF
Tshopo,Yaleko,Yatolema,Celco,Poste de Santé,Saint Joseph,KSPH_TP_02193D6CA0
Tshopo,Yaleko,Yatolema,Wela,Site Soin Communautaire,Wela,KSPH_TP_8953906C93
Tshopo,Yaleko,Yatolema,Yaengo,Poste de Santé,Yaengo,KSPH_TP_24AB633377
Tshopo,Yaleko,Yatolema,Yalokula,Poste de Santé,Yalokula,KSPH_TP_D6C24DFB18
Tshopo,Yaleko,Yatolema,Yatolemavillage,Centre de Santé de Référence,Yatolema,KSPH_TP_C2C46046E6
Tshopo,Yaleko,Yatulia,Yaotowange,Poste de Santé,Ajd,KSPH_TP_211EEE63D1
Tshopo,Yaleko,Yatulia,Yawikia 2,Poste de Santé,Bon Samaritin,KSPH_TP_73EAF06CF8
Tshopo,Yaleko,Yatulia,Salongo,Site Soin Communautaire,Salongo,KSPH_TP_7E9BF71F8E
Tshopo,Yaleko,Yatulia,Yanganga,Centre de Santé,Yatulia,KSPH_TP_50C232189B
Tshopo,Yalimbongo,Bolama,Lokutu,Site Soin Communautaire,Bolama,KSPH_TP_A3DD78B997
Tshopo,Yalimbongo,Bolama,Bolama,Centre de Santé de Référence,Bolama,KSPH_TP_FFCCCAFD38
Tshopo,Yalimbongo,Bolama,Lokutu,Poste de Santé,Eden,KSPH_TP_81A0ADF841
Tshopo,Yalimbongo,Bolama,Likpokpa,Poste de Santé,Edmond,KSPH_TP_11D112D3B8
Tshopo,Yalimbongo,Bolama,Mbengela,Poste de Santé,Kwelo,KSPH_TP_3A73D007FE
Tshopo,Yalimbongo,Bolama,Ilots,Site Soin Communautaire,Mofiafato,KSPH_TP_7F560F11FD
Tshopo,Yalimbongo,Bolama,Agili,Poste de Santé,Salem,KSPH_TP_C864718F58
Tshopo,Yalimbongo,Bolila,Campement,Poste de Santé,Benediction,KSPH_TP_005F94C7DB
Tshopo,Yalimbongo,Bolila,Matonge,Poste de Santé,Bethanie 13 Eme Communaute Baptiste Fleuve Congo,KSPH_TP_1862268114
Tshopo,Yalimbongo,Bolila,Bisengo,Poste de Santé,Bisengo,KSPH_TP_847AF8BB60
Tshopo,Yalimbongo,Bolila,Campement,Site Soin Communautaire,Bolila,KSPH_TP_BAA1364AEA
Tshopo,Yalimbongo,Bolila,Campement,Centre de Santé de Référence,Bolila,KSPH_TP_69DDE42BA1
Tshopo,Yalimbongo,Bolila,Ilots,Site Soin Communautaire,Lohola,KSPH_TP_B0925CF0F9
Tshopo,Yalimbongo,Kuulu,Ilots,Site Soin Communautaire,Esalo,KSPH_TP_10F34ADD40
Tshopo,Yalimbongo,Kuulu,Kuulu,Centre de Santé,Kuulu,KSPH_TP_53BE9CFE89
Tshopo,Yalimbongo,Kuulu,Yamosende,Site Soin Communautaire,Lisanga,KSPH_TP_484F97BE01
Tshopo,Yalimbongo,Kuulu,Mapuku,Poste de Santé,Mapuku,KSPH_TP_A0B3B6AB05
Tshopo,Yalimbongo,Kuulu,Ilots,Poste de Santé,Mekaki,KSPH_TP_8946B37885
Tshopo,Yalimbongo,Kuulu,Yamosende,Poste de Santé,Yamosende,KSPH_TP_4C8AC947DD
Tshopo,Yalimbongo,Liongelo,Campement,Site Soin Communautaire,Andingbe,KSPH_TP_B8857A1BA4
Tshopo,Yalimbongo,Liongelo,Bapaluma,Centre de Santé,Liongelo,KSPH_TP_0DD131BAA1
Tshopo,Yalimbongo,Liongelo,Yamangombo,Poste de Santé,Yamangombo,KSPH_TP_1A4EA91923
Tshopo,Yalimbongo,Liongelo,Yandonga,Poste de Santé,Yandonga,KSPH_TP_47FF46F68B
Tshopo,Yalimbongo,Liongelo,Yamaiti,Poste de Santé,Yasoku,KSPH_TP_B2C2B5549E
Tshopo,Yalimbongo,Liongelo,Yasoku,Site Soin Communautaire,Yasoku,KSPH_TP_FA50769BCC
Tshopo,Yalimbongo,Makpulu,Yakonga 1,Poste de Santé,Etat,KSPH_TP_ED5087136A
Tshopo,Yalimbongo,Makpulu,Yakonga 2,Poste de Santé,Kiangani,KSPH_TP_378481C74A
Tshopo,Yalimbongo,Makpulu,Yamongoya 1,Centre de Santé,Makpulu,KSPH_TP_B71E00D6FA
Tshopo,Yalimbongo,Makpulu,Mbenda,Poste de Santé,Mbenda,KSPH_TP_C4D1D3747E
Tshopo,Yalimbongo,Makpulu,Ngombo,Site Soin Communautaire,Ngombo,KSPH_TP_D0552DB999
Tshopo,Yalimbongo,Makpulu,Yakonga 2,Centre Médical,Saleme,KSPH_TP_F919197B05
Tshopo,Yalimbongo,Makpulu,Yakonga 2,Centre de Santé,Sem,KSPH_TP_675B892ADC
Tshopo,Yalimbongo,Moenge,Yankau,Poste de Santé,Islam,KSPH_TP_D29DEBC2D6
Tshopo,Yalimbongo,Moenge,Ilots,Site Soin Communautaire,Lilio,KSPH_TP_79A1CA59C1
Tshopo,Yalimbongo,Moenge,Liombo,Poste de Santé,Liombo,KSPH_TP_6507EE1984
Tshopo,Yalimbongo,Moenge,Moenge,Centre de Santé de Référence,Moenge,KSPH_TP_A5C1635084
Tshopo,Yalimbongo,Moenge,Moenge,Centre Médical,Salem,KSPH_TP_2F3A1E0468
Tshopo,Yalimbongo,Molonde,Molonde,Centre de Santé,Molonde,KSPH_TP_A31A3C95D1
Tshopo,Yalimbongo,Molonde,Molonde,Poste de Santé,Molonde A,KSPH_TP_8ED53AB1ED
Tshopo,Yalimbongo,Molonde,Nkaka Monde,Site Soin Communautaire,Nkaka,KSPH_TP_08B6A5B25F
Tshopo,Yalimbongo,Molonde,Nkaka Monde,Poste de Santé,Plaine,KSPH_TP_DB2328EA23
Tshopo,Yalimbongo,Molonde,Plaine Yambule,Poste de Santé,Plaine,KSPH_TP_C11DA1C7B0
Tshopo,Yalimbongo,Molonde,Plaine Yambule,Site Soin Communautaire,Yambule,KSPH_TP_3B9DE4F737
Tshopo,Yalimbongo,Mombongo Elumba,Ilots,Site Soin Communautaire,Fenge,KSPH_TP_C7A7334C83
Tshopo,Yalimbongo,Mombongo Elumba,Mombongo 2,Poste de Santé,Mombongo 2,KSPH_TP_77446046BB
Tshopo,Yalimbongo,Mombongo Elumba,Mombongo Elumba,Centre de Santé,Mombongo Elumba,KSPH_TP_4B5B571D28
Tshopo,Yalimbongo,Mombongo Elumba,Yaoke,Poste de Santé,Yaoke,KSPH_TP_8CF8F49AE2
Tshopo,Yalimbongo,Mongali,Lokuku,Poste de Santé,Diocesain,KSPH_TP_FA027E3CC6
Tshopo,Yalimbongo,Mongali,L 42,Poste de Santé,L 42,KSPH_TP_83E477C73A
Tshopo,Yalimbongo,Mongali,Lese,Site Soin Communautaire,Lese,KSPH_TP_709E4B901E
Tshopo,Yalimbongo,Mongali,L 42,Site Soin Communautaire,Mongali,KSPH_TP_786A440756
Tshopo,Yalimbongo,Mongali,Lokuku,Centre de Santé,Mongali,KSPH_TP_2A7833591F
Tshopo,Yalimbongo,Mongali,Mongali,Poste de Santé,Mongali,KSPH_TP_A08BADC8E8
Tshopo,Yalimbongo,Mongali,Mongali,Centre de Santé,Saleme,KSPH_TP_80F54865F0
Tshopo,Yalimbongo,Moonda,Yalunzi,Centre de Santé,Moonda,KSPH_TP_FAAC06DEB5
Tshopo,Yalimbongo,Moonda,Yangombe 1,Poste de Santé,Moonda,KSPH_TP_E2E2B4FF73
Tshopo,Yalimbongo,Moonda,Yangombe 2,Site Soin Communautaire,Moonda,KSPH_TP_F602EC499A
Tshopo,Yalimbongo,Yahila,Wagumu,Site Soin Communautaire,Wagumu,KSPH_TP_53DD3E08C2
Tshopo,Yalimbongo,Yahila,Yahila,Centre de Santé de Référence,Yahila,KSPH_TP_B33B83C5FC
Tshopo,Yalimbongo,Yahila,Yamosunia,Poste de Santé,Yamosunia,KSPH_TP_FD3B09C146
Tshopo,Yalimbongo,Yahila,Yasoku,Poste de Santé,Yasoku,KSPH_TP_C6F5C9C3CB
Tshopo,Yalimbongo,Yakapo,Yapange 2,Poste de Santé,Kisolokele,KSPH_TP_DA05830B1A
Tshopo,Yalimbongo,Yakapo,Yaekuta,Poste de Santé,Yaekuta,KSPH_TP_F3D84A8546
Tshopo,Yalimbongo,Yakapo,Yaekuta,Site Soin Communautaire,Yaekuta,KSPH_TP_0578867AFF
Tshopo,Yalimbongo,Yakapo,Yamambasa,Centre de Santé,Yakapo,KSPH_TP_78A32784FD
Tshopo,Yalimbongo,Yakapo,Yamatundu,Poste de Santé,Yamatundu,KSPH_TP_139850FBE6
Tshopo,Yalimbongo,Yakapo,Yaoguma,Poste de Santé,Yaoguma,KSPH_TP_D8364D345A
Tshopo,Yalimbongo,Yakapo,Yamoulo,Poste de Santé,Yapange 1,KSPH_TP_206CA51D07
Tshopo,Yalimbongo,Yamasela,Yamokolo,Poste de Santé,Diocesain Moliwa Yamokolo,KSPH_TP_C880CA585B
Tshopo,Yalimbongo,Yamasela,Yamasela,Centre de Santé,Yamasela,KSPH_TP_F8BAE57976
Tshopo,Yalimbongo,Yamasela,Yamokolo,Poste de Santé,Yamokolo,KSPH_TP_AED3408E51
Tshopo,Yalimbongo,Yamogbumia,Bolikombo,Poste de Santé,Bolikombo,KSPH_TP_E7497994FA
Tshopo,Yalimbongo,Yamogbumia,Bombusa,Poste de Santé,Bombuna,KSPH_TP_94AC5233AF
Tshopo,Yalimbongo,Yamogbumia,Bombusa,Centre de Santé,Salem,KSPH_TP_494811BD5F
Tshopo,Yalimbongo,Yamogbumia,Bosende,Site Soin Communautaire,Yamongbumia,KSPH_TP_27B75D07CB
Tshopo,Yalimbongo,Yamogbumia,Yamongbumia,Centre de Santé,Yamongbumia,KSPH_TP_1295BC8928
Tshopo,Yalimbongo,Yamoombo,Gbado,Poste de Santé,Gbado,KSPH_TP_BC81663554
Tshopo,Yalimbongo,Yamoombo,Mosingiti,Poste de Santé,Mosingite,KSPH_TP_A04601399B
Tshopo,Yalimbongo,Yamoombo,Yaomina,Centre Médical,Salem,KSPH_TP_773EF8DCA5
Tshopo,Yalimbongo,Yamoombo,Yalimbongo,Hôpital Général de Référence,Yalimbongo,KSPH_TP_708D789398
Tshopo,Yalimbongo,Yamoombo,Yalimbongo,Bureau Central de la Zone de Santé,Yalimbongo,KSPH_TP_700151CF6F
Tshopo,Yalimbongo,Yamoombo,Mosingiti,Site Soin Communautaire,Yamoombo,KSPH_TP_324E84D5C5
Tshopo,Yalimbongo,Yamoombo,Yamoombo,Centre de Santé,Yamoombo,KSPH_TP_A318A30E86
Tshopo,Yalimbongo,Yamosia,Yamokombi,Centre de Santé,Yamosia,KSPH_TP_9658A2B50E
Tshopo,Yalimbongo,Yamosia,Campement,Site Soin Communautaire,Yele,KSPH_TP_9B81D864A9
Tshopo,Yalimbongo,Yamosia,Yele,Poste de Santé,Yele,KSPH_TP_FADA4A73F1
Tshopo,Yalimbongo,Yaolema,Ilots,Site Soin Communautaire,Bolombo,KSPH_TP_A7EC202496
Tshopo,Yalimbongo,Yaolema,Ilots,Site Soin Communautaire,Liyunasongo,KSPH_TP_32FB004F2F
Tshopo,Yalimbongo,Yaolema,Ilots,Poste de Santé,Moyango,KSPH_TP_C63A6B67FA
Tshopo,Yalimbongo,Yaolema,Moyango,Poste de Santé,Moyango,KSPH_TP_24CEA95077
Tshopo,Yalimbongo,Yaolema,Nkiya,Site Soin Communautaire,Nkiya,KSPH_TP_FFE412BAB1
Tshopo,Yalimbongo,Yaolema,Yaolema,Centre de Santé,Yaolema,KSPH_TP_F190773333
Tshopo,Yalimbongo,Yatutia,Mokele,Site Soin Communautaire,Mokele,KSPH_TP_8365FEB32C
Tshopo,Yalimbongo,Yatutia,Woongo,Poste de Santé,Woogo,KSPH_TP_2BDF751127
Tshopo,Yalimbongo,Yatutia,Yambondo,Poste de Santé,Yambondo,KSPH_TP_DF51D9D964
Tshopo,Yalimbongo,Yatutia,Yamokindi,Site Soin Communautaire,Yamokindi,KSPH_TP_AA2DB66EDE
Tshopo,Yalimbongo,Yatutia,Yatutia,Centre de Santé,Yatutia,KSPH_TP_E9B9839B32
Tshopo,Yalimbongo,Yatutia,Yawana,Poste de Santé,Yawana,KSPH_TP_A396F8AB06
